Record_ID,City,Day_of_Week,Hour,Weather,Traffic_Level,Vehicle_Type,Road_Type,Speed_Limit_kmh,Average_Speed_kmh,Pedestrian_Count,Visibility_Percent,Near_Miss_Score,Incident
1,Peshawar,Thursday,6,Cloudy,Medium,Motorcycle,Main Road,60,51.7,11,82.3,40.2,0
2,Karachi,Friday,19,Clear,Medium,Bus,Residential,50,51.8,10,91.1,31.6,0
3,Rawalpindi,Friday,14,Clear,Medium,Rickshaw,Residential,50,74.7,11,82.2,44.8,0
4,Peshawar,Sunday,10,Rain,High,Car,Main Road,60,39.4,7,74.0,35.6,0
5,Rawalpindi,Saturday,7,Rain,Severe,Rickshaw,Highway,100,62.5,8,97.3,57.1,1
6,Karachi,Wednesday,20,Clear,Severe,Motorcycle,Residential,50,10.0,8,100.0,48.6,0
7,Quetta,Thursday,6,Cloudy,High,Motorcycle,Residential,50,36.0,8,100.0,39.9,0
8,Multan,Tuesday,18,Cloudy,Medium,Car,Market,50,10.0,19,90.0,15.1,0
9,Rawalpindi,Wednesday,22,Clear,Low,Van,Main Road,60,65.4,9,83.6,27.0,0
10,Multan,Tuesday,10,Clear,Medium,Car,Highway,100,106.1,6,88.2,36.0,0
11,Multan,Monday,10,Rain,Medium,Car,Residential,50,14.2,8,77.4,36.7,0
12,Quetta,Friday,23,Clear,Severe,Car,Main Road,60,15.1,6,99.6,34.0,0
13,Karachi,Monday,20,Dust,Low,Motorcycle,Main Road,60,43.6,7,61.4,21.4,0
14,Rawalpindi,Sunday,3,Cloudy,High,Bus,Main Road,60,20.5,15,85.3,50.4,1
15,Rawalpindi,Friday,7,Dust,Severe,Motorcycle,Main Road,60,24.4,6,72.0,54.2,0
16,Quetta,Saturday,23,Clear,High,Car,Main Road,60,50.2,10,72.4,55.1,0
17,Islamabad,Wednesday,2,Rain,High,Bus,School Zone,40,36.9,44,90.5,62.8,1
18,Quetta,Tuesday,21,Clear,Medium,Car,Residential,50,43.6,10,88.6,15.1,0
19,Quetta,Sunday,20,Rain,Low,Van,Market,50,53.6,27,77.1,46.0,0
20,Quetta,Saturday,1,Clear,Low,Motorcycle,Main Road,60,61.9,12,94.5,51.6,0
21,Karachi,Tuesday,23,Clear,High,Motorcycle,Main Road,60,67.8,9,74.4,65.0,1
22,Lahore,Wednesday,11,Clear,Low,Car,Main Road,60,80.3,8,84.6,34.5,0
23,Quetta,Thursday,5,Clear,Medium,Van,Highway,100,87.0,10,90.8,5.7,0
24,Rawalpindi,Sunday,1,Cloudy,Medium,Car,Market,50,38.0,20,91.7,19.8,0
25,Peshawar,Monday,20,Cloudy,Medium,Van,Main Road,60,57.7,6,83.2,61.1,0
26,Islamabad,Monday,0,Cloudy,Medium,Bus,Highway,100,110.9,9,87.6,25.9,0
27,Quetta,Tuesday,11,Clear,Severe,Rickshaw,Main Road,60,30.1,7,87.4,40.5,0
28,Quetta,Tuesday,21,Clear,Low,Van,Residential,50,55.8,4,88.6,35.0,0
29,Islamabad,Tuesday,11,Dust,Medium,Car,School Zone,40,38.6,34,63.0,54.3,0
30,Quetta,Sunday,16,Rain,Medium,Car,Main Road,60,30.0,9,79.5,18.7,0
31,Rawalpindi,Wednesday,9,Clear,Medium,Car,Highway,100,75.0,9,80.5,8.0,0
32,Lahore,Thursday,15,Cloudy,Medium,Rickshaw,Highway,100,86.3,9,78.2,21.7,0
33,Quetta,Monday,14,Dust,High,Motorcycle,Residential,50,27.5,8,65.8,66.9,1
34,Islamabad,Saturday,14,Dust,High,Rickshaw,School Zone,40,10.0,34,60.5,69.9,1
35,Quetta,Friday,18,Clear,Low,Bus,Main Road,60,61.3,13,90.4,29.3,0
36,Karachi,Sunday,11,Rain,High,Car,Main Road,60,41.2,9,81.5,38.6,0
37,Rawalpindi,Sunday,22,Clear,Severe,Motorcycle,Main Road,60,31.7,4,85.1,48.6,0
38,Rawalpindi,Wednesday,19,Rain,Low,Rickshaw,Residential,50,32.0,8,58.6,33.4,0
39,Lahore,Monday,2,Clear,Medium,Motorcycle,Main Road,60,48.9,5,100.0,21.8,0
40,Karachi,Thursday,4,Cloudy,Medium,Van,Market,50,68.7,25,96.9,32.7,0
41,Karachi,Wednesday,18,Cloudy,Low,Motorcycle,Main Road,60,47.1,9,71.5,11.0,0
42,Lahore,Saturday,6,Clear,Medium,Bus,Main Road,60,46.9,3,79.8,2.7,0
43,Multan,Monday,20,Cloudy,Low,Car,Main Road,60,55.8,8,83.7,9.8,0
44,Multan,Wednesday,8,Rain,Severe,Rickshaw,Main Road,60,13.7,10,68.3,60.3,0
45,Peshawar,Monday,6,Clear,Medium,Car,Highway,100,94.4,6,85.8,26.9,0
46,Multan,Monday,17,Clear,Severe,Car,Highway,100,68.7,10,92.8,50.4,0
47,Quetta,Sunday,3,Clear,Low,Motorcycle,Highway,100,89.9,5,85.0,22.6,0
48,Karachi,Thursday,13,Cloudy,Low,Van,Residential,50,43.0,6,69.0,22.3,0
49,Peshawar,Sunday,17,Dust,Medium,Motorcycle,Market,50,52.8,18,59.8,58.0,0
50,Peshawar,Friday,8,Rain,High,Van,Main Road,60,37.1,11,78.2,14.4,0
51,Rawalpindi,Thursday,20,Clear,Medium,Car,Main Road,60,58.7,6,84.8,37.6,0
52,Quetta,Monday,1,Clear,High,Motorcycle,Market,50,34.1,14,89.4,44.1,0
53,Rawalpindi,Wednesday,19,Clear,Medium,Car,Market,50,26.6,24,93.8,23.1,0
54,Islamabad,Saturday,14,Fog,Low,Bus,Main Road,60,35.6,11,47.9,31.6,0
55,Multan,Thursday,6,Clear,High,Rickshaw,Market,50,21.9,16,95.6,28.9,0
56,Rawalpindi,Friday,11,Clear,High,Motorcycle,School Zone,40,37.4,42,91.5,79.6,1
57,Karachi,Monday,7,Cloudy,Low,Van,Residential,50,55.2,4,97.6,44.6,0
58,Karachi,Saturday,14,Dust,Low,Car,Residential,50,80.7,8,70.7,49.2,0
59,Quetta,Thursday,2,Clear,Medium,Car,Main Road,60,51.4,8,87.5,30.0,0
60,Peshawar,Sunday,13,Clear,Medium,Car,Residential,50,45.4,10,89.4,37.1,0
61,Karachi,Sunday,16,Cloudy,High,Motorcycle,Residential,50,35.8,4,94.4,55.6,0
62,Multan,Thursday,3,Cloudy,Medium,Motorcycle,School Zone,40,17.9,28,79.3,17.4,0
63,Rawalpindi,Thursday,17,Clear,High,Motorcycle,Main Road,60,49.8,5,91.2,59.7,0
64,Multan,Thursday,7,Cloudy,High,Rickshaw,Main Road,60,36.5,12,82.8,33.5,0
65,Rawalpindi,Saturday,3,Cloudy,High,Motorcycle,School Zone,40,10.0,44,91.4,54.7,1
66,Quetta,Sunday,1,Dust,Medium,Rickshaw,Market,50,40.2,21,70.5,27.1,0
67,Multan,Wednesday,5,Clear,High,Motorcycle,Highway,100,69.2,7,88.0,45.4,0
68,Rawalpindi,Friday,21,Clear,High,Motorcycle,Highway,100,73.7,9,93.5,47.2,0
69,Multan,Friday,9,Rain,High,Motorcycle,Main Road,60,41.5,6,78.5,52.9,0
70,Lahore,Monday,3,Rain,High,Rickshaw,Residential,50,19.6,8,79.5,54.7,0
71,Quetta,Tuesday,21,Rain,Low,Motorcycle,Main Road,60,31.1,10,85.8,56.2,0
72,Quetta,Wednesday,17,Rain,Medium,Motorcycle,Market,50,35.6,25,87.2,23.4,0
73,Karachi,Sunday,11,Clear,Medium,Motorcycle,School Zone,40,35.1,32,88.5,53.7,0
74,Quetta,Monday,1,Clear,Low,Car,Main Road,60,58.8,11,83.1,39.6,0
75,Islamabad,Monday,9,Clear,High,Van,Main Road,60,10.0,9,88.6,47.5,0
76,Karachi,Thursday,3,Fog,Medium,Van,School Zone,40,26.6,42,59.1,46.8,0
77,Karachi,Tuesday,13,Clear,Medium,Motorcycle,Main Road,60,55.3,12,100.0,60.2,0
78,Multan,Sunday,15,Clear,Medium,Motorcycle,Main Road,60,53.6,6,89.2,15.4,0
79,Lahore,Tuesday,14,Clear,Medium,Rickshaw,Main Road,60,57.9,8,89.1,44.5,0
80,Karachi,Wednesday,7,Dust,Low,Motorcycle,Highway,100,100.3,12,74.4,69.4,1
81,Peshawar,Tuesday,13,Dust,Low,Rickshaw,Highway,100,117.6,8,76.1,52.8,0
82,Rawalpindi,Monday,22,Dust,High,Motorcycle,Highway,100,90.9,7,67.8,66.7,1
83,Rawalpindi,Tuesday,7,Clear,Medium,Car,Highway,100,101.8,7,89.7,54.2,0
84,Quetta,Tuesday,20,Cloudy,Low,Motorcycle,Highway,100,113.6,7,89.5,50.4,0
85,Multan,Friday,15,Clear,Medium,Rickshaw,Highway,100,82.7,10,94.3,20.0,0
86,Lahore,Sunday,12,Clear,Medium,Motorcycle,Residential,50,31.0,10,91.3,13.1,0
87,Rawalpindi,Sunday,17,Clear,Low,Motorcycle,Highway,100,92.3,9,71.4,40.1,0
88,Peshawar,Monday,14,Clear,Medium,Car,Market,50,45.3,25,86.2,68.3,1
89,Lahore,Saturday,20,Cloudy,Low,Motorcycle,Residential,50,58.6,5,80.7,44.0,0
90,Islamabad,Tuesday,23,Dust,Low,Motorcycle,Highway,100,96.7,7,56.2,48.7,1
91,Rawalpindi,Tuesday,12,Clear,High,Motorcycle,Highway,100,87.2,10,86.6,36.2,0
92,Karachi,Thursday,8,Dust,Medium,Van,Main Road,60,67.6,2,72.6,56.4,1
93,Peshawar,Sunday,14,Clear,Medium,Motorcycle,Main Road,60,32.0,14,94.6,32.5,0
94,Multan,Tuesday,12,Clear,Medium,Motorcycle,Main Road,60,75.7,6,96.4,58.6,1
95,Multan,Sunday,0,Clear,Severe,Van,Residential,50,10.0,9,100.0,61.8,0
96,Peshawar,Tuesday,6,Clear,High,Rickshaw,Main Road,60,53.7,4,86.5,39.5,0
97,Rawalpindi,Friday,8,Clear,Medium,Bus,Highway,100,97.8,8,100.0,37.0,0
98,Quetta,Monday,23,Cloudy,Low,Bus,Main Road,60,57.9,6,96.5,38.0,0
99,Islamabad,Sunday,0,Rain,Low,Rickshaw,Residential,50,24.8,5,80.9,33.4,0
100,Karachi,Wednesday,11,Dust,High,Motorcycle,Main Road,60,46.4,4,71.0,50.4,0
101,Islamabad,Monday,7,Clear,Medium,Bus,Residential,50,49.3,9,84.3,47.7,0
102,Islamabad,Thursday,23,Rain,Low,Motorcycle,Residential,50,16.4,8,93.0,40.3,0
103,Rawalpindi,Monday,10,Cloudy,Severe,Motorcycle,Highway,100,61.3,11,100.0,64.5,1
104,Karachi,Tuesday,18,Fog,Medium,Motorcycle,Market,50,15.6,22,32.1,39.6,0
105,Rawalpindi,Thursday,16,Clear,Medium,Bus,Highway,100,67.3,7,81.7,17.4,1
106,Rawalpindi,Monday,7,Fog,High,Rickshaw,Market,50,14.6,25,41.4,44.4,0
107,Quetta,Thursday,2,Rain,High,Bus,Highway,100,67.4,11,73.6,47.0,0
108,Peshawar,Wednesday,2,Rain,High,Car,Market,50,21.3,26,87.9,61.3,0
109,Multan,Monday,0,Clear,Severe,Car,Highway,100,56.0,8,87.6,24.1,0
110,Quetta,Sunday,4,Clear,Severe,Bus,Market,50,26.8,16,97.7,48.9,0
111,Multan,Sunday,9,Cloudy,Severe,Car,Market,50,30.4,25,87.7,35.8,0
112,Quetta,Saturday,6,Clear,Medium,Car,Residential,50,31.7,11,96.5,27.0,0
113,Rawalpindi,Tuesday,8,Clear,Medium,Motorcycle,Main Road,60,51.6,4,94.8,15.6,0
114,Quetta,Thursday,6,Fog,Low,Car,Residential,50,38.2,8,45.8,31.4,0
115,Multan,Saturday,8,Clear,High,Motorcycle,Main Road,60,52.2,9,88.6,45.3,0
116,Quetta,Saturday,7,Clear,Low,Car,Market,50,70.9,20,95.7,32.4,0
117,Lahore,Friday,11,Cloudy,Medium,Rickshaw,Main Road,60,71.4,11,97.8,21.6,0
118,Karachi,Thursday,1,Clear,Low,Motorcycle,School Zone,40,29.0,30,100.0,31.8,0
119,Peshawar,Saturday,0,Cloudy,Medium,Motorcycle,Main Road,60,67.1,10,78.2,41.0,1
120,Multan,Friday,15,Cloudy,High,Van,Main Road,60,30.4,6,89.9,22.9,0
121,Karachi,Saturday,22,Clear,Low,Rickshaw,School Zone,40,10.0,49,83.3,36.9,0
122,Peshawar,Tuesday,22,Rain,High,Motorcycle,Residential,50,10.0,10,72.9,31.2,1
123,Lahore,Wednesday,23,Clear,Medium,Motorcycle,Residential,50,37.3,7,75.3,13.0,0
124,Rawalpindi,Friday,4,Dust,Medium,Motorcycle,School Zone,40,28.1,33,70.0,64.4,0
125,Multan,Wednesday,2,Fog,Severe,Car,Market,50,23.8,23,49.0,62.7,0
126,Peshawar,Thursday,11,Clear,Medium,Rickshaw,Residential,50,31.1,12,86.6,22.4,0
127,Peshawar,Tuesday,7,Dust,Medium,Motorcycle,Residential,50,13.1,10,66.9,22.6,0
128,Peshawar,Friday,21,Cloudy,Severe,Bus,Main Road,60,48.6,13,100.0,32.5,0
129,Lahore,Thursday,2,Clear,Medium,Van,Market,50,38.1,16,89.7,17.7,0
130,Karachi,Saturday,0,Clear,High,Car,Residential,50,33.8,8,80.1,36.1,0
131,Lahore,Sunday,2,Clear,High,Motorcycle,Main Road,60,34.4,8,94.5,60.1,0
132,Peshawar,Monday,4,Fog,Medium,Rickshaw,Main Road,60,41.2,6,44.7,47.9,0
133,Quetta,Thursday,14,Clear,Medium,Bus,Highway,100,71.2,8,86.0,1.2,0
134,Peshawar,Wednesday,13,Clear,Low,Motorcycle,Market,50,47.1,23,89.4,55.0,0
135,Quetta,Tuesday,2,Clear,Medium,Car,School Zone,40,21.2,38,91.8,33.6,0
136,Rawalpindi,Tuesday,0,Cloudy,Medium,Rickshaw,Residential,50,29.2,9,87.0,26.2,0
137,Lahore,Thursday,4,Fog,Medium,Motorcycle,School Zone,40,18.4,40,41.1,60.4,1
138,Quetta,Saturday,22,Cloudy,High,Motorcycle,Residential,50,38.1,15,85.3,22.9,0
139,Lahore,Monday,13,Clear,High,Motorcycle,Residential,50,33.3,7,93.9,34.2,1
140,Islamabad,Wednesday,6,Clear,High,Van,Main Road,60,32.0,11,79.8,34.7,0
141,Karachi,Thursday,8,Clear,Low,Motorcycle,Main Road,60,43.7,7,81.1,34.3,0
142,Islamabad,Thursday,14,Clear,Low,Motorcycle,School Zone,40,42.4,40,86.6,65.8,1
143,Quetta,Sunday,14,Cloudy,Low,Motorcycle,School Zone,40,27.6,36,73.6,33.5,0
144,Islamabad,Tuesday,9,Clear,Severe,Van,Market,50,31.2,23,100.0,56.2,0
145,Multan,Wednesday,12,Dust,High,Motorcycle,Main Road,60,62.8,11,73.5,66.3,1
146,Karachi,Monday,18,Cloudy,Severe,Bus,School Zone,40,11.6,36,95.4,49.3,0
147,Quetta,Tuesday,6,Dust,Medium,Motorcycle,Highway,100,108.4,7,60.7,53.6,0
148,Rawalpindi,Thursday,16,Fog,Medium,Rickshaw,Main Road,60,28.5,10,63.5,19.5,0
149,Rawalpindi,Tuesday,19,Fog,Medium,Rickshaw,Main Road,60,31.1,11,49.9,44.0,0
150,Karachi,Tuesday,3,Clear,Medium,Motorcycle,Main Road,60,29.8,4,93.6,34.1,0
151,Karachi,Friday,4,Fog,High,Motorcycle,Market,50,11.7,17,31.4,76.0,1
152,Quetta,Tuesday,22,Rain,Medium,Motorcycle,Residential,50,15.4,8,67.7,45.1,0
153,Lahore,Saturday,6,Rain,High,Car,Main Road,60,10.0,6,85.6,29.2,0
154,Multan,Tuesday,12,Clear,High,Rickshaw,Residential,50,41.4,8,100.0,31.2,0
155,Quetta,Saturday,14,Clear,Medium,Motorcycle,School Zone,40,42.5,32,81.3,55.7,0
156,Lahore,Wednesday,10,Fog,Severe,Bus,Market,50,10.0,28,46.0,59.2,0
157,Lahore,Tuesday,3,Clear,Medium,Motorcycle,Highway,100,101.0,12,78.2,46.4,0
158,Lahore,Monday,12,Clear,High,Car,Highway,100,84.2,4,93.7,58.1,0
159,Quetta,Saturday,6,Clear,High,Motorcycle,School Zone,40,43.6,33,83.7,81.1,1
160,Peshawar,Saturday,18,Dust,Medium,Motorcycle,Main Road,60,52.3,9,73.3,27.3,0
161,Peshawar,Thursday,21,Clear,Medium,Motorcycle,Main Road,60,58.5,5,95.7,67.2,1
162,Rawalpindi,Wednesday,1,Fog,High,Car,Residential,50,22.4,8,31.4,36.5,0
163,Peshawar,Tuesday,9,Clear,Low,Motorcycle,Market,50,42.6,16,66.3,27.1,0
164,Peshawar,Sunday,12,Clear,Severe,Rickshaw,Market,50,16.3,22,88.7,49.1,0
165,Lahore,Monday,20,Clear,Low,Rickshaw,Main Road,60,55.0,3,83.4,32.7,0
166,Lahore,Thursday,5,Cloudy,Medium,Rickshaw,Main Road,60,59.1,10,81.8,30.1,1
167,Karachi,Wednesday,11,Clear,Severe,Van,Residential,50,16.2,11,100.0,47.4,0
168,Lahore,Saturday,11,Clear,Low,Van,Main Road,60,61.6,9,81.7,27.3,0
169,Quetta,Monday,19,Clear,Low,Motorcycle,School Zone,40,43.5,28,85.9,33.1,0
170,Karachi,Tuesday,10,Clear,High,Motorcycle,School Zone,40,13.6,31,82.3,55.9,0
171,Multan,Sunday,22,Cloudy,Medium,Car,Main Road,60,45.6,5,87.6,8.8,0
172,Karachi,Friday,6,Clear,Low,Car,Market,50,44.1,24,88.9,32.3,0
173,Peshawar,Friday,0,Clear,Low,Van,Main Road,60,65.2,6,73.4,32.6,0
174,Lahore,Wednesday,0,Clear,Severe,Motorcycle,Market,50,28.7,20,80.6,48.6,0
175,Peshawar,Sunday,19,Clear,Medium,Rickshaw,Highway,100,105.2,4,96.3,31.6,0
176,Lahore,Monday,12,Fog,High,Car,Main Road,60,19.3,6,47.4,65.9,1
177,Peshawar,Thursday,8,Clear,Medium,Van,Market,50,34.4,22,95.5,1.4,0
178,Multan,Monday,2,Clear,Medium,Rickshaw,School Zone,40,23.2,34,85.8,39.8,0
179,Peshawar,Sunday,6,Clear,Low,Motorcycle,Main Road,60,80.7,7,78.7,54.9,0
180,Peshawar,Saturday,5,Cloudy,Severe,Motorcycle,Main Road,60,31.7,16,89.6,54.7,1
181,Quetta,Friday,7,Cloudy,Medium,Rickshaw,Market,50,60.2,19,88.0,43.4,0
182,Multan,Wednesday,8,Clear,Low,Van,Residential,50,63.9,7,92.6,38.4,0
183,Rawalpindi,Tuesday,4,Cloudy,Low,Rickshaw,School Zone,40,22.7,38,94.9,37.0,0
184,Multan,Monday,0,Cloudy,Medium,Rickshaw,Residential,50,54.0,11,92.1,46.4,0
185,Peshawar,Friday,18,Clear,Medium,Motorcycle,Residential,50,48.1,13,94.0,45.3,0
186,Islamabad,Thursday,9,Clear,Low,Car,Market,50,55.3,21,90.8,34.8,0
187,Islamabad,Wednesday,11,Cloudy,Medium,Van,Main Road,60,62.7,11,92.0,56.5,0
188,Islamabad,Tuesday,23,Cloudy,High,Motorcycle,Main Road,60,53.8,9,92.9,39.5,0
189,Quetta,Monday,14,Fog,Medium,Car,Residential,50,51.2,7,42.9,53.4,0
190,Karachi,Thursday,21,Clear,Low,Car,Main Road,60,73.7,13,96.1,42.7,0
191,Peshawar,Tuesday,23,Rain,Low,Bus,School Zone,40,29.8,46,90.8,32.3,0
192,Multan,Saturday,8,Clear,Medium,Car,Market,50,50.1,28,91.0,41.1,0
193,Islamabad,Friday,19,Dust,Low,Car,Highway,100,108.1,9,62.3,58.6,1
194,Quetta,Saturday,16,Cloudy,Low,Motorcycle,Main Road,60,90.4,9,88.7,51.3,0
195,Karachi,Friday,16,Cloudy,High,Motorcycle,Residential,50,40.1,6,91.6,45.4,0
196,Islamabad,Thursday,19,Clear,Medium,Rickshaw,Main Road,60,26.4,10,98.8,15.5,0
197,Lahore,Saturday,11,Clear,Medium,Van,Main Road,60,61.1,7,84.1,26.5,0
198,Rawalpindi,Friday,6,Rain,Medium,Motorcycle,Market,50,24.3,34,76.6,43.1,1
199,Peshawar,Wednesday,1,Clear,High,Motorcycle,Main Road,60,51.5,7,97.8,35.9,0
200,Rawalpindi,Thursday,2,Clear,Low,Rickshaw,School Zone,40,35.4,31,78.2,39.0,0
201,Rawalpindi,Friday,16,Clear,Low,Motorcycle,School Zone,40,21.2,28,100.0,36.0,0
202,Lahore,Monday,4,Clear,Low,Motorcycle,Main Road,60,60.5,8,78.0,38.6,0
203,Lahore,Friday,16,Cloudy,Severe,Car,Highway,100,77.9,9,87.7,66.3,1
204,Lahore,Saturday,23,Clear,Medium,Bus,Main Road,60,51.0,4,94.6,24.5,0
205,Karachi,Wednesday,16,Clear,Low,Motorcycle,Market,50,61.8,19,90.0,49.1,1
206,Islamabad,Tuesday,16,Clear,Low,Van,Main Road,60,58.4,8,87.9,47.0,0
207,Multan,Tuesday,1,Dust,High,Motorcycle,School Zone,40,23.1,37,61.3,52.9,1
208,Peshawar,Friday,1,Fog,Low,Motorcycle,Highway,100,84.5,7,50.5,48.9,0
209,Lahore,Tuesday,21,Clear,High,Car,Market,50,57.5,25,98.4,49.2,0
210,Quetta,Friday,22,Cloudy,Severe,Rickshaw,Main Road,60,31.5,9,97.2,40.0,0
211,Peshawar,Wednesday,4,Clear,Low,Rickshaw,Highway,100,93.1,9,94.7,49.2,0
212,Multan,Tuesday,0,Cloudy,Low,Motorcycle,Residential,50,50.5,9,96.0,46.8,0
213,Peshawar,Saturday,0,Rain,Low,Motorcycle,Market,50,31.4,18,65.0,28.6,0
214,Peshawar,Saturday,18,Clear,Low,Motorcycle,Market,50,61.7,23,81.8,44.8,0
215,Lahore,Monday,1,Clear,High,Motorcycle,Residential,50,40.7,8,87.9,53.6,0
216,Lahore,Friday,20,Cloudy,Low,Car,Main Road,60,52.8,11,76.3,21.5,0
217,Islamabad,Tuesday,11,Fog,Medium,Rickshaw,Residential,50,19.9,10,36.2,38.1,0
218,Multan,Saturday,5,Dust,Medium,Car,Residential,50,26.3,7,76.1,28.2,0
219,Lahore,Sunday,22,Rain,Severe,Van,Residential,50,11.6,8,80.3,92.8,1
220,Lahore,Wednesday,3,Clear,Medium,Bus,Highway,100,114.2,3,94.7,41.1,0
221,Peshawar,Wednesday,22,Clear,Low,Car,Residential,50,36.1,10,92.6,23.2,0
222,Islamabad,Sunday,10,Dust,Medium,Motorcycle,Residential,50,38.3,6,58.6,49.6,0
223,Rawalpindi,Sunday,23,Clear,High,Car,Main Road,60,39.6,13,92.0,33.8,0
224,Lahore,Monday,16,Cloudy,Low,Car,Market,50,31.4,17,88.8,25.5,0
225,Quetta,Wednesday,5,Clear,Low,Car,Main Road,60,51.2,7,84.8,21.8,0
226,Lahore,Wednesday,23,Clear,Severe,Bus,Main Road,60,21.6,11,96.2,46.7,0
227,Rawalpindi,Tuesday,4,Clear,Low,Motorcycle,Market,50,74.3,22,88.7,38.3,0
228,Peshawar,Friday,19,Dust,Low,Motorcycle,School Zone,40,45.9,31,55.0,66.6,1
229,Multan,Thursday,1,Clear,High,Rickshaw,Residential,50,20.2,10,89.1,24.9,0
230,Islamabad,Wednesday,5,Rain,Low,Rickshaw,Residential,50,42.7,7,85.0,25.3,0
231,Peshawar,Wednesday,21,Dust,Low,Van,Main Road,60,54.1,9,64.4,34.7,0
232,Multan,Thursday,10,Fog,Low,Van,Highway,100,85.4,7,52.2,21.3,0
233,Karachi,Wednesday,15,Clear,High,Motorcycle,Main Road,60,30.1,11,87.3,34.7,0
234,Lahore,Tuesday,15,Cloudy,Severe,Car,Highway,100,87.3,7,85.6,54.9,1
235,Multan,Tuesday,0,Fog,Medium,Rickshaw,Main Road,60,60.0,10,40.1,60.2,1
236,Quetta,Thursday,8,Clear,Low,Van,Main Road,60,62.6,8,95.6,41.6,0
237,Multan,Saturday,5,Cloudy,Low,Motorcycle,Residential,50,45.5,8,87.3,45.0,0
238,Karachi,Wednesday,15,Clear,Medium,Car,School Zone,40,38.1,33,94.8,55.0,0
239,Lahore,Saturday,2,Clear,High,Motorcycle,Main Road,60,42.6,5,97.5,69.3,0
240,Karachi,Wednesday,19,Clear,High,Rickshaw,Main Road,60,58.5,15,93.5,59.6,0
241,Rawalpindi,Friday,3,Cloudy,Medium,Rickshaw,Main Road,60,67.5,11,82.4,43.2,0
242,Lahore,Wednesday,18,Cloudy,Severe,Rickshaw,Market,50,30.4,16,86.6,39.6,0
243,Quetta,Tuesday,2,Clear,Low,Car,Residential,50,39.6,9,94.2,14.5,0
244,Lahore,Monday,18,Rain,Low,Car,Main Road,60,46.9,6,75.7,37.8,0
245,Karachi,Sunday,19,Clear,High,Motorcycle,Residential,50,23.4,18,100.0,37.3,0
246,Islamabad,Monday,6,Cloudy,Medium,Car,Main Road,60,41.1,7,91.2,18.3,0
247,Karachi,Monday,19,Fog,Medium,Van,Market,50,10.0,15,48.9,37.4,0
248,Lahore,Monday,8,Clear,Medium,Motorcycle,Main Road,60,70.2,8,99.1,44.1,0
249,Lahore,Sunday,0,Rain,Medium,Motorcycle,Residential,50,44.3,3,79.8,10.2,0
250,Multan,Saturday,7,Cloudy,Medium,Rickshaw,Main Road,60,36.0,2,91.6,8.0,0
251,Islamabad,Sunday,6,Rain,Severe,Car,School Zone,40,10.0,38,90.0,82.2,1
252,Peshawar,Saturday,17,Clear,Low,Van,Residential,50,44.2,8,96.5,16.0,0
253,Islamabad,Sunday,7,Clear,Medium,Motorcycle,Main Road,60,66.4,9,84.3,55.3,0
254,Peshawar,Sunday,0,Cloudy,Low,Rickshaw,School Zone,40,36.4,37,88.5,65.7,0
255,Quetta,Wednesday,10,Clear,High,Rickshaw,School Zone,40,10.0,26,86.6,19.2,0
256,Lahore,Saturday,17,Clear,Low,Motorcycle,Main Road,60,61.5,5,88.7,41.4,1
257,Multan,Wednesday,22,Dust,High,Car,Highway,100,76.9,9,70.6,35.1,0
258,Rawalpindi,Friday,9,Clear,Low,Motorcycle,Highway,100,96.5,10,93.3,39.7,0
259,Rawalpindi,Wednesday,2,Dust,Medium,Car,Residential,50,32.2,8,69.5,23.7,0
260,Karachi,Monday,6,Clear,High,Car,Main Road,60,52.6,10,99.0,24.1,0
261,Islamabad,Thursday,15,Cloudy,Medium,Van,Highway,100,111.7,8,77.2,33.9,0
262,Islamabad,Thursday,15,Fog,Medium,Motorcycle,Main Road,60,35.2,11,52.1,55.3,0
263,Rawalpindi,Tuesday,19,Fog,High,Motorcycle,Market,50,10.0,35,41.9,65.3,0
264,Peshawar,Tuesday,16,Clear,Low,Motorcycle,Residential,50,27.1,7,91.0,19.7,0
265,Islamabad,Wednesday,1,Dust,Severe,Rickshaw,Market,50,20.7,20,59.3,58.3,1
266,Peshawar,Sunday,0,Clear,Low,Van,Highway,100,108.8,7,92.3,43.5,0
267,Peshawar,Sunday,15,Clear,High,Car,Highway,100,83.7,12,92.0,31.7,0
268,Peshawar,Thursday,11,Cloudy,High,Motorcycle,School Zone,40,22.4,35,88.7,51.8,0
269,Peshawar,Monday,4,Fog,Medium,Motorcycle,Market,50,32.7,24,35.6,24.5,0
270,Multan,Saturday,4,Fog,Low,Motorcycle,Main Road,60,43.4,7,40.0,45.3,0
271,Karachi,Monday,22,Clear,Low,Car,Main Road,60,34.2,5,100.0,13.2,0
272,Karachi,Monday,8,Rain,Severe,Motorcycle,Residential,50,10.0,8,70.0,45.4,0
273,Multan,Wednesday,8,Rain,High,Rickshaw,Highway,100,93.4,7,80.8,69.3,1
274,Rawalpindi,Wednesday,2,Clear,Medium,Motorcycle,Residential,50,42.1,12,97.2,20.1,0
275,Karachi,Friday,18,Cloudy,Medium,Van,Market,50,61.4,20,98.3,31.4,0
276,Quetta,Monday,15,Clear,Low,Motorcycle,Main Road,60,68.6,6,89.5,54.1,0
277,Multan,Sunday,15,Clear,High,Rickshaw,Residential,50,41.7,8,97.7,20.6,0
278,Islamabad,Sunday,2,Rain,Severe,Van,Main Road,60,25.5,8,70.6,47.1,1
279,Quetta,Monday,19,Clear,Low,Van,School Zone,40,42.1,36,74.2,64.0,1
280,Multan,Wednesday,23,Clear,High,Rickshaw,Highway,100,83.9,9,100.0,21.1,0
281,Karachi,Wednesday,21,Clear,Low,Motorcycle,Main Road,60,39.4,6,93.9,37.8,1
282,Islamabad,Friday,23,Rain,High,Motorcycle,Residential,50,11.5,10,69.7,59.2,0
283,Islamabad,Friday,0,Clear,Medium,Rickshaw,Main Road,60,54.6,6,94.7,31.0,0
284,Peshawar,Tuesday,23,Clear,High,Rickshaw,Highway,100,77.5,11,87.5,46.5,0
285,Rawalpindi,Thursday,19,Cloudy,Severe,Motorcycle,Main Road,60,12.8,12,100.0,64.8,1
286,Peshawar,Monday,10,Clear,High,Van,Highway,100,98.7,9,96.6,37.9,0
287,Multan,Sunday,16,Dust,Severe,Car,Main Road,60,33.0,8,59.6,41.0,0
288,Peshawar,Monday,7,Clear,Low,Motorcycle,Market,50,45.8,22,96.2,55.5,0
289,Quetta,Friday,3,Clear,Severe,Motorcycle,Market,50,31.7,21,82.2,54.4,1
290,Karachi,Friday,5,Clear,High,Motorcycle,Residential,50,50.2,7,75.4,31.0,0
291,Quetta,Tuesday,7,Clear,Low,Motorcycle,Main Road,60,66.6,8,79.8,46.4,0
292,Karachi,Thursday,19,Fog,Medium,Rickshaw,Residential,50,33.0,6,40.8,43.7,0
293,Quetta,Tuesday,2,Clear,Severe,Motorcycle,Residential,50,10.1,7,97.5,68.8,1
294,Islamabad,Sunday,15,Rain,Low,Car,School Zone,40,53.4,35,82.5,52.0,1
295,Karachi,Thursday,2,Clear,Medium,Bus,Residential,50,37.0,12,100.0,30.9,0
296,Karachi,Saturday,17,Cloudy,High,Rickshaw,Main Road,60,46.8,9,83.9,46.0,1
297,Quetta,Monday,13,Fog,Low,Car,Main Road,60,43.1,5,43.2,45.6,0
298,Lahore,Tuesday,17,Clear,High,Car,Main Road,60,22.2,9,88.1,38.8,0
299,Islamabad,Friday,1,Cloudy,Medium,Van,Residential,50,52.5,8,89.6,44.9,0
300,Multan,Tuesday,21,Fog,Low,Motorcycle,Main Road,60,34.4,10,50.2,54.4,0
301,Islamabad,Saturday,2,Rain,Medium,Motorcycle,Main Road,60,38.5,6,78.0,44.6,0
302,Multan,Tuesday,15,Clear,Medium,Rickshaw,Main Road,60,56.9,11,92.3,53.2,0
303,Lahore,Monday,8,Clear,High,Motorcycle,Residential,50,25.1,3,78.2,46.7,0
304,Quetta,Saturday,3,Clear,High,Motorcycle,Market,50,22.7,17,95.7,33.3,0
305,Quetta,Friday,0,Dust,Medium,Car,Market,50,51.6,24,68.8,26.9,0
306,Islamabad,Friday,3,Cloudy,High,Car,Main Road,60,56.9,12,98.3,45.1,0
307,Quetta,Wednesday,0,Fog,High,Bus,Main Road,60,44.1,7,43.9,57.8,1
308,Rawalpindi,Saturday,13,Clear,Severe,Motorcycle,School Zone,40,17.3,35,82.7,65.1,1
309,Rawalpindi,Wednesday,20,Clear,High,Car,Main Road,60,50.3,11,83.7,22.6,0
310,Multan,Wednesday,15,Clear,Medium,Rickshaw,Main Road,60,45.1,12,88.8,14.9,0
311,Lahore,Monday,19,Clear,Medium,Bus,Main Road,60,45.4,4,84.2,15.0,0
312,Karachi,Tuesday,23,Clear,Severe,Car,Main Road,60,29.5,7,92.3,58.5,0
313,Rawalpindi,Friday,7,Clear,High,Motorcycle,Main Road,60,30.6,4,97.0,40.6,0
314,Multan,Friday,6,Rain,Low,Car,Highway,100,92.5,9,89.5,55.1,0
315,Quetta,Tuesday,2,Clear,High,Motorcycle,Main Road,60,36.9,6,92.7,26.5,0
316,Lahore,Friday,16,Clear,Medium,Car,Residential,50,36.1,9,87.4,24.8,0
317,Multan,Tuesday,0,Fog,Low,Car,Market,50,42.9,21,37.7,32.8,0
318,Multan,Saturday,15,Fog,Medium,Car,Main Road,60,53.2,8,47.5,35.8,0
319,Rawalpindi,Monday,11,Clear,Low,Rickshaw,Main Road,60,74.7,8,93.5,42.9,0
320,Peshawar,Monday,18,Fog,High,Motorcycle,Residential,50,10.0,15,41.7,65.3,0
321,Lahore,Sunday,21,Clear,Medium,Car,School Zone,40,44.2,30,99.4,29.0,0
322,Islamabad,Monday,22,Clear,Low,Car,Residential,50,37.9,5,83.6,14.7,0
323,Multan,Tuesday,21,Dust,Low,Car,Residential,50,32.1,6,59.7,34.1,0
324,Rawalpindi,Sunday,13,Rain,Medium,Motorcycle,Main Road,60,52.3,9,79.1,46.0,0
325,Islamabad,Tuesday,5,Dust,Low,Motorcycle,Highway,100,96.9,6,48.9,66.2,0
326,Lahore,Thursday,5,Rain,High,Rickshaw,Main Road,60,38.1,9,80.7,36.7,0
327,Rawalpindi,Sunday,12,Clear,Low,Car,Market,50,55.0,21,89.1,39.8,1
328,Islamabad,Friday,18,Cloudy,High,Car,Residential,50,10.7,9,97.6,41.9,0
329,Karachi,Friday,21,Clear,Medium,Van,Main Road,60,41.5,7,89.0,22.9,0
330,Multan,Thursday,7,Clear,Severe,Motorcycle,Residential,50,23.6,11,84.8,57.1,0
331,Karachi,Thursday,1,Clear,Low,Van,Market,50,40.2,21,100.0,26.7,0
332,Peshawar,Monday,20,Clear,Low,Motorcycle,Highway,100,82.4,9,98.4,29.1,0
333,Quetta,Thursday,0,Dust,High,Car,Market,50,36.7,20,54.6,42.3,0
334,Lahore,Tuesday,14,Dust,High,Car,Market,50,21.8,20,60.3,51.3,0
335,Quetta,Wednesday,0,Cloudy,Medium,Car,Main Road,60,63.1,7,86.6,63.6,1
336,Quetta,Tuesday,4,Clear,Low,Motorcycle,School Zone,40,48.1,30,97.4,31.4,0
337,Islamabad,Sunday,15,Rain,Medium,Car,Main Road,60,40.3,6,81.9,27.1,0
338,Peshawar,Thursday,18,Cloudy,Low,Motorcycle,Main Road,60,59.8,8,92.3,56.4,0
339,Lahore,Friday,3,Fog,Medium,Motorcycle,Main Road,60,41.0,9,56.7,47.3,0
340,Karachi,Tuesday,2,Clear,Medium,Motorcycle,School Zone,40,22.8,38,90.4,24.5,0
341,Quetta,Friday,16,Clear,High,Car,Main Road,60,43.7,10,96.4,46.4,0
342,Islamabad,Tuesday,16,Dust,Severe,Car,Highway,100,60.0,8,67.8,48.2,0
343,Quetta,Friday,11,Dust,Low,Motorcycle,Main Road,60,52.0,8,50.7,35.3,0
344,Rawalpindi,Saturday,13,Clear,High,Motorcycle,Highway,100,81.0,6,82.4,43.3,0
345,Karachi,Tuesday,20,Clear,Low,Motorcycle,Main Road,60,62.8,13,92.5,46.2,0
346,Quetta,Sunday,5,Rain,Low,Bus,Highway,100,91.9,5,72.4,41.3,0
347,Rawalpindi,Friday,2,Cloudy,High,Car,Main Road,60,55.4,5,88.2,59.0,1
348,Rawalpindi,Wednesday,8,Rain,High,Car,Residential,50,27.2,6,71.7,50.3,0
349,Islamabad,Sunday,4,Clear,Severe,Van,Residential,50,35.2,11,87.0,48.7,0
350,Islamabad,Monday,23,Clear,High,Car,Main Road,60,36.7,4,92.7,37.3,0
351,Rawalpindi,Tuesday,16,Clear,Low,Rickshaw,Main Road,60,76.4,9,100.0,34.2,0
352,Peshawar,Wednesday,13,Cloudy,Low,Car,Main Road,60,78.1,7,100.0,33.5,0
353,Quetta,Monday,20,Clear,High,Car,Residential,50,32.8,8,83.6,12.4,0
354,Rawalpindi,Tuesday,2,Clear,Medium,Car,Main Road,60,44.4,10,100.0,12.5,0
355,Rawalpindi,Wednesday,0,Clear,Medium,Motorcycle,School Zone,40,32.6,33,79.7,15.8,0
356,Islamabad,Wednesday,19,Clear,Medium,Bus,School Zone,40,17.7,42,92.7,22.3,0
357,Quetta,Sunday,20,Clear,Severe,Van,Main Road,60,30.5,14,92.3,33.5,0
358,Lahore,Saturday,22,Clear,High,Motorcycle,Main Road,60,14.4,3,77.1,37.2,0
359,Karachi,Wednesday,0,Fog,Medium,Motorcycle,School Zone,40,17.4,38,58.0,62.2,1
360,Islamabad,Saturday,2,Clear,Severe,Car,Main Road,60,10.0,8,94.9,64.2,1
361,Quetta,Thursday,17,Clear,High,Car,Residential,50,31.8,13,96.2,26.4,0
362,Quetta,Sunday,9,Clear,Low,Bus,Market,50,41.5,15,91.3,8.5,0
363,Multan,Friday,21,Dust,Low,Motorcycle,Residential,50,48.1,7,58.7,53.0,0
364,Peshawar,Sunday,2,Clear,Medium,Motorcycle,School Zone,40,27.5,37,94.3,55.7,0
365,Karachi,Monday,7,Clear,Medium,Car,Market,50,49.8,21,82.0,40.2,0
366,Islamabad,Friday,13,Clear,High,Car,Market,50,25.5,19,87.2,20.4,0
367,Islamabad,Friday,23,Rain,Severe,Car,Market,50,29.0,27,88.2,59.9,0
368,Lahore,Saturday,17,Rain,Low,Car,Main Road,60,53.0,12,70.2,26.7,0
369,Multan,Friday,14,Clear,High,Bus,Highway,100,88.6,8,89.9,32.9,0
370,Multan,Wednesday,21,Clear,Medium,Motorcycle,Market,50,46.7,22,80.9,49.8,0
371,Peshawar,Saturday,22,Clear,Medium,Motorcycle,Main Road,60,40.1,7,88.9,42.0,0
372,Multan,Friday,1,Cloudy,High,Car,Highway,100,77.2,7,89.4,44.7,0
373,Peshawar,Saturday,9,Rain,Medium,Bus,Highway,100,106.6,8,61.4,46.5,0
374,Quetta,Thursday,1,Clear,High,Motorcycle,Main Road,60,31.4,10,100.0,34.3,0
375,Quetta,Saturday,16,Cloudy,Low,Motorcycle,Main Road,60,59.9,8,87.4,43.9,0
376,Islamabad,Tuesday,7,Clear,Medium,Rickshaw,Residential,50,31.4,6,81.1,3.0,0
377,Lahore,Wednesday,0,Cloudy,Medium,Motorcycle,Main Road,60,50.4,8,87.5,9.4,0
378,Islamabad,Monday,8,Cloudy,Medium,Van,Highway,100,107.6,8,79.4,45.5,0
379,Multan,Tuesday,10,Dust,Low,Van,School Zone,40,23.0,37,72.9,32.9,0
380,Rawalpindi,Tuesday,21,Clear,High,Bus,Residential,50,22.3,8,89.7,43.9,0
381,Quetta,Tuesday,15,Cloudy,Low,Bus,Residential,50,48.8,8,96.9,58.6,0
382,Rawalpindi,Friday,6,Clear,Low,Bus,Highway,100,113.5,6,96.2,37.8,0
383,Multan,Saturday,9,Clear,Low,Motorcycle,Main Road,60,55.1,13,98.1,45.6,0
384,Lahore,Saturday,22,Clear,High,Car,Residential,50,28.5,4,98.1,31.3,0
385,Islamabad,Sunday,2,Clear,Low,Rickshaw,Main Road,60,72.6,8,80.6,39.6,0
386,Quetta,Friday,17,Clear,High,Rickshaw,Market,50,32.9,20,89.8,33.5,0
387,Lahore,Wednesday,23,Fog,Low,Rickshaw,Highway,100,110.3,7,32.1,57.3,1
388,Islamabad,Friday,12,Cloudy,Medium,Van,Main Road,60,74.2,6,100.0,21.9,0
389,Islamabad,Friday,6,Clear,High,Motorcycle,School Zone,40,35.5,33,97.4,63.1,0
390,Rawalpindi,Friday,3,Clear,Low,Bus,Residential,50,49.3,8,93.1,30.1,0
391,Karachi,Wednesday,12,Clear,Low,Bus,School Zone,40,50.4,33,100.0,52.8,0
392,Multan,Sunday,19,Clear,Medium,Rickshaw,School Zone,40,19.4,38,83.8,36.9,0
393,Peshawar,Wednesday,0,Clear,High,Motorcycle,Highway,100,91.1,19,80.3,46.1,0
394,Quetta,Thursday,7,Clear,Medium,Rickshaw,Highway,100,96.5,9,87.3,47.5,0
395,Peshawar,Sunday,13,Dust,Medium,Car,Main Road,60,38.9,5,59.8,8.7,0
396,Lahore,Thursday,15,Cloudy,Low,Car,Residential,50,55.4,2,82.3,25.8,0
397,Peshawar,Thursday,13,Cloudy,Medium,Motorcycle,Main Road,60,51.8,12,100.0,30.0,0
398,Rawalpindi,Thursday,11,Rain,High,Van,Residential,50,12.2,5,67.8,56.6,0
399,Karachi,Saturday,18,Clear,Low,Bus,Market,50,26.8,27,98.8,17.2,0
400,Quetta,Tuesday,22,Clear,High,Car,Highway,100,71.3,6,94.5,38.7,0
401,Multan,Tuesday,14,Clear,Severe,Motorcycle,Market,50,16.6,24,100.0,43.9,0
402,Islamabad,Thursday,1,Rain,Low,Bus,Market,50,16.1,21,77.4,5.7,0
403,Islamabad,Thursday,1,Clear,High,Van,Main Road,60,57.6,7,90.4,40.7,0
404,Multan,Monday,22,Clear,Medium,Motorcycle,School Zone,40,10.0,25,90.8,10.2,0
405,Rawalpindi,Tuesday,21,Fog,High,Van,Market,50,17.3,24,39.0,46.5,0
406,Quetta,Monday,18,Clear,Medium,Car,Highway,100,86.9,11,78.8,31.9,0
407,Peshawar,Sunday,21,Rain,High,Van,School Zone,40,27.4,23,70.2,50.8,0
408,Multan,Monday,21,Dust,Medium,Car,Highway,100,107.0,9,70.8,45.5,0
409,Islamabad,Friday,16,Clear,High,Motorcycle,Residential,50,37.9,7,86.2,36.8,0
410,Peshawar,Saturday,19,Dust,High,Car,Highway,100,82.6,9,67.1,36.7,0
411,Rawalpindi,Sunday,9,Rain,Low,Motorcycle,Market,50,42.2,36,63.5,61.1,1
412,Islamabad,Wednesday,5,Dust,Low,Motorcycle,Highway,100,97.0,11,61.4,53.1,0
413,Lahore,Tuesday,14,Clear,High,Car,Market,50,38.8,17,83.3,29.4,0
414,Karachi,Thursday,21,Fog,Medium,Motorcycle,Main Road,60,34.6,6,48.7,57.4,1
415,Peshawar,Sunday,10,Clear,Severe,Van,Residential,50,40.8,12,95.1,60.9,1
416,Multan,Thursday,4,Rain,Severe,Rickshaw,Market,50,10.0,18,75.0,47.6,0
417,Quetta,Wednesday,0,Clear,High,Van,Highway,100,89.0,11,79.3,39.2,0
418,Peshawar,Sunday,7,Clear,Medium,Bus,Residential,50,40.0,7,80.6,19.6,0
419,Peshawar,Tuesday,20,Clear,Low,Car,Market,50,54.3,26,97.6,45.0,0
420,Peshawar,Sunday,11,Clear,Severe,Motorcycle,Residential,50,22.3,4,82.9,61.2,0
421,Multan,Thursday,11,Clear,Low,Car,Main Road,60,56.6,9,89.6,36.5,0
422,Rawalpindi,Thursday,4,Clear,Medium,Bus,Market,50,10.0,24,86.3,22.0,0
423,Rawalpindi,Friday,6,Clear,Medium,Rickshaw,Market,50,63.5,27,85.3,14.4,0
424,Quetta,Monday,3,Clear,Severe,Motorcycle,School Zone,40,22.9,34,65.4,79.7,1
425,Rawalpindi,Sunday,5,Clear,Low,Car,Residential,50,64.9,11,100.0,42.6,0
426,Multan,Thursday,12,Clear,Severe,Car,Residential,50,18.4,8,95.0,45.6,0
427,Quetta,Saturday,19,Dust,Medium,Car,Main Road,60,47.4,14,64.1,18.5,0
428,Quetta,Tuesday,14,Cloudy,Low,Motorcycle,Main Road,60,43.3,6,80.8,37.0,0
429,Rawalpindi,Saturday,2,Clear,High,Car,Market,50,31.4,11,84.9,38.2,0
430,Islamabad,Wednesday,22,Cloudy,Low,Rickshaw,Highway,100,84.6,8,83.4,4.7,0
431,Rawalpindi,Sunday,7,Rain,Low,Rickshaw,Highway,100,78.6,9,69.3,32.0,0
432,Islamabad,Friday,19,Clear,High,Car,Residential,50,33.5,8,80.0,45.9,0
433,Lahore,Tuesday,15,Clear,Low,Van,Market,50,58.3,22,95.4,39.6,0
434,Rawalpindi,Friday,12,Clear,Medium,Rickshaw,Main Road,60,53.7,6,67.1,17.7,0
435,Lahore,Monday,17,Fog,Medium,Rickshaw,Main Road,60,48.0,12,49.5,42.1,0
436,Rawalpindi,Thursday,9,Clear,Medium,Car,School Zone,40,31.1,30,75.8,21.1,0
437,Lahore,Tuesday,18,Rain,High,Car,Highway,100,83.5,6,86.6,26.4,0
438,Karachi,Wednesday,16,Clear,Low,Motorcycle,Main Road,60,55.9,10,83.7,42.2,0
439,Lahore,Sunday,23,Rain,Low,Car,Residential,50,61.6,2,81.1,32.9,0
440,Islamabad,Monday,18,Clear,Low,Car,Market,50,45.4,20,94.6,60.5,0
441,Peshawar,Monday,22,Clear,Medium,Motorcycle,Main Road,60,43.7,5,88.2,36.6,0
442,Quetta,Friday,4,Clear,Medium,Van,School Zone,40,25.1,31,100.0,24.7,0
443,Lahore,Monday,20,Fog,Low,Motorcycle,Main Road,60,79.2,3,39.2,53.2,1
444,Peshawar,Tuesday,22,Clear,High,Motorcycle,Highway,100,79.4,8,89.8,57.2,0
445,Multan,Friday,8,Clear,Severe,Car,School Zone,40,10.0,29,81.4,29.4,0
446,Karachi,Monday,11,Rain,High,Bus,Market,50,10.0,16,82.9,28.8,0
447,Karachi,Sunday,20,Cloudy,Low,Motorcycle,School Zone,40,38.0,34,79.0,40.6,0
448,Multan,Wednesday,0,Clear,Medium,Motorcycle,Main Road,60,69.7,11,96.5,42.6,0
449,Multan,Sunday,0,Clear,High,Motorcycle,Residential,50,52.3,8,94.2,63.1,0
450,Multan,Saturday,14,Clear,Medium,Motorcycle,Residential,50,44.7,4,89.6,23.2,0
451,Islamabad,Tuesday,1,Clear,Severe,Motorcycle,Highway,100,82.3,6,91.4,32.8,0
452,Multan,Wednesday,21,Rain,Severe,Car,Market,50,10.0,20,82.2,45.0,0
453,Islamabad,Wednesday,15,Clear,Low,Motorcycle,Highway,100,80.2,8,83.4,35.3,0
454,Lahore,Friday,7,Dust,Medium,Motorcycle,Main Road,60,80.9,7,67.1,57.3,1
455,Rawalpindi,Thursday,12,Clear,Low,Bus,Highway,100,103.9,5,92.1,33.9,0
456,Multan,Friday,20,Clear,Medium,Car,Highway,100,76.5,4,98.9,25.5,0
457,Multan,Tuesday,0,Cloudy,High,Car,Highway,100,71.9,5,90.8,34.1,0
458,Karachi,Tuesday,15,Cloudy,Severe,Motorcycle,Highway,100,82.0,5,91.9,59.7,0
459,Peshawar,Friday,6,Clear,Severe,Motorcycle,Main Road,60,27.5,9,99.1,29.8,0
460,Rawalpindi,Thursday,4,Rain,Low,Rickshaw,Main Road,60,37.6,9,70.9,16.7,0
461,Karachi,Sunday,21,Rain,Severe,Motorcycle,School Zone,40,10.0,41,65.1,81.1,1
462,Lahore,Friday,22,Clear,High,Van,School Zone,40,14.1,28,96.8,42.5,0
463,Multan,Tuesday,2,Clear,High,Car,Residential,50,16.8,8,77.2,40.4,1
464,Karachi,Thursday,11,Clear,Severe,Car,Residential,50,22.9,11,77.3,43.7,0
465,Islamabad,Tuesday,15,Rain,Medium,Rickshaw,Highway,100,82.9,4,71.0,19.3,0
466,Peshawar,Thursday,18,Clear,Low,Van,Residential,50,37.7,6,96.3,19.3,0
467,Peshawar,Thursday,4,Rain,Low,Car,Main Road,60,43.4,4,75.3,22.8,0
468,Islamabad,Friday,21,Cloudy,Low,Motorcycle,Main Road,60,43.7,9,91.4,22.7,0
469,Multan,Friday,13,Rain,High,Car,Main Road,60,22.8,10,68.4,52.8,1
470,Multan,Friday,4,Cloudy,Medium,Car,Market,50,20.9,24,92.4,18.0,0
471,Rawalpindi,Thursday,14,Clear,Medium,Van,Main Road,60,58.9,13,84.9,34.6,0
472,Islamabad,Thursday,16,Dust,Low,Car,Highway,100,96.0,6,71.0,51.8,0
473,Multan,Tuesday,13,Rain,Severe,Motorcycle,School Zone,40,10.0,34,76.1,65.5,0
474,Peshawar,Wednesday,19,Clear,Low,Bus,Residential,50,69.9,7,95.8,25.3,0
475,Multan,Friday,4,Cloudy,Medium,Motorcycle,Main Road,60,63.8,8,98.7,62.7,0
476,Lahore,Saturday,11,Cloudy,Medium,Car,Market,50,28.7,20,86.8,14.6,0
477,Multan,Tuesday,15,Clear,Low,Car,Market,50,42.0,14,85.8,14.5,0
478,Rawalpindi,Tuesday,15,Clear,High,Motorcycle,Main Road,60,30.3,5,100.0,50.1,1
479,Quetta,Monday,20,Clear,Medium,Van,Market,50,44.3,20,91.7,17.1,0
480,Karachi,Friday,6,Fog,Medium,Car,Main Road,60,37.8,10,43.1,35.7,1
481,Quetta,Sunday,3,Cloudy,High,Rickshaw,Highway,100,76.7,11,68.8,30.2,0
482,Lahore,Tuesday,0,Clear,Low,Car,Market,50,53.3,23,88.2,44.3,0
483,Quetta,Monday,4,Cloudy,High,Rickshaw,Residential,50,27.1,5,95.1,19.9,0
484,Multan,Saturday,22,Clear,High,Car,School Zone,40,47.1,35,100.0,59.2,0
485,Rawalpindi,Saturday,9,Clear,High,Van,Residential,50,31.2,9,81.0,37.4,0
486,Peshawar,Sunday,21,Clear,Medium,Car,School Zone,40,37.5,32,90.5,32.7,0
487,Peshawar,Friday,4,Cloudy,Low,Motorcycle,Main Road,60,53.7,12,89.1,46.5,0
488,Lahore,Thursday,3,Fog,Medium,Motorcycle,Residential,50,10.0,11,50.1,44.7,0
489,Quetta,Monday,1,Fog,Medium,Van,Main Road,60,33.1,10,53.1,45.5,0
490,Rawalpindi,Thursday,19,Clear,Low,Bus,Residential,50,42.3,7,100.0,45.3,0
491,Karachi,Saturday,9,Cloudy,Medium,Motorcycle,School Zone,40,10.0,33,82.0,49.0,0
492,Multan,Saturday,18,Rain,Medium,Rickshaw,Highway,100,87.8,8,71.8,36.5,0
493,Quetta,Wednesday,0,Clear,Low,Motorcycle,School Zone,40,50.2,33,84.5,59.5,1
494,Quetta,Wednesday,23,Rain,Severe,Rickshaw,Highway,100,80.2,9,66.1,79.4,0
495,Karachi,Sunday,4,Dust,High,Car,Main Road,60,23.8,11,63.9,27.7,0
496,Islamabad,Wednesday,12,Cloudy,Low,Motorcycle,Main Road,60,46.2,5,95.7,28.7,0
497,Multan,Wednesday,3,Clear,High,Motorcycle,Main Road,60,59.0,4,88.0,65.7,0
498,Lahore,Sunday,15,Fog,Severe,Car,Market,50,10.0,25,32.3,50.3,0
499,Multan,Tuesday,23,Dust,Medium,Van,Residential,50,35.8,10,56.7,30.9,0
500,Rawalpindi,Wednesday,15,Rain,Low,Car,Residential,50,58.4,9,68.8,42.9,0
501,Lahore,Tuesday,22,Clear,Medium,Rickshaw,Highway,100,86.7,10,83.7,21.4,0
502,Karachi,Tuesday,1,Rain,High,Car,Highway,100,71.6,4,77.2,34.6,0
503,Rawalpindi,Friday,16,Clear,Low,Car,Main Road,60,59.8,6,91.0,28.8,0
504,Peshawar,Tuesday,19,Clear,High,Rickshaw,Main Road,60,58.3,10,99.0,55.8,0
505,Peshawar,Tuesday,23,Cloudy,High,Car,Highway,100,49.4,14,89.4,30.3,0
506,Multan,Wednesday,11,Fog,High,Motorcycle,School Zone,40,23.9,34,39.5,70.4,1
507,Rawalpindi,Tuesday,17,Rain,Medium,Motorcycle,Main Road,60,55.1,4,93.3,46.7,1
508,Lahore,Thursday,2,Rain,Medium,Car,School Zone,40,39.5,19,79.3,47.8,0
509,Lahore,Sunday,0,Clear,Low,Car,Residential,50,33.8,6,92.3,26.7,0
510,Peshawar,Wednesday,0,Clear,Medium,Car,School Zone,40,45.3,34,78.9,44.7,0
511,Peshawar,Sunday,18,Dust,High,Bus,Highway,100,86.3,7,45.2,55.3,1
512,Karachi,Monday,10,Cloudy,Severe,Car,School Zone,40,10.0,33,73.8,72.5,1
513,Rawalpindi,Wednesday,4,Rain,High,Motorcycle,Market,50,49.4,18,74.4,86.1,1
514,Lahore,Tuesday,11,Clear,Low,Car,Main Road,60,71.0,13,75.9,39.6,0
515,Karachi,Thursday,2,Rain,Low,Rickshaw,Main Road,60,61.1,6,78.0,51.0,0
516,Lahore,Sunday,0,Dust,High,Van,Market,50,18.8,18,69.9,53.9,0
517,Peshawar,Wednesday,0,Clear,Severe,Motorcycle,Main Road,60,33.9,10,92.0,65.5,0
518,Rawalpindi,Thursday,7,Clear,Low,Motorcycle,Main Road,60,65.2,4,94.5,31.4,0
519,Islamabad,Sunday,9,Clear,High,Motorcycle,Main Road,60,29.1,8,89.5,54.2,0
520,Rawalpindi,Monday,10,Dust,Medium,Motorcycle,Residential,50,47.8,10,53.1,56.5,1
521,Quetta,Saturday,11,Cloudy,Medium,Car,Market,50,26.2,29,82.2,18.8,0
522,Islamabad,Monday,12,Rain,High,Car,School Zone,40,10.0,37,77.3,52.6,0
523,Multan,Saturday,11,Clear,High,Car,School Zone,40,10.0,34,85.0,52.1,0
524,Multan,Friday,13,Rain,Medium,Bus,School Zone,40,10.0,38,68.1,33.7,0
525,Karachi,Saturday,1,Cloudy,High,Motorcycle,Highway,100,74.4,11,92.9,29.7,0
526,Islamabad,Friday,18,Clear,High,Car,School Zone,40,18.6,41,95.2,47.1,1
527,Islamabad,Wednesday,17,Fog,Medium,Motorcycle,Highway,100,80.2,8,49.3,60.6,0
528,Karachi,Friday,2,Clear,High,Motorcycle,School Zone,40,10.0,29,88.8,49.2,0
529,Rawalpindi,Thursday,22,Clear,Low,Rickshaw,Main Road,60,75.2,4,99.5,40.0,0
530,Karachi,Friday,16,Clear,Low,Motorcycle,School Zone,40,26.8,34,83.9,40.2,0
531,Quetta,Thursday,7,Clear,Medium,Motorcycle,Main Road,60,56.6,10,83.8,76.4,1
532,Peshawar,Sunday,9,Cloudy,Medium,Car,Market,50,34.0,13,81.7,8.1,0
533,Multan,Sunday,1,Clear,Low,Car,Residential,50,47.6,6,96.2,40.0,0
534,Peshawar,Saturday,18,Rain,Medium,Motorcycle,Market,50,25.3,30,60.3,35.2,0
535,Multan,Saturday,8,Clear,High,Motorcycle,Market,50,22.2,21,73.0,54.5,1
536,Islamabad,Saturday,6,Clear,Medium,Bus,Residential,50,38.3,6,93.9,29.9,0
537,Karachi,Friday,3,Cloudy,Medium,Van,Market,50,39.0,23,100.0,21.6,0
538,Karachi,Saturday,20,Rain,High,Van,Residential,50,29.4,12,81.8,60.6,1
539,Karachi,Friday,17,Clear,Low,Van,Main Road,60,59.3,6,86.5,42.7,0
540,Quetta,Friday,12,Fog,Medium,Car,Market,50,39.2,26,48.3,32.9,0
541,Quetta,Tuesday,10,Cloudy,Low,Motorcycle,Market,50,63.7,28,83.5,38.3,0
542,Rawalpindi,Tuesday,23,Clear,Medium,Motorcycle,Market,50,61.2,27,100.0,37.4,0
543,Lahore,Friday,3,Clear,Medium,Motorcycle,Main Road,60,42.7,6,91.4,23.8,0
544,Multan,Sunday,20,Clear,Low,Motorcycle,Residential,50,62.3,7,91.6,56.2,1
545,Lahore,Thursday,3,Rain,Low,Car,Highway,100,85.0,4,67.9,20.2,0
546,Lahore,Wednesday,9,Clear,Low,Car,Residential,50,48.9,8,100.0,39.3,0
547,Multan,Monday,4,Clear,Medium,Motorcycle,Residential,50,56.4,9,78.4,37.4,0
548,Rawalpindi,Tuesday,8,Clear,Low,Car,Main Road,60,79.6,8,100.0,45.6,0
549,Karachi,Friday,23,Clear,Medium,Motorcycle,Residential,50,37.5,7,90.3,33.7,0
550,Lahore,Monday,2,Rain,High,Car,Residential,50,37.4,12,81.3,52.0,0
551,Karachi,Tuesday,16,Cloudy,Low,Car,School Zone,40,36.8,37,91.8,51.4,1
552,Islamabad,Wednesday,2,Clear,Medium,Motorcycle,Main Road,60,45.5,6,89.3,4.4,0
553,Lahore,Thursday,15,Clear,Severe,Rickshaw,School Zone,40,25.0,34,86.1,62.5,1
554,Islamabad,Friday,3,Clear,High,Van,Market,50,48.5,16,82.1,58.6,0
555,Rawalpindi,Wednesday,17,Rain,Medium,Car,Residential,50,36.2,9,81.6,23.0,0
556,Peshawar,Sunday,16,Dust,Medium,Car,School Zone,40,35.7,37,69.5,43.2,0
557,Quetta,Tuesday,6,Clear,High,Car,Main Road,60,50.7,14,87.8,32.0,0
558,Multan,Friday,23,Clear,Severe,Van,Main Road,60,56.4,9,84.7,57.3,1
559,Rawalpindi,Monday,22,Clear,Medium,Motorcycle,Highway,100,79.9,5,88.9,23.7,0
560,Rawalpindi,Sunday,4,Dust,Medium,Rickshaw,School Zone,40,33.1,36,63.5,58.6,1
561,Rawalpindi,Sunday,11,Cloudy,Severe,Bus,Highway,100,65.1,6,81.4,38.5,0
562,Lahore,Saturday,16,Clear,Low,Rickshaw,Main Road,60,60.8,7,87.0,34.5,1
563,Islamabad,Thursday,22,Clear,High,Van,Market,50,21.4,19,94.3,30.6,0
564,Quetta,Sunday,12,Clear,Medium,Car,Residential,50,45.1,5,96.7,46.4,0
565,Lahore,Tuesday,22,Cloudy,Severe,Motorcycle,Highway,100,76.0,13,99.1,54.6,0
566,Peshawar,Thursday,2,Clear,Severe,Rickshaw,Main Road,60,42.3,10,91.1,53.3,0
567,Multan,Friday,8,Clear,Low,Rickshaw,School Zone,40,36.9,30,94.1,38.3,1
568,Multan,Saturday,16,Cloudy,Medium,Bus,Residential,50,46.5,8,91.4,51.3,0
569,Quetta,Wednesday,16,Clear,Medium,Rickshaw,Residential,50,48.2,8,97.4,34.6,0
570,Multan,Thursday,19,Cloudy,Low,Rickshaw,Main Road,60,80.4,8,88.2,19.1,0
571,Multan,Monday,15,Clear,Medium,Van,Main Road,60,57.0,9,92.9,44.4,0
572,Rawalpindi,Tuesday,21,Rain,Medium,Car,Main Road,60,39.2,4,72.9,39.9,0
573,Karachi,Monday,12,Clear,Medium,Car,Main Road,60,53.6,9,86.6,34.5,0
574,Peshawar,Thursday,18,Dust,High,Bus,Highway,100,75.2,6,58.1,45.3,0
575,Islamabad,Saturday,16,Clear,Low,Motorcycle,Highway,100,112.4,8,96.6,36.4,0
576,Peshawar,Wednesday,3,Clear,High,Car,Highway,100,88.8,6,95.9,52.9,1
577,Lahore,Wednesday,11,Dust,Severe,Rickshaw,Main Road,60,27.4,5,59.7,54.9,1
578,Multan,Monday,8,Dust,Medium,Motorcycle,Residential,50,42.3,10,63.9,36.0,0
579,Karachi,Friday,18,Clear,Low,Car,Main Road,60,96.0,4,77.9,49.7,0
580,Lahore,Friday,11,Dust,Low,Car,Residential,50,56.8,6,83.9,62.3,0
581,Quetta,Saturday,8,Clear,Medium,Motorcycle,School Zone,40,45.1,36,91.5,59.8,0
582,Rawalpindi,Wednesday,6,Cloudy,High,Bus,Residential,50,33.9,13,83.2,26.1,1
583,Multan,Monday,13,Clear,Medium,Car,Highway,100,120.0,8,88.9,44.6,0
584,Rawalpindi,Monday,19,Clear,High,Rickshaw,School Zone,40,19.6,31,79.5,67.3,1
585,Peshawar,Monday,18,Clear,High,Motorcycle,Main Road,60,34.0,14,100.0,40.8,0
586,Rawalpindi,Thursday,14,Cloudy,Medium,Car,Main Road,60,59.4,10,100.0,17.6,0
587,Rawalpindi,Saturday,15,Cloudy,Medium,Motorcycle,Highway,100,95.3,7,79.1,53.4,0
588,Quetta,Friday,20,Clear,Medium,Motorcycle,Market,50,50.6,17,96.5,50.0,0
589,Islamabad,Friday,4,Fog,High,Rickshaw,Residential,50,10.0,7,41.6,43.7,0
590,Islamabad,Thursday,2,Clear,Low,Motorcycle,Residential,50,34.1,7,99.0,11.6,0
591,Lahore,Tuesday,11,Clear,Severe,Motorcycle,Main Road,60,18.2,7,88.6,53.2,0
592,Multan,Thursday,19,Rain,High,Car,Highway,100,51.2,2,79.2,52.5,1
593,Lahore,Saturday,20,Clear,Medium,Rickshaw,Main Road,60,36.3,10,100.0,2.1,0
594,Islamabad,Monday,3,Clear,Medium,Car,Main Road,60,58.4,3,100.0,59.4,1
595,Peshawar,Thursday,20,Clear,Medium,Rickshaw,Highway,100,90.7,7,91.9,60.1,0
596,Islamabad,Monday,22,Clear,Medium,Motorcycle,Residential,50,35.4,5,96.1,15.8,0
597,Lahore,Saturday,15,Fog,Medium,Car,Highway,100,76.2,12,55.3,48.2,0
598,Karachi,Sunday,6,Clear,Low,Car,School Zone,40,57.4,24,79.0,32.3,0
599,Multan,Saturday,12,Clear,Low,Rickshaw,Residential,50,41.9,6,78.6,27.2,0
600,Rawalpindi,Wednesday,20,Clear,Low,Rickshaw,Main Road,60,53.7,8,88.3,35.5,0
601,Quetta,Monday,9,Clear,Medium,Car,Main Road,60,45.0,5,92.5,38.0,0
602,Karachi,Friday,6,Clear,Medium,Car,Main Road,60,48.1,8,88.2,26.9,0
603,Karachi,Thursday,13,Cloudy,High,Car,Main Road,60,42.1,9,82.9,40.5,0
604,Rawalpindi,Sunday,4,Rain,Medium,Car,Highway,100,76.4,9,82.1,23.0,0
605,Islamabad,Saturday,2,Rain,Low,Car,School Zone,40,56.3,34,75.8,65.8,1
606,Multan,Monday,22,Clear,Low,Motorcycle,Market,50,43.9,27,100.0,36.7,0
607,Peshawar,Sunday,10,Clear,Low,Motorcycle,Highway,100,87.7,8,93.6,30.2,0
608,Karachi,Tuesday,10,Fog,Low,Motorcycle,Highway,100,67.5,10,45.1,37.2,0
609,Peshawar,Wednesday,17,Clear,High,Rickshaw,Main Road,60,35.4,7,82.2,27.7,0
610,Quetta,Tuesday,14,Fog,High,Van,Main Road,60,41.0,8,50.0,58.7,1
611,Quetta,Saturday,11,Dust,Severe,Car,Market,50,28.1,15,52.7,55.1,0
612,Quetta,Tuesday,8,Dust,Low,Motorcycle,Main Road,60,54.1,9,75.7,38.7,0
613,Lahore,Tuesday,9,Clear,High,Motorcycle,Highway,100,76.8,10,93.7,44.3,0
614,Karachi,Wednesday,11,Clear,High,Car,Market,50,44.5,22,96.7,33.3,0
615,Quetta,Wednesday,16,Cloudy,High,Car,Main Road,60,40.2,2,86.5,44.5,0
616,Lahore,Wednesday,5,Rain,Medium,Motorcycle,Market,50,36.2,24,69.3,42.2,0
617,Quetta,Sunday,6,Clear,Medium,Rickshaw,Market,50,45.4,21,74.7,42.9,0
618,Islamabad,Wednesday,13,Rain,High,Car,Residential,50,23.0,3,71.2,50.1,1
619,Karachi,Tuesday,12,Clear,High,Motorcycle,Highway,100,81.3,7,83.9,46.8,0
620,Lahore,Friday,7,Clear,High,Motorcycle,Main Road,60,23.2,16,94.1,28.0,0
621,Quetta,Friday,9,Dust,Low,Car,Residential,50,73.7,9,60.3,58.1,0
622,Multan,Wednesday,8,Clear,Low,Motorcycle,Market,50,50.5,20,90.8,28.4,0
623,Lahore,Sunday,17,Clear,Severe,Car,Highway,100,72.0,9,88.6,40.7,0
624,Quetta,Thursday,1,Clear,Medium,Car,Main Road,60,74.0,7,100.0,47.8,0
625,Islamabad,Monday,4,Clear,High,Van,Main Road,60,33.6,9,100.0,54.6,0
626,Peshawar,Saturday,4,Clear,Medium,Car,Main Road,60,41.8,9,89.1,22.5,0
627,Quetta,Sunday,5,Clear,High,Car,Main Road,60,61.0,9,86.1,58.0,0
628,Peshawar,Thursday,18,Clear,Low,Rickshaw,School Zone,40,30.5,27,94.9,20.0,0
629,Karachi,Saturday,7,Rain,Low,Motorcycle,School Zone,40,42.2,25,70.1,78.8,1
630,Islamabad,Thursday,15,Dust,Medium,Car,Market,50,37.6,23,79.8,12.4,0
631,Multan,Thursday,12,Clear,Medium,Motorcycle,Market,50,39.4,19,92.5,20.8,0
632,Karachi,Friday,0,Clear,Medium,Car,Market,50,39.1,18,84.1,17.7,0
633,Multan,Monday,21,Clear,High,Car,Highway,100,107.6,2,89.0,60.3,1
634,Peshawar,Thursday,19,Rain,Medium,Car,Residential,50,54.1,7,83.3,55.1,1
635,Islamabad,Wednesday,16,Cloudy,Severe,Motorcycle,Market,50,19.4,20,90.2,48.1,1
636,Rawalpindi,Saturday,6,Fog,Low,Car,Market,50,31.6,22,57.6,38.0,0
637,Islamabad,Sunday,12,Clear,Low,Rickshaw,Residential,50,61.1,9,100.0,41.4,1
638,Islamabad,Friday,3,Rain,Severe,Van,Highway,100,47.5,9,72.6,46.8,0
639,Multan,Saturday,3,Cloudy,High,Motorcycle,School Zone,40,29.7,41,80.5,51.3,0
640,Rawalpindi,Wednesday,5,Dust,High,Motorcycle,Market,50,36.1,24,69.6,42.9,0
641,Lahore,Wednesday,18,Cloudy,Low,Motorcycle,Main Road,60,61.9,8,98.0,58.8,0
642,Lahore,Thursday,11,Clear,Severe,Motorcycle,Market,50,19.1,23,97.9,53.3,0
643,Lahore,Wednesday,21,Cloudy,High,Motorcycle,Market,50,33.2,25,98.7,54.2,0
644,Peshawar,Monday,6,Dust,High,Bus,Main Road,60,45.6,11,70.9,53.9,0
645,Islamabad,Wednesday,9,Clear,Severe,Motorcycle,Residential,50,23.2,11,85.6,67.9,1
646,Quetta,Thursday,18,Clear,Medium,Motorcycle,Market,50,39.2,27,91.4,19.2,0
647,Rawalpindi,Saturday,6,Clear,Medium,Rickshaw,Market,50,39.1,26,100.0,26.7,0
648,Quetta,Wednesday,2,Clear,Medium,Car,Highway,100,88.6,11,95.6,10.3,0
649,Peshawar,Friday,12,Clear,High,Car,Highway,100,82.1,9,97.1,43.7,0
650,Rawalpindi,Sunday,12,Fog,High,Motorcycle,Main Road,60,21.8,9,39.5,63.8,1
651,Quetta,Friday,17,Cloudy,High,Car,Residential,50,30.0,4,92.6,43.4,0
652,Multan,Friday,19,Cloudy,Low,Rickshaw,Main Road,60,56.5,10,97.7,36.3,0
653,Peshawar,Saturday,7,Cloudy,High,Car,Highway,100,77.2,12,86.0,42.2,0
654,Peshawar,Tuesday,8,Dust,High,Car,Main Road,60,34.5,8,55.1,43.9,0
655,Peshawar,Sunday,6,Fog,Low,Car,Main Road,60,38.1,10,55.2,43.9,0
656,Rawalpindi,Friday,0,Cloudy,Medium,Motorcycle,Main Road,60,52.9,7,89.8,33.9,0
657,Quetta,Friday,2,Clear,Severe,Car,Main Road,60,25.5,13,79.6,35.9,0
658,Quetta,Tuesday,12,Clear,Medium,Van,Main Road,60,38.1,12,99.6,34.4,0
659,Karachi,Saturday,16,Clear,Low,Bus,Highway,100,111.0,9,84.0,26.5,0
660,Peshawar,Sunday,23,Clear,Low,Car,Main Road,60,60.5,13,75.0,39.7,1
661,Lahore,Friday,0,Clear,Low,Car,Main Road,60,64.0,6,94.4,26.6,0
662,Islamabad,Thursday,5,Cloudy,Low,Car,School Zone,40,24.8,25,98.0,25.4,0
663,Multan,Saturday,20,Cloudy,High,Van,Residential,50,47.0,7,100.0,67.8,0
664,Multan,Sunday,5,Clear,Low,Motorcycle,Residential,50,57.8,16,100.0,53.9,1
665,Karachi,Friday,11,Fog,High,Rickshaw,Main Road,60,14.8,7,41.3,36.5,0
666,Karachi,Friday,12,Clear,Low,Bus,Main Road,60,58.1,4,92.0,30.1,0
667,Rawalpindi,Tuesday,12,Cloudy,Severe,Motorcycle,Highway,100,66.7,9,82.8,49.7,0
668,Karachi,Sunday,14,Rain,Medium,Car,Residential,50,36.7,10,73.6,36.6,0
669,Quetta,Thursday,20,Cloudy,High,Car,Main Road,60,37.3,6,89.6,33.6,0
670,Rawalpindi,Saturday,15,Clear,Low,Motorcycle,Residential,50,51.0,6,91.8,50.8,0
671,Rawalpindi,Wednesday,21,Rain,Medium,Car,Main Road,60,57.0,8,83.0,49.5,1
672,Multan,Monday,20,Clear,Low,Motorcycle,Market,50,32.7,21,81.4,0.0,0
673,Multan,Thursday,10,Cloudy,Medium,Car,Main Road,60,51.4,9,93.4,1.7,0
674,Lahore,Wednesday,4,Clear,Medium,Car,Main Road,60,49.2,8,89.4,23.0,0
675,Peshawar,Thursday,3,Cloudy,High,Car,Residential,50,35.3,8,91.8,23.5,0
676,Karachi,Sunday,2,Clear,Low,Rickshaw,Market,50,31.6,11,85.1,30.7,0
677,Peshawar,Wednesday,18,Rain,Medium,Rickshaw,Highway,100,77.2,3,69.1,18.4,0
678,Peshawar,Sunday,19,Clear,Low,Rickshaw,Main Road,60,62.9,6,100.0,50.8,1
679,Peshawar,Wednesday,17,Dust,Medium,Car,Residential,50,38.9,4,58.8,23.3,0
680,Rawalpindi,Thursday,14,Dust,Low,Car,Main Road,60,70.8,11,74.2,54.1,0
681,Peshawar,Tuesday,8,Clear,Low,Car,Highway,100,101.0,7,85.3,49.2,0
682,Karachi,Thursday,16,Clear,High,Bus,Residential,50,37.8,7,90.7,39.0,0
683,Rawalpindi,Sunday,13,Rain,Low,Motorcycle,Market,50,58.8,16,62.0,51.7,0
684,Karachi,Thursday,14,Clear,High,Car,Residential,50,30.5,13,75.0,29.4,0
685,Rawalpindi,Wednesday,0,Clear,Low,Bus,Market,50,54.5,20,87.8,49.0,1
686,Islamabad,Monday,20,Clear,Medium,Rickshaw,Residential,50,24.2,6,100.0,43.8,0
687,Islamabad,Wednesday,21,Cloudy,Severe,Motorcycle,Main Road,60,49.7,10,96.6,52.2,1
688,Islamabad,Friday,21,Clear,Low,Motorcycle,Main Road,60,65.1,11,89.7,42.6,0
689,Islamabad,Thursday,2,Clear,Medium,Motorcycle,Main Road,60,48.7,5,88.5,28.2,0
690,Rawalpindi,Saturday,15,Cloudy,Severe,Van,Main Road,60,21.1,6,100.0,33.6,0
691,Peshawar,Thursday,22,Clear,High,Motorcycle,School Zone,40,27.4,37,86.8,59.4,1
692,Lahore,Tuesday,10,Clear,Medium,Van,School Zone,40,10.0,26,83.4,14.7,0
693,Multan,Sunday,11,Fog,Medium,Van,Main Road,60,44.6,9,38.6,13.9,0
694,Quetta,Saturday,9,Cloudy,Medium,Rickshaw,Main Road,60,64.1,6,92.1,34.7,0
695,Lahore,Wednesday,15,Clear,High,Rickshaw,Main Road,60,43.5,4,90.5,22.2,0
696,Islamabad,Tuesday,7,Clear,High,Van,Highway,100,60.2,13,77.8,33.4,0
697,Peshawar,Thursday,5,Cloudy,High,Motorcycle,Highway,100,69.6,13,86.0,52.5,1
698,Karachi,Wednesday,11,Clear,Severe,Motorcycle,Residential,50,10.0,10,80.5,56.3,0
699,Peshawar,Wednesday,23,Fog,Medium,Rickshaw,Market,50,13.0,19,48.8,27.6,0
700,Karachi,Friday,20,Cloudy,Medium,Motorcycle,Residential,50,19.6,8,83.7,27.2,0
701,Lahore,Friday,7,Fog,Severe,Motorcycle,Main Road,60,19.8,7,54.4,75.6,1
702,Peshawar,Monday,3,Dust,Low,Motorcycle,Main Road,60,37.5,5,61.0,49.0,0
703,Peshawar,Friday,7,Clear,Low,Car,Market,50,44.8,19,98.1,38.4,0
704,Quetta,Sunday,17,Cloudy,Low,Car,Highway,100,91.9,6,83.9,48.9,0
705,Lahore,Saturday,4,Rain,Severe,Motorcycle,Highway,100,46.7,6,62.3,65.5,1
706,Peshawar,Wednesday,8,Cloudy,High,Car,School Zone,40,10.0,40,92.1,51.7,0
707,Karachi,Friday,3,Clear,Medium,Car,Highway,100,71.6,7,91.7,5.7,0
708,Multan,Monday,21,Clear,Low,Van,Main Road,60,75.3,6,85.6,35.8,0
709,Peshawar,Thursday,16,Clear,Low,Motorcycle,Main Road,60,59.5,7,73.9,54.6,0
710,Karachi,Saturday,8,Rain,Low,Motorcycle,Residential,50,41.8,12,67.2,45.6,0
711,Islamabad,Friday,0,Cloudy,Severe,Car,Residential,50,34.2,9,76.4,40.2,0
712,Peshawar,Wednesday,20,Fog,High,Van,Highway,100,83.7,7,56.7,65.2,0
713,Karachi,Thursday,19,Cloudy,Severe,Motorcycle,Main Road,60,38.3,7,99.4,63.2,1
714,Multan,Sunday,12,Rain,Medium,Motorcycle,School Zone,40,15.2,27,82.4,22.0,0
715,Lahore,Wednesday,15,Clear,High,Motorcycle,School Zone,40,12.0,47,89.2,31.5,1
716,Islamabad,Thursday,12,Clear,Medium,Car,Main Road,60,55.7,5,100.0,35.9,0
717,Peshawar,Sunday,13,Dust,Severe,Car,Residential,50,44.9,8,83.9,43.1,0
718,Quetta,Sunday,2,Rain,Severe,Rickshaw,School Zone,40,10.0,42,69.7,90.6,1
719,Karachi,Saturday,5,Cloudy,Severe,Car,Main Road,60,12.6,10,90.2,40.1,0
720,Multan,Wednesday,17,Clear,Medium,Car,Market,50,50.3,19,88.6,33.3,0
721,Quetta,Friday,18,Cloudy,Low,Motorcycle,Market,50,30.9,22,94.4,26.6,0
722,Peshawar,Friday,4,Dust,High,Car,Main Road,60,42.5,9,69.1,37.4,0
723,Karachi,Monday,14,Clear,Low,Car,Main Road,60,47.5,10,76.5,22.8,0
724,Peshawar,Thursday,1,Rain,Low,Motorcycle,Market,50,28.0,27,69.8,48.0,1
725,Islamabad,Monday,9,Clear,Low,Rickshaw,Market,50,56.4,27,80.0,33.9,0
726,Multan,Tuesday,23,Clear,Medium,Car,Market,50,43.1,20,88.4,25.9,0
727,Multan,Friday,17,Rain,Medium,Rickshaw,Main Road,60,36.5,8,75.9,19.6,0
728,Islamabad,Thursday,12,Clear,Medium,Motorcycle,Market,50,41.9,18,77.3,14.7,0
729,Peshawar,Saturday,4,Clear,Medium,Bus,Market,50,57.1,14,84.0,37.2,0
730,Peshawar,Monday,22,Rain,Low,Motorcycle,Residential,50,40.4,5,72.8,41.2,0
731,Rawalpindi,Saturday,23,Rain,High,Motorcycle,Highway,100,67.5,6,81.5,50.6,1
732,Peshawar,Saturday,0,Clear,High,Rickshaw,Residential,50,36.6,9,100.0,40.9,1
733,Multan,Saturday,21,Fog,Low,Car,Residential,50,53.2,11,34.7,37.7,0
734,Peshawar,Monday,0,Clear,High,Car,Market,50,10.4,15,94.1,33.4,0
735,Quetta,Tuesday,17,Fog,High,Van,School Zone,40,10.0,42,49.7,62.9,1
736,Quetta,Sunday,14,Rain,Medium,Car,Residential,50,20.1,6,78.4,33.7,0
737,Islamabad,Sunday,16,Clear,Medium,Bus,Residential,50,39.6,10,89.1,18.8,0
738,Quetta,Monday,10,Clear,Medium,Motorcycle,Main Road,60,51.2,9,93.3,24.9,0
739,Peshawar,Sunday,20,Clear,Low,Motorcycle,Market,50,35.2,15,88.1,34.6,0
740,Lahore,Wednesday,21,Clear,High,Car,Residential,50,33.3,5,88.8,34.6,0
741,Peshawar,Sunday,16,Cloudy,Medium,Rickshaw,Market,50,45.1,17,80.9,26.1,0
742,Multan,Friday,12,Clear,Low,Car,Main Road,60,47.6,8,95.2,22.8,0
743,Rawalpindi,Monday,0,Clear,High,Motorcycle,Main Road,60,25.8,9,100.0,49.8,1
744,Karachi,Sunday,1,Rain,High,Car,Main Road,60,39.8,2,83.2,63.0,0
745,Multan,Monday,8,Clear,Low,Motorcycle,Highway,100,89.8,10,83.5,19.8,0
746,Islamabad,Tuesday,2,Cloudy,High,Van,Main Road,60,57.7,4,80.9,60.8,0
747,Quetta,Wednesday,0,Clear,Medium,Car,Main Road,60,53.4,7,81.4,14.6,0
748,Lahore,Monday,20,Rain,Low,Van,Residential,50,35.7,13,74.8,35.6,0
749,Multan,Friday,15,Cloudy,High,Motorcycle,Main Road,60,49.0,6,98.3,44.3,1
750,Karachi,Sunday,22,Rain,Medium,Motorcycle,Main Road,60,37.0,9,68.8,22.5,0
751,Lahore,Friday,5,Clear,Low,Car,Market,50,44.9,17,96.9,16.0,0
752,Islamabad,Sunday,16,Clear,High,Rickshaw,Market,50,25.2,22,96.4,33.5,0
753,Quetta,Monday,4,Clear,High,Car,Main Road,60,30.6,11,83.3,41.9,0
754,Rawalpindi,Saturday,4,Clear,High,Rickshaw,Main Road,60,43.5,10,77.4,45.6,0
755,Multan,Sunday,5,Clear,Medium,Motorcycle,Main Road,60,63.1,9,93.2,42.3,0
756,Multan,Saturday,2,Cloudy,High,Bus,School Zone,40,28.6,30,91.1,53.6,0
757,Multan,Wednesday,20,Cloudy,High,Bus,Market,50,36.7,20,79.8,29.4,0
758,Islamabad,Friday,22,Dust,Severe,Car,Highway,100,46.4,3,64.3,54.6,0
759,Lahore,Saturday,4,Clear,Severe,Car,Highway,100,88.9,8,86.4,45.7,0
760,Lahore,Friday,20,Cloudy,Medium,Car,School Zone,40,42.3,43,100.0,50.6,0
761,Islamabad,Sunday,4,Fog,Low,Car,School Zone,40,38.2,37,56.2,61.6,0
762,Multan,Sunday,9,Cloudy,Medium,Motorcycle,Main Road,60,33.1,6,100.0,20.1,0
763,Peshawar,Wednesday,9,Cloudy,Medium,Motorcycle,Main Road,60,48.9,13,68.5,43.5,0
764,Islamabad,Sunday,18,Fog,High,Car,Residential,50,33.2,4,40.8,48.0,0
765,Quetta,Wednesday,16,Fog,High,Car,Main Road,60,29.0,9,43.4,48.5,0
766,Quetta,Saturday,20,Clear,High,Car,Residential,50,35.8,9,81.4,41.9,0
767,Rawalpindi,Sunday,13,Cloudy,Medium,Car,Main Road,60,56.8,9,89.9,21.7,0
768,Islamabad,Monday,8,Clear,Low,Motorcycle,School Zone,40,32.7,45,85.1,38.9,0
769,Karachi,Thursday,13,Rain,Low,Car,Highway,100,97.3,9,90.0,52.3,1
770,Quetta,Tuesday,0,Fog,High,Motorcycle,Market,50,12.7,23,37.8,52.3,1
771,Quetta,Thursday,18,Clear,High,Car,Residential,50,24.2,6,91.5,39.6,0
772,Quetta,Thursday,12,Rain,Severe,Rickshaw,Residential,50,24.8,8,66.3,51.5,0
773,Peshawar,Friday,12,Cloudy,Medium,Rickshaw,Market,50,48.1,26,84.3,27.9,0
774,Karachi,Wednesday,3,Clear,Severe,Van,Market,50,22.6,13,80.3,61.0,0
775,Multan,Friday,0,Rain,Low,Motorcycle,Residential,50,15.6,6,79.2,34.0,0
776,Multan,Saturday,16,Clear,Medium,Motorcycle,Market,50,42.6,18,92.1,28.0,0
777,Islamabad,Tuesday,7,Clear,Low,Rickshaw,Highway,100,96.3,11,100.0,55.3,0
778,Peshawar,Saturday,1,Fog,Low,Car,Market,50,40.5,22,39.6,51.8,0
779,Quetta,Monday,7,Clear,Severe,Motorcycle,Residential,50,29.5,7,83.9,44.5,0
780,Multan,Tuesday,6,Cloudy,High,Car,Residential,50,40.6,8,88.9,42.6,0
781,Karachi,Friday,1,Rain,Low,Car,Main Road,60,48.9,9,78.0,35.3,0
782,Multan,Sunday,21,Fog,Medium,Van,Residential,50,23.2,8,43.4,30.7,1
783,Karachi,Sunday,21,Dust,Low,Rickshaw,Highway,100,120.0,6,74.2,43.4,1
784,Peshawar,Friday,2,Cloudy,Low,Motorcycle,Main Road,60,55.9,1,89.7,65.4,1
785,Multan,Saturday,17,Cloudy,High,Motorcycle,Main Road,60,36.4,9,87.3,65.6,0
786,Quetta,Friday,11,Clear,Medium,Car,Highway,100,74.8,8,87.6,24.5,0
787,Peshawar,Friday,0,Clear,Medium,Motorcycle,Market,50,29.7,26,100.0,28.3,0
788,Lahore,Thursday,21,Fog,Low,Motorcycle,Market,50,43.9,28,45.7,56.3,1
789,Quetta,Monday,11,Rain,Medium,Van,Residential,50,46.1,7,72.8,45.9,0
790,Peshawar,Sunday,4,Clear,Medium,Rickshaw,Residential,50,49.1,4,82.3,38.8,0
791,Islamabad,Thursday,16,Clear,High,Bus,Highway,100,76.8,8,96.0,32.3,0
792,Multan,Friday,15,Fog,Severe,Rickshaw,Highway,100,64.1,12,23.5,67.1,1
793,Quetta,Wednesday,14,Dust,Low,Motorcycle,School Zone,40,33.9,41,69.6,44.6,0
794,Rawalpindi,Thursday,22,Clear,Medium,Bus,Highway,100,70.1,13,100.0,15.7,0
795,Quetta,Friday,14,Cloudy,Medium,Car,Main Road,60,40.4,10,100.0,7.9,0
796,Lahore,Sunday,4,Clear,Low,Rickshaw,Residential,50,45.5,5,96.1,48.9,0
797,Peshawar,Friday,20,Rain,Low,Motorcycle,Highway,100,92.2,7,68.6,76.2,1
798,Rawalpindi,Monday,13,Cloudy,Severe,Rickshaw,Residential,50,23.4,9,91.5,37.3,0
799,Lahore,Saturday,1,Cloudy,High,Rickshaw,Residential,50,22.2,9,90.4,30.0,0
800,Islamabad,Tuesday,10,Clear,Low,Car,Highway,100,99.8,13,100.0,42.8,0
801,Quetta,Thursday,18,Clear,Medium,Car,Highway,100,85.6,8,98.5,26.1,0
802,Multan,Thursday,6,Clear,Medium,Van,Highway,100,100.6,10,88.4,47.7,0
803,Rawalpindi,Thursday,5,Fog,Low,Motorcycle,Residential,50,37.6,7,34.9,42.7,0
804,Multan,Friday,1,Fog,High,Motorcycle,Main Road,60,29.4,7,35.4,56.5,1
805,Peshawar,Monday,5,Rain,Medium,Motorcycle,Residential,50,28.3,9,63.5,39.3,0
806,Peshawar,Friday,17,Fog,Medium,Bus,Market,50,45.7,14,61.5,44.9,1
807,Islamabad,Friday,1,Cloudy,High,Rickshaw,Residential,50,25.4,5,89.8,28.7,0
808,Lahore,Saturday,17,Clear,High,Bus,Main Road,60,41.0,3,85.6,26.3,0
809,Rawalpindi,Wednesday,14,Rain,Medium,Car,Highway,100,103.1,10,75.6,25.8,0
810,Islamabad,Monday,18,Clear,Medium,Van,Main Road,60,38.4,13,100.0,12.2,0
811,Lahore,Thursday,1,Clear,Low,Car,School Zone,40,53.1,41,82.5,57.1,0
812,Karachi,Tuesday,19,Clear,Medium,Van,Highway,100,95.7,7,86.8,34.4,0
813,Karachi,Thursday,5,Clear,Medium,Van,School Zone,40,56.0,38,82.4,43.1,0
814,Lahore,Friday,0,Cloudy,High,Car,Highway,100,73.6,7,95.7,33.4,0
815,Peshawar,Monday,23,Clear,High,Motorcycle,Main Road,60,40.0,9,93.2,41.4,0
816,Peshawar,Sunday,14,Clear,High,Motorcycle,Residential,50,14.8,5,88.0,52.9,0
817,Karachi,Monday,22,Cloudy,Medium,Car,School Zone,40,35.0,35,91.6,28.9,0
818,Peshawar,Monday,9,Rain,High,Rickshaw,Main Road,60,27.8,10,77.1,48.7,0
819,Multan,Wednesday,18,Cloudy,High,Motorcycle,Main Road,60,33.1,6,84.8,25.8,0
820,Peshawar,Thursday,16,Clear,Low,Motorcycle,Residential,50,47.2,8,92.2,42.7,0
821,Lahore,Wednesday,4,Clear,Medium,Car,Residential,50,46.9,10,77.1,22.6,0
822,Quetta,Sunday,3,Rain,Low,Car,School Zone,40,43.0,34,85.5,60.4,0
823,Lahore,Sunday,9,Cloudy,Medium,Car,Residential,50,52.3,8,88.7,50.4,1
824,Peshawar,Saturday,23,Clear,High,Bus,Main Road,60,33.8,8,80.9,35.0,0
825,Lahore,Tuesday,16,Fog,Low,Car,Residential,50,46.6,6,43.5,65.7,1
826,Rawalpindi,Saturday,9,Clear,High,Rickshaw,Residential,50,40.0,6,96.7,39.4,1
827,Karachi,Friday,16,Clear,Medium,Bus,Market,50,51.9,22,73.8,33.3,0
828,Quetta,Wednesday,19,Clear,Severe,Bus,School Zone,40,13.0,36,84.5,54.3,0
829,Rawalpindi,Wednesday,23,Clear,High,Motorcycle,Market,50,28.0,18,91.1,56.1,0
830,Rawalpindi,Saturday,4,Fog,Severe,Car,Residential,50,10.0,11,44.2,72.8,1
831,Peshawar,Friday,1,Clear,Low,Car,Market,50,60.3,33,89.2,65.5,0
832,Peshawar,Monday,5,Clear,Severe,Motorcycle,School Zone,40,11.7,34,93.6,65.8,0
833,Rawalpindi,Friday,20,Clear,Medium,Rickshaw,Market,50,70.7,28,85.9,33.7,0
834,Rawalpindi,Thursday,1,Clear,High,Motorcycle,Main Road,60,39.5,3,95.6,56.3,0
835,Islamabad,Saturday,12,Clear,Low,Motorcycle,School Zone,40,46.3,45,87.1,47.8,0
836,Islamabad,Friday,10,Clear,High,Car,Market,50,57.0,29,82.8,44.0,1
837,Multan,Monday,10,Clear,Severe,Motorcycle,Main Road,60,45.6,8,98.4,50.2,0
838,Karachi,Friday,15,Cloudy,High,Motorcycle,Main Road,60,42.9,9,89.3,40.3,0
839,Rawalpindi,Wednesday,10,Rain,High,Car,Main Road,60,41.5,9,83.9,29.5,0
840,Lahore,Tuesday,18,Cloudy,Medium,Car,School Zone,40,31.5,34,86.3,43.0,0
841,Quetta,Wednesday,14,Cloudy,Medium,Car,Main Road,60,50.4,4,84.9,23.1,0
842,Islamabad,Sunday,22,Clear,Medium,Motorcycle,Highway,100,88.7,8,83.2,38.6,1
843,Peshawar,Tuesday,22,Dust,Medium,Motorcycle,Residential,50,42.9,5,67.0,43.6,0
844,Rawalpindi,Sunday,15,Clear,High,Car,Main Road,60,56.1,6,93.3,51.7,0
845,Lahore,Friday,10,Clear,Severe,Rickshaw,Residential,50,13.7,5,79.8,19.6,0
846,Quetta,Thursday,21,Cloudy,Severe,Rickshaw,Main Road,60,31.3,8,96.8,43.9,1
847,Lahore,Friday,15,Cloudy,Medium,Car,Highway,100,109.1,7,97.7,16.9,0
848,Multan,Monday,7,Clear,Medium,Car,Market,50,51.3,20,82.2,22.8,0
849,Lahore,Friday,3,Clear,Medium,Van,Residential,50,31.2,7,86.0,21.9,0
850,Peshawar,Tuesday,7,Clear,High,Motorcycle,Highway,100,98.7,6,81.5,47.1,1
851,Islamabad,Wednesday,3,Dust,Low,Motorcycle,Residential,50,36.8,9,60.4,39.9,0
852,Lahore,Thursday,23,Clear,High,Car,Market,50,10.0,26,100.0,35.6,0
853,Quetta,Sunday,2,Cloudy,Medium,Car,Highway,100,99.2,9,91.9,32.7,0
854,Islamabad,Friday,2,Clear,Medium,Motorcycle,Highway,100,101.5,10,98.8,45.4,0
855,Multan,Friday,17,Clear,High,Car,Market,50,23.5,18,90.5,29.4,0
856,Multan,Wednesday,18,Clear,Severe,Motorcycle,Market,50,26.9,21,91.7,53.2,1
857,Karachi,Thursday,18,Clear,High,Car,Main Road,60,48.2,6,96.3,36.9,0
858,Peshawar,Saturday,20,Clear,Low,Motorcycle,Main Road,60,53.3,4,94.0,52.2,0
859,Islamabad,Sunday,4,Cloudy,Medium,Van,Market,50,49.5,17,96.8,21.3,0
860,Multan,Friday,17,Clear,Low,Motorcycle,Main Road,60,63.5,9,95.6,44.4,1
861,Multan,Friday,9,Rain,Severe,Rickshaw,Main Road,60,28.5,8,66.8,76.0,1
862,Islamabad,Saturday,21,Clear,Medium,Car,Main Road,60,52.3,11,94.0,18.0,0
863,Lahore,Sunday,20,Dust,Severe,Rickshaw,Highway,100,90.0,5,69.4,42.3,0
864,Quetta,Tuesday,5,Fog,Severe,Rickshaw,Market,50,15.1,36,44.7,80.6,1
865,Lahore,Tuesday,0,Clear,High,Motorcycle,School Zone,40,32.9,36,98.1,53.1,0
866,Quetta,Monday,4,Fog,Low,Motorcycle,Market,50,50.0,19,44.3,64.0,1
867,Multan,Wednesday,8,Clear,Low,Bus,Residential,50,32.0,6,85.2,17.8,0
868,Multan,Thursday,11,Cloudy,High,Motorcycle,Main Road,60,15.6,16,92.1,32.8,0
869,Peshawar,Friday,13,Clear,High,Van,Highway,100,93.9,9,85.1,50.6,0
870,Islamabad,Sunday,1,Cloudy,Severe,Motorcycle,Residential,50,16.7,9,90.1,56.4,0
871,Rawalpindi,Friday,16,Cloudy,Low,Motorcycle,Highway,100,106.8,5,94.1,22.5,0
872,Multan,Monday,13,Clear,High,Motorcycle,Highway,100,74.5,8,89.2,33.5,0
873,Quetta,Sunday,12,Rain,Medium,Motorcycle,Residential,50,56.5,5,78.6,36.1,0
874,Quetta,Sunday,8,Cloudy,Medium,Car,Residential,50,49.8,7,96.9,41.2,0
875,Lahore,Friday,14,Cloudy,High,Bus,School Zone,40,23.6,37,92.5,50.7,0
876,Lahore,Wednesday,21,Fog,Medium,Bus,Residential,50,53.4,13,58.0,58.8,0
877,Multan,Monday,14,Fog,Medium,Rickshaw,Market,50,26.6,27,58.4,42.9,0
878,Multan,Wednesday,23,Fog,Medium,Motorcycle,Residential,50,48.8,14,48.5,44.6,0
879,Karachi,Monday,10,Dust,Medium,Rickshaw,Highway,100,82.7,7,59.9,34.2,1
880,Quetta,Friday,15,Clear,Medium,Motorcycle,Main Road,60,61.2,8,92.0,40.8,0
881,Peshawar,Monday,16,Clear,Medium,Motorcycle,Highway,100,98.6,11,77.8,38.9,0
882,Islamabad,Tuesday,3,Clear,Medium,Motorcycle,School Zone,40,32.4,32,82.3,33.2,0
883,Islamabad,Sunday,0,Fog,Severe,Rickshaw,Highway,100,63.7,4,46.1,62.6,0
884,Islamabad,Thursday,7,Clear,High,Car,Residential,50,28.7,6,85.8,25.5,0
885,Quetta,Friday,16,Clear,High,Car,Market,50,10.2,21,82.9,27.1,0
886,Lahore,Saturday,2,Clear,Low,Car,Market,50,36.3,25,90.8,31.1,0
887,Peshawar,Thursday,19,Clear,Low,Car,Main Road,60,77.5,15,98.9,23.7,0
888,Islamabad,Friday,14,Clear,High,Car,Main Road,60,51.7,10,92.5,44.1,1
889,Quetta,Thursday,14,Cloudy,Low,Motorcycle,Highway,100,103.5,10,91.8,49.7,0
890,Rawalpindi,Tuesday,23,Clear,Medium,Motorcycle,School Zone,40,48.8,28,80.1,39.6,0
891,Multan,Thursday,21,Cloudy,Low,Car,Main Road,60,58.3,17,98.0,43.3,0
892,Karachi,Monday,13,Rain,Medium,Car,Main Road,60,26.9,10,63.2,43.6,0
893,Karachi,Thursday,22,Rain,High,Motorcycle,School Zone,40,18.2,38,70.0,75.7,1
894,Islamabad,Friday,13,Clear,Severe,Motorcycle,Main Road,60,29.0,5,89.8,46.9,0
895,Lahore,Saturday,23,Dust,Severe,Motorcycle,Highway,100,83.6,7,84.7,66.4,1
896,Karachi,Saturday,1,Rain,Severe,Car,Residential,50,13.0,4,93.2,71.7,0
897,Karachi,Wednesday,12,Clear,High,Bus,School Zone,40,24.6,33,92.1,44.6,0
898,Karachi,Sunday,13,Rain,Medium,Car,Market,50,37.2,18,69.2,37.5,0
899,Karachi,Thursday,23,Rain,Low,Car,Residential,50,49.4,9,67.3,48.0,1
900,Islamabad,Saturday,18,Clear,High,Motorcycle,Main Road,60,29.8,10,91.6,59.3,0
901,Quetta,Thursday,6,Clear,Low,Rickshaw,Main Road,60,53.4,7,90.7,18.8,0
902,Peshawar,Sunday,2,Cloudy,High,Rickshaw,Highway,100,74.3,11,84.6,32.0,0
903,Peshawar,Saturday,14,Rain,Medium,Motorcycle,Main Road,60,47.0,6,79.6,36.9,1
904,Lahore,Sunday,22,Clear,High,Bus,Main Road,60,42.9,8,100.0,39.8,0
905,Quetta,Thursday,13,Cloudy,High,Van,Main Road,60,50.8,5,95.9,36.8,0
906,Multan,Friday,10,Clear,Medium,Car,Main Road,60,58.7,3,100.0,37.8,0
907,Rawalpindi,Thursday,14,Cloudy,High,Van,Market,50,37.3,22,74.0,44.2,0
908,Peshawar,Sunday,12,Clear,High,Motorcycle,School Zone,40,29.9,25,89.5,46.0,0
909,Rawalpindi,Friday,17,Clear,High,Car,Main Road,60,46.7,11,87.3,25.9,0
910,Peshawar,Friday,5,Dust,High,Motorcycle,Highway,100,62.2,9,52.3,56.9,1
911,Peshawar,Wednesday,2,Rain,Medium,Motorcycle,Main Road,60,37.4,2,78.8,28.0,0
912,Lahore,Saturday,18,Clear,Severe,Rickshaw,School Zone,40,10.0,26,86.6,53.2,0
913,Karachi,Monday,14,Clear,Medium,Motorcycle,Residential,50,53.6,7,91.3,30.5,0
914,Lahore,Friday,22,Cloudy,Severe,Motorcycle,Highway,100,84.1,10,81.1,46.6,0
915,Peshawar,Sunday,4,Rain,High,Car,Main Road,60,51.3,8,75.2,34.6,0
916,Quetta,Saturday,9,Cloudy,Low,Van,School Zone,40,23.9,30,95.7,21.7,0
917,Karachi,Tuesday,6,Cloudy,Severe,Motorcycle,Main Road,60,29.3,5,91.0,46.1,0
918,Quetta,Thursday,16,Fog,Severe,Motorcycle,Main Road,60,25.3,9,29.8,69.4,1
919,Quetta,Sunday,6,Rain,High,Car,Market,50,23.0,19,84.4,45.5,0
920,Quetta,Tuesday,21,Clear,High,Rickshaw,Main Road,60,35.1,5,88.5,30.4,0
921,Karachi,Sunday,11,Cloudy,Severe,Motorcycle,Highway,100,87.4,7,89.4,45.2,0
922,Quetta,Thursday,16,Clear,Low,Motorcycle,Market,50,46.2,20,97.2,45.7,1
923,Karachi,Wednesday,12,Rain,Severe,Car,Residential,50,15.2,3,70.0,39.3,0
924,Rawalpindi,Sunday,19,Clear,High,Car,Main Road,60,45.7,2,97.5,48.9,0
925,Multan,Friday,3,Clear,High,Motorcycle,Main Road,60,39.9,8,100.0,54.6,0
926,Peshawar,Monday,9,Clear,Medium,Van,Market,50,29.8,17,92.7,7.5,0
927,Islamabad,Friday,2,Clear,Medium,Rickshaw,School Zone,40,10.0,31,85.9,24.5,0
928,Quetta,Thursday,8,Clear,Severe,Van,Highway,100,63.5,7,93.3,42.3,0
929,Lahore,Sunday,12,Cloudy,Medium,Car,Market,50,64.7,18,82.4,24.5,0
930,Rawalpindi,Monday,17,Clear,Medium,Motorcycle,Main Road,60,47.9,5,95.4,43.8,0
931,Lahore,Friday,14,Cloudy,High,Motorcycle,Highway,100,82.8,9,92.9,35.3,0
932,Islamabad,Monday,3,Cloudy,Medium,Car,School Zone,40,19.5,30,90.1,13.9,0
933,Karachi,Thursday,14,Cloudy,Medium,Van,Main Road,60,48.2,7,93.4,17.7,0
934,Islamabad,Wednesday,21,Cloudy,Low,Van,Residential,50,47.7,8,90.3,41.2,0
935,Lahore,Wednesday,1,Clear,Medium,Rickshaw,Main Road,60,52.1,5,85.3,10.8,0
936,Islamabad,Sunday,14,Clear,Medium,Motorcycle,Highway,100,93.9,14,95.7,51.7,0
937,Peshawar,Friday,7,Rain,Medium,Bus,Main Road,60,43.3,10,79.6,24.1,0
938,Islamabad,Tuesday,7,Cloudy,Medium,Car,Residential,50,12.0,8,97.7,6.6,0
939,Quetta,Thursday,16,Rain,High,Rickshaw,Market,50,28.9,20,76.9,55.1,0
940,Peshawar,Friday,11,Cloudy,Low,Car,Main Road,60,69.1,15,78.7,51.6,0
941,Quetta,Friday,18,Clear,Low,Motorcycle,Main Road,60,60.3,7,97.5,38.6,0
942,Multan,Wednesday,9,Rain,High,Motorcycle,Highway,100,94.8,9,87.9,50.3,0
943,Multan,Sunday,8,Clear,Medium,Rickshaw,Main Road,60,70.4,8,97.9,51.1,1
944,Islamabad,Monday,4,Fog,Medium,Car,Highway,100,95.4,6,43.6,67.2,0
945,Peshawar,Thursday,5,Clear,Low,Car,Highway,100,111.0,12,93.2,21.0,0
946,Peshawar,Monday,19,Cloudy,Medium,Van,Residential,50,10.0,11,82.4,20.0,0
947,Multan,Saturday,1,Clear,High,Car,Main Road,60,54.0,7,78.2,67.8,1
948,Islamabad,Saturday,23,Dust,Medium,Motorcycle,Main Road,60,53.1,8,65.5,48.2,1
949,Rawalpindi,Thursday,12,Fog,Low,Motorcycle,Residential,50,46.3,6,48.7,64.7,1
950,Karachi,Sunday,5,Clear,Medium,Motorcycle,Main Road,60,51.3,7,83.7,11.1,0
951,Karachi,Tuesday,4,Clear,Severe,Motorcycle,Highway,100,53.8,11,88.5,66.1,1
952,Karachi,Saturday,0,Clear,Medium,Motorcycle,Residential,50,24.9,9,87.6,28.3,0
953,Peshawar,Wednesday,20,Rain,Medium,Motorcycle,Market,50,41.4,21,70.2,39.8,0
954,Multan,Tuesday,21,Clear,Severe,Motorcycle,Residential,50,26.9,6,95.2,60.7,1
955,Karachi,Friday,20,Cloudy,Medium,Motorcycle,Market,50,34.5,18,84.0,26.1,0
956,Multan,Saturday,5,Clear,High,Motorcycle,Highway,100,73.7,8,83.1,42.7,0
957,Peshawar,Wednesday,5,Rain,Low,Van,School Zone,40,32.9,30,76.0,29.9,0
958,Multan,Friday,22,Cloudy,Low,Van,Main Road,60,52.2,9,82.8,10.3,0
959,Rawalpindi,Tuesday,15,Rain,Medium,Car,Market,50,47.8,18,74.4,51.5,0
960,Islamabad,Thursday,3,Rain,Low,Rickshaw,Market,50,54.9,28,76.3,53.5,0
961,Multan,Friday,10,Clear,Low,Bus,Market,50,56.0,28,97.4,42.7,0
962,Multan,Monday,23,Cloudy,Severe,Rickshaw,Main Road,60,44.8,9,85.7,35.4,0
963,Islamabad,Thursday,22,Cloudy,Low,Car,Main Road,60,52.4,8,90.1,25.1,0
964,Peshawar,Thursday,8,Cloudy,High,Car,Residential,50,56.5,12,100.0,45.0,1
965,Peshawar,Tuesday,22,Clear,Medium,Rickshaw,Main Road,60,53.8,7,86.8,20.4,0
966,Multan,Tuesday,2,Rain,Severe,Car,Highway,100,67.6,6,74.8,58.6,0
967,Rawalpindi,Wednesday,18,Fog,Severe,Car,Highway,100,55.6,10,55.3,58.9,0
968,Karachi,Wednesday,7,Fog,Medium,Car,Main Road,60,43.1,8,55.0,30.5,0
969,Rawalpindi,Monday,4,Rain,Medium,Van,Residential,50,28.0,5,81.7,15.4,0
970,Islamabad,Thursday,3,Clear,High,Car,Market,50,38.5,22,84.1,20.8,0
971,Islamabad,Sunday,23,Clear,Low,Car,Highway,100,110.9,4,100.0,30.8,0
972,Quetta,Monday,5,Clear,High,Car,School Zone,40,30.2,36,85.8,58.2,0
973,Karachi,Monday,1,Clear,Severe,Van,Main Road,60,34.3,3,85.9,56.1,0
974,Multan,Sunday,19,Clear,Low,Bus,Residential,50,57.3,13,90.5,56.4,1
975,Islamabad,Sunday,10,Clear,High,Car,Highway,100,90.8,10,88.2,65.4,1
976,Quetta,Sunday,3,Dust,Low,Car,Highway,100,120.0,13,64.4,43.1,1
977,Peshawar,Tuesday,14,Fog,Medium,Motorcycle,Market,50,16.6,22,38.6,44.0,0
978,Islamabad,Monday,5,Fog,Medium,Motorcycle,Main Road,60,37.3,11,49.7,46.9,0
979,Lahore,Monday,21,Clear,Medium,Rickshaw,Market,50,48.4,15,87.2,51.7,0
980,Karachi,Friday,16,Dust,Medium,Car,Residential,50,26.4,4,70.9,12.5,0
981,Quetta,Sunday,23,Clear,Medium,Motorcycle,Residential,50,57.7,5,91.9,46.6,0
982,Karachi,Sunday,5,Cloudy,High,Car,Residential,50,39.9,6,86.5,28.1,0
983,Karachi,Wednesday,18,Cloudy,Low,Rickshaw,Main Road,60,56.0,10,88.2,35.2,0
984,Lahore,Wednesday,1,Clear,Medium,Car,Highway,100,96.1,8,84.8,35.7,0
985,Rawalpindi,Thursday,14,Fog,Medium,Motorcycle,Market,50,30.0,25,49.1,50.6,1
986,Peshawar,Wednesday,10,Clear,Low,Motorcycle,Market,50,58.7,22,80.0,33.6,0
987,Karachi,Saturday,7,Cloudy,High,Car,Residential,50,48.3,4,79.4,52.6,0
988,Islamabad,Thursday,18,Clear,Low,Rickshaw,Highway,100,110.1,8,77.1,26.1,0
989,Peshawar,Sunday,12,Dust,High,Van,Main Road,60,36.3,12,49.2,34.2,0
990,Islamabad,Friday,11,Clear,Medium,Motorcycle,Residential,50,38.1,14,92.6,32.9,0
991,Peshawar,Wednesday,4,Rain,High,Rickshaw,Market,50,35.7,15,68.6,35.0,0
992,Multan,Friday,5,Cloudy,Low,Car,Highway,100,120.0,10,79.5,47.8,0
993,Peshawar,Wednesday,21,Cloudy,High,Car,Market,50,32.5,16,83.9,26.9,0
994,Quetta,Wednesday,3,Cloudy,Medium,Van,Main Road,60,59.9,15,100.0,38.9,0
995,Islamabad,Friday,18,Clear,Low,Motorcycle,Main Road,60,61.6,8,92.4,50.6,0
996,Islamabad,Monday,19,Cloudy,High,Motorcycle,Main Road,60,35.8,8,84.7,44.0,0
997,Multan,Monday,0,Fog,High,Rickshaw,Market,50,10.0,23,42.7,53.4,0
998,Peshawar,Monday,19,Dust,Medium,Motorcycle,Main Road,60,58.5,14,71.2,59.4,0
999,Karachi,Saturday,16,Clear,Severe,Rickshaw,Main Road,60,36.9,8,80.6,50.0,1
1000,Islamabad,Monday,11,Clear,High,Car,Main Road,60,45.9,5,91.4,34.7,0
1001,Multan,Wednesday,14,Clear,Medium,Motorcycle,Market,50,31.6,29,82.2,33.0,0
1002,Lahore,Sunday,0,Rain,Low,Motorcycle,Highway,100,88.5,10,71.3,15.9,0
1003,Lahore,Tuesday,13,Clear,Medium,Motorcycle,Highway,100,92.2,9,91.1,49.8,0
1004,Peshawar,Friday,5,Rain,Medium,Bus,Market,50,28.9,24,74.1,34.3,0
1005,Rawalpindi,Sunday,4,Fog,Low,Motorcycle,Residential,50,57.6,4,40.8,64.0,0
1006,Peshawar,Tuesday,10,Clear,Medium,Bus,Residential,50,40.2,7,84.2,13.3,0
1007,Multan,Sunday,3,Clear,Low,Motorcycle,Market,50,35.1,21,91.1,25.9,0
1008,Peshawar,Saturday,12,Dust,Medium,Rickshaw,Market,50,41.2,17,64.6,29.1,0
1009,Karachi,Tuesday,10,Clear,Low,Van,Market,50,48.8,26,80.7,35.5,0
1010,Karachi,Thursday,2,Clear,Medium,Car,School Zone,40,31.9,32,83.9,31.7,0
1011,Quetta,Monday,0,Clear,Low,Van,Highway,100,81.4,11,90.8,18.1,0
1012,Multan,Saturday,5,Clear,Medium,Car,Highway,100,68.9,6,86.1,14.9,0
1013,Rawalpindi,Sunday,17,Cloudy,Medium,Motorcycle,Highway,100,96.6,10,91.0,35.5,0
1014,Multan,Wednesday,23,Clear,High,Motorcycle,Residential,50,33.4,4,97.3,65.2,1
1015,Multan,Monday,9,Clear,Severe,Car,Main Road,60,41.6,13,92.0,35.3,0
1016,Rawalpindi,Monday,4,Rain,Low,Motorcycle,Highway,100,80.9,4,71.7,36.6,1
1017,Multan,Tuesday,22,Clear,Medium,Rickshaw,Residential,50,36.3,6,89.8,23.6,0
1018,Rawalpindi,Thursday,9,Clear,High,Rickshaw,Market,50,57.4,13,82.6,60.3,1
1019,Rawalpindi,Monday,11,Cloudy,Low,Car,Residential,50,46.4,9,88.5,24.6,0
1020,Rawalpindi,Sunday,1,Dust,Low,Bus,Residential,50,56.0,9,63.7,58.7,0
1021,Multan,Sunday,12,Clear,Low,Motorcycle,Market,50,49.2,28,81.1,55.8,0
1022,Multan,Friday,7,Clear,Medium,Motorcycle,Market,50,58.6,17,90.6,39.3,0
1023,Peshawar,Friday,1,Cloudy,Medium,Car,Main Road,60,59.1,6,83.9,34.2,0
1024,Multan,Monday,19,Cloudy,Severe,Car,Main Road,60,42.3,6,84.6,39.3,0
1025,Peshawar,Tuesday,0,Clear,Medium,Car,Main Road,60,53.3,16,78.7,16.6,0
1026,Quetta,Tuesday,4,Clear,High,Motorcycle,Main Road,60,46.5,9,90.7,41.2,0
1027,Lahore,Wednesday,8,Clear,Medium,Bus,Highway,100,89.9,6,94.8,10.5,0
1028,Lahore,Saturday,16,Rain,Medium,Rickshaw,Main Road,60,57.1,9,74.7,51.7,0
1029,Quetta,Saturday,8,Clear,Low,Car,Market,50,62.2,21,89.0,36.9,0
1030,Quetta,Saturday,10,Dust,High,Car,Main Road,60,41.5,3,66.8,52.2,0
1031,Islamabad,Thursday,14,Cloudy,Low,Motorcycle,Market,50,62.5,22,85.4,51.6,0
1032,Peshawar,Tuesday,23,Cloudy,Low,Motorcycle,School Zone,40,49.0,21,80.2,35.9,0
1033,Rawalpindi,Wednesday,5,Fog,Low,Car,Main Road,60,46.8,6,31.4,36.3,0
1034,Islamabad,Friday,22,Clear,Low,Motorcycle,Market,50,31.9,23,83.1,21.6,0
1035,Karachi,Sunday,2,Cloudy,Low,Rickshaw,Main Road,60,72.1,7,84.1,33.1,0
1036,Peshawar,Saturday,16,Clear,High,Motorcycle,Main Road,60,63.2,9,100.0,67.5,0
1037,Multan,Friday,4,Clear,Low,Car,Main Road,60,64.7,7,93.6,48.0,0
1038,Quetta,Friday,11,Clear,Medium,Car,Residential,50,44.4,8,85.8,24.3,0
1039,Lahore,Monday,17,Clear,High,Motorcycle,Market,50,13.0,21,81.6,47.5,1
1040,Peshawar,Thursday,13,Fog,High,Van,Market,50,15.1,18,48.3,63.2,0
1041,Quetta,Wednesday,20,Cloudy,Medium,Rickshaw,Market,50,41.0,22,94.5,39.2,0
1042,Peshawar,Thursday,23,Dust,High,Car,School Zone,40,18.2,39,60.8,41.1,1
1043,Multan,Monday,10,Clear,Low,Bus,Main Road,60,65.0,12,93.1,36.6,0
1044,Peshawar,Wednesday,8,Cloudy,High,Bus,Highway,100,96.4,8,84.5,33.6,0
1045,Multan,Wednesday,1,Clear,Medium,Bus,Residential,50,26.8,6,92.3,13.4,0
1046,Peshawar,Tuesday,11,Clear,Medium,Car,Highway,100,97.5,7,80.1,34.4,0
1047,Karachi,Thursday,2,Cloudy,High,Rickshaw,Residential,50,19.0,8,100.0,38.1,0
1048,Lahore,Thursday,2,Clear,Medium,Rickshaw,Residential,50,45.5,3,88.7,46.6,0
1049,Peshawar,Tuesday,0,Rain,Medium,Car,Residential,50,23.5,13,84.1,28.3,0
1050,Quetta,Friday,7,Clear,Medium,Motorcycle,Main Road,60,40.4,6,88.3,27.5,0
1051,Karachi,Monday,21,Clear,Medium,Motorcycle,Main Road,60,58.5,8,95.3,34.7,0
1052,Islamabad,Thursday,7,Cloudy,High,Car,Residential,50,33.7,9,95.5,24.7,0
1053,Peshawar,Tuesday,10,Fog,Medium,Rickshaw,Residential,50,26.3,10,42.7,36.5,0
1054,Multan,Sunday,8,Clear,Low,Car,Residential,50,39.7,7,75.9,11.4,0
1055,Karachi,Wednesday,4,Cloudy,High,Car,Main Road,60,57.3,12,94.4,58.5,1
1056,Rawalpindi,Saturday,13,Cloudy,Severe,Motorcycle,Residential,50,10.0,10,85.9,49.0,0
1057,Islamabad,Sunday,2,Clear,Medium,Car,Main Road,60,59.1,15,85.4,40.4,0
1058,Lahore,Tuesday,20,Cloudy,High,Car,Market,50,40.5,22,90.7,35.2,0
1059,Peshawar,Saturday,4,Clear,Medium,Car,Main Road,60,35.1,7,96.5,23.3,0
1060,Peshawar,Friday,4,Clear,High,Rickshaw,School Zone,40,29.7,46,87.8,62.3,1
1061,Karachi,Monday,18,Clear,Severe,Rickshaw,Residential,50,14.5,12,85.5,48.6,0
1062,Lahore,Saturday,13,Dust,High,Rickshaw,Highway,100,93.2,11,71.3,61.0,1
1063,Rawalpindi,Friday,3,Clear,Severe,Car,Main Road,60,25.4,11,90.8,47.0,0
1064,Islamabad,Saturday,12,Clear,Low,Van,Main Road,60,68.0,5,86.8,35.4,1
1065,Quetta,Wednesday,9,Clear,Low,Bus,Main Road,60,61.6,5,85.5,43.0,0
1066,Lahore,Wednesday,17,Clear,Medium,Rickshaw,Residential,50,31.1,7,77.5,26.8,1
1067,Peshawar,Wednesday,7,Clear,High,Bus,Highway,100,98.0,9,92.8,46.1,1
1068,Karachi,Wednesday,7,Clear,High,Rickshaw,Highway,100,72.3,8,87.5,47.5,0
1069,Rawalpindi,Tuesday,6,Clear,Low,Motorcycle,Residential,50,51.5,11,100.0,50.1,0
1070,Karachi,Wednesday,7,Clear,Low,Rickshaw,Main Road,60,51.1,8,96.5,31.9,0
1071,Islamabad,Sunday,13,Rain,High,Motorcycle,Main Road,60,54.6,7,66.8,68.0,1
1072,Multan,Wednesday,18,Cloudy,Medium,Motorcycle,Market,50,42.3,21,87.2,28.7,0
1073,Multan,Sunday,5,Clear,High,Car,Market,50,39.1,16,82.6,30.8,0
1074,Lahore,Tuesday,0,Clear,High,Motorcycle,Market,50,40.0,22,92.7,48.7,0
1075,Karachi,Wednesday,22,Clear,Low,Car,Residential,50,63.5,12,74.1,43.8,0
1076,Quetta,Friday,14,Cloudy,Low,Bus,School Zone,40,40.9,43,82.7,37.5,0
1077,Quetta,Friday,0,Clear,High,Motorcycle,Main Road,60,60.4,9,99.7,43.3,0
1078,Multan,Thursday,16,Clear,Low,Bus,School Zone,40,57.5,40,83.0,64.3,1
1079,Multan,Friday,0,Clear,Low,Van,Main Road,60,82.9,7,90.3,56.8,1
1080,Karachi,Monday,14,Clear,Medium,Rickshaw,Residential,50,61.6,6,75.5,41.1,0
1081,Peshawar,Monday,22,Rain,Medium,Motorcycle,Highway,100,93.8,13,68.3,57.8,1
1082,Karachi,Monday,1,Clear,Low,Car,Main Road,60,76.6,7,100.0,39.9,1
1083,Rawalpindi,Tuesday,13,Clear,High,Motorcycle,Market,50,43.1,18,92.8,55.2,1
1084,Lahore,Friday,20,Cloudy,Severe,Car,Residential,50,35.0,7,84.1,46.6,0
1085,Islamabad,Sunday,7,Cloudy,Low,Car,School Zone,40,48.9,42,88.9,64.7,1
1086,Quetta,Monday,7,Clear,High,Van,Main Road,60,45.5,2,88.3,29.2,0
1087,Karachi,Thursday,18,Clear,Low,Rickshaw,School Zone,40,47.2,19,91.6,36.6,0
1088,Rawalpindi,Tuesday,6,Clear,Low,Bus,Highway,100,94.2,8,87.7,24.8,0
1089,Multan,Thursday,18,Clear,Medium,Car,Main Road,60,64.1,5,93.4,33.4,0
1090,Quetta,Friday,5,Clear,Severe,Car,Residential,50,12.9,14,91.9,43.3,0
1091,Quetta,Wednesday,5,Clear,Severe,Van,Main Road,60,56.1,9,90.3,49.6,0
1092,Islamabad,Thursday,2,Cloudy,Low,Motorcycle,Market,50,48.7,14,100.0,49.9,0
1093,Quetta,Wednesday,6,Fog,Low,Motorcycle,School Zone,40,45.3,40,41.8,84.0,1
1094,Rawalpindi,Tuesday,18,Cloudy,Severe,Motorcycle,Main Road,60,50.1,11,95.9,44.5,0
1095,Quetta,Thursday,7,Clear,Low,Motorcycle,Main Road,60,58.0,8,98.6,43.3,0
1096,Quetta,Thursday,9,Cloudy,High,Car,Highway,100,84.3,10,85.6,32.6,0
1097,Karachi,Saturday,19,Cloudy,Low,Motorcycle,Residential,50,32.5,5,94.8,37.5,0
1098,Karachi,Tuesday,14,Dust,High,Van,Residential,50,41.7,9,66.7,25.7,0
1099,Multan,Tuesday,14,Cloudy,Medium,Bus,Market,50,52.0,33,100.0,54.4,0
1100,Lahore,Monday,0,Cloudy,Medium,Bus,Main Road,60,67.9,8,89.4,50.1,0
1101,Peshawar,Friday,19,Clear,High,Rickshaw,Residential,50,34.2,8,83.9,21.8,0
1102,Rawalpindi,Thursday,6,Clear,Low,Rickshaw,Highway,100,88.5,7,99.7,16.9,0
1103,Peshawar,Thursday,3,Clear,Medium,Rickshaw,Residential,50,58.3,9,88.3,21.1,0
1104,Peshawar,Sunday,5,Clear,Medium,Motorcycle,Market,50,54.8,19,100.0,42.0,0
1105,Quetta,Tuesday,0,Clear,Low,Motorcycle,Main Road,60,62.2,9,82.9,36.1,0
1106,Multan,Tuesday,4,Clear,Low,Van,Residential,50,38.9,7,84.7,16.2,0
1107,Islamabad,Friday,22,Cloudy,Low,Bus,Market,50,54.5,25,86.4,51.6,1
1108,Islamabad,Tuesday,0,Fog,Low,Motorcycle,Main Road,60,39.6,9,45.0,40.1,0
1109,Quetta,Wednesday,3,Clear,Severe,Car,Residential,50,22.0,3,93.6,49.6,0
1110,Multan,Wednesday,21,Clear,Medium,Van,Highway,100,86.9,8,87.9,1.9,0
1111,Rawalpindi,Saturday,1,Dust,Medium,Van,Main Road,60,55.2,8,64.4,35.8,0
1112,Peshawar,Wednesday,9,Fog,High,Car,Residential,50,34.3,5,44.7,52.0,0
1113,Lahore,Wednesday,4,Clear,High,Rickshaw,Main Road,60,33.5,7,89.9,40.1,0
1114,Multan,Friday,9,Clear,Medium,Car,Residential,50,38.0,5,84.1,0.0,0
1115,Peshawar,Thursday,0,Clear,Medium,Car,Residential,50,40.0,6,77.7,30.4,0
1116,Islamabad,Wednesday,21,Clear,Medium,Car,Market,50,54.6,19,91.6,39.8,0
1117,Peshawar,Saturday,5,Dust,Low,Rickshaw,Highway,100,120.0,9,70.6,33.4,0
1118,Karachi,Tuesday,12,Rain,Severe,Car,Residential,50,10.0,6,79.5,62.6,0
1119,Karachi,Wednesday,14,Clear,High,Motorcycle,Main Road,60,61.9,9,86.4,52.6,0
1120,Lahore,Saturday,3,Dust,High,Car,Highway,100,91.3,8,54.1,58.2,0
1121,Rawalpindi,Friday,12,Cloudy,Medium,Car,Main Road,60,48.2,6,95.1,27.8,0
1122,Peshawar,Sunday,23,Fog,Medium,Car,Market,50,52.6,22,41.7,43.1,0
1123,Karachi,Sunday,19,Fog,Medium,Motorcycle,Residential,50,30.4,6,49.5,55.9,1
1124,Rawalpindi,Sunday,23,Clear,Medium,Car,Main Road,60,60.5,3,73.9,38.4,0
1125,Multan,Tuesday,14,Clear,Medium,Motorcycle,School Zone,40,36.8,41,84.5,62.8,0
1126,Multan,Saturday,7,Cloudy,High,Rickshaw,Market,50,55.8,14,96.6,48.4,0
1127,Karachi,Wednesday,4,Fog,High,Car,Residential,50,24.1,5,42.4,50.8,0
1128,Rawalpindi,Thursday,14,Fog,Low,Rickshaw,Residential,50,26.4,10,54.1,29.2,0
1129,Rawalpindi,Tuesday,3,Cloudy,Medium,Bus,Main Road,60,55.9,5,92.4,39.4,0
1130,Karachi,Tuesday,11,Clear,Medium,Car,Highway,100,69.9,10,81.1,0.0,0
1131,Quetta,Sunday,12,Clear,High,Motorcycle,Main Road,60,57.7,5,87.5,47.9,0
1132,Islamabad,Thursday,1,Rain,High,Car,Main Road,60,10.0,10,71.3,45.2,0
1133,Rawalpindi,Sunday,18,Cloudy,Medium,Van,Main Road,60,42.7,5,100.0,5.7,0
1134,Multan,Tuesday,18,Cloudy,Severe,Motorcycle,Main Road,60,13.0,12,95.7,48.2,1
1135,Quetta,Wednesday,3,Clear,High,Motorcycle,Highway,100,61.7,7,89.6,58.4,1
1136,Peshawar,Sunday,3,Rain,High,Van,School Zone,40,10.0,30,72.3,55.6,0
1137,Quetta,Sunday,10,Dust,Medium,Rickshaw,Market,50,59.8,24,60.1,41.3,0
1138,Karachi,Sunday,4,Clear,Medium,Car,Highway,100,90.0,7,86.2,7.6,0
1139,Quetta,Tuesday,19,Clear,Medium,Bus,Market,50,66.0,28,86.0,41.6,0
1140,Islamabad,Wednesday,10,Cloudy,Medium,Car,Market,50,30.1,20,91.1,12.0,0
1141,Karachi,Thursday,9,Dust,Severe,Car,School Zone,40,10.0,29,60.4,49.7,0
1142,Lahore,Monday,7,Clear,Low,Car,Main Road,60,55.0,6,90.8,29.2,0
1143,Peshawar,Thursday,5,Clear,High,Car,Main Road,60,49.2,9,89.4,35.0,0
1144,Multan,Wednesday,5,Clear,Medium,Bus,Main Road,60,40.9,11,92.3,19.8,0
1145,Lahore,Friday,7,Clear,Low,Motorcycle,Residential,50,40.1,12,88.0,38.3,0
1146,Quetta,Sunday,22,Clear,Medium,Motorcycle,School Zone,40,28.6,39,93.3,41.5,0
1147,Rawalpindi,Thursday,14,Cloudy,Low,Bus,Highway,100,94.4,5,89.6,47.9,0
1148,Quetta,Friday,13,Clear,Low,Motorcycle,Highway,100,110.1,6,97.7,62.4,1
1149,Multan,Friday,10,Cloudy,High,Bus,Residential,50,29.0,7,99.1,47.9,1
1150,Multan,Wednesday,11,Clear,High,Motorcycle,Highway,100,74.7,8,91.1,49.5,1
1151,Rawalpindi,Wednesday,12,Clear,Low,Motorcycle,Main Road,60,63.2,12,100.0,47.6,0
1152,Lahore,Sunday,7,Cloudy,Severe,Car,Market,50,28.0,23,87.2,28.0,0
1153,Lahore,Monday,17,Cloudy,Low,Motorcycle,Highway,100,100.3,8,84.4,55.7,0
1154,Rawalpindi,Saturday,0,Clear,Medium,Car,Main Road,60,50.0,2,82.9,19.5,0
1155,Islamabad,Tuesday,14,Dust,Low,Motorcycle,Highway,100,99.6,10,70.4,51.8,0
1156,Peshawar,Thursday,7,Clear,Low,Car,Highway,100,96.9,6,91.7,33.6,0
1157,Karachi,Wednesday,10,Clear,Low,Motorcycle,Residential,50,50.5,12,100.0,35.3,0
1158,Lahore,Thursday,11,Cloudy,High,Motorcycle,Main Road,60,37.6,5,87.6,36.8,0
1159,Peshawar,Saturday,11,Dust,Severe,Car,Market,50,14.1,20,62.2,51.5,0
1160,Karachi,Saturday,3,Clear,High,Car,Residential,50,34.2,8,88.6,27.9,0
1161,Quetta,Sunday,15,Clear,High,Motorcycle,Highway,100,83.6,11,100.0,46.7,0
1162,Karachi,Friday,3,Cloudy,High,Car,Main Road,60,46.1,6,94.5,26.1,0
1163,Lahore,Sunday,4,Clear,Medium,Motorcycle,Market,50,52.1,23,84.5,64.9,1
1164,Islamabad,Tuesday,23,Rain,Medium,Rickshaw,Residential,50,35.4,4,91.6,25.1,0
1165,Islamabad,Monday,4,Clear,High,Bus,Residential,50,59.9,10,99.9,58.7,0
1166,Peshawar,Thursday,7,Dust,Severe,Motorcycle,Residential,50,18.2,6,59.2,66.5,1
1167,Quetta,Tuesday,9,Clear,Low,Van,Main Road,60,38.0,10,100.0,5.2,0
1168,Peshawar,Monday,16,Fog,Medium,Van,School Zone,40,27.4,33,53.3,58.0,0
1169,Rawalpindi,Thursday,8,Clear,Medium,Motorcycle,Market,50,27.1,14,88.9,34.8,0
1170,Islamabad,Tuesday,21,Dust,Medium,Motorcycle,Main Road,60,51.0,7,53.2,21.7,0
1171,Peshawar,Wednesday,18,Clear,High,Motorcycle,Main Road,60,55.9,12,92.6,72.1,0
1172,Rawalpindi,Thursday,13,Clear,Medium,Rickshaw,Main Road,60,65.5,9,87.2,61.4,0
1173,Quetta,Tuesday,7,Clear,Low,Car,Main Road,60,56.3,11,100.0,26.6,0
1174,Multan,Saturday,8,Dust,Medium,Motorcycle,Residential,50,49.5,2,57.1,59.2,0
1175,Karachi,Monday,21,Clear,High,Van,Residential,50,10.5,9,95.8,36.2,0
1176,Peshawar,Tuesday,10,Clear,Medium,Car,Main Road,60,55.4,10,100.0,42.6,0
1177,Rawalpindi,Wednesday,22,Clear,High,Bus,School Zone,40,38.9,36,83.6,88.2,1
1178,Islamabad,Sunday,0,Fog,Medium,Rickshaw,Highway,100,83.9,9,29.3,20.2,0
1179,Karachi,Thursday,13,Clear,Low,Rickshaw,Market,50,71.2,23,86.8,47.3,0
1180,Peshawar,Thursday,4,Clear,Medium,Motorcycle,Main Road,60,78.7,13,90.3,46.6,0
1181,Islamabad,Thursday,20,Fog,Low,Car,School Zone,40,29.3,37,42.6,66.0,1
1182,Multan,Wednesday,13,Dust,Medium,Bus,Main Road,60,54.1,10,66.7,54.8,0
1183,Karachi,Monday,3,Clear,Medium,Motorcycle,Main Road,60,46.1,10,100.0,26.9,0
1184,Lahore,Thursday,21,Dust,High,Motorcycle,Residential,50,35.6,14,65.9,69.1,1
1185,Islamabad,Monday,22,Clear,Medium,Car,Main Road,60,27.2,9,83.4,29.3,0
1186,Lahore,Tuesday,0,Clear,Severe,Rickshaw,Main Road,60,30.2,5,94.1,58.8,0
1187,Quetta,Saturday,21,Dust,Medium,Rickshaw,Residential,50,27.4,14,68.4,31.1,0
1188,Peshawar,Saturday,22,Rain,Low,Rickshaw,School Zone,40,29.2,38,76.2,31.8,0
1189,Multan,Monday,18,Clear,Low,Van,School Zone,40,32.2,40,85.1,32.2,0
1190,Rawalpindi,Monday,7,Clear,Severe,Motorcycle,Highway,100,63.1,2,93.2,52.2,0
1191,Peshawar,Saturday,14,Clear,Medium,Car,Residential,50,32.0,6,94.5,19.8,0
1192,Islamabad,Thursday,20,Rain,Medium,Car,Main Road,60,48.1,8,78.6,32.6,0
1193,Lahore,Friday,14,Fog,Low,Bus,Main Road,60,33.7,2,30.4,41.0,0
1194,Lahore,Friday,8,Clear,High,Rickshaw,Residential,50,48.5,6,83.2,64.1,1
1195,Karachi,Wednesday,20,Rain,High,Car,Residential,50,10.0,8,83.0,39.8,0
1196,Peshawar,Sunday,8,Clear,Medium,Car,Residential,50,53.5,9,82.8,38.8,0
1197,Peshawar,Saturday,9,Cloudy,High,Car,Main Road,60,50.3,5,79.1,28.0,0
1198,Islamabad,Saturday,19,Clear,Medium,Rickshaw,Market,50,59.1,22,89.2,19.4,1
1199,Lahore,Wednesday,20,Cloudy,Low,Motorcycle,Market,50,52.1,24,89.8,37.4,0
1200,Islamabad,Friday,8,Clear,High,Van,Highway,100,77.7,9,89.7,41.7,0
1201,Islamabad,Tuesday,2,Fog,Severe,Motorcycle,Highway,100,51.4,7,33.3,78.9,0
1202,Quetta,Thursday,19,Clear,High,Motorcycle,Residential,50,29.5,9,73.4,53.8,1
1203,Lahore,Thursday,10,Clear,Medium,Car,Residential,50,18.9,7,87.7,21.1,0
1204,Islamabad,Tuesday,5,Dust,Medium,Bus,Main Road,60,54.2,7,62.5,35.3,0
1205,Lahore,Tuesday,1,Clear,Severe,Van,Main Road,60,28.5,11,88.2,21.1,0
1206,Islamabad,Friday,6,Clear,Medium,Van,Main Road,60,32.4,7,100.0,9.7,0
1207,Rawalpindi,Wednesday,17,Cloudy,High,Bus,Main Road,60,27.7,5,88.8,18.2,0
1208,Islamabad,Tuesday,1,Dust,High,Car,Residential,50,37.6,7,71.4,39.6,0
1209,Islamabad,Wednesday,16,Clear,Medium,Car,School Zone,40,44.0,46,88.1,56.7,0
1210,Multan,Sunday,10,Clear,Low,Van,Residential,50,48.3,6,90.7,40.0,0
1211,Rawalpindi,Monday,11,Clear,Low,Motorcycle,Highway,100,104.6,9,76.2,44.7,0
1212,Peshawar,Thursday,18,Fog,Medium,Car,Residential,50,21.5,5,35.1,54.6,0
1213,Lahore,Friday,21,Clear,Severe,Bus,Residential,50,39.9,9,100.0,49.7,0
1214,Multan,Thursday,23,Clear,Low,Motorcycle,Main Road,60,60.4,7,87.4,36.7,0
1215,Karachi,Friday,6,Cloudy,Medium,Car,Main Road,60,65.1,7,88.6,25.8,0
1216,Rawalpindi,Monday,19,Clear,High,Car,School Zone,40,22.3,32,93.9,31.6,0
1217,Multan,Thursday,5,Clear,Medium,Van,Residential,50,31.1,15,85.8,33.3,0
1218,Peshawar,Monday,20,Fog,Medium,Van,Main Road,60,10.0,7,36.3,34.7,0
1219,Islamabad,Friday,23,Clear,High,Car,Market,50,29.1,22,80.8,21.4,0
1220,Quetta,Tuesday,0,Rain,High,Van,Residential,50,10.0,7,81.5,53.5,1
1221,Peshawar,Sunday,16,Dust,Medium,Motorcycle,Highway,100,102.6,10,70.2,61.9,0
1222,Rawalpindi,Thursday,10,Clear,Severe,Bus,Main Road,60,60.8,15,90.7,65.3,0
1223,Quetta,Monday,21,Clear,Medium,Car,Residential,50,28.6,11,69.5,9.5,0
1224,Islamabad,Saturday,17,Dust,High,Rickshaw,Highway,100,77.9,9,54.3,36.5,0
1225,Peshawar,Thursday,20,Rain,Low,Rickshaw,Highway,100,94.9,5,78.9,62.5,1
1226,Karachi,Thursday,16,Clear,Medium,Motorcycle,Residential,50,49.7,6,89.6,45.9,1
1227,Lahore,Thursday,6,Clear,Low,Van,Highway,100,95.2,5,81.5,37.8,0
1228,Lahore,Wednesday,16,Cloudy,Medium,Motorcycle,School Zone,40,56.7,39,96.2,57.1,1
1229,Rawalpindi,Monday,19,Clear,Low,Rickshaw,Market,50,64.4,21,85.4,39.2,0
1230,Multan,Monday,8,Cloudy,Severe,Motorcycle,Highway,100,79.5,9,88.4,38.4,0
1231,Islamabad,Thursday,16,Fog,High,Rickshaw,Market,50,15.0,25,40.4,52.6,0
1232,Islamabad,Tuesday,19,Clear,High,Motorcycle,Highway,100,76.5,12,91.1,51.4,0
1233,Lahore,Thursday,21,Dust,Medium,Car,School Zone,40,23.8,35,76.6,41.1,0
1234,Peshawar,Wednesday,21,Cloudy,High,Van,Market,50,33.5,17,75.1,61.8,0
1235,Islamabad,Friday,7,Clear,High,Rickshaw,Main Road,60,33.4,11,71.1,29.5,0
1236,Karachi,Wednesday,16,Rain,Medium,Rickshaw,Main Road,60,59.4,6,79.3,53.2,0
1237,Karachi,Tuesday,6,Cloudy,Medium,Rickshaw,Highway,100,97.8,12,83.5,32.6,0
1238,Islamabad,Thursday,0,Clear,Medium,Car,Main Road,60,63.7,2,91.7,43.7,0
1239,Islamabad,Monday,12,Clear,Low,Van,Highway,100,94.2,8,91.2,30.2,0
1240,Lahore,Sunday,22,Cloudy,Severe,Rickshaw,Main Road,60,38.3,7,100.0,47.3,0
1241,Rawalpindi,Saturday,18,Cloudy,Medium,Car,School Zone,40,25.1,32,93.3,31.5,1
1242,Lahore,Thursday,23,Fog,Medium,Rickshaw,Highway,100,75.4,7,48.9,49.8,0
1243,Rawalpindi,Tuesday,18,Dust,High,Van,School Zone,40,23.5,40,59.3,53.6,0
1244,Karachi,Monday,16,Clear,Medium,Rickshaw,Main Road,60,61.3,11,80.8,46.6,0
1245,Rawalpindi,Wednesday,12,Rain,Low,Motorcycle,Highway,100,88.7,13,90.6,33.7,0
1246,Lahore,Friday,15,Clear,Low,Rickshaw,Market,50,51.5,24,96.6,40.4,0
1247,Islamabad,Friday,7,Clear,Medium,Rickshaw,Main Road,60,42.2,3,100.0,19.1,0
1248,Rawalpindi,Sunday,18,Clear,Low,Motorcycle,School Zone,40,61.3,44,95.0,62.1,1
1249,Lahore,Thursday,17,Cloudy,High,Van,Main Road,60,41.2,4,77.0,48.8,0
1250,Karachi,Wednesday,0,Clear,Medium,Car,Main Road,60,57.3,11,100.0,38.7,0
1251,Quetta,Sunday,13,Clear,Medium,Car,Market,50,49.6,20,100.0,37.6,0
1252,Rawalpindi,Saturday,18,Clear,Medium,Motorcycle,Market,50,24.3,18,84.2,26.1,0
1253,Karachi,Saturday,14,Clear,Low,Motorcycle,School Zone,40,46.7,47,84.4,67.9,1
1254,Karachi,Sunday,17,Fog,High,Car,Main Road,60,56.4,8,41.6,62.5,0
1255,Peshawar,Tuesday,1,Fog,Low,Car,Main Road,60,41.5,9,46.0,36.4,0
1256,Quetta,Friday,21,Cloudy,High,Car,School Zone,40,10.0,38,87.0,51.0,0
1257,Rawalpindi,Wednesday,16,Cloudy,Low,Car,Main Road,60,54.5,8,100.0,32.5,0
1258,Lahore,Thursday,17,Rain,High,Car,Main Road,60,57.7,9,68.7,64.6,1
1259,Rawalpindi,Monday,5,Rain,High,Rickshaw,School Zone,40,14.5,32,77.3,51.8,1
1260,Rawalpindi,Thursday,18,Rain,Medium,Van,Market,50,44.9,14,71.8,38.9,0
1261,Quetta,Thursday,3,Clear,Severe,Car,Main Road,60,13.8,11,93.6,46.8,0
1262,Multan,Wednesday,0,Clear,Medium,Rickshaw,Highway,100,97.0,6,100.0,60.5,0
1263,Karachi,Friday,7,Clear,Severe,Rickshaw,School Zone,40,10.0,32,83.7,54.2,0
1264,Karachi,Wednesday,22,Clear,Low,Bus,School Zone,40,36.8,33,86.4,67.2,0
1265,Karachi,Monday,6,Clear,Medium,Motorcycle,Main Road,60,41.7,10,83.6,18.4,0
1266,Karachi,Sunday,2,Rain,Low,Motorcycle,Main Road,60,34.2,10,88.4,26.5,0
1267,Quetta,Wednesday,9,Rain,High,Van,Residential,50,25.3,7,92.1,37.0,0
1268,Lahore,Tuesday,9,Clear,High,Motorcycle,Residential,50,46.0,10,100.0,46.8,0
1269,Islamabad,Thursday,18,Clear,Medium,Motorcycle,Residential,50,22.5,10,88.3,34.6,0
1270,Peshawar,Friday,13,Cloudy,High,Motorcycle,Highway,100,87.8,7,89.0,39.7,0
1271,Multan,Saturday,1,Clear,High,Car,Main Road,60,34.3,8,90.2,34.4,0
1272,Multan,Monday,0,Clear,High,Bus,Market,50,36.7,22,99.4,27.0,0
1273,Karachi,Saturday,22,Dust,Low,Bus,School Zone,40,41.1,35,57.5,71.8,1
1274,Karachi,Thursday,22,Clear,Medium,Motorcycle,Residential,50,60.2,6,94.1,38.0,0
1275,Peshawar,Wednesday,17,Dust,Medium,Motorcycle,Residential,50,43.9,9,67.5,40.3,0
1276,Karachi,Saturday,6,Dust,Low,Motorcycle,Market,50,44.5,18,78.3,27.1,0
1277,Islamabad,Tuesday,7,Dust,Medium,Car,Main Road,60,62.7,8,49.5,40.1,0
1278,Multan,Wednesday,0,Clear,Low,Car,Market,50,35.2,24,84.9,10.4,0
1279,Rawalpindi,Thursday,22,Clear,Severe,Motorcycle,Main Road,60,13.5,8,92.2,51.1,0
1280,Peshawar,Saturday,2,Clear,High,Motorcycle,Main Road,60,41.0,7,86.9,29.1,0
1281,Multan,Sunday,23,Clear,High,Rickshaw,Highway,100,77.2,7,94.9,33.1,0
1282,Lahore,Monday,22,Clear,Severe,Rickshaw,Main Road,60,27.6,11,87.0,44.4,0
1283,Multan,Saturday,7,Rain,High,Motorcycle,Highway,100,79.4,2,72.5,48.3,0
1284,Peshawar,Sunday,21,Fog,Low,Car,Highway,100,96.4,7,43.9,40.2,0
1285,Islamabad,Sunday,14,Dust,High,Car,Main Road,60,51.5,9,45.4,48.3,0
1286,Quetta,Saturday,4,Clear,Low,Motorcycle,Market,50,64.4,19,86.1,42.6,0
1287,Lahore,Friday,2,Cloudy,Low,Van,Market,50,57.1,26,85.1,35.4,0
1288,Rawalpindi,Saturday,18,Clear,Low,Motorcycle,Market,50,37.9,22,90.8,6.5,0
1289,Karachi,Thursday,0,Clear,Low,Motorcycle,Main Road,60,65.8,12,88.1,43.8,0
1290,Peshawar,Sunday,14,Dust,High,Motorcycle,Main Road,60,35.6,9,75.7,65.0,1
1291,Lahore,Monday,7,Clear,Severe,Rickshaw,Main Road,60,26.2,8,100.0,54.1,0
1292,Peshawar,Thursday,1,Cloudy,Medium,Rickshaw,Main Road,60,50.7,8,99.0,22.7,0
1293,Rawalpindi,Tuesday,2,Dust,Low,Car,Residential,50,46.6,9,59.6,53.2,0
1294,Peshawar,Wednesday,23,Clear,Medium,Bus,School Zone,40,46.2,30,100.0,43.8,1
1295,Multan,Saturday,13,Fog,High,Motorcycle,Market,50,18.9,25,30.2,60.3,1
1296,Multan,Friday,23,Clear,Medium,Van,Main Road,60,59.1,3,80.8,32.5,0
1297,Lahore,Monday,13,Dust,Severe,Motorcycle,School Zone,40,10.0,37,63.1,75.4,1
1298,Islamabad,Friday,10,Clear,Low,Motorcycle,Highway,100,94.6,8,99.2,45.7,0
1299,Quetta,Friday,15,Clear,Severe,Van,Residential,50,12.5,11,95.3,40.8,0
1300,Lahore,Friday,3,Clear,Low,Van,Residential,50,51.9,12,94.4,31.4,0
1301,Peshawar,Saturday,19,Rain,Medium,Car,School Zone,40,33.0,31,69.7,42.8,0
1302,Rawalpindi,Monday,4,Dust,Medium,Car,Market,50,44.9,21,62.1,9.0,0
1303,Multan,Monday,21,Cloudy,Medium,Van,Residential,50,60.5,9,74.7,37.9,0
1304,Karachi,Sunday,20,Fog,Low,Rickshaw,Highway,100,98.8,11,39.8,61.3,0
1305,Karachi,Friday,13,Dust,High,Rickshaw,Market,50,48.6,22,66.3,53.8,1
1306,Rawalpindi,Sunday,22,Clear,Low,Car,Main Road,60,63.0,7,73.4,47.5,0
1307,Peshawar,Sunday,15,Cloudy,Medium,Rickshaw,School Zone,40,21.7,43,96.3,43.0,0
1308,Quetta,Wednesday,17,Clear,Low,Motorcycle,Main Road,60,63.5,8,99.2,43.5,0
1309,Rawalpindi,Saturday,6,Clear,Medium,Car,Market,50,55.4,17,86.5,34.0,0
1310,Peshawar,Saturday,9,Clear,Low,Motorcycle,Residential,50,43.2,11,88.1,31.6,0
1311,Lahore,Thursday,6,Clear,Severe,Motorcycle,Main Road,60,53.1,9,85.6,58.4,0
1312,Quetta,Sunday,0,Cloudy,Low,Car,School Zone,40,54.4,40,95.9,40.3,1
1313,Islamabad,Saturday,22,Clear,Medium,Motorcycle,Residential,50,38.7,4,91.3,26.1,0
1314,Peshawar,Friday,20,Cloudy,Medium,Motorcycle,Market,50,28.6,21,71.0,26.1,0
1315,Karachi,Tuesday,18,Fog,High,Motorcycle,Highway,100,72.4,9,46.8,62.1,0
1316,Karachi,Friday,15,Clear,Low,Van,Residential,50,72.2,5,91.7,36.9,0
1317,Multan,Monday,18,Rain,High,Motorcycle,Main Road,60,32.7,10,74.0,66.0,1
1318,Quetta,Saturday,3,Cloudy,Medium,Motorcycle,Main Road,60,29.4,9,85.8,30.3,0
1319,Islamabad,Saturday,17,Clear,Medium,Bus,School Zone,40,20.0,38,89.8,28.4,0
1320,Peshawar,Thursday,1,Rain,Low,Rickshaw,Market,50,48.6,13,73.2,64.2,1
1321,Islamabad,Sunday,0,Clear,Medium,Car,Market,50,45.8,19,93.6,43.8,0
1322,Multan,Tuesday,14,Clear,Medium,Van,Residential,50,35.3,11,82.7,30.7,0
1323,Lahore,Saturday,4,Clear,Low,Motorcycle,Main Road,60,53.7,8,80.6,25.4,0
1324,Islamabad,Thursday,19,Cloudy,Low,Car,School Zone,40,60.3,31,86.3,58.6,1
1325,Lahore,Thursday,10,Clear,High,Rickshaw,School Zone,40,21.0,37,99.7,38.6,0
1326,Karachi,Tuesday,9,Clear,Low,Bus,Highway,100,83.8,5,79.2,31.4,0
1327,Lahore,Friday,1,Clear,Low,Motorcycle,School Zone,40,41.7,38,79.9,69.0,0
1328,Peshawar,Friday,2,Dust,Medium,Car,Market,50,45.7,25,74.3,45.1,0
1329,Quetta,Friday,22,Dust,Low,Van,Residential,50,29.2,6,52.3,15.7,0
1330,Quetta,Wednesday,22,Cloudy,Medium,Rickshaw,Residential,50,41.8,12,91.6,24.0,0
1331,Peshawar,Sunday,11,Clear,Medium,Motorcycle,School Zone,40,23.2,32,94.0,35.7,0
1332,Peshawar,Sunday,19,Clear,Medium,Motorcycle,School Zone,40,22.4,32,86.5,31.7,0
1333,Peshawar,Friday,4,Dust,Medium,Rickshaw,Residential,50,39.3,8,75.5,23.8,0
1334,Rawalpindi,Tuesday,4,Clear,Low,Motorcycle,Market,50,59.5,21,77.7,40.5,0
1335,Multan,Wednesday,5,Clear,Medium,Car,Highway,100,113.3,11,88.1,35.1,0
1336,Lahore,Sunday,8,Clear,Severe,Motorcycle,Market,50,30.5,18,100.0,54.0,1
1337,Peshawar,Friday,1,Rain,Medium,Motorcycle,Highway,100,89.5,7,81.3,51.5,1
1338,Quetta,Wednesday,20,Clear,High,Rickshaw,Market,50,19.2,23,99.1,46.8,0
1339,Islamabad,Tuesday,11,Clear,High,Rickshaw,Market,50,25.2,27,84.1,28.0,0
1340,Islamabad,Friday,2,Cloudy,High,Car,Residential,50,43.1,14,88.1,49.5,0
1341,Rawalpindi,Monday,19,Cloudy,High,Motorcycle,Main Road,60,47.0,7,84.8,34.9,0
1342,Lahore,Saturday,21,Cloudy,Low,Rickshaw,Main Road,60,68.8,11,82.9,49.6,0
1343,Lahore,Tuesday,11,Clear,Medium,Car,Main Road,60,65.4,11,85.2,52.9,0
1344,Multan,Thursday,23,Rain,High,Bus,Main Road,60,36.1,11,86.7,48.5,0
1345,Lahore,Thursday,16,Clear,Medium,Motorcycle,Residential,50,31.1,4,96.6,13.3,0
1346,Quetta,Tuesday,9,Cloudy,Low,Car,Residential,50,66.4,4,99.7,35.1,0
1347,Quetta,Thursday,23,Cloudy,Medium,Car,Main Road,60,37.8,10,98.2,19.7,0
1348,Multan,Sunday,13,Clear,Medium,Rickshaw,Main Road,60,49.6,4,86.7,7.6,0
1349,Rawalpindi,Tuesday,22,Clear,High,Rickshaw,Residential,50,30.2,4,91.9,28.0,0
1350,Lahore,Monday,16,Clear,Medium,Car,Market,50,45.1,16,99.2,23.1,0
1351,Lahore,Tuesday,17,Clear,High,Motorcycle,Main Road,60,40.9,12,97.9,50.1,0
1352,Peshawar,Friday,18,Clear,Medium,Motorcycle,Market,50,42.8,24,95.2,23.0,0
1353,Lahore,Friday,16,Rain,Low,Motorcycle,Main Road,60,50.9,11,69.5,20.6,0
1354,Quetta,Wednesday,13,Clear,Low,Rickshaw,Residential,50,56.3,10,91.0,64.3,0
1355,Peshawar,Thursday,8,Fog,Medium,Motorcycle,Main Road,60,32.3,9,45.0,33.2,0
1356,Peshawar,Saturday,7,Clear,Low,Motorcycle,Main Road,60,85.4,5,83.3,27.6,0
1357,Lahore,Thursday,1,Clear,Low,Car,Main Road,60,50.7,4,82.6,24.5,0
1358,Islamabad,Sunday,12,Clear,Medium,Motorcycle,Residential,50,35.2,8,94.4,31.4,0
1359,Karachi,Tuesday,6,Cloudy,High,Rickshaw,Highway,100,75.8,8,96.5,40.4,0
1360,Quetta,Saturday,8,Rain,Low,Bus,Main Road,60,47.0,5,84.7,40.0,0
1361,Islamabad,Saturday,21,Fog,Medium,Motorcycle,Market,50,26.6,19,42.7,46.0,1
1362,Lahore,Thursday,21,Clear,High,Car,Highway,100,73.0,6,91.4,50.3,0
1363,Lahore,Saturday,10,Clear,Medium,Rickshaw,Main Road,60,47.5,9,98.1,10.8,0
1364,Islamabad,Saturday,13,Rain,Medium,Van,Residential,50,38.4,6,66.5,19.8,0
1365,Lahore,Friday,3,Rain,Severe,Rickshaw,Residential,50,21.7,5,87.2,55.2,0
1366,Quetta,Monday,12,Fog,High,Motorcycle,Main Road,60,30.6,6,41.1,63.4,1
1367,Multan,Tuesday,1,Clear,High,Motorcycle,Residential,50,15.0,6,76.8,45.7,0
1368,Peshawar,Thursday,22,Rain,Medium,Car,Residential,50,24.6,6,81.5,33.8,0
1369,Rawalpindi,Friday,4,Clear,Severe,Car,Market,50,16.1,23,89.4,42.3,0
1370,Lahore,Sunday,10,Clear,Low,Motorcycle,Highway,100,120.0,7,72.2,47.0,0
1371,Lahore,Sunday,5,Clear,Severe,Van,Market,50,41.4,13,83.9,34.0,0
1372,Islamabad,Wednesday,17,Cloudy,Severe,Rickshaw,Residential,50,18.1,10,96.8,39.1,1
1373,Peshawar,Saturday,20,Cloudy,Medium,Bus,Residential,50,27.8,11,87.2,19.1,0
1374,Islamabad,Saturday,9,Clear,Medium,Motorcycle,School Zone,40,37.8,29,95.6,44.7,0
1375,Multan,Thursday,3,Clear,High,Motorcycle,Market,50,31.3,19,92.9,46.0,0
1376,Quetta,Monday,8,Clear,Medium,Car,Residential,50,47.6,14,84.9,30.8,0
1377,Islamabad,Monday,5,Clear,Medium,Rickshaw,Market,50,55.9,23,100.0,34.8,0
1378,Lahore,Thursday,1,Clear,Severe,Van,Market,50,27.6,22,96.2,31.0,0
1379,Peshawar,Thursday,16,Clear,Low,Bus,Residential,50,48.4,6,86.6,47.3,0
1380,Quetta,Friday,4,Rain,Severe,Car,Highway,100,43.4,14,100.0,65.4,0
1381,Lahore,Sunday,5,Clear,High,Bus,Highway,100,83.8,11,83.2,29.3,0
1382,Quetta,Thursday,11,Clear,High,Motorcycle,Residential,50,32.0,13,89.0,45.2,1
1383,Lahore,Sunday,22,Fog,Low,Car,School Zone,40,10.5,35,35.0,53.2,1
1384,Lahore,Wednesday,20,Clear,Low,Rickshaw,School Zone,40,32.7,27,100.0,20.9,0
1385,Lahore,Sunday,9,Rain,Severe,Car,School Zone,40,10.0,28,78.3,55.6,0
1386,Rawalpindi,Friday,21,Clear,Low,Motorcycle,Main Road,60,52.4,10,93.7,44.7,0
1387,Karachi,Saturday,20,Fog,High,Bus,Main Road,60,35.5,9,52.8,61.7,1
1388,Peshawar,Saturday,5,Clear,High,Bus,Market,50,31.2,23,85.2,46.7,0
1389,Multan,Sunday,7,Rain,Low,Car,Highway,100,86.8,6,65.3,18.3,0
1390,Rawalpindi,Saturday,1,Clear,High,Rickshaw,Main Road,60,47.2,8,94.8,35.2,0
1391,Karachi,Saturday,11,Fog,Low,Motorcycle,Residential,50,39.8,4,50.8,38.5,0
1392,Quetta,Tuesday,12,Clear,Medium,Car,Market,50,44.5,24,90.4,20.2,0
1393,Karachi,Wednesday,20,Cloudy,Medium,Rickshaw,Residential,50,56.7,12,86.8,27.2,0
1394,Karachi,Friday,6,Clear,High,Car,Market,50,15.3,23,87.1,33.1,0
1395,Rawalpindi,Friday,9,Fog,Severe,Van,Main Road,60,24.9,8,37.2,48.4,0
1396,Peshawar,Saturday,12,Cloudy,Low,Motorcycle,School Zone,40,47.5,39,92.6,68.5,1
1397,Islamabad,Monday,16,Clear,Medium,Motorcycle,Residential,50,37.8,9,96.5,34.6,0
1398,Karachi,Friday,20,Clear,Medium,Motorcycle,Main Road,60,33.1,7,77.6,40.9,0
1399,Islamabad,Wednesday,13,Clear,Medium,Van,Residential,50,49.4,13,90.6,36.0,0
1400,Islamabad,Thursday,1,Clear,Medium,Rickshaw,Main Road,60,52.4,7,72.8,21.8,0
1401,Lahore,Wednesday,21,Clear,Severe,Motorcycle,Residential,50,57.8,10,91.3,57.9,1
1402,Islamabad,Saturday,10,Fog,Severe,Car,Market,50,10.0,24,51.6,74.7,1
1403,Quetta,Saturday,0,Cloudy,Low,Motorcycle,Main Road,60,67.5,2,81.3,43.1,0
1404,Quetta,Tuesday,18,Fog,High,Car,Market,50,54.3,24,45.2,63.7,0
1405,Lahore,Sunday,20,Clear,High,Motorcycle,Residential,50,19.5,14,96.4,35.0,0
1406,Peshawar,Friday,3,Rain,Severe,Motorcycle,Main Road,60,39.9,8,96.8,56.0,0
1407,Multan,Sunday,18,Clear,Low,Car,School Zone,40,56.7,30,91.8,38.5,1
1408,Peshawar,Sunday,20,Clear,High,Rickshaw,Residential,50,45.7,16,90.8,48.3,0
1409,Quetta,Friday,10,Cloudy,Severe,Car,School Zone,40,19.0,42,100.0,48.3,0
1410,Multan,Friday,7,Clear,Severe,Rickshaw,Residential,50,10.0,11,94.5,47.9,0
1411,Lahore,Saturday,10,Fog,Medium,Car,Market,50,47.6,22,49.0,72.6,1
1412,Peshawar,Friday,3,Clear,Medium,Motorcycle,Highway,100,83.0,9,98.9,33.8,0
1413,Multan,Monday,16,Rain,High,Car,Residential,50,33.8,11,72.3,50.9,0
1414,Multan,Monday,6,Cloudy,Medium,Car,Market,50,49.7,17,89.9,43.6,0
1415,Karachi,Thursday,7,Clear,Medium,Car,Main Road,60,56.6,7,100.0,34.5,0
1416,Peshawar,Friday,2,Clear,Medium,Motorcycle,Main Road,60,54.1,4,83.2,39.1,0
1417,Lahore,Tuesday,21,Clear,Medium,Motorcycle,Market,50,38.3,29,100.0,32.2,0
1418,Multan,Thursday,1,Clear,Medium,Van,Market,50,63.2,23,91.7,55.0,0
1419,Quetta,Saturday,22,Rain,Low,Motorcycle,Market,50,14.5,23,74.7,46.9,0
1420,Karachi,Friday,14,Dust,Medium,Bus,Highway,100,92.7,6,68.2,38.6,0
1421,Islamabad,Monday,23,Clear,Medium,Motorcycle,School Zone,40,47.4,37,94.1,63.6,0
1422,Islamabad,Tuesday,21,Fog,Low,Van,Main Road,60,30.9,8,54.8,32.9,0
1423,Islamabad,Thursday,21,Clear,High,Van,Market,50,34.4,16,85.7,36.9,0
1424,Quetta,Tuesday,4,Cloudy,Medium,Rickshaw,Residential,50,44.8,6,87.6,32.0,0
1425,Multan,Friday,23,Clear,High,Car,Main Road,60,31.7,16,91.6,14.6,0
1426,Lahore,Wednesday,0,Clear,Low,Car,Residential,50,74.0,10,73.6,43.1,0
1427,Islamabad,Tuesday,3,Clear,High,Motorcycle,Highway,100,74.2,10,85.3,43.4,0
1428,Peshawar,Tuesday,14,Clear,Severe,Motorcycle,Main Road,60,30.0,6,87.7,55.3,0
1429,Islamabad,Saturday,19,Clear,Medium,Motorcycle,Market,50,49.9,12,97.4,50.1,1
1430,Multan,Monday,18,Clear,Medium,Car,Residential,50,45.9,12,90.1,26.2,0
1431,Rawalpindi,Friday,2,Clear,High,Van,Market,50,40.9,23,94.2,45.2,0
1432,Quetta,Tuesday,19,Clear,High,Motorcycle,Highway,100,81.2,8,88.3,45.5,0
1433,Rawalpindi,Friday,10,Clear,Low,Car,Market,50,47.6,26,86.3,40.4,0
1434,Islamabad,Monday,16,Cloudy,Severe,Car,Main Road,60,46.8,7,92.2,38.7,0
1435,Multan,Saturday,12,Rain,Medium,Car,Main Road,60,54.1,2,75.5,64.4,0
1436,Islamabad,Friday,10,Clear,High,Motorcycle,Main Road,60,66.4,4,92.3,64.2,1
1437,Rawalpindi,Sunday,1,Clear,Medium,Car,Residential,50,56.6,7,90.9,29.8,0
1438,Multan,Monday,8,Rain,Medium,Rickshaw,Market,50,44.7,23,96.3,41.9,1
1439,Quetta,Monday,1,Clear,Low,Van,Residential,50,78.3,8,92.8,29.3,0
1440,Quetta,Thursday,20,Rain,Medium,Motorcycle,Residential,50,29.6,3,84.4,50.7,0
1441,Islamabad,Saturday,8,Clear,Severe,Van,Main Road,60,23.9,5,100.0,47.3,0
1442,Quetta,Saturday,8,Clear,High,Rickshaw,Residential,50,10.0,8,98.6,26.2,0
1443,Karachi,Sunday,7,Clear,High,Car,Main Road,60,37.6,9,87.4,31.9,0
1444,Multan,Friday,16,Clear,Severe,Motorcycle,Highway,100,82.7,7,99.9,53.2,0
1445,Multan,Wednesday,0,Rain,Low,Rickshaw,School Zone,40,32.5,44,78.4,32.5,0
1446,Quetta,Sunday,10,Clear,Low,Motorcycle,Highway,100,95.1,6,100.0,41.2,0
1447,Multan,Thursday,7,Fog,Severe,Rickshaw,Main Road,60,16.0,6,46.1,68.0,1
1448,Rawalpindi,Saturday,9,Clear,Medium,Car,Market,50,54.7,22,80.4,28.7,0
1449,Lahore,Monday,6,Fog,High,Motorcycle,Market,50,10.0,22,29.0,51.2,0
1450,Rawalpindi,Saturday,2,Clear,Medium,Car,Highway,100,84.1,8,87.5,8.1,0
1451,Peshawar,Sunday,2,Clear,High,Rickshaw,Highway,100,69.9,4,96.3,7.2,0
1452,Karachi,Wednesday,17,Cloudy,Medium,Car,Residential,50,28.5,12,96.0,11.7,0
1453,Lahore,Tuesday,4,Clear,High,Rickshaw,Main Road,60,32.2,12,100.0,37.2,0
1454,Islamabad,Tuesday,11,Rain,Severe,Car,Main Road,60,17.1,5,77.0,67.0,0
1455,Multan,Saturday,11,Clear,High,Van,Main Road,60,36.6,10,100.0,33.5,0
1456,Peshawar,Saturday,18,Cloudy,Medium,Motorcycle,Main Road,60,49.9,12,97.9,33.6,0
1457,Peshawar,Thursday,5,Clear,Medium,Rickshaw,School Zone,40,34.6,22,93.2,24.9,0
1458,Karachi,Saturday,1,Cloudy,Low,Rickshaw,Market,50,48.4,21,93.5,47.6,0
1459,Lahore,Wednesday,11,Cloudy,High,Car,Market,50,42.7,15,86.0,43.2,0
1460,Peshawar,Saturday,18,Rain,Low,Car,Residential,50,31.8,8,79.9,42.8,0
1461,Lahore,Friday,4,Clear,Severe,Car,Highway,100,78.2,6,83.8,57.0,1
1462,Lahore,Sunday,11,Fog,High,Car,Main Road,60,36.6,7,45.7,64.4,1
1463,Quetta,Wednesday,16,Fog,Severe,Car,Highway,100,59.5,6,39.7,55.0,1
1464,Peshawar,Thursday,16,Dust,Medium,Rickshaw,Residential,50,40.6,5,82.9,20.3,0
1465,Lahore,Friday,9,Cloudy,Severe,Car,Market,50,20.8,22,94.7,27.9,0
1466,Karachi,Friday,22,Clear,High,Motorcycle,Market,50,22.6,18,99.9,37.8,0
1467,Peshawar,Sunday,16,Clear,High,Car,Main Road,60,26.7,4,84.8,24.9,0
1468,Karachi,Tuesday,14,Fog,Low,Motorcycle,School Zone,40,37.7,38,35.2,75.5,1
1469,Karachi,Wednesday,11,Fog,Medium,Car,Residential,50,33.3,10,37.7,38.6,1
1470,Lahore,Sunday,15,Clear,Medium,Car,Main Road,60,54.7,6,81.7,24.0,0
1471,Lahore,Friday,23,Clear,Medium,Rickshaw,Market,50,42.1,38,100.0,42.9,0
1472,Quetta,Thursday,18,Dust,Medium,Car,Highway,100,90.0,7,60.8,22.9,0
1473,Multan,Sunday,7,Clear,Severe,Car,School Zone,40,23.7,34,95.6,74.7,1
1474,Quetta,Tuesday,20,Clear,Low,Motorcycle,Main Road,60,52.2,8,86.2,21.4,0
1475,Peshawar,Friday,16,Fog,Low,Motorcycle,Residential,50,35.1,8,48.9,32.2,0
1476,Quetta,Sunday,22,Dust,Medium,Car,Residential,50,49.8,12,77.1,47.7,1
1477,Islamabad,Wednesday,4,Dust,Severe,Rickshaw,Main Road,60,26.5,6,60.9,55.8,0
1478,Peshawar,Tuesday,21,Clear,Medium,Car,Highway,100,97.2,9,71.2,50.2,0
1479,Karachi,Wednesday,15,Clear,Medium,Car,Main Road,60,51.5,4,95.9,27.8,0
1480,Quetta,Wednesday,5,Cloudy,Medium,Car,Residential,50,51.0,6,93.4,55.9,0
1481,Quetta,Wednesday,7,Cloudy,High,Car,Highway,100,73.0,3,81.9,50.7,0
1482,Multan,Sunday,17,Clear,Low,Motorcycle,Residential,50,51.7,11,89.6,49.8,0
1483,Quetta,Tuesday,11,Dust,Low,Car,Main Road,60,56.4,7,66.0,58.9,1
1484,Lahore,Sunday,14,Dust,Low,Motorcycle,School Zone,40,33.6,27,62.0,42.5,0
1485,Karachi,Sunday,8,Clear,Medium,Car,Highway,100,82.2,10,99.8,29.7,0
1486,Quetta,Sunday,12,Clear,Medium,Rickshaw,Market,50,29.9,13,100.0,28.5,0
1487,Rawalpindi,Friday,14,Clear,High,Motorcycle,Market,50,22.4,24,90.8,45.3,0
1488,Rawalpindi,Saturday,9,Clear,High,Car,Market,50,29.3,15,82.9,45.8,0
1489,Karachi,Monday,15,Clear,Low,Rickshaw,Residential,50,47.5,9,100.0,29.8,0
1490,Quetta,Friday,6,Clear,Medium,Car,Highway,100,101.4,8,71.9,30.5,0
1491,Multan,Tuesday,16,Clear,Low,Motorcycle,Market,50,41.0,19,97.0,14.2,0
1492,Islamabad,Monday,22,Dust,Low,Bus,Main Road,60,78.7,10,49.7,39.3,0
1493,Multan,Monday,20,Clear,Low,Rickshaw,Main Road,60,51.2,10,100.0,31.8,0
1494,Islamabad,Monday,21,Cloudy,High,Car,Main Road,60,51.2,5,92.7,34.4,1
1495,Peshawar,Saturday,6,Rain,Medium,Motorcycle,Main Road,60,26.6,10,83.1,34.0,0
1496,Peshawar,Sunday,13,Cloudy,High,Car,Main Road,60,36.5,6,100.0,8.2,0
1497,Multan,Thursday,14,Fog,Medium,Car,Main Road,60,37.0,5,55.1,44.9,0
1498,Quetta,Tuesday,20,Cloudy,Low,Rickshaw,Residential,50,49.5,5,80.2,40.8,1
1499,Multan,Saturday,6,Dust,Medium,Rickshaw,Market,50,27.1,28,62.7,22.1,0
1500,Peshawar,Saturday,8,Clear,Medium,Motorcycle,School Zone,40,41.9,40,88.0,65.8,0
1501,Lahore,Thursday,18,Cloudy,High,Car,Highway,100,74.8,5,72.3,39.8,0
1502,Islamabad,Monday,15,Cloudy,High,Rickshaw,Main Road,60,34.3,9,82.8,38.3,0
1503,Karachi,Sunday,7,Fog,Medium,Motorcycle,Residential,50,29.4,13,37.4,38.6,0
1504,Multan,Thursday,17,Clear,High,Rickshaw,Market,50,32.9,23,80.5,28.8,0
1505,Quetta,Thursday,22,Clear,Medium,Motorcycle,Main Road,60,34.6,9,100.0,30.2,0
1506,Quetta,Saturday,17,Cloudy,High,Motorcycle,Residential,50,43.7,6,96.6,28.8,0
1507,Rawalpindi,Tuesday,19,Clear,Severe,Motorcycle,Highway,100,91.4,5,100.0,57.5,1
1508,Islamabad,Wednesday,6,Cloudy,High,Motorcycle,Main Road,60,43.2,8,79.1,42.3,1
1509,Islamabad,Sunday,2,Fog,Medium,Car,Residential,50,31.9,4,35.3,53.1,0
1510,Islamabad,Thursday,17,Fog,High,Van,Highway,100,69.6,7,44.9,46.2,1
1511,Multan,Sunday,9,Clear,Severe,Motorcycle,Highway,100,78.8,12,93.5,59.1,0
1512,Peshawar,Thursday,6,Clear,Low,Motorcycle,Main Road,60,59.9,12,89.3,58.3,0
1513,Lahore,Monday,16,Cloudy,Medium,Car,Highway,100,109.3,5,100.0,35.6,0
1514,Multan,Sunday,13,Cloudy,Medium,Motorcycle,Main Road,60,24.5,5,89.6,31.0,0
1515,Karachi,Monday,23,Cloudy,Low,Motorcycle,School Zone,40,53.0,29,98.1,59.7,1
1516,Peshawar,Saturday,2,Rain,Medium,Van,Main Road,60,37.8,11,79.0,26.4,0
1517,Multan,Monday,11,Cloudy,Medium,Car,Main Road,60,53.1,9,86.7,26.5,1
1518,Lahore,Sunday,12,Clear,Low,Rickshaw,Main Road,60,59.9,6,80.5,42.3,0
1519,Islamabad,Friday,1,Rain,Medium,Motorcycle,Residential,50,41.4,9,73.8,41.7,0
1520,Lahore,Sunday,2,Clear,High,Car,Residential,50,22.4,7,90.7,42.9,0
1521,Peshawar,Thursday,4,Clear,Low,Car,Residential,50,54.1,7,96.2,35.7,0
1522,Multan,Monday,10,Rain,Severe,Rickshaw,Highway,100,66.5,4,73.2,58.4,0
1523,Islamabad,Tuesday,7,Cloudy,Medium,Motorcycle,Residential,50,54.4,9,82.7,60.7,1
1524,Multan,Friday,22,Cloudy,High,Rickshaw,School Zone,40,10.0,32,100.0,67.8,1
1525,Peshawar,Saturday,22,Clear,Medium,Motorcycle,Main Road,60,55.2,6,99.8,34.0,0
1526,Karachi,Wednesday,11,Clear,Medium,Van,Main Road,60,59.3,10,90.3,32.8,0
1527,Islamabad,Thursday,6,Clear,Medium,Motorcycle,Market,50,41.9,25,89.6,28.4,0
1528,Lahore,Thursday,14,Cloudy,High,Car,Main Road,60,17.0,12,94.6,38.7,0
1529,Peshawar,Tuesday,23,Clear,High,Motorcycle,Main Road,60,61.8,4,82.0,60.4,1
1530,Rawalpindi,Wednesday,16,Cloudy,High,Car,Highway,100,64.2,14,77.6,33.3,0
1531,Lahore,Wednesday,3,Rain,Medium,Motorcycle,Main Road,60,24.6,9,85.2,37.4,0
1532,Lahore,Saturday,21,Clear,Low,Car,Highway,100,101.4,8,100.0,40.3,0
1533,Islamabad,Saturday,12,Dust,Medium,Car,Main Road,60,80.0,11,69.3,58.6,0
1534,Multan,Friday,17,Dust,Medium,Car,School Zone,40,35.8,37,81.7,32.1,0
1535,Quetta,Thursday,0,Dust,Low,Motorcycle,Main Road,60,64.6,14,74.7,42.0,0
1536,Lahore,Monday,15,Cloudy,Low,Rickshaw,Highway,100,120.0,6,100.0,65.0,1
1537,Peshawar,Saturday,12,Clear,Medium,Motorcycle,Highway,100,114.8,6,84.1,24.9,0
1538,Rawalpindi,Tuesday,9,Clear,Medium,Van,Main Road,60,38.3,9,61.0,35.0,0
1539,Karachi,Tuesday,11,Rain,Medium,Rickshaw,Main Road,60,37.2,4,63.5,39.6,0
1540,Rawalpindi,Tuesday,1,Clear,High,Car,Market,50,45.9,18,88.2,50.5,0
1541,Peshawar,Sunday,22,Rain,Medium,Motorcycle,Market,50,31.6,19,73.1,48.5,1
1542,Islamabad,Saturday,2,Cloudy,Severe,Motorcycle,Market,50,39.2,30,92.7,63.1,1
1543,Peshawar,Saturday,9,Clear,Low,Bus,Residential,50,67.1,7,97.3,17.0,0
1544,Quetta,Tuesday,1,Cloudy,Low,Motorcycle,School Zone,40,47.2,32,100.0,75.7,1
1545,Quetta,Saturday,22,Clear,High,Rickshaw,Market,50,42.0,31,88.4,68.1,0
1546,Quetta,Sunday,12,Clear,Severe,Rickshaw,Main Road,60,36.2,5,90.4,53.0,0
1547,Lahore,Monday,12,Dust,High,Van,Highway,100,83.2,3,73.1,38.3,0
1548,Islamabad,Monday,17,Clear,High,Car,Main Road,60,51.7,11,85.3,33.9,0
1549,Multan,Friday,2,Cloudy,High,Van,Highway,100,75.2,9,97.4,45.2,0
1550,Quetta,Thursday,6,Clear,High,Motorcycle,Main Road,60,30.3,10,83.0,30.9,0
1551,Multan,Monday,13,Cloudy,High,Rickshaw,Highway,100,100.1,6,83.4,42.5,0
1552,Karachi,Friday,19,Clear,High,Car,Market,50,10.2,13,81.2,23.1,0
1553,Karachi,Wednesday,16,Rain,Low,Car,Highway,100,96.9,9,86.3,51.9,0
1554,Multan,Thursday,20,Dust,Severe,Motorcycle,Residential,50,22.3,7,72.7,56.0,1
1555,Peshawar,Monday,11,Dust,Low,Motorcycle,Highway,100,102.0,10,65.2,52.7,0
1556,Quetta,Sunday,15,Clear,Severe,Car,School Zone,40,10.0,33,94.0,69.4,1
1557,Lahore,Wednesday,23,Cloudy,Medium,Van,Highway,100,89.1,8,82.4,26.4,0
1558,Karachi,Friday,11,Rain,Medium,Motorcycle,Highway,100,78.5,8,91.6,43.1,0
1559,Rawalpindi,Monday,14,Clear,Severe,Car,Main Road,60,53.4,8,95.0,54.9,0
1560,Islamabad,Monday,9,Clear,Low,Motorcycle,Residential,50,25.9,7,84.6,44.5,0
1561,Rawalpindi,Saturday,6,Rain,High,Motorcycle,Main Road,60,20.8,9,77.5,55.3,0
1562,Multan,Wednesday,19,Rain,Medium,Motorcycle,Residential,50,50.9,7,87.1,46.3,0
1563,Karachi,Monday,4,Clear,Low,Van,Residential,50,54.8,8,91.9,28.4,0
1564,Karachi,Tuesday,0,Clear,Severe,Car,Main Road,60,61.1,8,93.1,60.6,0
1565,Peshawar,Sunday,16,Cloudy,Low,Rickshaw,Main Road,60,80.2,9,91.8,47.0,1
1566,Peshawar,Saturday,2,Clear,High,Car,School Zone,40,24.7,33,86.6,36.8,0
1567,Quetta,Saturday,12,Cloudy,Medium,Rickshaw,Market,50,36.4,33,91.8,30.7,0
1568,Multan,Monday,13,Clear,High,Car,Residential,50,21.9,7,97.6,45.8,0
1569,Islamabad,Sunday,23,Cloudy,High,Bus,Residential,50,48.3,10,100.0,27.1,0
1570,Quetta,Saturday,17,Rain,High,Bus,Residential,50,10.0,8,79.3,56.0,0
1571,Peshawar,Thursday,3,Rain,Severe,Car,Highway,100,55.8,5,77.2,51.3,0
1572,Lahore,Wednesday,17,Cloudy,Low,Motorcycle,Main Road,60,75.3,8,80.6,47.4,0
1573,Islamabad,Thursday,4,Clear,High,Motorcycle,Highway,100,79.8,7,100.0,28.0,0
1574,Lahore,Friday,15,Clear,High,Rickshaw,Main Road,60,47.0,7,80.1,40.7,0
1575,Quetta,Thursday,0,Clear,Medium,Motorcycle,Highway,100,106.9,7,85.8,58.7,0
1576,Peshawar,Sunday,20,Clear,Medium,Car,School Zone,40,38.2,30,89.9,30.6,0
1577,Islamabad,Tuesday,13,Fog,High,Car,Market,50,20.4,34,35.0,58.9,1
1578,Quetta,Saturday,14,Cloudy,High,Rickshaw,School Zone,40,41.3,38,95.3,68.4,0
1579,Karachi,Sunday,8,Clear,Low,Motorcycle,Highway,100,103.1,8,90.0,56.3,0
1580,Quetta,Saturday,14,Clear,Low,Bus,Main Road,60,54.5,8,89.3,42.6,0
1581,Multan,Tuesday,16,Clear,Low,Car,School Zone,40,27.6,32,84.5,26.7,0
1582,Rawalpindi,Saturday,23,Clear,Medium,Bus,Main Road,60,46.1,5,91.7,0.0,0
1583,Karachi,Thursday,3,Clear,Low,Car,Residential,50,55.6,8,89.5,31.0,0
1584,Lahore,Friday,11,Clear,Medium,Car,Residential,50,42.1,7,90.3,14.3,0
1585,Karachi,Monday,4,Clear,Medium,Van,Residential,50,38.3,5,95.7,10.2,0
1586,Quetta,Tuesday,4,Clear,Severe,Motorcycle,Highway,100,69.1,11,91.3,50.7,0
1587,Karachi,Thursday,10,Cloudy,High,Motorcycle,Main Road,60,42.8,11,80.9,40.0,1
1588,Rawalpindi,Sunday,5,Cloudy,Low,Rickshaw,Residential,50,51.2,11,85.4,26.4,0
1589,Multan,Thursday,6,Dust,Low,Motorcycle,Residential,50,56.3,9,73.7,43.7,1
1590,Quetta,Thursday,23,Clear,High,Bus,School Zone,40,22.1,32,99.8,63.4,1
1591,Rawalpindi,Monday,13,Dust,High,Car,Main Road,60,46.0,7,66.8,62.8,0
1592,Karachi,Wednesday,23,Cloudy,High,Motorcycle,Main Road,60,56.1,12,89.3,58.4,1
1593,Rawalpindi,Saturday,10,Clear,High,Motorcycle,Main Road,60,33.2,8,89.8,52.3,1
1594,Karachi,Saturday,12,Clear,Low,Car,Highway,100,97.1,12,92.2,37.2,0
1595,Islamabad,Sunday,1,Clear,Medium,Motorcycle,Main Road,60,59.7,8,86.6,28.3,0
1596,Karachi,Friday,6,Clear,High,Car,Residential,50,34.5,7,90.3,63.0,0
1597,Peshawar,Sunday,19,Clear,Low,Car,Highway,100,99.1,8,82.1,33.4,0
1598,Rawalpindi,Wednesday,3,Dust,Medium,Rickshaw,Main Road,60,43.3,11,64.3,26.3,0
1599,Multan,Saturday,7,Clear,Low,Motorcycle,School Zone,40,44.2,38,92.4,66.3,1
1600,Rawalpindi,Friday,19,Clear,Medium,Motorcycle,Main Road,60,51.9,9,78.4,25.3,0
1601,Lahore,Sunday,21,Clear,Medium,Car,Highway,100,75.0,5,86.3,17.3,0
1602,Multan,Friday,20,Cloudy,Medium,Car,Highway,100,120.0,7,84.4,28.1,0
1603,Multan,Thursday,18,Dust,Medium,Rickshaw,Residential,50,53.3,5,57.4,48.5,0
1604,Lahore,Tuesday,12,Fog,Medium,Car,Market,50,25.2,26,41.5,26.9,0
1605,Peshawar,Thursday,13,Clear,Severe,Motorcycle,Market,50,11.1,19,72.5,50.3,0
1606,Rawalpindi,Monday,9,Clear,High,Car,Residential,50,45.1,9,87.8,61.2,0
1607,Multan,Saturday,10,Rain,High,Rickshaw,Residential,50,35.1,6,92.5,25.4,0
1608,Rawalpindi,Friday,1,Clear,Low,Motorcycle,Highway,100,99.6,11,100.0,47.2,0
1609,Multan,Sunday,8,Cloudy,Medium,Car,Main Road,60,72.0,6,100.0,43.4,0
1610,Lahore,Tuesday,16,Fog,Low,Rickshaw,Highway,100,90.2,11,45.3,60.3,0
1611,Lahore,Sunday,2,Cloudy,Low,Car,Main Road,60,61.9,5,100.0,41.0,0
1612,Karachi,Saturday,23,Clear,Medium,Car,Market,50,44.5,25,91.4,18.1,0
1613,Quetta,Friday,5,Dust,Medium,Motorcycle,Main Road,60,63.5,7,63.2,50.5,0
1614,Rawalpindi,Friday,4,Fog,Medium,Rickshaw,School Zone,40,27.0,45,40.3,49.5,0
1615,Rawalpindi,Thursday,4,Rain,Severe,Bus,Market,50,35.0,23,69.8,61.4,0
1616,Multan,Tuesday,21,Clear,High,Motorcycle,Residential,50,47.2,11,86.8,53.2,0
1617,Karachi,Tuesday,14,Fog,Medium,Rickshaw,Main Road,60,44.4,9,45.5,64.6,1
1618,Rawalpindi,Saturday,22,Fog,High,Motorcycle,Residential,50,12.7,9,48.2,55.1,1
1619,Multan,Friday,16,Fog,Medium,Car,Main Road,60,37.3,10,44.2,56.4,0
1620,Peshawar,Tuesday,8,Clear,High,Van,Main Road,60,33.8,3,87.0,26.0,0
1621,Lahore,Tuesday,2,Rain,Medium,Bus,Main Road,60,40.1,2,85.9,52.6,0
1622,Lahore,Sunday,19,Cloudy,Low,Rickshaw,School Zone,40,23.4,25,100.0,10.0,0
1623,Quetta,Saturday,16,Clear,High,Van,Residential,50,41.2,11,87.5,37.0,0
1624,Lahore,Thursday,9,Cloudy,Medium,Rickshaw,Residential,50,36.5,8,80.2,32.8,0
1625,Islamabad,Sunday,2,Rain,Severe,Motorcycle,Highway,100,60.9,6,92.4,49.9,0
1626,Peshawar,Sunday,17,Dust,Low,Motorcycle,Market,50,49.5,25,56.9,44.1,0
1627,Peshawar,Wednesday,17,Dust,High,Car,Market,50,38.8,26,73.1,41.3,0
1628,Karachi,Monday,16,Clear,Medium,Motorcycle,Market,50,50.9,21,90.2,46.9,0
1629,Islamabad,Wednesday,23,Clear,Medium,Car,Main Road,60,57.0,6,97.6,53.3,1
1630,Rawalpindi,Tuesday,2,Clear,High,Bus,Residential,50,48.3,11,95.1,48.7,0
1631,Quetta,Friday,2,Dust,High,Bus,School Zone,40,36.9,27,57.8,71.8,1
1632,Peshawar,Monday,5,Clear,High,Car,School Zone,40,22.5,23,93.5,33.6,0
1633,Islamabad,Monday,12,Rain,Low,Car,Residential,50,42.5,5,71.6,29.6,0
1634,Islamabad,Friday,23,Cloudy,Medium,Rickshaw,Main Road,60,53.4,5,84.4,23.4,0
1635,Multan,Monday,14,Fog,Low,Rickshaw,Residential,50,55.7,9,38.3,50.2,0
1636,Peshawar,Friday,8,Clear,Medium,Car,Main Road,60,69.9,6,88.1,29.7,0
1637,Multan,Monday,3,Cloudy,High,Motorcycle,Main Road,60,49.3,7,95.7,35.5,0
1638,Karachi,Sunday,13,Fog,Medium,Bus,Main Road,60,16.4,11,42.1,39.2,0
1639,Islamabad,Saturday,4,Rain,High,Car,Main Road,60,45.7,11,86.9,52.2,1
1640,Lahore,Saturday,1,Clear,Medium,Bus,Main Road,60,43.8,10,100.0,33.0,0
1641,Islamabad,Wednesday,10,Clear,Medium,Motorcycle,Residential,50,47.8,7,85.8,39.2,0
1642,Rawalpindi,Sunday,8,Dust,Medium,Rickshaw,Main Road,60,66.6,8,63.4,54.5,0
1643,Peshawar,Monday,23,Clear,Medium,Car,Main Road,60,52.4,8,100.0,13.5,0
1644,Rawalpindi,Thursday,2,Rain,Medium,Rickshaw,Main Road,60,53.2,7,76.3,28.6,0
1645,Karachi,Friday,8,Cloudy,Low,Motorcycle,Residential,50,48.2,10,91.6,49.5,0
1646,Quetta,Sunday,2,Fog,High,Car,Highway,100,68.7,15,40.5,55.2,1
1647,Lahore,Monday,1,Clear,Severe,Motorcycle,Market,50,45.5,20,84.5,66.2,0
1648,Peshawar,Saturday,11,Rain,High,Car,School Zone,40,10.0,33,79.9,52.0,1
1649,Islamabad,Saturday,9,Clear,Medium,Car,School Zone,40,43.6,47,84.1,50.8,0
1650,Lahore,Friday,8,Clear,Medium,Rickshaw,Residential,50,39.7,6,87.5,15.6,0
1651,Islamabad,Thursday,14,Clear,Medium,Motorcycle,Highway,100,91.1,10,99.2,51.5,0
1652,Karachi,Monday,7,Dust,Low,Car,Main Road,60,44.9,5,70.4,6.7,0
1653,Quetta,Monday,4,Dust,Medium,Car,Main Road,60,52.6,10,53.5,18.0,0
1654,Peshawar,Thursday,10,Clear,Severe,Car,Market,50,19.1,22,82.6,41.9,1
1655,Karachi,Thursday,1,Clear,Low,Bus,Main Road,60,75.6,7,86.9,46.2,0
1656,Karachi,Thursday,23,Rain,Medium,Car,Residential,50,19.0,11,64.6,30.6,0
1657,Quetta,Saturday,14,Rain,High,Car,Residential,50,18.7,7,74.3,32.4,0
1658,Karachi,Friday,5,Cloudy,Medium,Motorcycle,Main Road,60,59.3,6,100.0,40.3,0
1659,Karachi,Sunday,7,Fog,High,Car,Main Road,60,16.8,7,44.3,59.3,1
1660,Islamabad,Thursday,4,Dust,High,Car,Market,50,23.9,21,64.6,48.0,1
1661,Multan,Friday,15,Clear,Medium,Rickshaw,Main Road,60,55.6,8,87.5,36.8,0
1662,Rawalpindi,Wednesday,17,Clear,High,Car,Market,50,54.6,20,96.7,40.4,1
1663,Islamabad,Monday,5,Cloudy,Medium,Van,School Zone,40,30.7,36,87.7,49.6,0
1664,Quetta,Monday,4,Rain,High,Motorcycle,Residential,50,27.3,7,75.8,61.0,1
1665,Lahore,Tuesday,15,Clear,Low,Motorcycle,Residential,50,28.3,11,100.0,10.0,0
1666,Quetta,Wednesday,12,Rain,Low,Car,Market,50,37.2,21,57.4,19.5,0
1667,Quetta,Sunday,4,Clear,High,Motorcycle,Market,50,45.8,22,84.9,61.7,1
1668,Quetta,Thursday,12,Fog,Medium,Van,Market,50,19.0,21,46.2,36.6,0
1669,Quetta,Thursday,16,Rain,High,Car,Market,50,35.5,20,82.8,24.2,0
1670,Karachi,Sunday,17,Clear,Medium,Motorcycle,Highway,100,93.1,5,80.7,44.3,0
1671,Quetta,Saturday,7,Clear,High,Car,School Zone,40,23.0,42,100.0,49.1,0
1672,Lahore,Wednesday,12,Clear,Low,Rickshaw,Residential,50,60.2,9,92.7,32.9,0
1673,Quetta,Thursday,18,Rain,Severe,Motorcycle,Market,50,36.6,15,69.1,64.8,0
1674,Islamabad,Tuesday,2,Rain,Medium,Car,Residential,50,27.0,8,78.3,21.5,0
1675,Karachi,Friday,23,Cloudy,Low,Car,Main Road,60,57.8,10,98.6,21.3,0
1676,Islamabad,Monday,7,Clear,High,Car,School Zone,40,27.9,32,85.5,38.3,1
1677,Karachi,Wednesday,1,Clear,Severe,Motorcycle,Main Road,60,46.1,14,100.0,64.0,1
1678,Islamabad,Monday,7,Clear,Severe,Bus,Main Road,60,18.0,10,84.7,50.4,0
1679,Peshawar,Friday,12,Clear,Low,Bus,Market,50,60.0,23,94.3,51.5,0
1680,Rawalpindi,Wednesday,12,Clear,High,Car,Market,50,42.6,26,87.1,31.1,0
1681,Rawalpindi,Friday,0,Clear,Medium,Van,Highway,100,100.5,9,84.2,44.3,0
1682,Karachi,Thursday,5,Clear,High,Van,Market,50,29.6,24,87.9,34.4,0
1683,Peshawar,Sunday,23,Cloudy,Medium,Motorcycle,Highway,100,94.8,11,100.0,33.8,0
1684,Lahore,Thursday,18,Dust,Medium,Motorcycle,Highway,100,65.5,12,66.3,41.5,0
1685,Peshawar,Sunday,15,Clear,Severe,Car,Market,50,10.0,22,81.6,38.1,0
1686,Multan,Thursday,7,Cloudy,High,Motorcycle,Residential,50,51.8,8,96.9,58.9,1
1687,Karachi,Friday,0,Clear,High,Car,Highway,100,80.5,9,98.6,29.9,0
1688,Peshawar,Friday,15,Cloudy,High,Motorcycle,Highway,100,69.3,10,90.5,45.5,0
1689,Lahore,Friday,8,Fog,High,Bus,Residential,50,17.6,5,40.3,64.9,1
1690,Karachi,Monday,12,Clear,Low,Motorcycle,Main Road,60,74.2,7,86.6,36.0,0
1691,Rawalpindi,Friday,10,Clear,High,Motorcycle,Main Road,60,33.7,7,90.0,36.1,0
1692,Quetta,Thursday,12,Clear,High,Rickshaw,Residential,50,32.9,13,95.2,37.7,0
1693,Peshawar,Tuesday,20,Cloudy,Medium,Motorcycle,Residential,50,47.4,8,80.4,41.3,0
1694,Rawalpindi,Friday,9,Cloudy,High,Motorcycle,Residential,50,30.9,9,87.2,35.4,0
1695,Rawalpindi,Tuesday,3,Clear,High,Car,School Zone,40,20.9,34,73.5,63.4,1
1696,Islamabad,Sunday,5,Clear,Severe,Motorcycle,Residential,50,34.5,9,97.7,46.7,0
1697,Lahore,Thursday,6,Dust,Medium,Rickshaw,Main Road,60,71.0,7,79.8,33.0,0
1698,Multan,Friday,4,Clear,Medium,Car,Main Road,60,25.8,6,91.3,20.4,0
1699,Quetta,Monday,10,Clear,Severe,Car,Main Road,60,40.2,8,96.6,39.4,0
1700,Peshawar,Monday,12,Fog,Medium,Rickshaw,Main Road,60,42.7,11,48.6,39.7,0
1701,Rawalpindi,Sunday,18,Clear,High,Rickshaw,Main Road,60,38.2,8,92.8,51.5,0
1702,Rawalpindi,Tuesday,22,Dust,Severe,Motorcycle,Residential,50,16.5,11,68.6,64.0,1
1703,Multan,Saturday,9,Fog,High,Motorcycle,Highway,100,74.0,7,43.0,74.4,0
1704,Lahore,Monday,9,Clear,Severe,Motorcycle,Highway,100,71.4,7,80.5,48.0,0
1705,Quetta,Monday,10,Cloudy,Medium,Motorcycle,Residential,50,35.9,4,86.2,21.9,0
1706,Quetta,Monday,20,Cloudy,Low,Car,Residential,50,56.8,11,82.6,26.0,0
1707,Multan,Thursday,6,Dust,Low,Motorcycle,Residential,50,60.8,4,65.8,58.4,1
1708,Rawalpindi,Monday,17,Clear,High,Motorcycle,Main Road,60,49.6,4,86.7,29.9,0
1709,Rawalpindi,Wednesday,3,Rain,Low,Car,School Zone,40,10.0,42,78.5,57.9,0
1710,Rawalpindi,Friday,1,Fog,High,Car,Main Road,60,23.3,4,42.7,29.5,0
1711,Rawalpindi,Sunday,13,Dust,Low,Rickshaw,Highway,100,109.9,8,75.2,49.7,0
1712,Islamabad,Monday,12,Dust,Severe,Motorcycle,Highway,100,69.3,11,68.6,52.0,0
1713,Islamabad,Saturday,11,Rain,Low,Car,Main Road,60,52.4,10,81.6,44.5,0
1714,Multan,Saturday,6,Dust,Medium,Motorcycle,Main Road,60,42.4,4,56.5,35.0,0
1715,Quetta,Monday,1,Clear,High,Van,Residential,50,10.0,7,94.2,35.5,0
1716,Karachi,Monday,12,Rain,High,Motorcycle,Main Road,60,39.8,8,72.6,44.7,0
1717,Peshawar,Wednesday,13,Rain,Medium,Car,Residential,50,39.9,9,82.3,31.3,0
1718,Lahore,Monday,16,Clear,Severe,Van,Main Road,60,31.8,11,100.0,43.6,1
1719,Karachi,Monday,8,Clear,Medium,Motorcycle,Market,50,47.2,25,92.7,39.8,0
1720,Islamabad,Friday,16,Cloudy,Medium,Rickshaw,Residential,50,50.7,5,88.0,35.7,0
1721,Islamabad,Saturday,7,Clear,Medium,Motorcycle,Residential,50,28.4,3,82.0,16.5,0
1722,Islamabad,Wednesday,1,Clear,High,Motorcycle,Main Road,60,55.0,9,94.7,78.8,1
1723,Karachi,Saturday,23,Clear,Medium,Motorcycle,Highway,100,96.7,9,88.1,50.6,0
1724,Islamabad,Wednesday,12,Fog,High,Van,Market,50,10.0,19,33.3,53.1,0
1725,Karachi,Saturday,2,Clear,Medium,Motorcycle,Highway,100,105.7,10,96.7,49.3,0
1726,Islamabad,Monday,15,Dust,Low,Motorcycle,Residential,50,55.1,9,75.9,53.4,0
1727,Rawalpindi,Saturday,5,Clear,Medium,Van,Highway,100,90.9,9,79.7,58.4,0
1728,Rawalpindi,Saturday,18,Cloudy,Severe,Bus,Residential,50,28.2,14,98.1,56.6,1
1729,Peshawar,Wednesday,6,Cloudy,High,Car,Main Road,60,45.9,18,99.2,26.0,0
1730,Islamabad,Sunday,9,Cloudy,Low,Car,Residential,50,75.8,13,79.3,41.4,0
1731,Multan,Tuesday,8,Rain,Low,Motorcycle,Residential,50,38.5,5,88.4,51.6,0
1732,Peshawar,Wednesday,1,Rain,Medium,Rickshaw,Main Road,60,35.7,10,75.4,16.1,0
1733,Karachi,Wednesday,14,Rain,High,Rickshaw,Market,50,31.3,22,82.6,47.3,1
1734,Peshawar,Wednesday,4,Clear,Low,Motorcycle,Highway,100,93.6,4,87.4,45.1,0
1735,Islamabad,Thursday,21,Rain,Medium,Car,Residential,50,37.8,8,83.2,30.3,0
1736,Karachi,Sunday,3,Clear,Medium,Rickshaw,Highway,100,73.8,6,97.5,12.1,0
1737,Multan,Thursday,19,Clear,High,Motorcycle,Market,50,59.6,20,95.5,65.0,0
1738,Karachi,Thursday,3,Dust,Low,Car,Main Road,60,62.8,6,51.9,33.3,0
1739,Rawalpindi,Wednesday,17,Dust,Medium,Car,Residential,50,24.4,4,69.4,22.9,0
1740,Karachi,Tuesday,3,Clear,High,Rickshaw,School Zone,40,15.0,36,84.9,48.9,0
1741,Karachi,Wednesday,16,Dust,Medium,Motorcycle,Main Road,60,64.1,7,75.5,51.8,0
1742,Peshawar,Monday,11,Rain,High,Rickshaw,Main Road,60,44.6,8,76.7,40.7,0
1743,Multan,Tuesday,21,Clear,Low,Motorcycle,Main Road,60,71.1,7,83.5,44.6,0
1744,Quetta,Thursday,16,Clear,Medium,Motorcycle,Highway,100,79.8,4,100.0,27.6,0
1745,Karachi,Saturday,9,Fog,Low,Car,Market,50,16.0,27,48.5,21.5,0
1746,Lahore,Saturday,21,Rain,High,Motorcycle,Main Road,60,40.7,9,93.2,63.6,0
1747,Quetta,Sunday,0,Clear,Low,Bus,Highway,100,86.8,7,92.1,39.9,0
1748,Rawalpindi,Friday,21,Cloudy,Low,Car,Market,50,42.6,15,87.3,21.0,0
1749,Multan,Sunday,23,Cloudy,Medium,Car,School Zone,40,30.7,39,85.8,33.5,0
1750,Multan,Tuesday,17,Cloudy,Medium,Bus,Residential,50,49.9,3,100.0,33.5,0
1751,Rawalpindi,Thursday,17,Cloudy,Medium,Van,Residential,50,45.2,7,92.6,37.0,0
1752,Karachi,Tuesday,13,Cloudy,Medium,Rickshaw,Main Road,60,42.0,4,77.7,0.0,0
1753,Peshawar,Tuesday,14,Cloudy,Medium,Car,Main Road,60,60.1,8,98.2,44.5,0
1754,Quetta,Saturday,11,Dust,Low,Car,Highway,100,90.0,9,69.2,44.2,0
1755,Rawalpindi,Wednesday,3,Fog,Medium,Bus,Residential,50,37.5,5,36.5,38.6,0
1756,Rawalpindi,Monday,2,Rain,Low,Rickshaw,Highway,100,97.7,10,80.0,41.0,0
1757,Lahore,Friday,19,Fog,Low,Motorcycle,Highway,100,87.2,10,44.9,51.8,0
1758,Karachi,Thursday,11,Dust,Low,Motorcycle,School Zone,40,56.8,33,66.3,70.9,1
1759,Quetta,Tuesday,6,Clear,Low,Car,Residential,50,53.8,8,99.5,38.3,0
1760,Rawalpindi,Friday,10,Fog,High,Motorcycle,Main Road,60,19.2,8,42.9,44.1,0
1761,Multan,Tuesday,0,Clear,High,Motorcycle,Main Road,60,52.2,8,89.4,53.2,0
1762,Rawalpindi,Saturday,5,Clear,Medium,Car,Main Road,60,42.1,4,77.4,37.0,0
1763,Rawalpindi,Monday,14,Cloudy,High,Motorcycle,School Zone,40,31.9,36,92.0,76.4,1
1764,Rawalpindi,Saturday,14,Cloudy,Severe,Motorcycle,Highway,100,53.2,7,97.4,43.6,0
1765,Peshawar,Friday,18,Cloudy,Medium,Car,Market,50,10.0,13,100.0,0.0,0
1766,Islamabad,Thursday,10,Rain,Medium,Car,Main Road,60,62.2,6,74.5,49.8,0
1767,Lahore,Tuesday,22,Clear,Severe,Motorcycle,Market,50,34.2,19,94.3,59.3,0
1768,Multan,Monday,1,Fog,High,Car,Highway,100,60.3,11,54.2,46.7,0
1769,Peshawar,Saturday,13,Clear,High,Bus,Main Road,60,41.3,6,88.2,38.7,0
1770,Lahore,Friday,1,Fog,Medium,Motorcycle,Market,50,39.7,18,38.5,58.6,0
1771,Rawalpindi,Saturday,3,Clear,Medium,Motorcycle,Main Road,60,61.2,8,97.2,13.3,0
1772,Lahore,Tuesday,16,Cloudy,Medium,Rickshaw,Main Road,60,56.4,12,76.9,50.8,0
1773,Karachi,Tuesday,2,Clear,High,Bus,Main Road,60,46.3,6,83.2,37.8,0
1774,Karachi,Thursday,12,Cloudy,Medium,Motorcycle,Highway,100,97.4,9,77.6,49.9,1
1775,Islamabad,Monday,8,Clear,High,Car,Main Road,60,50.9,7,86.7,32.9,0
1776,Islamabad,Wednesday,6,Clear,Severe,Motorcycle,Market,50,45.0,17,91.9,59.1,1
1777,Lahore,Saturday,14,Clear,Medium,Motorcycle,Main Road,60,52.2,9,100.0,49.1,1
1778,Peshawar,Tuesday,22,Cloudy,Medium,Rickshaw,Residential,50,34.8,6,90.7,0.0,0
1779,Peshawar,Friday,10,Fog,High,Car,Main Road,60,28.9,8,52.0,48.6,0
1780,Rawalpindi,Saturday,19,Clear,Low,Car,Highway,100,89.8,7,82.2,0.0,0
1781,Peshawar,Thursday,1,Cloudy,Severe,Motorcycle,Residential,50,19.0,7,92.3,63.6,1
1782,Islamabad,Thursday,14,Rain,High,Motorcycle,School Zone,40,17.0,36,74.5,58.3,1
1783,Peshawar,Tuesday,13,Clear,Low,Van,Residential,50,49.5,7,96.9,38.5,0
1784,Rawalpindi,Tuesday,19,Clear,Medium,Rickshaw,Main Road,60,55.8,5,85.9,54.0,0
1785,Karachi,Tuesday,21,Clear,High,Rickshaw,Residential,50,41.1,11,84.9,32.0,0
1786,Peshawar,Sunday,10,Clear,Medium,Motorcycle,Main Road,60,75.2,10,91.6,54.0,0
1787,Peshawar,Wednesday,2,Clear,Low,Car,School Zone,40,34.3,43,93.0,38.8,0
1788,Islamabad,Tuesday,16,Clear,Medium,Car,Main Road,60,57.8,11,73.5,49.1,0
1789,Lahore,Saturday,11,Clear,High,Van,Main Road,60,61.9,4,83.6,50.7,0
1790,Karachi,Saturday,23,Rain,Medium,Motorcycle,Market,50,30.3,16,96.3,38.6,0
1791,Lahore,Sunday,20,Rain,High,Van,Main Road,60,64.7,10,69.0,48.9,0
1792,Rawalpindi,Sunday,14,Rain,Medium,Bus,Main Road,60,44.7,11,86.1,19.9,0
1793,Rawalpindi,Monday,15,Cloudy,Low,Car,Residential,50,41.0,7,94.4,23.1,0
1794,Lahore,Friday,4,Clear,Medium,Motorcycle,Main Road,60,42.5,15,100.0,30.8,0
1795,Islamabad,Tuesday,19,Clear,Medium,Rickshaw,Main Road,60,73.0,3,95.6,39.0,0
1796,Quetta,Saturday,5,Clear,Severe,Rickshaw,Market,50,25.5,19,83.6,45.3,0
1797,Islamabad,Sunday,18,Cloudy,Severe,Car,Main Road,60,32.2,9,88.7,56.3,0
1798,Quetta,Saturday,4,Fog,Low,Motorcycle,Market,50,41.6,22,51.5,38.7,0
1799,Quetta,Saturday,2,Clear,Medium,Car,Residential,50,21.7,12,86.3,16.6,0
1800,Islamabad,Sunday,0,Clear,Severe,Car,Highway,100,54.2,6,89.4,46.0,0
1801,Quetta,Wednesday,5,Cloudy,Medium,Bus,Highway,100,93.2,5,83.0,24.5,0
1802,Quetta,Sunday,14,Dust,Medium,Van,Main Road,60,38.8,7,59.8,33.2,0
1803,Quetta,Sunday,1,Clear,Low,Car,School Zone,40,47.8,35,100.0,42.3,1
1804,Karachi,Friday,2,Clear,High,Rickshaw,Highway,100,77.4,9,95.0,22.4,0
1805,Rawalpindi,Sunday,16,Dust,Medium,Car,Residential,50,45.8,7,68.3,57.7,1
1806,Quetta,Thursday,23,Clear,High,Car,Market,50,13.5,25,100.0,43.1,0
1807,Rawalpindi,Sunday,11,Cloudy,Medium,Motorcycle,Highway,100,81.5,4,97.0,41.1,0
1808,Multan,Saturday,17,Dust,Low,Rickshaw,Residential,50,43.9,10,69.4,32.4,0
1809,Rawalpindi,Tuesday,14,Fog,Low,Motorcycle,Residential,50,28.3,7,50.1,59.7,1
1810,Multan,Saturday,11,Clear,Severe,Motorcycle,Market,50,36.3,17,82.6,46.3,1
1811,Karachi,Friday,15,Clear,Severe,Van,Main Road,60,40.2,13,86.2,42.7,0
1812,Rawalpindi,Thursday,7,Clear,High,Van,Market,50,36.8,26,87.4,25.5,0
1813,Lahore,Sunday,13,Cloudy,Low,Motorcycle,Main Road,60,47.0,8,90.0,16.3,0
1814,Peshawar,Wednesday,16,Cloudy,Medium,Car,Main Road,60,53.7,12,87.5,25.2,0
1815,Karachi,Monday,20,Fog,Medium,Van,Highway,100,82.5,6,42.2,31.7,0
1816,Peshawar,Sunday,7,Cloudy,Medium,Rickshaw,Residential,50,49.6,5,100.0,43.0,0
1817,Lahore,Tuesday,14,Cloudy,Severe,Van,Residential,50,24.4,7,85.8,49.8,0
1818,Islamabad,Monday,13,Clear,Low,Car,Main Road,60,77.3,6,100.0,49.5,0
1819,Islamabad,Wednesday,17,Clear,High,Motorcycle,Main Road,60,30.1,10,89.4,56.8,0
1820,Quetta,Friday,19,Clear,Medium,Motorcycle,Residential,50,37.5,2,97.5,17.7,0
1821,Islamabad,Friday,6,Clear,Medium,Car,Highway,100,91.3,5,80.5,41.5,0
1822,Karachi,Wednesday,2,Rain,High,Van,Highway,100,78.6,6,87.1,57.0,0
1823,Islamabad,Saturday,11,Cloudy,Medium,Car,School Zone,40,41.4,42,98.1,48.8,0
1824,Karachi,Wednesday,20,Clear,Low,Motorcycle,Highway,100,95.1,8,87.5,47.5,0
1825,Karachi,Sunday,23,Clear,Medium,Car,School Zone,40,45.3,30,78.3,38.9,1
1826,Peshawar,Tuesday,2,Clear,Severe,Car,Market,50,31.2,21,77.5,57.9,0
1827,Islamabad,Thursday,19,Clear,Medium,Car,Main Road,60,49.8,6,93.8,34.2,0
1828,Rawalpindi,Sunday,13,Dust,Low,Bus,Highway,100,104.8,7,74.7,54.6,1
1829,Multan,Sunday,14,Fog,High,Motorcycle,School Zone,40,42.8,36,58.1,98.4,1
1830,Islamabad,Sunday,13,Clear,Low,Motorcycle,Residential,50,44.9,10,95.6,45.1,0
1831,Islamabad,Monday,6,Rain,Medium,Rickshaw,Main Road,60,47.1,5,75.5,35.8,0
1832,Islamabad,Monday,16,Clear,Medium,Motorcycle,Main Road,60,68.5,12,88.6,41.2,0
1833,Quetta,Friday,11,Clear,Medium,Motorcycle,Market,50,45.2,14,81.5,46.7,0
1834,Rawalpindi,Sunday,19,Cloudy,Medium,Car,Market,50,33.0,18,94.3,10.5,0
1835,Rawalpindi,Saturday,3,Clear,High,Rickshaw,Main Road,60,32.6,11,95.0,25.7,0
1836,Karachi,Friday,8,Clear,Low,Motorcycle,School Zone,40,39.8,36,91.9,56.6,0
1837,Rawalpindi,Tuesday,5,Clear,Medium,Motorcycle,Market,50,43.9,16,95.1,29.4,0
1838,Karachi,Wednesday,15,Clear,Low,Car,Market,50,49.2,15,92.7,34.7,0
1839,Multan,Monday,21,Clear,Medium,Motorcycle,Market,50,39.8,24,82.3,17.0,0
1840,Peshawar,Sunday,21,Clear,Low,Bus,Main Road,60,52.9,9,99.0,28.0,0
1841,Karachi,Tuesday,20,Clear,Medium,Bus,School Zone,40,24.3,33,91.3,6.5,0
1842,Islamabad,Friday,20,Rain,Medium,Rickshaw,Main Road,60,29.9,5,90.5,7.8,0
1843,Lahore,Friday,1,Clear,Low,Motorcycle,Highway,100,77.5,11,94.9,27.1,0
1844,Lahore,Monday,23,Clear,Medium,Car,Residential,50,10.0,9,91.7,13.8,0
1845,Quetta,Friday,7,Clear,Medium,Rickshaw,Main Road,60,52.6,10,85.5,11.6,0
1846,Islamabad,Saturday,10,Dust,Medium,Motorcycle,Residential,50,47.6,9,63.2,42.9,0
1847,Karachi,Friday,12,Clear,Medium,Motorcycle,Main Road,60,49.1,12,81.7,13.4,0
1848,Islamabad,Thursday,16,Dust,Medium,Car,Highway,100,90.5,4,62.2,49.3,0
1849,Quetta,Wednesday,7,Clear,High,Car,Highway,100,82.1,9,85.0,29.8,0
1850,Rawalpindi,Friday,20,Fog,High,Car,Highway,100,74.0,7,48.0,78.3,1
1851,Karachi,Thursday,17,Clear,Medium,Motorcycle,Highway,100,79.6,8,94.9,30.1,0
1852,Multan,Tuesday,17,Clear,Severe,Car,Highway,100,57.1,10,86.6,42.3,0
1853,Islamabad,Friday,13,Cloudy,Severe,Car,Market,50,14.4,27,94.5,36.7,0
1854,Rawalpindi,Saturday,14,Cloudy,Low,Bus,School Zone,40,34.4,46,86.7,34.2,0
1855,Quetta,Tuesday,5,Cloudy,Medium,Car,Main Road,60,55.4,5,84.2,53.6,1
1856,Rawalpindi,Sunday,10,Clear,High,Car,Main Road,60,33.3,11,79.1,33.8,0
1857,Karachi,Friday,12,Clear,Low,Bus,Main Road,60,55.4,14,93.2,43.7,0
1858,Quetta,Monday,0,Cloudy,Medium,Car,Main Road,60,42.5,5,86.0,16.7,0
1859,Quetta,Thursday,5,Fog,Severe,Motorcycle,Main Road,60,17.8,11,64.0,79.2,1
1860,Quetta,Thursday,8,Fog,High,Motorcycle,Residential,50,22.4,6,30.0,82.2,1
1861,Peshawar,Monday,7,Cloudy,Low,Rickshaw,Highway,100,97.7,12,91.0,40.3,0
1862,Quetta,Wednesday,10,Clear,High,Car,Market,50,14.8,23,95.5,42.4,0
1863,Peshawar,Sunday,21,Clear,Medium,Car,Market,50,52.9,28,83.7,32.0,0
1864,Rawalpindi,Saturday,18,Dust,Severe,Car,School Zone,40,10.0,39,66.0,57.8,0
1865,Multan,Thursday,23,Dust,Medium,Rickshaw,School Zone,40,38.7,32,70.4,71.3,1
1866,Peshawar,Tuesday,8,Fog,Medium,Car,Market,50,30.6,24,40.8,14.4,0
1867,Rawalpindi,Saturday,16,Cloudy,High,Van,Main Road,60,58.6,6,96.8,60.1,0
1868,Peshawar,Thursday,11,Dust,Medium,Motorcycle,Market,50,15.4,24,61.6,35.9,0
1869,Rawalpindi,Sunday,13,Dust,Low,Motorcycle,Market,50,52.0,25,53.1,60.9,0
1870,Rawalpindi,Wednesday,14,Cloudy,Low,Car,Main Road,60,69.6,8,75.0,53.5,0
1871,Multan,Sunday,15,Rain,Medium,Van,Main Road,60,24.4,8,92.1,42.5,0
1872,Quetta,Tuesday,21,Clear,Severe,Rickshaw,Main Road,60,37.1,6,100.0,37.8,0
1873,Multan,Sunday,21,Cloudy,Medium,Motorcycle,Highway,100,90.3,2,80.8,43.9,0
1874,Multan,Saturday,19,Fog,Low,Car,Residential,50,44.6,7,30.9,55.1,1
1875,Quetta,Tuesday,0,Clear,High,Car,Residential,50,53.4,9,100.0,59.6,0
1876,Rawalpindi,Monday,9,Rain,Low,Motorcycle,Highway,100,90.8,6,81.6,57.2,0
1877,Quetta,Friday,7,Clear,Medium,Motorcycle,School Zone,40,27.1,30,78.9,37.9,0
1878,Rawalpindi,Monday,17,Rain,Medium,Car,Residential,50,14.8,13,61.5,22.0,0
1879,Quetta,Saturday,0,Cloudy,Medium,Rickshaw,Market,50,34.5,20,90.3,24.7,0
1880,Lahore,Friday,1,Fog,Low,Motorcycle,Main Road,60,47.7,7,33.8,47.1,0
1881,Peshawar,Monday,0,Rain,Low,Car,Residential,50,48.3,8,87.5,44.1,1
1882,Multan,Friday,0,Clear,High,Car,Market,50,25.2,21,93.1,35.0,0
1883,Rawalpindi,Thursday,8,Clear,Low,Van,Main Road,60,41.0,10,84.5,12.5,0
1884,Islamabad,Sunday,12,Rain,High,Motorcycle,Main Road,60,47.1,10,65.7,53.1,1
1885,Quetta,Tuesday,0,Clear,High,Motorcycle,Highway,100,107.8,8,89.9,56.0,0
1886,Quetta,Friday,12,Cloudy,Low,Bus,Main Road,60,41.3,8,95.5,23.1,0
1887,Karachi,Thursday,19,Clear,Severe,Rickshaw,School Zone,40,24.7,29,100.0,40.6,0
1888,Islamabad,Sunday,21,Dust,Low,Bus,Main Road,60,79.8,8,57.8,56.2,0
1889,Islamabad,Sunday,6,Clear,High,Bus,Residential,50,32.7,11,71.0,46.9,0
1890,Multan,Wednesday,1,Dust,Medium,Car,Residential,50,51.1,11,74.4,37.5,0
1891,Lahore,Monday,5,Rain,Low,Motorcycle,Main Road,60,72.6,9,71.1,56.8,0
1892,Peshawar,Wednesday,6,Clear,Severe,Bus,Market,50,19.8,24,76.5,38.0,0
1893,Lahore,Saturday,13,Cloudy,Severe,Van,Residential,50,21.5,5,95.4,38.2,0
1894,Peshawar,Thursday,17,Dust,Medium,Motorcycle,School Zone,40,25.4,34,64.8,53.2,0
1895,Rawalpindi,Wednesday,14,Rain,Medium,Motorcycle,School Zone,40,13.0,37,79.8,42.0,0
1896,Multan,Wednesday,1,Clear,Severe,Motorcycle,Highway,100,69.7,5,85.5,56.6,0
1897,Lahore,Sunday,9,Fog,Medium,Rickshaw,Main Road,60,30.2,10,45.8,26.4,0
1898,Karachi,Thursday,22,Clear,Medium,Motorcycle,Main Road,60,68.6,14,100.0,61.9,1
1899,Peshawar,Sunday,11,Clear,Medium,Bus,Main Road,60,77.3,7,97.1,32.2,0
1900,Lahore,Tuesday,16,Rain,High,Motorcycle,Highway,100,84.0,7,85.6,40.7,0
1901,Multan,Friday,7,Clear,High,Motorcycle,Market,50,35.0,34,84.1,65.1,0
1902,Karachi,Saturday,10,Cloudy,Severe,Rickshaw,Main Road,60,32.8,15,90.8,53.1,0
1903,Multan,Saturday,2,Rain,Medium,Rickshaw,Residential,50,30.0,4,79.2,37.7,0
1904,Islamabad,Monday,5,Cloudy,High,Car,School Zone,40,10.0,39,85.4,59.0,0
1905,Quetta,Sunday,8,Clear,Low,Motorcycle,Highway,100,95.2,1,90.9,42.1,0
1906,Rawalpindi,Friday,5,Cloudy,High,Motorcycle,School Zone,40,20.4,37,76.8,50.0,0
1907,Multan,Monday,8,Cloudy,Medium,Motorcycle,Highway,100,100.9,11,100.0,55.2,0
1908,Rawalpindi,Saturday,6,Cloudy,Low,Car,Highway,100,87.0,9,89.0,14.8,0
1909,Multan,Friday,8,Dust,High,Bus,Highway,100,78.1,8,70.4,53.0,0
1910,Islamabad,Wednesday,17,Clear,Low,Motorcycle,Market,50,59.0,19,95.4,39.8,0
1911,Multan,Tuesday,11,Rain,Medium,Motorcycle,Market,50,49.4,18,76.4,54.7,1
1912,Multan,Wednesday,7,Rain,Medium,Car,Highway,100,72.3,11,89.0,22.4,0
1913,Lahore,Tuesday,7,Rain,High,Van,Main Road,60,27.9,8,72.9,43.0,0
1914,Quetta,Sunday,17,Cloudy,Medium,Car,Residential,50,28.0,7,87.4,13.2,0
1915,Islamabad,Thursday,19,Clear,Low,Car,School Zone,40,51.6,39,100.0,54.7,0
1916,Karachi,Monday,14,Clear,Low,Bus,Highway,100,120.0,6,100.0,42.1,1
1917,Quetta,Monday,6,Rain,High,Motorcycle,School Zone,40,11.0,42,74.4,68.0,0
1918,Peshawar,Thursday,10,Clear,Low,Rickshaw,School Zone,40,59.5,38,87.3,74.4,1
1919,Lahore,Friday,19,Clear,High,Rickshaw,Market,50,23.7,26,84.7,41.1,0
1920,Quetta,Thursday,15,Cloudy,Severe,Bus,Main Road,60,32.0,11,100.0,39.2,0
1921,Peshawar,Sunday,3,Dust,Medium,Car,Highway,100,73.6,9,73.8,9.2,0
1922,Islamabad,Saturday,5,Clear,High,Van,Main Road,60,41.4,6,82.8,54.9,1
1923,Multan,Thursday,21,Fog,Medium,Bus,Main Road,60,56.0,6,30.7,46.3,0
1924,Rawalpindi,Tuesday,2,Clear,Medium,Car,Main Road,60,45.4,11,87.9,12.4,0
1925,Quetta,Saturday,8,Cloudy,Low,Rickshaw,Main Road,60,58.9,1,97.2,42.8,0
1926,Quetta,Thursday,9,Cloudy,Medium,Car,Market,50,44.5,27,78.0,18.1,0
1927,Peshawar,Monday,13,Clear,Severe,Motorcycle,Highway,100,68.4,11,95.2,42.4,0
1928,Peshawar,Wednesday,10,Dust,Severe,Motorcycle,Highway,100,69.1,4,61.1,52.2,0
1929,Rawalpindi,Tuesday,17,Clear,Severe,Car,Main Road,60,39.8,14,94.6,25.7,0
1930,Peshawar,Sunday,21,Clear,Severe,Car,Highway,100,50.1,11,91.2,42.8,0
1931,Peshawar,Tuesday,11,Rain,Low,Rickshaw,Highway,100,72.6,9,81.8,31.9,0
1932,Quetta,Friday,22,Cloudy,Low,Motorcycle,Main Road,60,60.6,9,80.1,44.6,1
1933,Rawalpindi,Wednesday,11,Fog,Medium,Bus,Residential,50,32.3,9,42.0,33.3,0
1934,Rawalpindi,Tuesday,12,Clear,High,Motorcycle,Market,50,47.6,28,93.1,58.4,1
1935,Multan,Thursday,12,Clear,Medium,Van,Residential,50,34.5,6,100.0,27.8,0
1936,Quetta,Tuesday,18,Clear,Severe,Car,School Zone,40,27.5,19,89.9,38.9,0
1937,Multan,Tuesday,18,Rain,High,Car,Residential,50,26.6,10,76.4,71.2,1
1938,Islamabad,Tuesday,22,Cloudy,High,Bus,Main Road,60,33.9,6,91.0,32.3,0
1939,Islamabad,Friday,13,Fog,Low,Motorcycle,Residential,50,10.0,9,39.4,27.5,0
1940,Quetta,Tuesday,3,Rain,Low,Rickshaw,Market,50,41.8,22,83.5,28.7,0
1941,Peshawar,Tuesday,12,Fog,Medium,Motorcycle,School Zone,40,10.0,52,40.4,42.8,0
1942,Lahore,Friday,7,Fog,Severe,Car,Residential,50,23.4,8,51.1,72.0,0
1943,Islamabad,Saturday,22,Clear,Medium,Bus,School Zone,40,39.2,34,95.3,86.3,1
1944,Islamabad,Wednesday,20,Clear,High,Motorcycle,Main Road,60,48.7,6,85.4,41.8,0
1945,Quetta,Sunday,22,Clear,Severe,Car,Residential,50,23.2,10,82.5,68.2,0
1946,Multan,Saturday,18,Clear,Medium,Car,Market,50,59.4,24,96.4,54.4,0
1947,Quetta,Monday,11,Cloudy,Low,Motorcycle,School Zone,40,45.0,40,97.6,62.4,0
1948,Lahore,Friday,17,Clear,Medium,Bus,Highway,100,110.8,11,86.8,36.2,0
1949,Lahore,Friday,5,Clear,Medium,Car,Main Road,60,38.7,11,100.0,7.0,0
1950,Rawalpindi,Tuesday,17,Clear,Severe,Motorcycle,Main Road,60,36.9,9,98.5,52.8,0
1951,Quetta,Tuesday,18,Clear,Low,Motorcycle,Main Road,60,68.4,9,86.0,51.5,0
1952,Islamabad,Sunday,21,Clear,Medium,Car,Market,50,54.2,24,91.9,44.9,0
1953,Multan,Monday,4,Clear,Medium,Motorcycle,Residential,50,46.9,7,94.0,53.6,0
1954,Multan,Tuesday,23,Clear,Medium,Van,Highway,100,87.9,7,100.0,6.7,0
1955,Karachi,Thursday,8,Clear,Low,Car,School Zone,40,50.0,27,73.9,44.8,0
1956,Karachi,Tuesday,2,Dust,High,Motorcycle,Highway,100,79.9,12,64.4,47.7,0
1957,Peshawar,Tuesday,9,Clear,Medium,Car,Main Road,60,45.6,8,96.2,22.4,0
1958,Islamabad,Thursday,18,Dust,High,Car,School Zone,40,23.3,38,60.0,50.5,0
1959,Karachi,Monday,2,Cloudy,Medium,Bus,Main Road,60,66.1,6,100.0,39.7,0
1960,Multan,Thursday,21,Clear,Medium,Van,Residential,50,35.1,9,77.6,28.0,0
1961,Islamabad,Friday,14,Cloudy,Severe,Van,Main Road,60,25.5,5,100.0,33.8,0
1962,Quetta,Thursday,0,Clear,Low,Bus,Main Road,60,46.9,8,100.0,27.4,0
1963,Islamabad,Wednesday,6,Clear,Low,Car,Main Road,60,56.2,9,89.6,51.0,1
1964,Karachi,Friday,11,Rain,Medium,Motorcycle,Residential,50,44.6,4,75.5,53.1,0
1965,Multan,Tuesday,16,Fog,High,Car,Main Road,60,29.2,10,43.9,44.2,0
1966,Islamabad,Sunday,20,Fog,Medium,Car,Main Road,60,38.8,8,49.5,23.2,0
1967,Lahore,Friday,23,Cloudy,Medium,Motorcycle,Market,50,59.9,23,97.3,41.0,0
1968,Peshawar,Monday,19,Clear,Low,Motorcycle,Market,50,73.3,21,89.5,61.6,1
1969,Rawalpindi,Monday,4,Clear,Low,Van,Main Road,60,52.7,8,87.3,11.3,0
1970,Multan,Thursday,3,Cloudy,Low,Rickshaw,Residential,50,52.9,4,84.0,47.2,0
1971,Karachi,Friday,11,Dust,Severe,Car,Market,50,29.2,21,60.5,45.9,0
1972,Quetta,Tuesday,19,Clear,High,Motorcycle,Main Road,60,32.4,3,88.9,28.7,0
1973,Rawalpindi,Monday,23,Dust,Low,Car,School Zone,40,26.2,32,79.9,42.8,0
1974,Peshawar,Saturday,17,Clear,Low,Motorcycle,Highway,100,110.3,6,89.4,55.6,1
1975,Multan,Tuesday,16,Cloudy,Low,Motorcycle,Main Road,60,37.3,7,90.9,35.3,0
1976,Multan,Saturday,18,Fog,Medium,Motorcycle,Residential,50,45.7,10,47.1,49.5,0
1977,Lahore,Wednesday,8,Fog,High,Motorcycle,Residential,50,16.2,6,55.3,86.8,1
1978,Lahore,Saturday,3,Cloudy,Medium,Car,Residential,50,46.0,9,84.4,33.7,0
1979,Lahore,Monday,20,Clear,Low,Motorcycle,Highway,100,84.8,3,100.0,25.0,0
1980,Lahore,Thursday,1,Clear,Medium,Motorcycle,Market,50,39.4,21,95.7,18.5,0
1981,Karachi,Wednesday,3,Clear,Low,Car,Highway,100,106.7,7,87.4,18.2,0
1982,Multan,Friday,1,Rain,Medium,Car,Main Road,60,23.7,3,94.9,23.3,0
1983,Karachi,Tuesday,14,Cloudy,High,Rickshaw,Market,50,37.0,25,96.4,38.5,0
1984,Islamabad,Monday,1,Cloudy,Medium,Car,School Zone,40,30.0,42,90.8,56.8,0
1985,Quetta,Wednesday,3,Clear,Low,Car,Highway,100,120.0,14,91.1,52.6,0
1986,Islamabad,Wednesday,5,Clear,Medium,Bus,Residential,50,64.1,6,100.0,31.9,0
1987,Quetta,Monday,6,Cloudy,High,Car,Main Road,60,53.7,10,93.7,37.2,0
1988,Peshawar,Friday,9,Dust,Low,Motorcycle,Residential,50,52.4,5,51.9,67.8,1
1989,Islamabad,Friday,18,Clear,Low,Rickshaw,Residential,50,30.7,14,99.7,21.2,0
1990,Peshawar,Thursday,18,Rain,Medium,Rickshaw,Market,50,35.0,16,76.8,12.0,0
1991,Peshawar,Sunday,21,Clear,Medium,Motorcycle,Main Road,60,40.2,6,98.4,31.0,0
1992,Peshawar,Saturday,11,Rain,Low,Van,Residential,50,48.6,8,70.4,53.7,0
1993,Lahore,Friday,2,Fog,Low,Van,Highway,100,68.8,8,45.2,44.0,1
1994,Rawalpindi,Thursday,12,Clear,Low,Rickshaw,Market,50,42.7,19,88.3,21.6,0
1995,Rawalpindi,Saturday,17,Clear,Medium,Car,Residential,50,42.5,6,83.1,12.6,0
1996,Karachi,Wednesday,7,Clear,Low,Rickshaw,Main Road,60,48.6,7,76.4,29.5,0
1997,Peshawar,Monday,20,Clear,High,Car,Main Road,60,43.0,9,87.2,37.9,0
1998,Lahore,Friday,14,Rain,Medium,Motorcycle,Highway,100,83.0,7,89.8,34.2,0
1999,Islamabad,Thursday,0,Clear,Medium,Rickshaw,Residential,50,35.1,9,87.7,22.0,0
2000,Islamabad,Wednesday,2,Clear,Medium,Car,Main Road,60,46.2,3,91.0,4.4,0
2001,Karachi,Friday,7,Cloudy,High,Motorcycle,Highway,100,98.7,8,90.5,64.7,1
2002,Karachi,Tuesday,3,Cloudy,Severe,Rickshaw,Main Road,60,31.7,9,70.7,32.3,0
2003,Peshawar,Sunday,15,Clear,High,Rickshaw,Main Road,60,30.7,9,99.4,33.2,0
2004,Peshawar,Wednesday,22,Cloudy,Medium,Rickshaw,Market,50,40.0,24,78.6,26.2,0
2005,Islamabad,Friday,9,Rain,High,Rickshaw,Main Road,60,30.8,5,81.1,39.2,0
2006,Islamabad,Wednesday,11,Clear,Medium,Car,Main Road,60,41.7,9,94.1,29.7,0
2007,Islamabad,Monday,13,Cloudy,Medium,Car,Residential,50,34.4,9,85.1,27.2,0
2008,Islamabad,Monday,13,Dust,Medium,Van,School Zone,40,43.8,37,56.2,68.5,1
2009,Rawalpindi,Sunday,1,Clear,Medium,Motorcycle,Market,50,58.3,20,91.7,21.2,0
2010,Peshawar,Monday,22,Rain,Low,Rickshaw,Main Road,60,33.9,10,81.2,19.8,0
2011,Peshawar,Saturday,4,Dust,Low,Car,Residential,50,54.3,7,67.7,38.2,0
2012,Islamabad,Tuesday,4,Dust,Low,Van,Main Road,60,66.3,2,60.5,23.0,0
2013,Lahore,Monday,5,Cloudy,Severe,Car,Market,50,23.3,21,85.4,63.9,0
2014,Islamabad,Tuesday,12,Rain,Low,Motorcycle,Residential,50,25.7,8,83.9,37.2,0
2015,Quetta,Monday,8,Rain,Medium,Rickshaw,Main Road,60,44.6,5,76.2,16.2,0
2016,Multan,Saturday,21,Rain,Severe,Bus,Residential,50,15.1,8,76.6,49.5,1
2017,Multan,Wednesday,14,Clear,High,Motorcycle,School Zone,40,28.9,33,93.0,65.8,1
2018,Karachi,Friday,13,Clear,Medium,Motorcycle,Residential,50,54.5,9,92.9,52.9,0
2019,Quetta,Friday,23,Clear,High,Car,Highway,100,104.1,4,87.4,50.1,1
2020,Lahore,Monday,6,Clear,Medium,Motorcycle,Residential,50,41.6,8,70.4,35.8,0
2021,Karachi,Friday,19,Clear,Low,Rickshaw,Highway,100,112.7,9,96.7,37.2,0
2022,Multan,Monday,1,Clear,High,Motorcycle,Highway,100,87.4,7,78.6,42.5,0
2023,Lahore,Monday,6,Fog,Low,Bus,Highway,100,93.8,8,36.4,48.7,0
2024,Karachi,Sunday,5,Fog,High,Motorcycle,Market,50,14.5,25,41.7,45.7,0
2025,Islamabad,Thursday,16,Rain,Low,Car,School Zone,40,66.0,24,79.7,39.9,0
2026,Islamabad,Thursday,1,Fog,High,Motorcycle,School Zone,40,10.0,33,48.2,76.0,1
2027,Lahore,Sunday,2,Fog,Medium,Car,Main Road,60,36.9,8,49.4,30.5,0
2028,Karachi,Thursday,4,Dust,Severe,Car,Market,50,16.7,26,62.7,51.2,0
2029,Rawalpindi,Tuesday,4,Clear,Medium,Car,Market,50,54.6,23,91.8,34.9,0
2030,Lahore,Thursday,0,Clear,Severe,Rickshaw,Main Road,60,34.4,10,94.4,37.0,0
2031,Lahore,Monday,7,Cloudy,Medium,Bus,Main Road,60,47.2,10,94.9,23.7,0
2032,Quetta,Saturday,11,Clear,High,Rickshaw,Main Road,60,33.9,12,100.0,42.4,0
2033,Peshawar,Saturday,23,Rain,High,Motorcycle,Residential,50,16.2,9,84.9,54.7,0
2034,Lahore,Wednesday,3,Clear,Low,Car,Highway,100,96.7,6,100.0,32.1,0
2035,Rawalpindi,Thursday,12,Clear,High,Motorcycle,Highway,100,87.1,7,80.9,36.4,0
2036,Islamabad,Saturday,22,Clear,Low,Motorcycle,Highway,100,116.4,7,89.1,41.5,1
2037,Karachi,Thursday,14,Cloudy,Medium,Car,School Zone,40,35.0,41,82.1,43.6,0
2038,Peshawar,Wednesday,10,Cloudy,High,Motorcycle,Residential,50,10.0,12,85.1,56.3,1
2039,Karachi,Saturday,9,Rain,Severe,Rickshaw,Highway,100,80.3,5,80.9,66.0,1
2040,Islamabad,Monday,2,Clear,Medium,Bus,Market,50,61.1,25,83.4,53.8,0
2041,Lahore,Tuesday,21,Cloudy,Medium,Van,Residential,50,18.3,9,94.4,29.6,0
2042,Quetta,Sunday,13,Rain,Medium,Rickshaw,Main Road,60,43.4,10,72.8,8.2,0
2043,Rawalpindi,Sunday,15,Rain,High,Van,Residential,50,42.8,9,82.2,42.5,0
2044,Peshawar,Sunday,9,Clear,Severe,Car,Main Road,60,31.2,7,100.0,42.8,0
2045,Rawalpindi,Thursday,9,Clear,High,Car,Main Road,60,45.6,8,94.2,37.6,0
2046,Multan,Saturday,11,Clear,Medium,Car,Main Road,60,32.8,7,87.1,39.1,0
2047,Rawalpindi,Saturday,8,Rain,Low,Van,Highway,100,74.6,6,64.0,27.2,0
2048,Rawalpindi,Wednesday,0,Clear,Low,Car,Residential,50,45.4,13,97.0,63.7,0
2049,Rawalpindi,Monday,4,Clear,High,Motorcycle,Highway,100,74.1,12,77.7,47.6,1
2050,Islamabad,Friday,19,Clear,Severe,Motorcycle,Highway,100,74.1,8,100.0,60.3,1
2051,Rawalpindi,Saturday,7,Rain,High,Car,Market,50,10.0,25,68.4,35.1,0
2052,Quetta,Tuesday,10,Cloudy,Severe,Car,Residential,50,20.9,8,87.8,56.5,1
2053,Rawalpindi,Wednesday,11,Cloudy,Medium,Car,Highway,100,100.3,12,82.5,29.2,0
2054,Islamabad,Saturday,0,Cloudy,High,Rickshaw,Market,50,16.3,18,95.8,29.5,0
2055,Karachi,Saturday,21,Clear,Medium,Car,Highway,100,88.7,6,85.6,16.6,0
2056,Islamabad,Wednesday,19,Clear,Medium,Car,Main Road,60,53.9,6,86.8,25.7,0
2057,Multan,Wednesday,10,Clear,High,Motorcycle,Market,50,40.2,23,97.3,45.0,1
2058,Multan,Thursday,4,Clear,Medium,Bus,Main Road,60,55.9,11,87.7,40.2,0
2059,Quetta,Saturday,14,Dust,High,Motorcycle,Market,50,16.2,19,53.1,45.1,0
2060,Quetta,Friday,4,Cloudy,High,Car,Market,50,32.2,22,98.9,34.0,0
2061,Lahore,Tuesday,11,Rain,High,Rickshaw,Market,50,24.6,20,72.7,35.4,0
2062,Islamabad,Monday,4,Clear,High,Car,Market,50,53.9,21,85.3,60.1,0
2063,Karachi,Monday,16,Clear,Medium,Motorcycle,Residential,50,44.3,8,91.0,18.2,0
2064,Lahore,Friday,16,Clear,Medium,Rickshaw,Main Road,60,52.7,9,89.7,13.2,0
2065,Lahore,Wednesday,23,Cloudy,Low,Motorcycle,Highway,100,96.1,10,89.9,42.8,0
2066,Peshawar,Wednesday,11,Clear,Medium,Car,Residential,50,46.7,8,92.1,32.2,0
2067,Rawalpindi,Wednesday,23,Clear,Medium,Car,School Zone,40,26.9,33,81.1,36.6,0
2068,Lahore,Saturday,14,Rain,Low,Rickshaw,Residential,50,33.8,10,66.1,39.2,0
2069,Lahore,Wednesday,14,Fog,Medium,Motorcycle,Residential,50,38.2,8,44.1,37.3,0
2070,Quetta,Wednesday,5,Clear,Medium,Rickshaw,Market,50,20.4,23,86.6,17.8,0
2071,Karachi,Saturday,11,Clear,Low,Motorcycle,Market,50,61.0,17,90.5,58.1,1
2072,Lahore,Saturday,19,Clear,Medium,Motorcycle,Main Road,60,72.8,5,82.0,47.1,0
2073,Multan,Friday,17,Rain,Medium,Car,Main Road,60,37.1,9,87.3,43.6,1
2074,Karachi,Thursday,13,Clear,Low,Car,Main Road,60,58.4,11,94.7,33.8,0
2075,Rawalpindi,Saturday,1,Cloudy,Medium,Motorcycle,Main Road,60,45.0,6,90.4,25.1,0
2076,Multan,Tuesday,8,Cloudy,Medium,Motorcycle,Main Road,60,57.4,9,84.7,58.5,1
2077,Quetta,Wednesday,4,Clear,Medium,Car,Market,50,27.3,21,86.5,14.2,0
2078,Multan,Thursday,19,Clear,Medium,Rickshaw,Residential,50,32.4,6,82.0,10.2,0
2079,Peshawar,Monday,0,Clear,Medium,Motorcycle,School Zone,40,10.0,33,86.1,39.2,0
2080,Peshawar,Friday,22,Clear,Low,Motorcycle,Main Road,60,64.8,6,100.0,55.5,0
2081,Rawalpindi,Thursday,2,Clear,Low,Rickshaw,Highway,100,103.6,8,94.6,44.2,0
2082,Rawalpindi,Saturday,5,Cloudy,High,Car,Main Road,60,51.0,5,96.4,31.5,0
2083,Multan,Wednesday,4,Cloudy,Medium,Car,Highway,100,103.1,10,100.0,39.8,0
2084,Quetta,Wednesday,20,Clear,High,Car,School Zone,40,18.7,28,89.2,27.8,0
2085,Quetta,Wednesday,4,Cloudy,Medium,Car,Market,50,56.4,22,98.9,48.5,0
2086,Islamabad,Thursday,0,Clear,Severe,Rickshaw,Highway,100,87.8,6,82.6,43.2,0
2087,Lahore,Wednesday,16,Cloudy,Medium,Motorcycle,School Zone,40,30.1,34,100.0,37.9,0
2088,Lahore,Saturday,18,Rain,High,Car,Residential,50,10.0,7,65.9,56.0,0
2089,Lahore,Thursday,13,Rain,Low,Motorcycle,Main Road,60,72.8,10,69.2,65.6,0
2090,Karachi,Wednesday,11,Clear,Medium,Motorcycle,Market,50,36.8,13,99.1,38.7,0
2091,Islamabad,Monday,9,Cloudy,Medium,Motorcycle,Main Road,60,57.9,16,97.1,47.6,1
2092,Multan,Monday,19,Rain,Low,Car,Market,50,64.7,15,97.3,54.6,0
2093,Lahore,Tuesday,20,Clear,Low,Car,Market,50,56.7,23,78.7,44.9,1
2094,Karachi,Wednesday,17,Cloudy,Severe,Bus,Market,50,10.4,22,94.1,27.0,0
2095,Karachi,Wednesday,23,Dust,Severe,Rickshaw,Main Road,60,23.5,9,63.1,54.0,1
2096,Peshawar,Thursday,10,Clear,High,Rickshaw,Main Road,60,63.9,3,93.1,42.3,0
2097,Karachi,Thursday,1,Clear,High,Car,School Zone,40,21.8,33,91.5,54.8,1
2098,Rawalpindi,Sunday,17,Cloudy,Low,Car,Market,50,35.1,21,86.9,16.5,0
2099,Quetta,Wednesday,6,Clear,High,Motorcycle,Residential,50,13.6,4,90.3,36.3,0
2100,Karachi,Tuesday,23,Clear,Medium,Motorcycle,Highway,100,93.9,5,84.8,36.4,0
2101,Rawalpindi,Wednesday,14,Clear,Medium,Motorcycle,School Zone,40,35.8,35,97.5,44.5,0
2102,Rawalpindi,Saturday,10,Clear,High,Van,Residential,50,25.7,10,98.3,30.5,0
2103,Peshawar,Thursday,17,Clear,Low,Rickshaw,Main Road,60,51.7,9,88.8,19.9,0
2104,Multan,Wednesday,22,Clear,High,Car,Market,50,40.1,28,100.0,43.8,0
2105,Peshawar,Thursday,11,Clear,Medium,Car,School Zone,40,31.1,43,97.3,37.1,0
2106,Karachi,Wednesday,5,Cloudy,Medium,Rickshaw,School Zone,40,34.9,35,82.4,58.0,1
2107,Peshawar,Friday,19,Clear,Severe,Car,Highway,100,63.7,14,84.0,29.2,0
2108,Peshawar,Thursday,22,Clear,High,Car,Main Road,60,47.8,8,84.7,20.6,0
2109,Multan,Tuesday,12,Clear,Low,Motorcycle,Residential,50,63.0,6,98.6,38.0,0
2110,Quetta,Friday,19,Clear,High,Motorcycle,Main Road,60,65.7,8,100.0,82.3,1
2111,Lahore,Saturday,15,Clear,Medium,Rickshaw,Market,50,37.7,30,86.5,28.9,0
2112,Karachi,Wednesday,17,Clear,Low,Car,Main Road,60,72.1,8,95.1,40.0,0
2113,Multan,Sunday,9,Cloudy,High,Rickshaw,Residential,50,35.0,9,87.4,54.7,0
2114,Karachi,Saturday,22,Clear,Low,Car,Residential,50,50.2,12,83.2,55.1,0
2115,Karachi,Thursday,7,Clear,Low,Rickshaw,Residential,50,57.4,13,94.0,42.0,0
2116,Peshawar,Friday,17,Rain,Low,Motorcycle,Main Road,60,47.4,8,84.1,34.5,0
2117,Quetta,Saturday,20,Clear,Medium,Rickshaw,Main Road,60,21.3,6,83.3,11.6,0
2118,Peshawar,Tuesday,0,Cloudy,Low,Rickshaw,Market,50,29.5,20,85.6,18.5,0
2119,Rawalpindi,Sunday,22,Dust,High,Motorcycle,Highway,100,94.1,6,71.7,84.7,1
2120,Islamabad,Thursday,7,Clear,Medium,Motorcycle,Market,50,50.9,27,92.7,40.9,0
2121,Islamabad,Friday,5,Fog,Medium,Van,School Zone,40,30.5,39,45.2,48.4,0
2122,Multan,Saturday,4,Dust,Low,Motorcycle,Market,50,69.4,24,71.6,49.3,1
2123,Islamabad,Friday,14,Clear,Medium,Bus,Main Road,60,49.7,7,91.9,7.0,0
2124,Multan,Friday,21,Dust,Medium,Rickshaw,Residential,50,36.1,8,78.6,22.0,0
2125,Lahore,Saturday,14,Rain,Medium,Motorcycle,Highway,100,81.8,6,82.5,45.1,0
2126,Peshawar,Monday,1,Fog,Low,Rickshaw,Residential,50,35.6,8,52.4,32.4,0
2127,Rawalpindi,Wednesday,0,Cloudy,Low,Car,Highway,100,120.0,3,91.2,50.2,0
2128,Rawalpindi,Thursday,22,Cloudy,Medium,Motorcycle,Highway,100,113.8,4,94.7,42.7,0
2129,Islamabad,Thursday,22,Clear,High,Bus,School Zone,40,14.3,32,65.5,53.1,0
2130,Quetta,Sunday,10,Clear,Low,Rickshaw,Residential,50,51.3,7,87.6,33.4,0
2131,Lahore,Sunday,9,Clear,Medium,Car,Main Road,60,41.3,8,88.2,15.8,0
2132,Multan,Sunday,17,Clear,Medium,Rickshaw,Residential,50,53.7,10,91.7,42.8,0
2133,Lahore,Thursday,17,Fog,Severe,Motorcycle,School Zone,40,10.0,34,52.7,88.3,1
2134,Islamabad,Friday,16,Clear,High,Rickshaw,School Zone,40,28.1,31,87.5,38.1,0
2135,Multan,Sunday,7,Rain,Severe,Motorcycle,Main Road,60,10.0,5,73.3,34.2,0
2136,Multan,Saturday,14,Clear,High,Motorcycle,Main Road,60,22.7,6,92.2,27.2,0
2137,Islamabad,Wednesday,7,Clear,Medium,Car,Residential,50,54.4,10,85.4,56.4,0
2138,Peshawar,Tuesday,16,Cloudy,High,Motorcycle,Main Road,60,40.2,5,84.6,43.1,1
2139,Quetta,Thursday,11,Clear,Medium,Motorcycle,Highway,100,82.2,5,85.8,38.2,1
2140,Lahore,Saturday,7,Fog,Medium,Rickshaw,Main Road,60,28.1,5,50.3,24.6,0
2141,Rawalpindi,Wednesday,13,Clear,Medium,Van,Main Road,60,61.5,6,78.3,60.6,0
2142,Islamabad,Wednesday,3,Clear,Medium,Motorcycle,Main Road,60,47.4,9,100.0,39.7,0
2143,Peshawar,Monday,0,Clear,High,Car,Main Road,60,40.4,6,76.0,32.4,0
2144,Rawalpindi,Saturday,0,Clear,Low,Motorcycle,Main Road,60,61.1,14,96.9,24.9,0
2145,Lahore,Thursday,18,Clear,Low,Rickshaw,Market,50,81.4,26,86.3,32.0,0
2146,Islamabad,Sunday,15,Clear,High,Car,Market,50,38.6,24,100.0,19.2,0
2147,Multan,Friday,13,Cloudy,High,Car,Main Road,60,46.7,10,82.8,33.6,0
2148,Quetta,Sunday,20,Clear,High,Car,Main Road,60,33.5,12,78.3,28.7,0
2149,Islamabad,Wednesday,15,Clear,Severe,Motorcycle,Main Road,60,34.7,5,76.9,37.2,0
2150,Quetta,Wednesday,4,Dust,Medium,Motorcycle,Highway,100,76.8,9,58.4,19.8,0
2151,Peshawar,Tuesday,8,Clear,Low,Car,Main Road,60,78.0,7,84.0,24.6,0
2152,Peshawar,Sunday,1,Clear,Medium,Van,Main Road,60,35.9,8,85.9,2.3,0
2153,Lahore,Monday,17,Cloudy,High,Rickshaw,Residential,50,39.7,7,91.6,46.2,0
2154,Quetta,Wednesday,5,Rain,Low,Rickshaw,Highway,100,99.3,7,82.3,54.4,0
2155,Islamabad,Wednesday,8,Rain,Low,Motorcycle,Main Road,60,55.8,9,81.3,58.3,0
2156,Peshawar,Friday,0,Dust,Low,Van,Main Road,60,80.0,6,52.7,37.7,0
2157,Islamabad,Friday,8,Clear,Medium,Bus,Residential,50,40.9,11,90.3,26.5,0
2158,Lahore,Tuesday,15,Clear,Medium,Motorcycle,Highway,100,57.9,12,96.8,37.6,0
2159,Quetta,Saturday,12,Clear,High,Rickshaw,Market,50,44.1,24,95.1,28.4,0
2160,Islamabad,Tuesday,8,Dust,High,Rickshaw,Residential,50,37.8,11,74.0,39.0,1
2161,Rawalpindi,Tuesday,20,Clear,High,Rickshaw,Main Road,60,34.9,9,91.0,46.4,0
2162,Islamabad,Friday,12,Cloudy,Medium,Rickshaw,Main Road,60,53.0,7,88.8,0.0,0
2163,Karachi,Sunday,8,Rain,Medium,Rickshaw,School Zone,40,11.8,27,89.7,24.4,0
2164,Karachi,Sunday,10,Clear,Medium,Van,Main Road,60,70.9,10,87.9,47.7,0
2165,Multan,Sunday,3,Clear,Medium,Motorcycle,Market,50,56.4,21,98.6,40.3,0
2166,Lahore,Saturday,1,Clear,Medium,Van,School Zone,40,29.1,37,94.5,47.3,0
2167,Lahore,Friday,5,Clear,High,Rickshaw,Residential,50,73.1,5,86.5,48.6,0
2168,Lahore,Monday,13,Clear,Medium,Car,Residential,50,58.6,4,100.0,54.2,0
2169,Rawalpindi,Thursday,3,Clear,Low,Motorcycle,Main Road,60,83.1,10,97.3,35.4,1
2170,Quetta,Thursday,5,Rain,Low,Car,School Zone,40,31.3,32,78.7,34.8,0
2171,Rawalpindi,Monday,18,Dust,Low,Rickshaw,Main Road,60,66.2,6,70.5,59.2,0
2172,Multan,Sunday,5,Cloudy,Low,Car,Residential,50,67.7,5,75.0,20.1,0
2173,Islamabad,Thursday,1,Cloudy,Medium,Motorcycle,Main Road,60,50.5,8,92.4,13.7,0
2174,Peshawar,Saturday,17,Clear,Medium,Car,Residential,50,32.7,9,95.1,17.4,0
2175,Quetta,Friday,12,Clear,Low,Van,School Zone,40,56.7,38,87.5,62.5,0
2176,Karachi,Thursday,8,Clear,Medium,Rickshaw,Market,50,43.7,20,82.5,23.7,0
2177,Karachi,Saturday,22,Clear,Severe,Motorcycle,Main Road,60,29.4,9,77.8,51.1,0
2178,Multan,Friday,18,Rain,Low,Car,School Zone,40,25.1,37,95.1,38.5,0
2179,Karachi,Saturday,12,Fog,Medium,Van,Highway,100,99.2,9,50.8,58.2,1
2180,Multan,Monday,10,Clear,Medium,Motorcycle,School Zone,40,44.6,40,78.2,69.6,1
2181,Islamabad,Tuesday,0,Clear,High,Motorcycle,Highway,100,83.9,14,99.9,48.0,0
2182,Islamabad,Monday,23,Clear,High,Bus,Highway,100,82.7,8,95.3,38.4,0
2183,Lahore,Thursday,21,Clear,Medium,Car,Market,50,14.6,23,86.5,16.7,0
2184,Peshawar,Friday,6,Cloudy,High,Motorcycle,Residential,50,22.4,8,75.1,34.2,0
2185,Lahore,Saturday,20,Rain,High,Van,Main Road,60,39.2,8,75.0,49.9,0
2186,Islamabad,Thursday,14,Rain,Severe,Car,Residential,50,18.4,14,79.6,61.4,0
2187,Rawalpindi,Thursday,0,Cloudy,Medium,Car,Main Road,60,55.7,11,100.0,46.5,0
2188,Lahore,Tuesday,11,Clear,Severe,Car,Highway,100,87.1,5,90.2,43.7,0
2189,Quetta,Sunday,6,Fog,High,Bus,School Zone,40,13.7,32,37.7,65.4,0
2190,Islamabad,Thursday,14,Rain,High,Car,Market,50,10.0,24,76.3,54.3,0
2191,Islamabad,Tuesday,20,Clear,High,Bus,Highway,100,113.0,6,90.9,48.4,0
2192,Rawalpindi,Friday,18,Clear,Severe,Car,Main Road,60,31.8,10,88.8,56.8,1
2193,Rawalpindi,Friday,0,Rain,Severe,Car,Highway,100,39.4,5,80.5,61.1,1
2194,Rawalpindi,Saturday,16,Clear,Low,Rickshaw,School Zone,40,19.3,37,94.7,37.8,0
2195,Peshawar,Sunday,16,Cloudy,Medium,Rickshaw,Highway,100,81.4,7,89.0,16.9,0
2196,Quetta,Tuesday,2,Clear,Severe,Rickshaw,Market,50,21.4,21,100.0,53.3,1
2197,Islamabad,Monday,11,Dust,Medium,Motorcycle,School Zone,40,21.2,37,68.4,73.3,1
2198,Rawalpindi,Friday,5,Cloudy,Low,Motorcycle,School Zone,40,36.1,30,93.3,37.6,0
2199,Peshawar,Sunday,10,Cloudy,Low,Rickshaw,Highway,100,79.7,6,88.7,19.5,0
2200,Karachi,Saturday,2,Dust,Medium,Motorcycle,Market,50,33.4,25,60.7,36.6,0
2201,Quetta,Monday,7,Fog,High,Motorcycle,Highway,100,79.0,12,48.4,55.7,0
2202,Multan,Friday,13,Dust,Low,Car,Residential,50,26.5,7,59.5,28.4,0
2203,Multan,Friday,13,Clear,High,Rickshaw,Residential,50,34.8,3,87.0,50.1,0
2204,Karachi,Saturday,9,Clear,Severe,Rickshaw,Residential,50,34.8,12,94.2,57.0,1
2205,Karachi,Saturday,1,Clear,Low,Car,Main Road,60,55.7,7,100.0,37.2,0
2206,Islamabad,Wednesday,13,Clear,Low,Van,Market,50,39.7,25,81.0,9.0,0
2207,Peshawar,Thursday,8,Dust,High,Bus,Market,50,33.0,22,62.5,59.6,0
2208,Peshawar,Thursday,2,Dust,Severe,Car,Highway,100,70.0,7,60.5,58.1,0
2209,Karachi,Monday,20,Clear,Low,Motorcycle,Market,50,29.9,19,88.6,30.9,0
2210,Quetta,Thursday,7,Clear,High,Car,Highway,100,84.3,10,88.7,35.3,0
2211,Lahore,Monday,15,Clear,Medium,Rickshaw,Market,50,32.7,22,80.2,19.2,0
2212,Karachi,Sunday,1,Clear,Low,Motorcycle,Market,50,35.7,23,89.4,35.6,1
2213,Islamabad,Friday,5,Clear,High,Car,Residential,50,41.0,10,89.3,36.1,0
2214,Karachi,Wednesday,20,Cloudy,Medium,Van,School Zone,40,32.4,23,89.5,24.8,0
2215,Quetta,Wednesday,11,Cloudy,High,Motorcycle,Market,50,14.2,22,84.0,16.2,0
2216,Quetta,Friday,4,Dust,Medium,Motorcycle,Market,50,28.6,17,73.8,38.1,0
2217,Karachi,Saturday,1,Clear,High,Rickshaw,Highway,100,88.5,8,95.7,29.8,0
2218,Peshawar,Tuesday,15,Clear,Medium,Motorcycle,Residential,50,45.2,4,82.2,55.9,0
2219,Karachi,Tuesday,4,Dust,Medium,Car,Main Road,60,95.3,7,73.5,51.0,0
2220,Rawalpindi,Thursday,14,Clear,Medium,Motorcycle,Main Road,60,38.9,7,86.5,44.9,0
2221,Rawalpindi,Saturday,11,Clear,Low,Bus,Highway,100,93.4,11,95.9,10.6,0
2222,Lahore,Monday,3,Clear,High,Motorcycle,Highway,100,103.1,13,98.7,54.3,0
2223,Islamabad,Sunday,14,Rain,Low,Motorcycle,Main Road,60,43.4,8,70.6,28.5,0
2224,Islamabad,Wednesday,10,Rain,Medium,Motorcycle,Main Road,60,41.8,13,84.6,33.0,0
2225,Multan,Thursday,15,Dust,High,Motorcycle,Market,50,24.1,15,79.3,50.1,0
2226,Peshawar,Friday,22,Clear,Medium,Car,School Zone,40,25.0,31,84.3,36.6,0
2227,Islamabad,Saturday,5,Rain,Medium,Motorcycle,Main Road,60,46.1,5,89.6,19.6,0
2228,Lahore,Wednesday,13,Cloudy,High,Car,Market,50,48.1,26,92.9,73.9,1
2229,Rawalpindi,Monday,17,Clear,Medium,Motorcycle,Highway,100,98.9,7,84.1,48.7,0
2230,Peshawar,Monday,11,Fog,Low,Rickshaw,Residential,50,44.5,3,46.4,39.9,0
2231,Quetta,Tuesday,10,Cloudy,Medium,Van,Residential,50,63.7,11,85.3,49.4,0
2232,Rawalpindi,Thursday,12,Dust,Medium,Car,Highway,100,91.5,11,54.8,42.8,0
2233,Lahore,Friday,20,Dust,High,Car,Highway,100,73.6,8,65.8,48.2,0
2234,Peshawar,Wednesday,22,Clear,Medium,Car,Highway,100,102.6,17,86.5,50.3,0
2235,Karachi,Sunday,10,Cloudy,Medium,Rickshaw,School Zone,40,28.4,47,89.4,38.2,0
2236,Islamabad,Monday,22,Clear,Medium,Van,Main Road,60,44.9,4,92.4,28.0,0
2237,Lahore,Wednesday,15,Rain,Medium,Rickshaw,Residential,50,26.6,5,77.5,29.3,0
2238,Peshawar,Friday,14,Cloudy,Low,Motorcycle,School Zone,40,49.6,34,88.7,64.1,1
2239,Rawalpindi,Wednesday,20,Rain,Severe,Bus,Market,50,10.0,17,74.1,41.3,0
2240,Peshawar,Thursday,14,Clear,Medium,Car,Market,50,41.6,31,83.7,27.5,0
2241,Karachi,Tuesday,3,Cloudy,Medium,Motorcycle,School Zone,40,46.7,33,81.2,59.9,0
2242,Lahore,Wednesday,10,Clear,Severe,Motorcycle,Market,50,27.1,28,84.0,68.9,0
2243,Peshawar,Saturday,18,Clear,Low,Bus,Market,50,68.2,17,97.3,55.3,1
2244,Quetta,Tuesday,14,Rain,Medium,Rickshaw,Main Road,60,49.2,10,85.0,44.4,0
2245,Lahore,Friday,3,Clear,High,Rickshaw,Residential,50,17.1,8,100.0,22.9,1
2246,Lahore,Tuesday,20,Clear,Medium,Car,Market,50,35.7,15,86.5,10.4,0
2247,Rawalpindi,Wednesday,12,Clear,High,Van,Highway,100,62.9,5,100.0,9.5,0
2248,Multan,Wednesday,21,Clear,High,Rickshaw,Residential,50,29.9,9,89.7,23.5,0
2249,Islamabad,Saturday,18,Clear,Medium,Car,Main Road,60,37.1,5,80.5,12.7,0
2250,Multan,Monday,1,Rain,Low,Rickshaw,Residential,50,57.7,7,86.6,43.9,0
2251,Quetta,Saturday,13,Cloudy,Severe,Motorcycle,Residential,50,35.7,7,90.6,67.7,0
2252,Karachi,Wednesday,3,Clear,High,Motorcycle,Highway,100,77.1,8,91.0,40.6,0
2253,Peshawar,Sunday,15,Clear,Medium,Van,Main Road,60,41.6,10,84.4,42.1,0
2254,Multan,Tuesday,20,Clear,Severe,Van,Residential,50,12.4,2,90.5,31.9,0
2255,Islamabad,Saturday,19,Cloudy,Medium,Rickshaw,Residential,50,56.1,2,91.3,36.2,0
2256,Rawalpindi,Saturday,13,Clear,Medium,Motorcycle,Market,50,23.7,24,91.9,35.2,0
2257,Islamabad,Sunday,14,Clear,High,Car,School Zone,40,48.3,40,87.7,63.6,1
2258,Lahore,Sunday,2,Clear,Medium,Car,Highway,100,72.4,11,91.7,18.3,0
2259,Lahore,Sunday,7,Clear,High,Motorcycle,Main Road,60,58.0,7,90.3,52.8,1
2260,Karachi,Monday,15,Rain,Medium,Car,Market,50,15.0,9,80.9,34.7,0
2261,Quetta,Wednesday,9,Clear,High,Car,Residential,50,39.6,6,91.1,33.7,0
2262,Peshawar,Wednesday,3,Clear,Medium,Motorcycle,Highway,100,90.1,12,92.4,51.3,0
2263,Peshawar,Friday,17,Clear,Low,Van,Main Road,60,61.2,10,90.8,19.2,0
2264,Rawalpindi,Monday,1,Fog,Low,Car,Main Road,60,66.4,11,51.1,54.4,0
2265,Karachi,Friday,16,Rain,Medium,Car,Main Road,60,42.9,13,88.2,37.2,0
2266,Peshawar,Friday,12,Clear,High,Car,Market,50,46.6,21,88.2,54.2,0
2267,Quetta,Friday,3,Clear,High,Rickshaw,Main Road,60,49.4,10,76.6,26.5,0
2268,Lahore,Thursday,10,Dust,High,Car,Main Road,60,10.8,11,68.8,43.4,0
2269,Karachi,Friday,6,Clear,Medium,Car,Residential,50,40.0,10,100.0,26.1,0
2270,Islamabad,Saturday,11,Fog,High,Motorcycle,Highway,100,74.8,5,43.7,49.1,0
2271,Multan,Tuesday,9,Clear,Low,Car,Main Road,60,50.4,8,92.1,32.7,0
2272,Multan,Saturday,6,Clear,Medium,Car,Residential,50,35.2,5,83.8,13.3,0
2273,Karachi,Saturday,12,Cloudy,Low,Car,Residential,50,62.6,7,91.2,48.0,0
2274,Karachi,Wednesday,6,Cloudy,Severe,Motorcycle,Highway,100,85.4,9,96.5,65.3,1
2275,Quetta,Thursday,23,Fog,Medium,Bus,Residential,50,14.6,7,47.3,48.2,0
2276,Quetta,Friday,16,Rain,Medium,Car,Residential,50,30.8,10,78.1,32.3,0
2277,Peshawar,Wednesday,9,Clear,Medium,Car,Main Road,60,26.2,6,98.3,18.4,0
2278,Multan,Monday,9,Cloudy,Medium,Motorcycle,Market,50,65.2,20,84.7,44.5,0
2279,Rawalpindi,Monday,23,Rain,High,Car,Main Road,60,18.9,5,77.5,47.7,0
2280,Rawalpindi,Wednesday,3,Cloudy,Medium,Rickshaw,School Zone,40,25.9,36,87.9,35.2,0
2281,Quetta,Tuesday,19,Clear,Medium,Motorcycle,Residential,50,54.5,10,87.9,44.9,0
2282,Peshawar,Wednesday,3,Clear,Severe,Motorcycle,Main Road,60,26.5,5,85.8,50.5,0
2283,Peshawar,Wednesday,21,Clear,Severe,Motorcycle,Market,50,38.0,26,81.7,40.3,0
2284,Peshawar,Thursday,6,Dust,Low,Motorcycle,Residential,50,44.4,13,72.4,26.6,0
2285,Quetta,Monday,21,Clear,High,Rickshaw,Main Road,60,29.1,7,92.5,22.5,0
2286,Rawalpindi,Monday,0,Clear,Medium,Bus,Main Road,60,54.3,4,82.3,27.1,0
2287,Peshawar,Friday,11,Rain,High,Motorcycle,Main Road,60,37.9,4,77.7,42.8,0
2288,Quetta,Saturday,23,Clear,High,Van,Main Road,60,52.6,7,94.5,41.0,0
2289,Islamabad,Wednesday,12,Cloudy,Medium,Motorcycle,Residential,50,29.3,12,100.0,34.7,0
2290,Islamabad,Wednesday,9,Dust,Severe,Car,Highway,100,69.9,9,48.4,51.4,0
2291,Lahore,Tuesday,14,Clear,Medium,Car,School Zone,40,36.7,32,95.4,50.3,0
2292,Islamabad,Sunday,12,Clear,High,Motorcycle,School Zone,40,10.0,29,80.5,55.9,0
2293,Karachi,Sunday,22,Clear,High,Motorcycle,Market,50,17.4,27,98.3,48.9,0
2294,Lahore,Monday,21,Rain,Low,Motorcycle,Market,50,42.0,23,75.5,32.1,0
2295,Islamabad,Tuesday,21,Cloudy,Medium,Rickshaw,Main Road,60,51.0,6,80.7,24.7,0
2296,Karachi,Thursday,20,Clear,Low,Motorcycle,School Zone,40,27.3,31,96.2,46.8,1
2297,Islamabad,Friday,21,Clear,High,Motorcycle,Residential,50,32.1,6,80.8,46.7,0
2298,Quetta,Tuesday,8,Rain,High,Rickshaw,Main Road,60,51.1,8,87.3,44.3,0
2299,Multan,Monday,8,Clear,Medium,Rickshaw,School Zone,40,29.9,35,94.2,33.7,0
2300,Karachi,Thursday,14,Rain,Low,Car,Market,50,33.8,32,86.1,48.5,0
2301,Peshawar,Wednesday,9,Cloudy,Medium,Motorcycle,Residential,50,27.1,9,100.0,35.1,0
2302,Quetta,Thursday,23,Cloudy,High,Motorcycle,Main Road,60,21.7,11,88.4,55.7,0
2303,Multan,Saturday,9,Dust,High,Motorcycle,Main Road,60,18.1,6,67.9,56.2,1
2304,Karachi,Tuesday,7,Clear,Medium,Car,Main Road,60,55.7,5,90.9,39.1,0
2305,Quetta,Monday,23,Clear,Medium,Car,School Zone,40,31.6,35,96.8,41.5,0
2306,Peshawar,Tuesday,15,Cloudy,Medium,Car,School Zone,40,52.4,30,98.1,48.2,1
2307,Karachi,Wednesday,16,Clear,Low,Rickshaw,Main Road,60,68.4,2,88.4,30.1,1
2308,Karachi,Sunday,4,Cloudy,Low,Motorcycle,Residential,50,70.4,5,85.8,35.3,0
2309,Multan,Wednesday,3,Fog,Low,Bus,Highway,100,70.0,10,48.9,50.9,0
2310,Quetta,Monday,17,Dust,High,Car,Residential,50,32.1,8,59.5,31.8,0
2311,Islamabad,Saturday,23,Cloudy,Low,Motorcycle,Residential,50,48.0,6,91.5,60.9,0
2312,Karachi,Friday,18,Dust,Medium,Bus,School Zone,40,22.5,37,63.5,46.2,1
2313,Islamabad,Thursday,3,Clear,High,Motorcycle,Main Road,60,41.7,5,97.1,41.5,0
2314,Karachi,Thursday,6,Clear,High,Motorcycle,School Zone,40,20.1,37,99.5,65.1,1
2315,Rawalpindi,Wednesday,9,Clear,Medium,Van,Residential,50,46.3,8,81.5,31.5,0
2316,Lahore,Tuesday,17,Clear,Low,Rickshaw,Main Road,60,56.4,12,78.0,28.5,0
2317,Islamabad,Sunday,18,Clear,Severe,Bus,School Zone,40,10.0,31,98.2,79.0,1
2318,Islamabad,Tuesday,3,Dust,Low,Motorcycle,Main Road,60,37.3,5,61.6,39.4,0
2319,Multan,Saturday,9,Rain,Medium,Car,Market,50,42.3,25,84.8,44.4,1
2320,Peshawar,Friday,0,Cloudy,Severe,Motorcycle,Main Road,60,19.4,8,90.3,36.5,0
2321,Rawalpindi,Tuesday,22,Clear,High,Motorcycle,School Zone,40,37.9,30,81.8,36.9,0
2322,Peshawar,Thursday,17,Clear,High,Motorcycle,Market,50,47.9,10,90.3,44.7,0
2323,Rawalpindi,Sunday,4,Fog,Medium,Car,Residential,50,35.6,8,46.9,16.9,0
2324,Rawalpindi,Tuesday,14,Cloudy,Low,Rickshaw,Residential,50,56.3,6,71.3,43.7,0
2325,Quetta,Sunday,16,Cloudy,Medium,Rickshaw,Main Road,60,56.9,11,96.9,34.3,0
2326,Quetta,Friday,2,Dust,Medium,Rickshaw,Residential,50,46.1,11,75.8,50.5,0
2327,Quetta,Thursday,11,Cloudy,Medium,Motorcycle,School Zone,40,25.4,38,84.4,46.2,1
2328,Karachi,Sunday,1,Cloudy,Low,Bus,Highway,100,83.7,6,95.6,19.3,0
2329,Multan,Tuesday,0,Clear,Medium,Van,Market,50,20.0,27,90.6,5.1,0
2330,Peshawar,Thursday,22,Clear,High,Rickshaw,School Zone,40,13.4,41,92.4,57.6,0
2331,Lahore,Wednesday,20,Cloudy,Severe,Motorcycle,Market,50,10.0,19,88.5,60.5,0
2332,Rawalpindi,Wednesday,16,Clear,High,Rickshaw,Main Road,60,52.3,8,90.6,23.8,0
2333,Rawalpindi,Saturday,21,Cloudy,High,Bus,Market,50,22.3,21,84.3,27.1,0
2334,Multan,Wednesday,15,Clear,Medium,Motorcycle,Market,50,48.9,29,95.6,51.4,0
2335,Islamabad,Tuesday,4,Clear,Low,Motorcycle,Residential,50,36.1,11,96.2,25.4,0
2336,Karachi,Friday,14,Clear,Medium,Motorcycle,Main Road,60,47.0,5,100.0,32.8,0
2337,Lahore,Thursday,2,Clear,Medium,Bus,Market,50,38.4,19,90.8,14.2,0
2338,Quetta,Sunday,6,Dust,High,Motorcycle,Residential,50,40.4,4,65.1,61.0,0
2339,Rawalpindi,Monday,10,Clear,Severe,Car,Market,50,29.2,26,91.0,34.3,0
2340,Islamabad,Wednesday,9,Cloudy,High,Van,Main Road,60,60.0,3,100.0,47.3,0
2341,Peshawar,Wednesday,8,Clear,Medium,Rickshaw,Main Road,60,59.2,4,94.4,72.0,1
2342,Rawalpindi,Monday,13,Clear,High,Car,Residential,50,41.1,12,100.0,46.3,0
2343,Islamabad,Sunday,12,Clear,Medium,Bus,Highway,100,101.5,3,79.3,34.8,0
2344,Peshawar,Sunday,1,Dust,Low,Car,Main Road,60,64.7,10,81.0,36.3,0
2345,Karachi,Monday,2,Clear,Medium,Rickshaw,Residential,50,16.0,0,81.2,14.6,0
2346,Quetta,Sunday,6,Dust,Medium,Rickshaw,Main Road,60,33.0,7,51.8,29.8,0
2347,Multan,Tuesday,20,Clear,High,Rickshaw,School Zone,40,10.0,40,100.0,40.5,0
2348,Peshawar,Sunday,17,Clear,Medium,Motorcycle,Main Road,60,58.2,7,96.8,56.8,1
2349,Rawalpindi,Thursday,2,Rain,Low,Car,Main Road,60,51.6,8,82.4,31.1,1
2350,Lahore,Sunday,9,Cloudy,Low,Rickshaw,Residential,50,54.9,8,93.8,27.7,0
2351,Peshawar,Wednesday,21,Cloudy,Low,Rickshaw,Main Road,60,74.4,5,97.8,25.4,0
2352,Lahore,Friday,6,Clear,Severe,Car,Market,50,22.0,21,98.3,35.1,0
2353,Lahore,Tuesday,8,Clear,Severe,Bus,Residential,50,18.9,12,91.6,40.1,0
2354,Peshawar,Tuesday,16,Clear,Severe,Motorcycle,Highway,100,58.8,6,88.9,55.9,0
2355,Multan,Sunday,10,Dust,Medium,Car,Market,50,40.6,27,67.7,43.8,0
2356,Multan,Friday,6,Clear,Low,Car,Residential,50,78.8,13,93.4,34.3,0
2357,Karachi,Friday,23,Fog,Severe,Van,Residential,50,20.2,10,53.4,52.8,1
2358,Multan,Saturday,13,Clear,Severe,Rickshaw,Main Road,60,38.6,7,93.5,43.3,0
2359,Peshawar,Friday,18,Cloudy,Low,Motorcycle,Main Road,60,80.0,5,96.1,43.7,0
2360,Multan,Sunday,3,Clear,High,Car,Main Road,60,48.8,12,92.8,55.7,0
2361,Islamabad,Sunday,5,Clear,Medium,Motorcycle,Highway,100,81.0,2,95.8,21.0,0
2362,Quetta,Monday,9,Clear,Severe,Motorcycle,Market,50,28.5,31,88.4,85.7,1
2363,Lahore,Wednesday,6,Clear,Low,Motorcycle,Residential,50,41.0,7,96.5,17.5,0
2364,Quetta,Saturday,12,Fog,Severe,Van,Residential,50,10.0,6,38.8,53.8,0
2365,Rawalpindi,Sunday,13,Rain,Low,Van,Residential,50,31.1,5,95.2,24.6,0
2366,Lahore,Monday,3,Rain,Medium,Car,School Zone,40,41.3,32,89.0,76.7,1
2367,Rawalpindi,Saturday,7,Clear,Medium,Car,Highway,100,86.4,8,86.3,19.2,0
2368,Islamabad,Wednesday,4,Fog,Medium,Rickshaw,Market,50,38.4,22,41.9,42.5,0
2369,Islamabad,Saturday,0,Clear,Medium,Car,Residential,50,26.4,6,91.6,15.9,0
2370,Quetta,Monday,3,Dust,High,Rickshaw,Main Road,60,57.4,11,52.5,73.9,1
2371,Islamabad,Thursday,2,Clear,Low,Rickshaw,Market,50,36.9,14,86.7,13.6,0
2372,Peshawar,Sunday,8,Clear,High,Car,Highway,100,82.0,7,82.1,29.0,0
2373,Lahore,Wednesday,7,Fog,Low,Van,Main Road,60,44.0,9,52.7,35.1,0
2374,Rawalpindi,Tuesday,0,Clear,Low,Car,Residential,50,48.5,5,89.3,33.3,0
2375,Multan,Wednesday,5,Dust,High,Car,Main Road,60,63.2,7,63.4,53.0,1
2376,Quetta,Wednesday,8,Clear,Low,Motorcycle,Highway,100,92.3,7,83.2,63.6,0
2377,Quetta,Wednesday,6,Cloudy,Severe,Van,Main Road,60,34.3,4,99.2,47.1,0
2378,Islamabad,Thursday,3,Dust,High,Motorcycle,Market,50,16.0,18,80.7,66.6,0
2379,Islamabad,Sunday,12,Cloudy,High,Van,Main Road,60,35.1,6,85.3,18.8,0
2380,Rawalpindi,Monday,16,Rain,Medium,Van,Highway,100,73.2,11,89.5,36.2,0
2381,Lahore,Sunday,1,Clear,Low,Rickshaw,Market,50,52.1,26,89.8,45.2,0
2382,Lahore,Tuesday,4,Clear,Severe,Bus,Market,50,15.3,19,87.4,68.7,0
2383,Quetta,Monday,11,Clear,Low,Car,Market,50,41.0,24,86.4,4.7,0
2384,Rawalpindi,Saturday,20,Clear,High,Van,Residential,50,19.4,9,83.8,33.2,0
2385,Quetta,Saturday,7,Rain,Low,Van,Market,50,31.6,19,75.3,33.8,0
2386,Multan,Saturday,5,Clear,Medium,Rickshaw,Main Road,60,37.5,4,94.4,38.0,0
2387,Karachi,Monday,7,Cloudy,High,Motorcycle,Main Road,60,51.0,10,96.0,64.1,0
2388,Lahore,Friday,17,Rain,Severe,Car,Main Road,60,24.9,10,89.5,44.8,0
2389,Rawalpindi,Thursday,2,Clear,Low,Rickshaw,Market,50,54.6,26,100.0,51.5,0
2390,Multan,Friday,21,Dust,Medium,Bus,Highway,100,87.2,8,46.2,19.4,0
2391,Rawalpindi,Sunday,11,Fog,High,Motorcycle,Residential,50,22.6,4,48.8,59.3,0
2392,Quetta,Saturday,2,Clear,Low,Motorcycle,Main Road,60,68.6,6,97.8,24.8,0
2393,Islamabad,Thursday,21,Clear,Low,Motorcycle,Highway,100,106.3,5,96.0,36.3,1
2394,Rawalpindi,Monday,5,Clear,Low,Rickshaw,Market,50,51.5,25,78.7,36.4,0
2395,Quetta,Saturday,1,Rain,Medium,Rickshaw,School Zone,40,27.0,31,83.5,56.5,1
2396,Peshawar,Monday,22,Clear,High,Car,Main Road,60,53.2,10,88.2,29.1,0
2397,Islamabad,Thursday,11,Rain,Severe,Rickshaw,Residential,50,14.2,7,86.0,44.7,0
2398,Islamabad,Monday,1,Clear,Medium,Van,School Zone,40,30.6,38,83.2,23.5,0
2399,Lahore,Monday,5,Dust,Low,Motorcycle,Market,50,57.9,22,58.7,61.4,1
2400,Karachi,Tuesday,16,Rain,Medium,Motorcycle,Residential,50,40.3,8,74.6,26.9,0
2401,Lahore,Sunday,2,Fog,Low,Car,Residential,50,21.3,8,44.6,24.9,0
2402,Peshawar,Friday,1,Clear,Medium,Bus,School Zone,40,52.0,39,88.9,49.0,0
2403,Quetta,Friday,22,Clear,High,Van,Highway,100,80.6,5,86.2,20.9,0
2404,Islamabad,Friday,19,Clear,Low,Motorcycle,Main Road,60,39.7,12,86.5,16.9,0
2405,Islamabad,Wednesday,7,Clear,High,Motorcycle,Main Road,60,45.5,8,86.4,37.0,0
2406,Multan,Tuesday,21,Clear,Severe,Car,Residential,50,11.7,5,91.1,52.1,0
2407,Rawalpindi,Saturday,11,Fog,High,Bus,Main Road,60,49.2,6,33.7,55.0,0
2408,Karachi,Saturday,3,Dust,Medium,Rickshaw,Main Road,60,73.5,6,75.9,40.1,0
2409,Karachi,Saturday,4,Clear,Medium,Motorcycle,Highway,100,92.2,11,93.0,39.0,0
2410,Rawalpindi,Friday,12,Rain,Medium,Bus,Residential,50,44.6,12,83.2,25.9,0
2411,Peshawar,Sunday,14,Clear,High,Van,Residential,50,24.6,14,97.1,37.7,0
2412,Karachi,Friday,22,Clear,Severe,Motorcycle,Main Road,60,27.7,9,100.0,56.3,0
2413,Islamabad,Sunday,15,Dust,High,Car,Market,50,10.3,14,76.4,27.4,0
2414,Peshawar,Tuesday,9,Fog,Medium,Motorcycle,Main Road,60,31.6,6,38.7,54.4,1
2415,Lahore,Sunday,22,Clear,Low,Car,Market,50,52.0,25,100.0,31.6,0
2416,Lahore,Monday,15,Rain,Severe,Motorcycle,Highway,100,57.8,9,78.6,61.1,0
2417,Peshawar,Friday,11,Dust,High,Bus,Highway,100,83.3,13,70.5,40.6,0
2418,Islamabad,Saturday,16,Clear,High,Car,Market,50,47.8,21,94.2,59.3,0
2419,Multan,Monday,15,Clear,Medium,Car,Residential,50,32.9,11,80.5,20.1,0
2420,Lahore,Friday,11,Rain,Medium,Car,Highway,100,77.5,4,73.0,38.2,0
2421,Quetta,Thursday,7,Rain,Low,Bus,Market,50,50.5,18,78.8,50.9,0
2422,Islamabad,Wednesday,19,Clear,Severe,Rickshaw,Residential,50,10.0,8,100.0,28.4,0
2423,Rawalpindi,Friday,2,Clear,Severe,Motorcycle,Residential,50,30.2,10,94.0,42.9,0
2424,Karachi,Thursday,15,Cloudy,Medium,Car,Residential,50,20.1,8,90.9,19.8,0
2425,Multan,Tuesday,12,Rain,High,Car,Main Road,60,35.3,11,87.9,41.8,0
2426,Multan,Thursday,22,Cloudy,Low,Motorcycle,Main Road,60,79.9,9,81.2,67.9,0
2427,Peshawar,Tuesday,18,Clear,Medium,Car,Main Road,60,29.4,8,93.1,7.6,0
2428,Karachi,Friday,7,Dust,Medium,Motorcycle,Main Road,60,39.3,4,66.8,45.5,0
2429,Rawalpindi,Tuesday,21,Cloudy,Medium,Car,Residential,50,30.4,9,89.3,21.7,0
2430,Lahore,Thursday,4,Dust,Medium,Motorcycle,Main Road,60,83.5,6,55.3,61.8,0
2431,Multan,Sunday,19,Fog,Medium,Rickshaw,Highway,100,105.5,6,47.5,66.2,1
2432,Quetta,Wednesday,7,Rain,High,Car,Main Road,60,21.7,4,81.3,48.8,0
2433,Islamabad,Monday,23,Fog,Medium,Motorcycle,School Zone,40,10.0,32,38.8,65.2,0
2434,Multan,Monday,11,Fog,High,Car,Main Road,60,47.2,7,46.1,48.5,0
2435,Multan,Wednesday,0,Cloudy,Medium,Rickshaw,School Zone,40,26.7,37,91.0,33.9,0
2436,Islamabad,Saturday,20,Rain,High,Car,Main Road,60,34.7,13,73.7,51.9,1
2437,Rawalpindi,Monday,19,Cloudy,Severe,Rickshaw,School Zone,40,26.4,34,80.3,61.9,1
2438,Peshawar,Friday,5,Cloudy,Low,Motorcycle,Residential,50,55.9,2,81.8,35.6,0
2439,Multan,Saturday,21,Clear,Medium,Rickshaw,Main Road,60,29.6,10,92.5,33.3,0
2440,Multan,Friday,17,Clear,Low,Motorcycle,Main Road,60,70.5,3,88.0,56.2,0
2441,Karachi,Thursday,7,Clear,Medium,Motorcycle,School Zone,40,52.9,30,98.5,38.5,0
2442,Quetta,Thursday,6,Clear,Low,Rickshaw,Main Road,60,65.7,9,94.7,47.5,1
2443,Lahore,Saturday,0,Clear,Medium,Car,Residential,50,77.8,7,82.5,40.0,0
2444,Peshawar,Saturday,20,Fog,High,Car,Main Road,60,33.2,8,53.0,55.6,0
2445,Quetta,Saturday,15,Clear,Medium,Car,Main Road,60,71.7,11,98.5,33.5,0
2446,Quetta,Saturday,11,Clear,Medium,Van,Main Road,60,65.0,9,94.2,19.5,0
2447,Rawalpindi,Tuesday,5,Cloudy,Low,Motorcycle,Market,50,47.0,23,100.0,36.1,0
2448,Rawalpindi,Sunday,19,Clear,Low,Motorcycle,Residential,50,68.0,11,93.1,51.7,0
2449,Islamabad,Saturday,1,Rain,High,Car,Main Road,60,46.3,8,66.3,49.5,0
2450,Lahore,Sunday,13,Clear,Low,Bus,Highway,100,81.5,10,93.0,16.3,0
2451,Peshawar,Saturday,3,Clear,Severe,Bus,Market,50,20.1,18,95.1,25.1,0
2452,Islamabad,Thursday,0,Dust,Medium,Car,Main Road,60,48.8,12,69.7,12.0,0
2453,Multan,Friday,22,Cloudy,Medium,Car,Main Road,60,44.4,11,72.7,12.3,0
2454,Lahore,Sunday,17,Dust,Low,Motorcycle,School Zone,40,39.8,34,63.0,70.7,1
2455,Karachi,Thursday,12,Clear,Medium,Rickshaw,Market,50,30.3,18,94.0,7.3,0
2456,Karachi,Monday,1,Clear,High,Motorcycle,Highway,100,74.9,13,100.0,44.7,0
2457,Islamabad,Tuesday,8,Cloudy,Severe,Car,Main Road,60,44.7,6,89.4,44.9,1
2458,Peshawar,Tuesday,20,Clear,Low,Motorcycle,Market,50,45.2,29,100.0,60.6,0
2459,Lahore,Friday,1,Clear,High,Motorcycle,Main Road,60,60.7,11,93.9,71.6,1
2460,Karachi,Saturday,8,Clear,Medium,Motorcycle,Market,50,75.2,23,85.8,54.2,0
2461,Karachi,Thursday,0,Rain,Medium,Bus,Main Road,60,28.3,4,73.2,35.5,0
2462,Peshawar,Monday,10,Rain,Medium,Car,Market,50,35.8,22,85.9,19.2,0
2463,Islamabad,Thursday,2,Clear,Severe,Rickshaw,School Zone,40,10.0,33,98.9,48.2,0
2464,Rawalpindi,Saturday,19,Clear,Low,Car,Residential,50,50.4,5,93.2,51.6,0
2465,Multan,Saturday,22,Fog,Low,Motorcycle,Main Road,60,40.3,12,43.0,64.7,1
2466,Quetta,Wednesday,3,Clear,Medium,Car,Main Road,60,37.2,9,85.4,17.0,0
2467,Multan,Thursday,17,Cloudy,High,Motorcycle,Market,50,49.6,16,89.7,62.0,1
2468,Lahore,Friday,22,Cloudy,High,Motorcycle,Market,50,26.9,26,91.2,29.3,0
2469,Karachi,Thursday,5,Rain,Medium,Van,Market,50,25.8,15,71.3,11.5,0
2470,Quetta,Tuesday,2,Clear,Severe,Car,School Zone,40,10.0,22,97.4,33.5,0
2471,Quetta,Monday,21,Fog,Severe,Bus,School Zone,40,18.3,30,48.4,67.2,1
2472,Rawalpindi,Sunday,10,Clear,High,Rickshaw,Market,50,32.7,25,77.7,45.5,1
2473,Quetta,Friday,14,Clear,High,Motorcycle,Main Road,60,33.3,7,100.0,42.3,0
2474,Peshawar,Wednesday,21,Clear,High,Rickshaw,School Zone,40,14.5,39,83.9,58.3,0
2475,Islamabad,Monday,4,Clear,Medium,Rickshaw,Residential,50,20.7,11,78.2,19.5,0
2476,Lahore,Monday,19,Clear,Low,Rickshaw,Main Road,60,52.8,9,76.4,28.8,0
2477,Peshawar,Sunday,9,Fog,Medium,Motorcycle,Main Road,60,48.9,8,42.6,36.2,0
2478,Islamabad,Tuesday,11,Clear,Severe,Van,Highway,100,60.3,8,91.3,47.9,0
2479,Peshawar,Tuesday,14,Dust,High,Motorcycle,Main Road,60,30.2,6,74.9,45.3,0
2480,Karachi,Tuesday,16,Clear,Low,Rickshaw,Residential,50,62.4,3,89.5,37.4,0
2481,Karachi,Friday,9,Clear,Low,Motorcycle,Main Road,60,29.0,6,90.0,37.8,0
2482,Rawalpindi,Thursday,5,Clear,High,Van,Main Road,60,10.8,8,86.7,31.3,0
2483,Peshawar,Monday,17,Cloudy,High,Car,Market,50,38.9,19,87.4,28.9,0
2484,Multan,Thursday,12,Cloudy,Medium,Bus,Market,50,60.0,24,82.9,34.4,0
2485,Quetta,Thursday,2,Dust,Medium,Rickshaw,Highway,100,105.7,7,59.9,52.0,0
2486,Karachi,Tuesday,23,Cloudy,Low,Motorcycle,Residential,50,65.3,9,92.7,51.8,0
2487,Islamabad,Thursday,9,Clear,Severe,Car,Main Road,60,49.4,8,86.3,41.0,0
2488,Rawalpindi,Monday,13,Clear,High,Motorcycle,Market,50,39.9,15,93.6,42.6,0
2489,Quetta,Monday,5,Dust,Severe,Motorcycle,School Zone,40,26.6,35,66.7,71.9,1
2490,Lahore,Saturday,2,Dust,Low,Car,Main Road,60,40.3,10,56.1,23.9,0
2491,Peshawar,Wednesday,15,Clear,High,Car,Main Road,60,62.7,5,87.1,39.5,0
2492,Multan,Friday,6,Clear,Medium,Motorcycle,Residential,50,38.2,7,92.6,22.0,0
2493,Karachi,Thursday,19,Rain,Medium,Bus,Market,50,38.0,25,75.0,28.2,0
2494,Multan,Friday,13,Rain,Medium,Car,Residential,50,29.1,9,74.5,33.3,1
2495,Quetta,Friday,8,Cloudy,Severe,Rickshaw,Market,50,23.5,18,100.0,25.3,0
2496,Islamabad,Friday,14,Clear,High,Rickshaw,Main Road,60,40.2,4,96.0,42.0,0
2497,Peshawar,Sunday,20,Dust,Medium,Bus,Highway,100,76.8,10,65.6,39.6,0
2498,Multan,Saturday,2,Clear,Severe,Rickshaw,School Zone,40,19.0,51,100.0,47.7,1
2499,Islamabad,Friday,1,Clear,Medium,Van,Main Road,60,71.2,4,84.1,43.3,0
2500,Rawalpindi,Saturday,1,Clear,High,Car,Residential,50,32.5,17,86.4,47.0,0
2501,Karachi,Monday,2,Clear,High,Van,Highway,100,92.0,9,86.1,33.7,0
2502,Karachi,Sunday,17,Fog,High,Van,Residential,50,15.6,6,29.5,68.3,1
2503,Rawalpindi,Thursday,13,Cloudy,High,Motorcycle,Market,50,40.4,18,99.4,52.4,1
2504,Islamabad,Saturday,19,Rain,Low,Car,School Zone,40,41.8,38,63.6,58.9,1
2505,Multan,Wednesday,17,Clear,Severe,Motorcycle,Residential,50,10.0,11,95.2,58.1,0
2506,Peshawar,Friday,9,Dust,Low,Bus,Main Road,60,34.0,4,69.2,36.4,0
2507,Islamabad,Sunday,1,Cloudy,Medium,Rickshaw,Highway,100,103.1,13,81.8,45.9,1
2508,Peshawar,Wednesday,21,Clear,Low,Rickshaw,Residential,50,49.5,9,100.0,39.0,0
2509,Quetta,Monday,0,Dust,Low,Bus,Main Road,60,65.3,8,64.7,50.8,0
2510,Rawalpindi,Monday,3,Clear,Medium,Car,Main Road,60,48.0,6,95.5,5.8,0
2511,Lahore,Tuesday,13,Clear,High,Motorcycle,Main Road,60,46.4,7,82.8,45.2,1
2512,Peshawar,Friday,0,Clear,Medium,Motorcycle,School Zone,40,23.8,29,90.6,48.8,0
2513,Karachi,Tuesday,13,Clear,Low,Car,Market,50,62.4,21,94.0,49.5,1
2514,Quetta,Sunday,15,Clear,High,Rickshaw,School Zone,40,10.0,45,87.7,34.2,0
2515,Karachi,Wednesday,21,Rain,High,Rickshaw,Highway,100,75.9,8,80.8,41.3,0
2516,Quetta,Thursday,13,Clear,Medium,Rickshaw,Main Road,60,30.4,5,88.2,0.0,0
2517,Karachi,Tuesday,19,Clear,High,Rickshaw,Main Road,60,20.3,11,84.4,48.0,0
2518,Islamabad,Monday,2,Cloudy,Low,Motorcycle,Main Road,60,57.3,5,78.2,62.1,0
2519,Multan,Friday,2,Clear,Medium,Motorcycle,Residential,50,46.8,10,84.6,54.0,0
2520,Islamabad,Wednesday,8,Rain,Medium,Car,Market,50,41.6,27,91.7,39.5,0
2521,Islamabad,Saturday,5,Dust,High,Motorcycle,Market,50,26.8,21,61.9,58.0,1
2522,Multan,Sunday,12,Clear,Medium,Motorcycle,School Zone,40,25.9,37,92.9,44.7,0
2523,Quetta,Sunday,20,Cloudy,Medium,Motorcycle,School Zone,40,36.9,41,86.1,56.1,0
2524,Quetta,Monday,1,Clear,High,Motorcycle,Main Road,60,52.7,8,83.3,56.3,1
2525,Multan,Saturday,7,Cloudy,High,Car,Highway,100,95.1,7,81.7,69.3,1
2526,Karachi,Sunday,20,Clear,Medium,Car,Highway,100,78.3,4,90.3,17.7,0
2527,Peshawar,Thursday,1,Clear,Medium,Motorcycle,Market,50,56.3,13,97.7,46.5,1
2528,Quetta,Friday,3,Clear,High,Motorcycle,Residential,50,40.1,5,93.7,50.7,1
2529,Karachi,Thursday,14,Cloudy,High,Car,Main Road,60,40.8,5,90.9,41.6,1
2530,Peshawar,Sunday,3,Clear,Low,Car,Main Road,60,49.5,4,100.0,5.4,0
2531,Multan,Thursday,12,Clear,Medium,Van,Residential,50,38.6,2,87.4,19.3,0
2532,Islamabad,Sunday,11,Fog,High,Motorcycle,Residential,50,33.9,5,53.5,54.3,0
2533,Quetta,Friday,12,Clear,High,Motorcycle,Market,50,38.0,30,100.0,37.2,0
2534,Lahore,Friday,13,Cloudy,High,Rickshaw,Residential,50,40.9,8,83.8,38.2,0
2535,Islamabad,Saturday,19,Clear,High,Motorcycle,Residential,50,19.4,10,92.8,42.5,0
2536,Rawalpindi,Thursday,17,Dust,Medium,Car,Main Road,60,42.4,7,62.6,28.1,0
2537,Peshawar,Wednesday,5,Clear,High,Rickshaw,Main Road,60,56.6,8,89.0,50.2,1
2538,Lahore,Saturday,10,Clear,Low,Motorcycle,School Zone,40,42.9,36,90.5,59.6,0
2539,Islamabad,Friday,1,Cloudy,Low,Motorcycle,Main Road,60,57.6,7,98.7,53.5,0
2540,Quetta,Monday,22,Dust,Severe,Motorcycle,Main Road,60,49.5,11,63.4,66.0,1
2541,Lahore,Sunday,18,Rain,Severe,Motorcycle,Main Road,60,11.7,9,77.0,54.4,0
2542,Karachi,Saturday,18,Clear,High,Motorcycle,Highway,100,79.0,6,96.3,53.7,0
2543,Peshawar,Tuesday,4,Dust,Medium,Motorcycle,Market,50,33.5,18,51.7,11.5,0
2544,Rawalpindi,Wednesday,18,Rain,High,Rickshaw,Market,50,41.6,18,79.5,37.6,0
2545,Karachi,Sunday,1,Fog,High,Motorcycle,Market,50,20.1,33,39.2,78.3,0
2546,Lahore,Saturday,9,Fog,Medium,Motorcycle,Main Road,60,41.4,7,44.3,35.2,0
2547,Islamabad,Friday,1,Cloudy,High,Car,Residential,50,43.4,14,79.6,26.2,0
2548,Peshawar,Friday,10,Rain,Low,Car,Residential,50,45.0,2,70.0,26.3,0
2549,Quetta,Wednesday,17,Cloudy,Medium,Car,Market,50,31.1,14,84.9,15.8,0
2550,Rawalpindi,Tuesday,23,Cloudy,High,Car,Main Road,60,52.9,6,100.0,19.8,0
2551,Islamabad,Saturday,14,Clear,Severe,Rickshaw,Highway,100,72.0,6,89.1,41.6,0
2552,Rawalpindi,Saturday,8,Clear,High,Car,Main Road,60,23.8,10,92.4,46.7,0
2553,Quetta,Thursday,22,Clear,High,Car,Market,50,52.2,23,87.5,50.5,0
2554,Multan,Monday,18,Fog,Low,Motorcycle,Residential,50,38.4,8,35.7,46.3,0
2555,Peshawar,Friday,8,Clear,Medium,Van,Market,50,49.9,25,82.4,46.4,0
2556,Lahore,Saturday,2,Clear,Low,Motorcycle,Residential,50,43.7,5,83.8,39.6,0
2557,Rawalpindi,Saturday,20,Clear,High,Rickshaw,Residential,50,35.0,8,98.7,23.7,0
2558,Peshawar,Sunday,8,Cloudy,Medium,Car,Highway,100,80.2,5,93.5,21.8,0
2559,Rawalpindi,Sunday,13,Fog,Medium,Bus,Residential,50,24.4,11,38.5,39.0,0
2560,Islamabad,Saturday,18,Cloudy,Severe,Car,Highway,100,69.5,5,96.9,46.1,0
2561,Rawalpindi,Tuesday,6,Clear,Medium,Car,Residential,50,32.4,6,82.1,32.0,0
2562,Multan,Monday,15,Fog,Medium,Car,Market,50,32.6,17,36.7,51.3,1
2563,Islamabad,Saturday,15,Clear,Low,Car,Main Road,60,66.6,5,69.3,44.0,0
2564,Islamabad,Wednesday,0,Fog,Low,Motorcycle,School Zone,40,25.8,37,37.3,65.2,1
2565,Peshawar,Friday,3,Clear,Medium,Motorcycle,School Zone,40,36.8,33,87.6,69.1,1
2566,Karachi,Thursday,3,Rain,High,Motorcycle,School Zone,40,27.6,39,77.2,72.3,1
2567,Quetta,Sunday,6,Clear,Medium,Motorcycle,Residential,50,54.8,5,98.3,57.5,0
2568,Rawalpindi,Wednesday,7,Fog,High,Motorcycle,Main Road,60,45.1,6,48.9,52.2,1
2569,Lahore,Friday,16,Clear,Medium,Van,Main Road,60,52.4,10,91.0,38.8,0
2570,Islamabad,Sunday,4,Clear,Medium,Car,Highway,100,91.8,8,93.6,47.9,0
2571,Karachi,Tuesday,6,Dust,High,Bus,Main Road,60,61.6,6,51.0,49.0,0
2572,Islamabad,Sunday,19,Clear,Medium,Bus,Market,50,29.3,15,87.2,28.1,0
2573,Karachi,Monday,19,Rain,Medium,Van,Residential,50,20.6,6,68.0,23.0,0
2574,Karachi,Monday,3,Rain,Medium,Car,Main Road,60,46.5,9,81.8,40.9,0
2575,Lahore,Friday,5,Cloudy,Low,Car,Main Road,60,49.5,10,86.4,33.3,0
2576,Karachi,Wednesday,6,Clear,Severe,Motorcycle,Highway,100,77.3,6,88.0,56.1,1
2577,Lahore,Thursday,17,Dust,Low,Car,Highway,100,118.8,10,67.0,31.5,0
2578,Peshawar,Tuesday,4,Dust,Low,Rickshaw,Main Road,60,61.6,7,84.3,49.5,0
2579,Islamabad,Friday,19,Clear,Low,Motorcycle,Main Road,60,64.6,9,84.6,55.0,0
2580,Lahore,Tuesday,2,Clear,Medium,Car,Highway,100,88.9,7,86.1,28.0,0
2581,Quetta,Monday,6,Clear,Medium,Car,Main Road,60,43.6,4,81.5,13.5,0
2582,Multan,Saturday,21,Clear,Medium,Motorcycle,Main Road,60,38.8,7,81.8,31.3,0
2583,Islamabad,Saturday,13,Cloudy,Low,Motorcycle,Highway,100,111.9,7,87.2,46.6,1
2584,Multan,Thursday,6,Dust,Low,Car,Highway,100,76.2,4,71.9,33.5,0
2585,Quetta,Tuesday,4,Rain,Low,Car,Main Road,60,63.4,9,73.4,33.9,0
2586,Rawalpindi,Friday,21,Rain,Low,Motorcycle,Main Road,60,52.0,2,69.4,44.2,0
2587,Quetta,Thursday,4,Clear,High,Car,Main Road,60,37.1,9,87.0,17.6,0
2588,Peshawar,Sunday,22,Clear,Medium,Rickshaw,Residential,50,44.7,11,93.7,43.9,0
2589,Rawalpindi,Sunday,1,Rain,Medium,Car,Residential,50,59.1,11,76.7,62.5,1
2590,Rawalpindi,Wednesday,20,Rain,Medium,Van,Main Road,60,59.0,5,82.6,50.1,0
2591,Karachi,Saturday,21,Cloudy,Severe,Motorcycle,School Zone,40,16.1,29,85.9,60.6,1
2592,Quetta,Friday,5,Clear,High,Motorcycle,Market,50,29.5,25,98.5,48.3,1
2593,Karachi,Tuesday,14,Cloudy,High,Motorcycle,Highway,100,93.8,11,95.4,53.1,0
2594,Quetta,Thursday,20,Clear,Low,Car,Main Road,60,54.7,8,91.2,32.5,0
2595,Rawalpindi,Friday,9,Clear,Low,Motorcycle,School Zone,40,35.3,39,83.1,47.6,0
2596,Karachi,Thursday,22,Cloudy,High,Rickshaw,Highway,100,74.4,8,84.0,28.6,0
2597,Multan,Thursday,23,Clear,Low,Van,Main Road,60,60.8,11,77.2,36.0,0
2598,Islamabad,Thursday,6,Dust,Medium,Motorcycle,Main Road,60,56.5,8,73.0,53.9,0
2599,Quetta,Tuesday,4,Clear,Low,Van,Main Road,60,54.6,1,96.4,36.7,0
2600,Quetta,Friday,0,Cloudy,Low,Car,Residential,50,51.7,7,75.1,38.5,0
2601,Karachi,Monday,12,Dust,Low,Motorcycle,Main Road,60,44.8,10,60.8,33.1,0
2602,Quetta,Monday,20,Clear,Medium,Rickshaw,Main Road,60,65.1,8,85.8,31.3,0
2603,Rawalpindi,Tuesday,17,Dust,High,Motorcycle,Main Road,60,23.5,9,67.8,49.0,1
2604,Karachi,Sunday,12,Rain,Low,Bus,Highway,100,85.0,10,82.9,23.8,0
2605,Karachi,Tuesday,20,Fog,Medium,Rickshaw,Market,50,29.8,29,44.8,46.4,0
2606,Lahore,Saturday,20,Clear,High,Van,Main Road,60,39.9,7,94.1,56.6,1
2607,Multan,Thursday,17,Clear,Medium,Motorcycle,Main Road,60,51.3,7,91.9,28.9,0
2608,Multan,Friday,4,Clear,High,Motorcycle,Market,50,32.7,14,80.0,56.3,0
2609,Lahore,Friday,12,Rain,High,Van,Main Road,60,18.9,6,84.7,67.4,1
2610,Rawalpindi,Wednesday,3,Clear,Low,Rickshaw,Market,50,32.1,21,92.9,10.1,0
2611,Islamabad,Wednesday,16,Clear,Medium,Rickshaw,Highway,100,87.9,8,83.1,17.2,0
2612,Quetta,Monday,2,Clear,High,Rickshaw,Main Road,60,35.3,10,86.5,50.7,0
2613,Peshawar,Wednesday,16,Clear,Medium,Bus,Residential,50,55.3,12,80.5,24.0,0
2614,Quetta,Wednesday,10,Rain,Low,Car,Main Road,60,58.8,8,88.5,48.4,1
2615,Peshawar,Monday,20,Clear,Medium,Rickshaw,Highway,100,87.5,9,91.2,23.3,0
2616,Multan,Saturday,19,Clear,High,Motorcycle,Market,50,33.1,18,93.7,27.7,0
2617,Rawalpindi,Sunday,22,Clear,Severe,Rickshaw,School Zone,40,10.0,39,68.7,72.0,1
2618,Islamabad,Monday,20,Rain,Medium,Car,Main Road,60,59.3,12,85.5,47.0,0
2619,Islamabad,Sunday,3,Dust,Medium,Van,School Zone,40,28.7,39,61.1,45.5,0
2620,Islamabad,Wednesday,1,Cloudy,Medium,Van,Market,50,17.3,23,81.6,19.9,0
2621,Lahore,Friday,19,Clear,Low,Motorcycle,Main Road,60,70.5,9,96.6,64.7,1
2622,Rawalpindi,Wednesday,15,Clear,Low,Rickshaw,Residential,50,46.4,9,90.4,41.6,0
2623,Peshawar,Thursday,17,Clear,Medium,Van,Market,50,46.7,21,76.0,38.3,0
2624,Islamabad,Sunday,7,Cloudy,High,Motorcycle,Main Road,60,31.4,4,70.3,40.9,0
2625,Rawalpindi,Sunday,2,Clear,Low,Rickshaw,Highway,100,97.9,7,74.6,43.9,0
2626,Quetta,Thursday,8,Dust,Severe,Car,School Zone,40,17.4,35,67.5,77.6,1
2627,Peshawar,Thursday,19,Fog,Low,Car,Main Road,60,56.9,8,26.1,68.9,1
2628,Multan,Saturday,5,Clear,Medium,Rickshaw,School Zone,40,26.5,36,90.1,19.5,0
2629,Lahore,Tuesday,9,Clear,High,Rickshaw,Residential,50,36.7,11,93.4,61.0,0
2630,Karachi,Thursday,20,Clear,Low,Motorcycle,Residential,50,20.6,7,93.2,25.8,0
2631,Peshawar,Sunday,9,Clear,Medium,Rickshaw,Highway,100,89.8,8,100.0,34.1,0
2632,Multan,Friday,12,Cloudy,Low,Motorcycle,Market,50,44.2,22,100.0,34.1,0
2633,Multan,Sunday,16,Rain,Severe,Car,Residential,50,35.8,12,85.4,46.4,0
2634,Multan,Sunday,8,Clear,Medium,Motorcycle,Highway,100,89.9,10,100.0,3.1,0
2635,Quetta,Saturday,16,Rain,Low,Motorcycle,Main Road,60,71.4,4,80.9,51.0,0
2636,Peshawar,Tuesday,23,Cloudy,High,Van,Market,50,34.9,13,86.2,40.7,0
2637,Peshawar,Tuesday,8,Fog,Medium,Rickshaw,Highway,100,69.3,7,57.0,30.2,0
2638,Karachi,Thursday,8,Cloudy,Low,Rickshaw,Residential,50,29.8,6,90.2,47.3,0
2639,Islamabad,Wednesday,0,Rain,Medium,Motorcycle,School Zone,40,10.1,44,65.7,55.0,0
2640,Quetta,Sunday,1,Clear,Medium,Car,Market,50,40.1,23,100.0,18.6,0
2641,Multan,Monday,15,Rain,Low,Car,Main Road,60,36.6,8,85.3,25.7,0
2642,Karachi,Wednesday,0,Clear,Medium,Rickshaw,School Zone,40,10.6,39,100.0,34.0,0
2643,Peshawar,Wednesday,9,Cloudy,Medium,Motorcycle,Highway,100,103.9,7,100.0,65.9,1
2644,Quetta,Tuesday,17,Clear,High,Motorcycle,Market,50,18.7,21,88.4,30.5,0
2645,Lahore,Tuesday,7,Clear,Low,Rickshaw,Main Road,60,69.0,8,88.2,27.8,0
2646,Peshawar,Saturday,20,Clear,Low,Motorcycle,Residential,50,52.4,16,99.8,34.3,0
2647,Lahore,Saturday,10,Clear,Severe,Car,School Zone,40,10.0,48,88.9,45.9,0
2648,Rawalpindi,Tuesday,22,Clear,Medium,Motorcycle,Main Road,60,37.6,7,95.2,21.0,0
2649,Lahore,Friday,1,Fog,Low,Motorcycle,Residential,50,40.7,8,36.4,41.1,0
2650,Peshawar,Friday,7,Clear,High,Motorcycle,Main Road,60,55.0,12,88.2,79.4,1
2651,Karachi,Monday,21,Rain,High,Rickshaw,Main Road,60,55.0,4,67.1,59.4,0
2652,Peshawar,Tuesday,7,Clear,Low,Van,Main Road,60,63.7,5,90.7,35.3,0
2653,Peshawar,Thursday,16,Clear,High,Car,Highway,100,65.0,7,93.1,37.1,0
2654,Rawalpindi,Saturday,14,Clear,High,Car,Main Road,60,48.2,8,96.0,44.9,0
2655,Multan,Tuesday,16,Clear,High,Car,Residential,50,18.5,10,90.0,38.0,0
2656,Islamabad,Friday,22,Clear,High,Motorcycle,Main Road,60,51.3,9,95.1,56.0,0
2657,Peshawar,Tuesday,23,Clear,High,Motorcycle,School Zone,40,20.9,40,97.3,46.4,0
2658,Rawalpindi,Friday,12,Clear,Severe,Car,Market,50,18.6,24,68.7,47.4,0
2659,Karachi,Tuesday,18,Dust,High,Bus,Market,50,22.7,19,50.7,39.8,0
2660,Rawalpindi,Sunday,4,Clear,Low,Motorcycle,Main Road,60,72.8,3,96.3,56.4,1
2661,Rawalpindi,Thursday,11,Dust,Severe,Bus,Residential,50,25.7,9,61.2,52.0,0
2662,Lahore,Monday,0,Fog,Medium,Van,Residential,50,16.6,4,43.0,61.1,0
2663,Islamabad,Sunday,22,Cloudy,High,Motorcycle,Residential,50,48.6,12,90.9,59.0,0
2664,Islamabad,Thursday,4,Dust,High,Motorcycle,Main Road,60,33.8,11,71.9,52.6,0
2665,Quetta,Friday,7,Clear,Medium,Van,Residential,50,56.9,6,90.7,27.9,0
2666,Multan,Saturday,12,Dust,Low,Motorcycle,Market,50,52.0,16,54.2,59.1,0
2667,Karachi,Saturday,7,Clear,Severe,Rickshaw,Residential,50,21.4,11,83.3,41.2,0
2668,Quetta,Wednesday,22,Clear,Low,Car,Market,50,58.1,26,100.0,37.0,0
2669,Multan,Thursday,10,Cloudy,Medium,Motorcycle,Market,50,32.6,24,100.0,29.0,0
2670,Multan,Tuesday,0,Dust,Medium,Motorcycle,Main Road,60,50.1,11,53.7,51.9,0
2671,Rawalpindi,Monday,12,Dust,Low,Car,Main Road,60,52.5,6,54.2,1.3,0
2672,Karachi,Tuesday,18,Clear,High,Motorcycle,Residential,50,40.0,7,90.7,34.6,0
2673,Multan,Tuesday,23,Clear,Low,Rickshaw,School Zone,40,24.4,36,87.8,33.4,0
2674,Karachi,Thursday,2,Rain,Severe,Car,School Zone,40,10.0,44,90.5,83.0,1
2675,Islamabad,Monday,23,Rain,Severe,Motorcycle,Highway,100,66.2,7,83.1,57.7,0
2676,Islamabad,Wednesday,16,Clear,High,Motorcycle,Main Road,60,56.3,7,86.7,80.7,1
2677,Islamabad,Sunday,4,Clear,High,Rickshaw,Market,50,15.6,32,94.2,39.7,0
2678,Peshawar,Tuesday,19,Dust,Medium,Bus,Main Road,60,63.8,15,72.5,39.8,0
2679,Rawalpindi,Monday,20,Rain,Medium,Bus,Market,50,28.9,19,85.4,21.5,0
2680,Karachi,Wednesday,7,Clear,Medium,Motorcycle,Residential,50,41.0,8,80.8,20.5,0
2681,Rawalpindi,Sunday,13,Rain,Severe,Car,Residential,50,15.0,5,86.8,60.1,1
2682,Multan,Tuesday,3,Cloudy,Medium,Rickshaw,Market,50,55.6,24,97.8,29.4,0
2683,Karachi,Monday,10,Dust,High,Rickshaw,Highway,100,93.7,10,53.7,64.5,0
2684,Karachi,Sunday,19,Cloudy,Medium,Motorcycle,Residential,50,24.7,4,100.0,17.0,0
2685,Quetta,Thursday,14,Clear,Medium,Van,Residential,50,38.6,14,96.9,22.2,0
2686,Karachi,Saturday,18,Dust,Low,Motorcycle,Residential,50,38.4,7,55.6,52.3,0
2687,Karachi,Saturday,6,Clear,Medium,Car,Main Road,60,78.8,9,80.8,43.7,0
2688,Lahore,Tuesday,18,Dust,Severe,Van,Residential,50,27.8,9,80.3,44.1,0
2689,Lahore,Tuesday,18,Cloudy,High,Rickshaw,Main Road,60,32.3,3,85.2,37.4,0
2690,Quetta,Sunday,10,Fog,High,Bus,Residential,50,27.6,8,47.5,34.7,0
2691,Peshawar,Monday,4,Clear,High,Rickshaw,Highway,100,103.5,2,67.7,39.3,0
2692,Islamabad,Saturday,4,Cloudy,Low,Bus,Residential,50,41.8,8,89.5,30.6,0
2693,Multan,Tuesday,21,Rain,Low,Motorcycle,Highway,100,115.5,2,84.8,64.7,1
2694,Multan,Wednesday,7,Rain,Medium,Car,Highway,100,78.7,9,78.3,21.9,0
2695,Karachi,Tuesday,9,Clear,Medium,Car,School Zone,40,29.2,31,83.3,31.0,0
2696,Rawalpindi,Saturday,5,Clear,Low,Car,Market,50,53.7,19,92.9,33.6,0
2697,Multan,Friday,14,Cloudy,Low,Motorcycle,Residential,50,49.5,7,84.4,40.8,0
2698,Lahore,Saturday,15,Clear,High,Rickshaw,Market,50,32.2,29,81.1,28.7,0
2699,Islamabad,Wednesday,16,Rain,Medium,Motorcycle,Market,50,24.2,24,73.4,28.0,0
2700,Peshawar,Monday,7,Clear,Medium,Bus,School Zone,40,26.0,46,100.0,35.9,0
2701,Islamabad,Wednesday,7,Dust,Medium,Rickshaw,Market,50,29.6,21,59.6,28.3,0
2702,Karachi,Friday,8,Clear,Medium,Rickshaw,Main Road,60,27.6,11,88.7,13.8,0
2703,Islamabad,Friday,1,Clear,Medium,Motorcycle,Main Road,60,61.7,8,97.8,33.7,0
2704,Karachi,Tuesday,14,Clear,Low,Van,Highway,100,101.7,9,75.3,44.7,0
2705,Quetta,Tuesday,17,Cloudy,Severe,Motorcycle,Main Road,60,42.0,11,89.2,59.5,0
2706,Lahore,Saturday,2,Cloudy,Low,Motorcycle,Market,50,35.1,26,89.4,34.6,0
2707,Lahore,Thursday,16,Cloudy,High,Motorcycle,Main Road,60,44.6,7,83.7,30.1,0
2708,Karachi,Wednesday,3,Rain,High,Bus,Market,50,26.0,24,67.4,36.5,0
2709,Rawalpindi,Saturday,3,Clear,Medium,Rickshaw,Highway,100,92.6,13,81.8,41.0,1
2710,Lahore,Thursday,13,Fog,Severe,Motorcycle,School Zone,40,10.0,36,47.4,90.3,1
2711,Rawalpindi,Saturday,8,Fog,Low,Van,School Zone,40,56.3,39,44.9,84.7,1
2712,Karachi,Friday,8,Clear,Low,Motorcycle,Market,50,46.5,25,89.3,48.4,0
2713,Quetta,Tuesday,22,Dust,Medium,Motorcycle,Main Road,60,60.3,8,60.8,52.8,1
2714,Karachi,Tuesday,17,Cloudy,High,Car,Main Road,60,41.3,8,96.8,29.3,0
2715,Quetta,Saturday,9,Cloudy,Low,Rickshaw,Market,50,21.5,35,85.1,37.0,0
2716,Multan,Tuesday,20,Cloudy,Low,Car,Highway,100,80.0,5,91.7,13.8,0
2717,Lahore,Monday,3,Dust,Medium,Motorcycle,Main Road,60,55.3,8,57.8,54.7,0
2718,Rawalpindi,Saturday,11,Fog,High,Car,Residential,50,15.9,8,53.0,38.9,0
2719,Karachi,Friday,7,Cloudy,Medium,Car,School Zone,40,25.0,39,84.2,12.0,0
2720,Multan,Sunday,1,Clear,Medium,Motorcycle,Market,50,33.3,25,85.3,29.1,0
2721,Lahore,Saturday,21,Cloudy,Medium,Motorcycle,Market,50,50.2,28,87.0,47.5,0
2722,Multan,Saturday,12,Clear,Low,Motorcycle,Residential,50,55.7,8,97.1,46.8,0
2723,Quetta,Tuesday,20,Cloudy,High,Rickshaw,School Zone,40,12.7,28,88.1,54.5,0
2724,Karachi,Friday,15,Rain,Medium,Car,Residential,50,40.0,12,88.9,26.8,0
2725,Multan,Saturday,1,Clear,High,Motorcycle,Residential,50,20.6,13,92.7,47.6,0
2726,Multan,Tuesday,10,Clear,High,Motorcycle,Residential,50,38.7,10,99.1,44.6,0
2727,Quetta,Wednesday,9,Cloudy,Low,Motorcycle,Market,50,35.6,21,97.7,42.1,0
2728,Islamabad,Friday,14,Clear,Medium,Car,Residential,50,48.2,15,89.3,30.9,0
2729,Quetta,Thursday,16,Clear,Severe,Motorcycle,Highway,100,66.5,11,87.2,58.2,0
2730,Islamabad,Monday,7,Cloudy,Medium,Motorcycle,Highway,100,81.4,7,94.8,24.5,0
2731,Lahore,Thursday,17,Fog,Medium,Motorcycle,Main Road,60,47.7,8,66.3,43.1,0
2732,Karachi,Sunday,22,Rain,High,Rickshaw,Market,50,10.0,25,81.4,55.8,0
2733,Multan,Friday,8,Clear,Low,Car,School Zone,40,21.0,36,91.4,43.1,1
2734,Lahore,Saturday,7,Cloudy,High,Car,Market,50,32.6,17,93.6,17.7,0
2735,Peshawar,Tuesday,13,Clear,High,Motorcycle,Market,50,24.2,22,79.2,60.8,0
2736,Quetta,Sunday,17,Rain,Medium,Bus,Highway,100,78.2,12,79.9,45.0,0
2737,Lahore,Friday,21,Cloudy,Medium,Motorcycle,Highway,100,93.7,8,84.6,61.0,1
2738,Lahore,Monday,19,Fog,Severe,Motorcycle,Main Road,60,40.5,9,37.3,80.1,1
2739,Multan,Friday,19,Fog,Low,Rickshaw,Main Road,60,51.9,10,44.9,51.6,0
2740,Islamabad,Sunday,20,Clear,Medium,Car,Highway,100,108.9,10,89.7,47.4,0
2741,Quetta,Tuesday,11,Fog,High,Rickshaw,Market,50,21.4,31,49.2,73.9,1
2742,Islamabad,Thursday,18,Fog,Low,Rickshaw,Market,50,11.7,30,49.9,22.0,0
2743,Karachi,Wednesday,13,Cloudy,Severe,Van,Highway,100,79.6,9,87.7,39.7,0
2744,Lahore,Thursday,16,Clear,Medium,Car,Highway,100,108.9,11,84.5,26.7,0
2745,Quetta,Tuesday,23,Rain,Medium,Motorcycle,Highway,100,73.5,12,95.6,26.7,0
2746,Lahore,Sunday,20,Clear,Medium,Car,Main Road,60,49.5,7,91.0,8.1,0
2747,Karachi,Tuesday,2,Cloudy,High,Car,Highway,100,61.1,7,85.6,41.8,0
2748,Rawalpindi,Monday,22,Clear,Severe,Motorcycle,Main Road,60,53.3,14,81.7,48.6,0
2749,Karachi,Friday,6,Cloudy,Medium,Motorcycle,Main Road,60,57.9,7,91.7,52.9,0
2750,Islamabad,Friday,16,Fog,Medium,Car,Residential,50,43.5,7,50.7,47.4,0
2751,Islamabad,Thursday,11,Clear,Medium,Motorcycle,School Zone,40,23.8,36,89.1,43.6,0
2752,Lahore,Sunday,8,Rain,Medium,Motorcycle,School Zone,40,13.7,38,81.9,37.7,0
2753,Islamabad,Wednesday,14,Clear,Low,Rickshaw,School Zone,40,47.2,43,87.7,45.3,0
2754,Quetta,Wednesday,17,Rain,High,Rickshaw,Main Road,60,28.4,7,75.0,44.4,0
2755,Karachi,Monday,20,Cloudy,Severe,Motorcycle,Market,50,10.0,21,97.8,50.7,0
2756,Lahore,Tuesday,12,Clear,High,Motorcycle,Main Road,60,46.6,12,91.1,42.3,0
2757,Karachi,Monday,20,Cloudy,Medium,Rickshaw,Highway,100,75.5,6,94.5,21.4,0
2758,Karachi,Friday,7,Dust,High,Motorcycle,Residential,50,56.1,8,55.1,65.3,0
2759,Lahore,Saturday,13,Clear,High,Car,School Zone,40,21.7,39,83.3,39.7,0
2760,Multan,Saturday,7,Rain,Medium,Car,Main Road,60,24.6,9,68.8,29.0,0
2761,Rawalpindi,Saturday,13,Cloudy,Severe,Motorcycle,Highway,100,91.2,4,96.7,68.4,1
2762,Multan,Tuesday,6,Clear,Low,Car,Main Road,60,46.5,9,97.3,9.7,0
2763,Islamabad,Monday,22,Dust,Low,Van,Main Road,60,73.7,10,65.6,51.1,0
2764,Peshawar,Sunday,11,Cloudy,Low,Car,Main Road,60,65.9,5,91.5,48.7,0
2765,Multan,Thursday,10,Clear,Low,Van,Market,50,55.5,21,93.1,35.9,0
2766,Peshawar,Friday,21,Clear,Medium,Motorcycle,Residential,50,47.0,5,86.1,33.3,0
2767,Peshawar,Saturday,21,Clear,Severe,Rickshaw,Residential,50,13.0,5,88.0,57.5,0
2768,Islamabad,Sunday,10,Rain,High,Motorcycle,Residential,50,35.3,12,82.9,28.2,0
2769,Rawalpindi,Wednesday,21,Cloudy,High,Motorcycle,Main Road,60,10.0,11,93.7,39.9,0
2770,Karachi,Monday,12,Rain,Medium,Motorcycle,Market,50,35.3,22,90.9,31.3,1
2771,Lahore,Friday,17,Rain,Medium,Rickshaw,Market,50,21.0,14,86.8,22.1,0
2772,Rawalpindi,Friday,1,Clear,Medium,Bus,School Zone,40,20.9,38,88.4,49.2,0
2773,Peshawar,Wednesday,20,Cloudy,Medium,Motorcycle,Main Road,60,55.3,9,70.9,36.0,0
2774,Quetta,Wednesday,14,Fog,High,Motorcycle,Main Road,60,28.0,8,34.0,48.5,0
2775,Islamabad,Wednesday,19,Fog,Medium,Rickshaw,Main Road,60,44.5,4,38.9,41.6,0
2776,Multan,Saturday,17,Clear,Medium,Van,Residential,50,37.4,7,90.7,17.7,0
2777,Islamabad,Saturday,14,Cloudy,High,Car,Main Road,60,57.1,7,100.0,45.4,0
2778,Multan,Monday,18,Clear,Medium,Car,Main Road,60,44.6,8,98.7,33.1,0
2779,Lahore,Wednesday,22,Clear,Medium,Motorcycle,Highway,100,85.7,12,98.3,55.7,0
2780,Quetta,Thursday,23,Rain,Severe,Motorcycle,Residential,50,10.0,9,82.4,47.4,0
2781,Karachi,Friday,11,Clear,Severe,Motorcycle,Residential,50,19.6,7,72.5,47.9,0
2782,Rawalpindi,Wednesday,12,Clear,Low,Motorcycle,Market,50,65.4,20,78.4,46.2,0
2783,Quetta,Friday,21,Rain,Medium,Motorcycle,Residential,50,43.5,6,85.4,37.5,0
2784,Rawalpindi,Tuesday,10,Dust,Medium,Car,Market,50,35.6,19,57.8,45.6,1
2785,Rawalpindi,Sunday,4,Fog,Medium,Van,Residential,50,34.3,9,49.4,37.0,0
2786,Karachi,Tuesday,0,Cloudy,Medium,Rickshaw,Main Road,60,64.2,15,82.2,43.4,0
2787,Karachi,Wednesday,23,Clear,Medium,Car,Market,50,28.3,18,76.5,18.1,0
2788,Multan,Friday,2,Clear,High,Motorcycle,Highway,100,88.3,7,82.2,75.8,1
2789,Karachi,Sunday,21,Rain,Low,Motorcycle,Highway,100,97.5,8,90.1,66.5,1
2790,Lahore,Tuesday,18,Fog,Severe,Rickshaw,Residential,50,11.9,8,44.1,78.7,1
2791,Islamabad,Wednesday,22,Dust,Medium,Motorcycle,School Zone,40,27.0,30,72.8,24.6,0
2792,Peshawar,Friday,6,Rain,High,Motorcycle,School Zone,40,12.5,33,83.7,81.6,1
2793,Karachi,Wednesday,11,Clear,High,Motorcycle,Main Road,60,26.7,9,100.0,29.7,0
2794,Islamabad,Saturday,14,Clear,Severe,Motorcycle,Main Road,60,28.1,10,93.3,48.2,1
2795,Multan,Friday,4,Clear,Severe,Motorcycle,School Zone,40,10.0,26,96.6,65.3,1
2796,Karachi,Tuesday,14,Dust,High,Car,Highway,100,91.8,9,66.6,61.1,0
2797,Peshawar,Wednesday,7,Clear,High,Car,Main Road,60,59.3,5,79.3,75.9,1
2798,Quetta,Tuesday,9,Cloudy,High,Car,Main Road,60,37.6,7,92.0,29.6,0
2799,Karachi,Wednesday,15,Clear,Medium,Car,Residential,50,21.1,6,98.3,25.9,0
2800,Islamabad,Monday,7,Cloudy,Low,Motorcycle,Highway,100,89.9,9,86.4,29.6,0
2801,Multan,Tuesday,0,Rain,Medium,Motorcycle,Main Road,60,29.9,6,66.7,27.7,0
2802,Multan,Tuesday,11,Cloudy,High,Motorcycle,Market,50,30.3,25,87.0,35.0,0
2803,Lahore,Thursday,4,Rain,Low,Motorcycle,Highway,100,80.5,9,72.3,40.0,0
2804,Multan,Sunday,2,Cloudy,Medium,Motorcycle,Residential,50,31.3,2,89.9,28.6,0
2805,Quetta,Saturday,0,Clear,Medium,Rickshaw,Main Road,60,56.0,9,93.9,31.6,0
2806,Multan,Tuesday,3,Clear,Medium,Car,Highway,100,96.3,12,100.0,35.5,0
2807,Multan,Friday,7,Fog,High,Motorcycle,Main Road,60,36.2,6,53.5,36.3,1
2808,Quetta,Sunday,2,Clear,Low,Van,Highway,100,106.8,16,70.7,32.6,0
2809,Quetta,Wednesday,9,Clear,High,Car,Residential,50,52.9,8,87.3,60.0,0
2810,Peshawar,Monday,1,Clear,High,Van,Highway,100,91.3,6,95.9,73.3,0
2811,Islamabad,Friday,10,Clear,Low,Motorcycle,Market,50,58.9,24,87.8,43.4,0
2812,Rawalpindi,Sunday,9,Clear,High,Motorcycle,Residential,50,34.0,11,100.0,47.6,1
2813,Multan,Friday,20,Cloudy,Medium,Motorcycle,School Zone,40,13.3,38,84.9,33.8,0
2814,Rawalpindi,Friday,13,Fog,Medium,Rickshaw,Highway,100,75.7,10,32.0,49.3,0
2815,Rawalpindi,Friday,6,Rain,Medium,Motorcycle,Main Road,60,30.7,4,71.2,31.2,0
2816,Lahore,Sunday,1,Clear,Severe,Motorcycle,School Zone,40,34.9,33,84.1,66.7,0
2817,Karachi,Monday,8,Rain,Severe,Bus,Residential,50,10.0,8,86.6,67.6,1
2818,Multan,Thursday,15,Dust,Severe,Rickshaw,Main Road,60,24.5,7,68.0,60.3,1
2819,Karachi,Saturday,12,Dust,Severe,Van,Highway,100,63.5,6,69.3,46.6,0
2820,Karachi,Tuesday,8,Clear,Low,Van,Residential,50,52.1,12,86.9,58.5,0
2821,Lahore,Sunday,19,Clear,Medium,Bus,Market,50,16.6,29,98.5,16.0,0
2822,Rawalpindi,Friday,3,Dust,Severe,Car,Market,50,15.0,22,75.3,46.2,1
2823,Quetta,Tuesday,21,Rain,High,Car,Main Road,60,47.5,5,84.2,46.2,0
2824,Karachi,Sunday,9,Cloudy,Medium,Car,School Zone,40,36.3,41,87.7,49.2,0
2825,Quetta,Tuesday,21,Clear,High,Car,Main Road,60,30.0,5,91.5,47.3,0
2826,Quetta,Friday,11,Cloudy,Low,Motorcycle,Market,50,46.5,22,94.7,64.1,0
2827,Lahore,Thursday,16,Clear,Medium,Motorcycle,Main Road,60,49.3,8,78.0,39.4,0
2828,Lahore,Sunday,13,Clear,Medium,Car,Highway,100,79.8,5,81.5,30.1,0
2829,Islamabad,Tuesday,13,Clear,Medium,Van,Main Road,60,49.8,12,95.3,19.2,0
2830,Multan,Wednesday,1,Clear,High,Rickshaw,Residential,50,13.6,1,99.7,30.7,0
2831,Karachi,Tuesday,20,Clear,Severe,Car,Main Road,60,10.5,4,87.0,36.5,0
2832,Rawalpindi,Saturday,19,Clear,Medium,Motorcycle,Residential,50,47.6,12,86.8,36.2,0
2833,Peshawar,Friday,10,Clear,High,Rickshaw,Main Road,60,25.2,12,86.2,34.0,0
2834,Lahore,Monday,15,Clear,High,Motorcycle,Residential,50,47.0,5,86.9,71.1,1
2835,Quetta,Tuesday,18,Clear,High,Car,Market,50,32.4,19,80.2,32.6,0
2836,Islamabad,Thursday,22,Clear,Medium,Van,Main Road,60,52.4,3,85.4,20.4,0
2837,Peshawar,Wednesday,5,Clear,Severe,Motorcycle,Market,50,13.6,18,86.5,53.9,1
2838,Lahore,Wednesday,23,Clear,Medium,Van,Residential,50,46.1,7,82.8,41.3,0
2839,Islamabad,Monday,18,Clear,Low,Motorcycle,Residential,50,50.3,10,86.9,34.6,0
2840,Quetta,Saturday,4,Clear,High,Van,Market,50,17.7,20,92.3,45.1,0
2841,Karachi,Monday,3,Clear,Low,Car,School Zone,40,18.3,41,96.7,42.7,0
2842,Multan,Saturday,14,Dust,Medium,Car,School Zone,40,17.5,27,66.7,14.0,0
2843,Multan,Tuesday,3,Cloudy,Low,Car,School Zone,40,22.5,39,87.4,55.3,1
2844,Islamabad,Friday,19,Dust,Medium,Motorcycle,Main Road,60,63.0,4,69.1,55.7,0
2845,Lahore,Thursday,9,Cloudy,Medium,Car,Main Road,60,71.4,9,89.1,38.8,0
2846,Multan,Wednesday,23,Dust,Low,Car,School Zone,40,25.6,32,70.7,49.9,0
2847,Multan,Monday,21,Clear,High,Car,Main Road,60,51.9,10,99.4,35.7,0
2848,Karachi,Thursday,2,Cloudy,Medium,Van,Residential,50,48.6,13,77.9,42.7,0
2849,Quetta,Saturday,4,Cloudy,Medium,Motorcycle,Market,50,37.1,19,84.0,31.1,0
2850,Rawalpindi,Friday,5,Dust,Severe,Motorcycle,School Zone,40,10.0,34,66.3,90.1,1
2851,Multan,Wednesday,20,Clear,Medium,Rickshaw,Main Road,60,44.9,8,89.2,7.8,0
2852,Islamabad,Wednesday,21,Dust,High,Car,Highway,100,87.3,9,70.3,40.3,0
2853,Peshawar,Saturday,7,Cloudy,Medium,Motorcycle,Market,50,45.1,23,76.7,55.7,1
2854,Quetta,Friday,6,Rain,Medium,Car,Market,50,26.4,16,82.8,24.4,0
2855,Karachi,Wednesday,20,Dust,High,Car,Highway,100,91.9,5,71.9,58.2,0
2856,Quetta,Friday,9,Fog,Medium,Car,Main Road,60,44.6,11,44.7,32.6,0
2857,Karachi,Wednesday,5,Rain,High,Motorcycle,Residential,50,10.0,5,81.1,58.3,1
2858,Quetta,Tuesday,13,Clear,Medium,Van,Market,50,31.3,27,78.8,24.6,0
2859,Rawalpindi,Saturday,3,Clear,Medium,Rickshaw,Residential,50,46.8,9,81.7,23.8,0
2860,Islamabad,Friday,12,Clear,High,Bus,Highway,100,102.3,11,85.7,43.5,0
2861,Peshawar,Thursday,19,Clear,Medium,Rickshaw,Highway,100,98.3,8,95.4,48.2,0
2862,Multan,Tuesday,16,Clear,High,Motorcycle,Residential,50,24.6,8,80.9,52.0,0
2863,Rawalpindi,Sunday,22,Cloudy,Medium,Car,Residential,50,40.4,8,81.7,1.0,0
2864,Islamabad,Thursday,6,Rain,Low,Rickshaw,School Zone,40,30.8,42,70.8,43.7,0
2865,Peshawar,Saturday,3,Clear,High,Motorcycle,Highway,100,48.0,9,91.5,45.0,0
2866,Quetta,Wednesday,13,Cloudy,Severe,Rickshaw,Market,50,11.0,37,93.8,39.3,0
2867,Multan,Sunday,2,Clear,Medium,Van,Main Road,60,37.3,16,82.8,24.6,0
2868,Peshawar,Thursday,23,Dust,High,Car,Residential,50,26.3,10,71.2,26.2,0
2869,Lahore,Tuesday,4,Clear,Medium,Car,Main Road,60,36.7,5,96.4,25.1,0
2870,Peshawar,Sunday,15,Cloudy,High,Car,Market,50,22.0,25,96.6,30.3,0
2871,Islamabad,Sunday,22,Fog,Low,Bus,Main Road,60,23.3,8,58.0,39.6,0
2872,Rawalpindi,Friday,19,Clear,Low,Car,Highway,100,116.5,5,91.8,36.5,0
2873,Multan,Monday,3,Rain,Low,Rickshaw,Highway,100,100.5,11,76.8,48.0,0
2874,Rawalpindi,Thursday,23,Dust,High,Car,Main Road,60,57.7,13,67.9,46.8,0
2875,Multan,Monday,23,Clear,Medium,Car,School Zone,40,37.0,34,100.0,39.3,0
2876,Lahore,Saturday,1,Fog,Medium,Rickshaw,Residential,50,28.6,15,67.2,32.9,0
2877,Islamabad,Thursday,17,Rain,High,Car,Main Road,60,17.2,10,81.7,48.9,0
2878,Peshawar,Thursday,18,Clear,Low,Rickshaw,Highway,100,73.9,5,90.8,30.6,0
2879,Lahore,Friday,18,Clear,Medium,Rickshaw,Highway,100,90.6,12,95.0,29.3,0
2880,Quetta,Wednesday,16,Cloudy,High,Motorcycle,Residential,50,30.5,8,94.9,64.9,0
2881,Karachi,Tuesday,13,Dust,Medium,Motorcycle,Market,50,38.1,20,56.9,22.3,0
2882,Quetta,Tuesday,18,Clear,Low,Car,Main Road,60,60.8,13,92.2,39.0,0
2883,Islamabad,Tuesday,21,Rain,High,Van,Main Road,60,42.0,11,76.0,49.6,0
2884,Lahore,Saturday,23,Clear,Medium,Rickshaw,School Zone,40,32.4,25,77.8,26.6,0
2885,Rawalpindi,Sunday,12,Rain,Low,Car,Main Road,60,59.3,2,80.6,43.8,0
2886,Lahore,Wednesday,11,Cloudy,Low,Car,School Zone,40,42.4,38,79.8,74.7,1
2887,Karachi,Monday,5,Cloudy,Low,Bus,Market,50,48.6,11,93.1,57.3,0
2888,Islamabad,Tuesday,20,Cloudy,Medium,Car,School Zone,40,30.6,35,79.4,30.4,0
2889,Lahore,Monday,3,Dust,Low,Motorcycle,Main Road,60,59.2,8,60.1,55.9,0
2890,Multan,Wednesday,18,Clear,Medium,Car,Residential,50,47.7,5,91.0,37.3,0
2891,Quetta,Saturday,15,Rain,High,Motorcycle,Main Road,60,25.3,9,79.2,37.5,0
2892,Peshawar,Wednesday,12,Clear,High,Bus,School Zone,40,10.0,33,86.2,48.1,0
2893,Quetta,Friday,3,Rain,High,Motorcycle,Residential,50,36.7,10,76.3,48.0,1
2894,Islamabad,Sunday,22,Rain,High,Rickshaw,Market,50,24.0,17,73.6,59.6,1
2895,Lahore,Tuesday,16,Clear,Medium,Car,Highway,100,87.7,5,96.8,9.0,0
2896,Quetta,Saturday,22,Rain,Medium,Motorcycle,Main Road,60,41.0,6,67.6,21.8,0
2897,Lahore,Friday,0,Cloudy,Severe,Car,Main Road,60,28.5,9,95.2,38.6,1
2898,Quetta,Tuesday,17,Fog,High,Motorcycle,Residential,50,40.6,4,41.7,46.6,0
2899,Islamabad,Wednesday,19,Clear,High,Motorcycle,Market,50,11.1,21,100.0,34.3,0
2900,Rawalpindi,Wednesday,16,Clear,Medium,Car,Market,50,42.9,28,91.8,27.4,0
2901,Quetta,Thursday,14,Dust,High,Van,Residential,50,33.0,10,68.8,25.2,0
2902,Peshawar,Thursday,10,Dust,Low,Van,Main Road,60,50.6,9,71.0,52.5,0
2903,Quetta,Wednesday,21,Clear,Severe,Rickshaw,Residential,50,40.3,5,74.3,51.1,0
2904,Islamabad,Wednesday,12,Fog,Medium,Motorcycle,Main Road,60,42.5,5,45.8,60.9,0
2905,Quetta,Monday,0,Cloudy,Medium,Rickshaw,Main Road,60,56.5,3,88.7,53.3,1
2906,Peshawar,Sunday,16,Fog,Medium,Motorcycle,Main Road,60,25.3,9,46.6,50.5,0
2907,Multan,Monday,5,Cloudy,Low,Motorcycle,Highway,100,98.9,8,95.4,59.5,0
2908,Peshawar,Sunday,3,Clear,Low,Rickshaw,Highway,100,109.3,8,80.5,38.1,0
2909,Islamabad,Friday,19,Clear,Medium,Car,Market,50,41.2,20,88.2,39.6,0
2910,Lahore,Thursday,15,Fog,Medium,Car,Highway,100,80.3,5,51.6,36.3,0
2911,Quetta,Thursday,14,Clear,Low,Rickshaw,Residential,50,61.2,16,100.0,35.4,0
2912,Rawalpindi,Wednesday,14,Fog,Severe,Motorcycle,Main Road,60,21.5,9,51.0,72.4,1
2913,Peshawar,Wednesday,5,Rain,Medium,Motorcycle,Market,50,19.7,22,80.3,34.4,0
2914,Multan,Friday,14,Clear,Medium,Bus,School Zone,40,25.3,31,82.3,40.0,0
2915,Peshawar,Saturday,13,Cloudy,Medium,Motorcycle,Main Road,60,34.8,7,100.0,7.6,0
2916,Quetta,Saturday,10,Cloudy,Low,Car,School Zone,40,34.9,40,90.2,41.8,0
2917,Lahore,Saturday,6,Cloudy,High,Car,Highway,100,78.5,6,76.9,35.6,0
2918,Quetta,Thursday,8,Clear,Medium,Motorcycle,Market,50,64.5,19,82.8,55.6,0
2919,Multan,Monday,15,Fog,Low,Rickshaw,Market,50,29.3,29,31.4,9.6,0
2920,Multan,Saturday,4,Cloudy,Low,Car,Main Road,60,76.6,7,92.4,41.0,0
2921,Islamabad,Tuesday,19,Fog,Medium,Car,School Zone,40,10.0,36,54.3,62.4,0
2922,Rawalpindi,Friday,9,Cloudy,Medium,Motorcycle,School Zone,40,31.6,38,99.4,27.2,0
2923,Quetta,Saturday,17,Clear,Medium,Motorcycle,School Zone,40,27.9,28,99.6,16.0,0
2924,Peshawar,Tuesday,2,Cloudy,Medium,Motorcycle,Main Road,60,55.8,6,78.2,23.3,0
2925,Peshawar,Saturday,12,Dust,High,Car,Highway,100,96.9,6,65.4,50.5,1
2926,Islamabad,Monday,10,Clear,High,Motorcycle,Market,50,26.0,18,97.2,74.1,1
2927,Lahore,Monday,16,Fog,Medium,Motorcycle,Highway,100,100.0,8,52.4,54.6,0
2928,Quetta,Saturday,21,Clear,High,Rickshaw,Residential,50,36.8,10,89.9,37.1,0
2929,Karachi,Tuesday,12,Fog,Low,Bus,School Zone,40,34.7,30,36.9,28.2,0
2930,Lahore,Friday,5,Dust,Medium,Car,Main Road,60,60.4,8,64.0,50.2,0
2931,Peshawar,Tuesday,16,Rain,Low,Motorcycle,Highway,100,77.8,5,82.2,49.2,0
2932,Multan,Friday,12,Clear,Low,Van,Residential,50,50.4,7,95.9,21.8,0
2933,Quetta,Saturday,18,Cloudy,Medium,Motorcycle,Market,50,48.6,18,100.0,54.2,0
2934,Multan,Friday,20,Dust,High,Motorcycle,Main Road,60,56.6,7,59.0,55.4,0
2935,Peshawar,Wednesday,18,Cloudy,Low,Motorcycle,Market,50,42.8,33,89.7,40.7,0
2936,Rawalpindi,Thursday,9,Rain,Low,Van,Market,50,28.9,27,75.1,43.1,0
2937,Lahore,Sunday,2,Rain,Severe,Motorcycle,Market,50,12.3,27,73.7,69.2,1
2938,Karachi,Thursday,13,Cloudy,Medium,Car,Main Road,60,45.6,5,89.6,2.9,0
2939,Rawalpindi,Monday,18,Cloudy,Medium,Rickshaw,Highway,100,78.5,8,82.7,10.1,0
2940,Karachi,Wednesday,4,Clear,Low,Van,School Zone,40,38.4,28,81.3,45.0,1
2941,Rawalpindi,Thursday,4,Clear,High,Car,School Zone,40,10.0,37,94.8,57.9,1
2942,Lahore,Saturday,19,Dust,Medium,Car,Residential,50,20.1,6,67.8,13.7,0
2943,Peshawar,Friday,16,Dust,Low,Van,Highway,100,94.0,6,61.2,53.8,0
2944,Karachi,Friday,20,Clear,High,Motorcycle,Residential,50,46.8,7,90.0,64.6,1
2945,Lahore,Tuesday,9,Dust,Medium,Rickshaw,Highway,100,82.6,8,58.0,23.2,0
2946,Karachi,Tuesday,4,Clear,Medium,Motorcycle,Residential,50,37.9,8,99.1,31.9,0
2947,Lahore,Friday,3,Clear,Severe,Rickshaw,Main Road,60,48.3,10,91.4,43.0,0
2948,Rawalpindi,Saturday,5,Clear,Low,Motorcycle,Residential,50,54.1,7,85.4,48.4,0
2949,Lahore,Friday,3,Fog,Severe,Motorcycle,Main Road,60,14.9,11,49.5,68.9,0
2950,Rawalpindi,Tuesday,6,Fog,High,Motorcycle,Market,50,19.3,20,40.6,49.2,0
2951,Peshawar,Thursday,6,Cloudy,Medium,Motorcycle,Market,50,50.2,22,87.9,33.0,0
2952,Rawalpindi,Monday,17,Clear,Severe,Car,Residential,50,30.3,8,91.5,58.1,1
2953,Islamabad,Tuesday,2,Cloudy,High,Rickshaw,Market,50,41.6,21,99.6,29.9,0
2954,Peshawar,Saturday,0,Rain,Severe,Van,School Zone,40,10.0,35,75.5,41.8,0
2955,Multan,Thursday,23,Clear,Medium,Motorcycle,Residential,50,42.6,12,92.4,24.4,0
2956,Multan,Thursday,3,Clear,Low,Motorcycle,Residential,50,23.9,8,100.0,27.1,0
2957,Multan,Thursday,5,Rain,Medium,Van,Main Road,60,47.9,10,79.4,18.4,0
2958,Quetta,Wednesday,8,Clear,Low,Rickshaw,Main Road,60,92.1,6,86.2,32.7,0
2959,Quetta,Wednesday,21,Clear,Low,Car,Main Road,60,70.5,7,89.5,35.2,0
2960,Lahore,Sunday,13,Cloudy,High,Car,Main Road,60,50.3,9,91.3,30.0,1
2961,Lahore,Thursday,11,Rain,Severe,Motorcycle,Residential,50,11.8,9,85.2,60.8,0
2962,Islamabad,Saturday,19,Fog,Medium,Car,Main Road,60,47.5,10,46.6,37.5,1
2963,Lahore,Friday,23,Clear,High,Car,Residential,50,10.0,6,79.7,42.9,0
2964,Peshawar,Saturday,3,Cloudy,Low,Car,Main Road,60,60.6,11,93.2,27.4,0
2965,Peshawar,Wednesday,20,Clear,High,Car,Residential,50,39.2,6,87.3,31.8,0
2966,Multan,Tuesday,23,Clear,High,Motorcycle,Main Road,60,47.9,15,85.9,37.2,0
2967,Rawalpindi,Sunday,11,Cloudy,Low,Rickshaw,Main Road,60,62.3,9,100.0,39.7,0
2968,Karachi,Wednesday,9,Clear,Low,Van,Market,50,40.5,21,80.3,14.0,0
2969,Lahore,Friday,21,Clear,High,Rickshaw,Market,50,36.2,18,82.5,29.0,0
2970,Islamabad,Monday,6,Rain,Medium,Motorcycle,Main Road,60,40.5,10,81.0,45.2,1
2971,Multan,Sunday,2,Clear,Medium,Motorcycle,Main Road,60,49.4,8,90.3,39.7,0
2972,Quetta,Wednesday,22,Fog,Severe,Bus,Main Road,60,35.1,8,40.1,54.2,0
2973,Peshawar,Saturday,13,Clear,Severe,Car,Highway,100,67.4,4,77.6,33.2,0
2974,Peshawar,Sunday,23,Clear,High,Rickshaw,Residential,50,26.5,9,82.2,24.0,0
2975,Peshawar,Saturday,9,Clear,High,Motorcycle,Residential,50,25.7,12,90.5,38.1,0
2976,Karachi,Thursday,15,Clear,Low,Bus,Market,50,54.1,26,95.8,39.7,0
2977,Karachi,Thursday,15,Fog,Low,Car,Residential,50,40.5,11,46.6,35.2,0
2978,Lahore,Thursday,21,Rain,Severe,Motorcycle,Residential,50,20.3,12,80.0,65.0,0
2979,Quetta,Sunday,9,Clear,High,Car,Highway,100,72.1,6,100.0,35.7,0
2980,Islamabad,Monday,12,Rain,High,Bus,Highway,100,89.1,7,85.0,36.8,0
2981,Karachi,Friday,5,Fog,Medium,Car,Market,50,28.4,15,52.2,35.6,0
2982,Rawalpindi,Sunday,11,Clear,Severe,Motorcycle,Market,50,10.0,21,77.1,67.9,1
2983,Karachi,Tuesday,8,Clear,Low,Rickshaw,Main Road,60,58.8,5,87.8,37.5,0
2984,Peshawar,Saturday,12,Clear,Medium,Motorcycle,Residential,50,23.5,7,83.3,18.3,0
2985,Islamabad,Saturday,3,Dust,Low,Van,Main Road,60,64.7,7,93.2,47.3,0
2986,Lahore,Sunday,23,Clear,High,Van,Highway,100,79.2,8,78.7,41.0,1
2987,Karachi,Sunday,10,Clear,High,Motorcycle,Market,50,41.1,17,98.6,31.5,0
2988,Peshawar,Friday,19,Cloudy,Medium,Car,Residential,50,60.5,9,98.0,38.0,0
2989,Multan,Monday,17,Cloudy,Low,Motorcycle,Residential,50,57.7,8,93.7,48.3,1
2990,Rawalpindi,Sunday,10,Rain,High,Bus,Residential,50,32.4,15,79.9,41.6,0
2991,Rawalpindi,Thursday,20,Clear,Severe,Rickshaw,Main Road,60,39.9,5,100.0,46.1,1
2992,Multan,Friday,3,Cloudy,Low,Car,Highway,100,93.7,12,94.6,46.8,0
2993,Lahore,Tuesday,17,Fog,High,Motorcycle,School Zone,40,14.0,35,46.9,96.0,1
2994,Lahore,Thursday,0,Clear,Severe,Motorcycle,School Zone,40,19.1,25,85.6,55.6,0
2995,Karachi,Tuesday,6,Clear,Medium,Motorcycle,Highway,100,97.1,9,90.5,58.3,0
2996,Lahore,Wednesday,5,Rain,Low,Car,Highway,100,97.8,8,65.7,42.1,0
2997,Quetta,Tuesday,14,Rain,Severe,Van,Main Road,60,27.6,5,68.0,51.2,0
2998,Quetta,Thursday,17,Clear,Low,Bus,Highway,100,82.6,3,96.3,27.4,0
2999,Peshawar,Wednesday,23,Clear,Medium,Rickshaw,Main Road,60,40.1,3,100.0,9.0,0
3000,Peshawar,Thursday,10,Rain,High,Motorcycle,Main Road,60,65.4,8,51.2,68.7,1
3001,Peshawar,Saturday,19,Cloudy,High,Car,Residential,50,37.7,10,92.3,28.2,0
3002,Quetta,Thursday,23,Dust,High,Motorcycle,Market,50,22.5,32,66.1,75.8,1
3003,Karachi,Wednesday,14,Dust,High,Van,Residential,50,30.2,9,61.8,36.4,0
3004,Karachi,Tuesday,15,Clear,High,Motorcycle,Market,50,38.8,26,90.2,43.0,0
3005,Lahore,Saturday,6,Dust,Medium,Car,Market,50,62.0,19,62.3,40.7,0
3006,Karachi,Monday,20,Clear,Medium,Rickshaw,Main Road,60,42.3,10,88.7,20.0,0
3007,Peshawar,Monday,9,Dust,Medium,Bus,Market,50,37.9,21,71.0,12.5,0
3008,Islamabad,Monday,11,Rain,High,Motorcycle,Main Road,60,59.2,7,88.8,62.3,1
3009,Peshawar,Monday,23,Cloudy,Severe,Car,Residential,50,56.0,11,100.0,54.5,1
3010,Quetta,Friday,13,Cloudy,Medium,Bus,Main Road,60,46.7,4,100.0,9.3,0
3011,Multan,Monday,4,Clear,Low,Van,Residential,50,39.4,6,83.9,28.1,0
3012,Islamabad,Wednesday,20,Clear,Severe,Car,Main Road,60,32.9,6,91.9,47.2,0
3013,Lahore,Sunday,17,Clear,Low,Motorcycle,Highway,100,77.6,7,94.2,19.4,0
3014,Rawalpindi,Monday,4,Dust,Low,Car,School Zone,40,34.9,29,75.7,32.5,0
3015,Multan,Thursday,2,Clear,High,Car,Main Road,60,45.1,8,84.5,53.3,1
3016,Karachi,Sunday,22,Clear,Medium,Van,Highway,100,85.6,9,81.3,15.5,0
3017,Karachi,Monday,4,Dust,Medium,Car,Main Road,60,66.9,7,62.5,59.4,1
3018,Quetta,Sunday,23,Clear,Severe,Motorcycle,Residential,50,29.7,8,78.7,58.9,0
3019,Peshawar,Tuesday,16,Rain,Severe,Rickshaw,Market,50,29.1,24,91.8,51.8,1
3020,Peshawar,Wednesday,18,Clear,Medium,Motorcycle,Residential,50,32.7,10,93.6,12.8,0
3021,Islamabad,Wednesday,18,Clear,High,Motorcycle,Main Road,60,30.9,9,100.0,45.2,0
3022,Karachi,Sunday,20,Clear,High,Motorcycle,Residential,50,25.0,9,100.0,29.2,0
3023,Multan,Saturday,11,Dust,Medium,Rickshaw,Residential,50,39.2,15,53.3,35.9,0
3024,Quetta,Friday,8,Clear,Severe,Van,Residential,50,46.9,6,81.4,65.9,1
3025,Multan,Thursday,0,Clear,Low,Motorcycle,Market,50,31.8,23,89.5,38.3,0
3026,Lahore,Sunday,17,Cloudy,Medium,Car,School Zone,40,66.4,33,93.7,53.4,0
3027,Peshawar,Wednesday,20,Dust,Medium,Car,Market,50,41.1,12,75.3,11.3,0
3028,Multan,Tuesday,3,Clear,High,Car,Market,50,39.2,19,87.4,53.8,0
3029,Karachi,Monday,9,Rain,Low,Motorcycle,Main Road,60,56.4,4,67.8,53.1,0
3030,Rawalpindi,Wednesday,6,Rain,Severe,Motorcycle,Residential,50,21.0,4,76.7,69.3,0
3031,Quetta,Tuesday,21,Cloudy,High,Car,Market,50,31.7,24,90.3,41.9,0
3032,Islamabad,Monday,22,Clear,Medium,Rickshaw,School Zone,40,15.1,34,77.8,31.5,0
3033,Peshawar,Friday,0,Clear,High,Motorcycle,Main Road,60,41.7,8,93.0,45.7,0
3034,Peshawar,Wednesday,16,Clear,Medium,Motorcycle,Residential,50,41.8,5,83.2,32.0,0
3035,Lahore,Wednesday,23,Cloudy,Medium,Motorcycle,Market,50,48.4,19,88.0,69.2,1
3036,Peshawar,Sunday,1,Clear,Low,Car,School Zone,40,48.8,35,100.0,69.1,0
3037,Quetta,Sunday,10,Cloudy,Medium,Motorcycle,Market,50,35.0,18,100.0,39.7,0
3038,Karachi,Tuesday,8,Clear,Low,Rickshaw,Main Road,60,58.6,9,93.4,35.6,0
3039,Karachi,Saturday,6,Clear,High,Car,Main Road,60,34.6,10,97.8,26.9,0
3040,Karachi,Sunday,21,Cloudy,Low,Car,School Zone,40,25.3,32,95.5,45.1,0
3041,Rawalpindi,Thursday,16,Dust,Medium,Motorcycle,Market,50,50.3,22,66.4,55.5,0
3042,Rawalpindi,Friday,16,Cloudy,Medium,Motorcycle,Main Road,60,30.0,6,100.0,37.0,0
3043,Peshawar,Thursday,1,Clear,Medium,Car,Highway,100,90.0,7,99.5,38.8,0
3044,Multan,Wednesday,5,Clear,Low,Van,Market,50,50.4,24,100.0,27.0,0
3045,Rawalpindi,Thursday,13,Cloudy,Low,Motorcycle,Highway,100,95.0,7,100.0,53.4,0
3046,Multan,Monday,5,Cloudy,Low,Motorcycle,School Zone,40,33.2,40,81.9,43.1,0
3047,Multan,Friday,1,Cloudy,Medium,Motorcycle,Main Road,60,45.8,10,89.7,27.7,0
3048,Rawalpindi,Thursday,0,Clear,Medium,Rickshaw,School Zone,40,11.8,34,85.3,34.4,0
3049,Lahore,Monday,9,Dust,Low,Motorcycle,School Zone,40,48.8,24,60.4,41.8,0
3050,Rawalpindi,Tuesday,20,Fog,Low,Motorcycle,Main Road,60,70.4,10,31.3,65.1,0
3051,Islamabad,Thursday,4,Clear,High,Car,Main Road,60,52.8,9,82.6,32.5,0
3052,Islamabad,Friday,1,Rain,Severe,Car,Residential,50,17.2,9,73.7,43.8,0
3053,Multan,Monday,21,Clear,High,Motorcycle,Main Road,60,57.9,12,75.6,68.0,1
3054,Islamabad,Thursday,15,Clear,Medium,Car,Highway,100,97.7,5,81.5,21.8,0
3055,Peshawar,Tuesday,1,Clear,Low,Motorcycle,Market,50,64.7,16,74.2,60.9,0
3056,Karachi,Thursday,9,Cloudy,Medium,Motorcycle,Highway,100,110.3,2,95.8,39.4,0
3057,Lahore,Monday,1,Clear,Medium,Car,School Zone,40,24.3,28,94.7,19.7,0
3058,Peshawar,Thursday,15,Dust,Medium,Rickshaw,School Zone,40,19.8,39,55.2,66.2,1
3059,Karachi,Friday,15,Clear,Medium,Van,Main Road,60,57.8,7,87.5,25.9,0
3060,Lahore,Wednesday,18,Clear,Medium,Van,Residential,50,28.4,8,95.8,27.8,0
3061,Multan,Monday,6,Clear,Low,Car,Highway,100,88.4,9,79.4,5.9,0
3062,Lahore,Monday,21,Cloudy,Low,Bus,Residential,50,61.8,12,82.7,37.8,0
3063,Lahore,Monday,11,Clear,Low,Bus,Market,50,49.6,22,100.0,40.6,0
3064,Islamabad,Monday,23,Clear,Low,Car,School Zone,40,48.3,28,74.8,21.5,0
3065,Islamabad,Thursday,14,Clear,Medium,Motorcycle,Residential,50,38.5,5,87.6,28.3,0
3066,Islamabad,Friday,7,Clear,Low,Car,Market,50,53.6,14,100.0,22.2,0
3067,Lahore,Tuesday,5,Clear,Medium,Van,Highway,100,70.8,5,96.6,9.3,0
3068,Quetta,Friday,9,Clear,Low,Car,Residential,50,67.4,5,80.1,24.1,0
3069,Lahore,Monday,2,Clear,Low,Motorcycle,Main Road,60,70.8,6,100.0,42.5,0
3070,Islamabad,Saturday,18,Cloudy,Medium,Rickshaw,Main Road,60,49.7,6,94.9,23.6,0
3071,Lahore,Thursday,16,Clear,Medium,Bus,Main Road,60,50.1,10,100.0,20.4,0
3072,Islamabad,Saturday,6,Cloudy,High,Car,Residential,50,42.8,6,100.0,35.7,0
3073,Islamabad,Thursday,20,Clear,Severe,Car,Market,50,30.4,16,89.0,48.2,0
3074,Islamabad,Monday,19,Clear,Severe,Car,Main Road,60,36.0,16,90.5,47.1,0
3075,Multan,Thursday,3,Rain,Medium,Van,Main Road,60,55.6,8,79.7,50.3,0
3076,Multan,Monday,13,Cloudy,Medium,Car,Main Road,60,59.1,12,76.4,45.5,0
3077,Quetta,Friday,19,Fog,Low,Car,Residential,50,39.4,7,43.5,34.5,0
3078,Karachi,Sunday,21,Clear,Severe,Car,Main Road,60,37.2,9,88.5,44.6,0
3079,Lahore,Wednesday,14,Dust,High,Car,Highway,100,90.6,12,51.1,62.2,0
3080,Peshawar,Thursday,23,Rain,High,Rickshaw,School Zone,40,10.0,42,83.1,61.4,1
3081,Islamabad,Monday,7,Dust,Low,Motorcycle,Main Road,60,73.4,3,51.9,43.5,0
3082,Quetta,Saturday,20,Fog,Medium,Car,Main Road,60,36.7,7,40.2,39.9,0
3083,Peshawar,Monday,14,Clear,Low,Car,Main Road,60,62.1,8,95.9,13.7,0
3084,Multan,Saturday,21,Clear,Severe,Car,Main Road,60,49.5,9,93.9,49.7,0
3085,Karachi,Thursday,19,Cloudy,Medium,Rickshaw,Main Road,60,65.6,6,100.0,26.5,0
3086,Lahore,Tuesday,13,Clear,Medium,Motorcycle,Main Road,60,84.1,7,86.1,48.1,0
3087,Multan,Saturday,8,Rain,Low,Car,Residential,50,31.2,10,75.6,47.7,0
3088,Quetta,Monday,7,Clear,High,Van,Residential,50,35.5,11,88.2,34.2,0
3089,Islamabad,Thursday,16,Rain,Low,Motorcycle,Highway,100,88.1,8,83.5,52.5,1
3090,Islamabad,Monday,1,Clear,High,Motorcycle,School Zone,40,12.5,22,89.5,41.1,0
3091,Islamabad,Tuesday,23,Clear,Medium,Motorcycle,Residential,50,54.0,7,88.2,40.5,0
3092,Quetta,Wednesday,2,Fog,Medium,Van,School Zone,40,26.7,30,51.5,35.6,0
3093,Multan,Sunday,7,Clear,Medium,Motorcycle,Market,50,48.5,35,100.0,68.2,1
3094,Peshawar,Sunday,11,Clear,Severe,Motorcycle,Highway,100,60.0,12,93.1,53.7,0
3095,Karachi,Tuesday,0,Clear,High,Motorcycle,Residential,50,26.0,11,90.6,32.8,0
3096,Lahore,Friday,9,Dust,Medium,Rickshaw,Residential,50,47.8,6,79.7,68.0,1
3097,Karachi,Thursday,19,Rain,Medium,Rickshaw,Residential,50,15.7,4,73.6,44.2,0
3098,Multan,Tuesday,2,Rain,Low,Motorcycle,Residential,50,63.1,8,82.3,51.1,1
3099,Islamabad,Wednesday,5,Cloudy,Low,Van,Residential,50,42.4,8,85.8,34.2,0
3100,Karachi,Monday,6,Clear,Medium,Motorcycle,Highway,100,100.6,8,85.0,52.6,0
3101,Peshawar,Thursday,19,Clear,High,Motorcycle,Residential,50,43.5,8,93.1,41.6,0
3102,Rawalpindi,Saturday,22,Clear,Medium,Car,Main Road,60,30.9,3,93.8,25.5,0
3103,Multan,Tuesday,17,Cloudy,Medium,Car,Main Road,60,24.8,5,72.2,13.3,0
3104,Rawalpindi,Wednesday,10,Cloudy,High,Car,Highway,100,57.8,5,78.6,35.7,0
3105,Lahore,Tuesday,18,Clear,Severe,Van,Highway,100,77.5,11,75.0,45.3,0
3106,Lahore,Friday,4,Clear,Medium,Car,Main Road,60,56.0,10,100.0,38.7,0
3107,Karachi,Sunday,18,Clear,Medium,Rickshaw,Main Road,60,44.9,6,80.6,19.1,0
3108,Lahore,Sunday,10,Clear,Severe,Motorcycle,School Zone,40,10.0,29,73.1,50.7,0
3109,Multan,Thursday,23,Clear,Medium,Rickshaw,Residential,50,59.4,13,96.5,20.8,0
3110,Quetta,Monday,11,Clear,Medium,Motorcycle,Main Road,60,42.5,8,96.5,11.5,0
3111,Peshawar,Wednesday,9,Clear,High,Car,Main Road,60,54.9,6,90.4,55.8,1
3112,Islamabad,Tuesday,7,Dust,High,Motorcycle,Market,50,35.6,29,56.8,48.5,0
3113,Islamabad,Thursday,23,Clear,High,Motorcycle,Main Road,60,41.9,12,74.0,47.9,0
3114,Karachi,Tuesday,8,Dust,Low,Van,Residential,50,51.7,8,43.0,58.2,0
3115,Islamabad,Thursday,3,Clear,Medium,Car,Residential,50,53.0,5,100.0,51.1,1
3116,Karachi,Sunday,4,Cloudy,Low,Motorcycle,Market,50,54.8,21,92.2,41.7,0
3117,Lahore,Friday,20,Clear,Medium,Motorcycle,Main Road,60,48.4,9,90.8,35.8,1
3118,Lahore,Tuesday,7,Cloudy,Medium,Rickshaw,School Zone,40,30.2,46,87.3,51.6,0
3119,Quetta,Friday,22,Clear,Low,Car,Main Road,60,51.3,9,96.4,20.6,0
3120,Quetta,Saturday,8,Clear,Medium,Car,Market,50,60.5,20,82.0,48.3,0
3121,Peshawar,Saturday,14,Dust,High,Van,Residential,50,24.0,5,70.0,27.2,0
3122,Islamabad,Sunday,14,Cloudy,High,Van,Main Road,60,25.0,9,100.0,33.3,0
3123,Multan,Wednesday,15,Clear,Low,Rickshaw,Residential,50,38.0,5,91.3,29.1,0
3124,Quetta,Friday,13,Clear,Medium,Car,Main Road,60,77.2,8,92.0,39.8,0
3125,Peshawar,Thursday,7,Clear,Medium,Motorcycle,Market,50,40.3,32,92.6,43.1,0
3126,Rawalpindi,Wednesday,17,Rain,Low,Bus,Main Road,60,51.1,11,82.6,45.4,0
3127,Quetta,Tuesday,9,Cloudy,Medium,Rickshaw,Residential,50,50.7,5,99.1,33.3,1
3128,Peshawar,Tuesday,19,Clear,Severe,Rickshaw,Main Road,60,19.2,11,74.2,44.9,0
3129,Karachi,Thursday,5,Clear,Low,Car,School Zone,40,32.8,22,94.6,25.6,0
3130,Karachi,Monday,11,Clear,Medium,Car,Market,50,39.0,23,69.0,24.2,1
3131,Peshawar,Monday,1,Clear,Medium,Bus,Highway,100,103.0,7,95.3,44.8,0
3132,Lahore,Tuesday,6,Cloudy,Low,Rickshaw,Market,50,49.5,21,73.2,37.0,0
3133,Rawalpindi,Sunday,15,Rain,Low,Motorcycle,Market,50,27.4,18,64.8,23.3,0
3134,Peshawar,Sunday,2,Cloudy,High,Car,Main Road,60,22.3,11,90.1,39.1,0
3135,Quetta,Thursday,12,Clear,High,Car,School Zone,40,26.6,30,79.0,48.9,0
3136,Lahore,Monday,2,Dust,High,Rickshaw,Market,50,38.4,23,56.6,36.4,0
3137,Peshawar,Friday,17,Clear,Medium,Motorcycle,School Zone,40,27.2,22,91.7,32.3,0
3138,Islamabad,Tuesday,10,Cloudy,High,Van,Residential,50,45.8,9,87.9,37.8,0
3139,Quetta,Saturday,7,Fog,Low,Motorcycle,Main Road,60,73.1,12,32.1,67.3,1
3140,Quetta,Friday,5,Cloudy,High,Motorcycle,Residential,50,36.1,11,80.9,29.5,0
3141,Karachi,Thursday,0,Clear,Medium,Motorcycle,Residential,50,35.9,9,71.6,23.6,0
3142,Islamabad,Saturday,0,Clear,High,Van,Main Road,60,51.9,4,91.4,21.3,0
3143,Islamabad,Friday,22,Rain,Low,Car,Market,50,34.9,21,77.1,18.7,0
3144,Quetta,Monday,7,Clear,High,Motorcycle,Highway,100,87.0,3,88.9,39.2,0
3145,Rawalpindi,Sunday,4,Rain,Medium,Motorcycle,Main Road,60,38.3,2,84.3,31.7,0
3146,Multan,Monday,15,Clear,Low,Motorcycle,Main Road,60,53.6,10,88.0,26.9,0
3147,Lahore,Saturday,10,Clear,Medium,Motorcycle,Market,50,30.0,19,99.5,37.8,0
3148,Karachi,Wednesday,4,Clear,Medium,Car,Residential,50,51.6,13,88.5,48.1,0
3149,Islamabad,Sunday,3,Clear,Low,Car,School Zone,40,50.5,38,97.0,59.0,0
3150,Karachi,Tuesday,5,Dust,Medium,Car,Main Road,60,65.2,9,49.8,48.8,0
3151,Quetta,Saturday,13,Dust,Medium,Motorcycle,School Zone,40,28.0,40,61.6,50.8,0
3152,Lahore,Thursday,21,Cloudy,Low,Rickshaw,School Zone,40,24.9,33,86.8,29.0,0
3153,Peshawar,Tuesday,18,Clear,Medium,Car,School Zone,40,19.1,35,100.0,36.3,1
3154,Islamabad,Friday,8,Clear,Low,Car,Main Road,60,72.8,4,86.3,46.3,0
3155,Lahore,Sunday,11,Cloudy,Medium,Rickshaw,Main Road,60,49.8,10,74.5,14.8,0
3156,Multan,Thursday,10,Clear,Low,Motorcycle,Main Road,60,46.5,9,90.8,6.1,0
3157,Karachi,Thursday,13,Rain,Low,Motorcycle,School Zone,40,27.2,33,59.4,61.2,0
3158,Quetta,Monday,22,Clear,Severe,Motorcycle,Highway,100,88.9,5,88.1,43.9,1
3159,Lahore,Friday,15,Cloudy,Severe,Rickshaw,Main Road,60,10.3,9,89.1,37.7,0
3160,Peshawar,Monday,0,Dust,High,Motorcycle,Main Road,60,27.8,15,59.4,59.0,0
3161,Lahore,Monday,12,Clear,Low,Car,Residential,50,51.1,9,80.3,31.1,0
3162,Quetta,Sunday,22,Dust,High,Rickshaw,Main Road,60,43.4,7,63.6,50.5,0
3163,Karachi,Wednesday,20,Rain,Medium,Car,Residential,50,32.5,4,77.8,24.7,0
3164,Islamabad,Monday,20,Cloudy,Low,Car,Highway,100,83.8,5,88.9,18.6,0
3165,Multan,Tuesday,12,Clear,Severe,Motorcycle,Residential,50,28.3,5,91.3,49.0,1
3166,Multan,Thursday,1,Clear,Severe,Rickshaw,Highway,100,53.6,13,96.7,37.4,0
3167,Islamabad,Sunday,3,Dust,High,Car,Main Road,60,45.3,13,45.3,54.4,1
3168,Rawalpindi,Monday,5,Cloudy,Low,Bus,Main Road,60,45.9,10,91.6,20.1,0
3169,Karachi,Saturday,22,Rain,Medium,Rickshaw,Market,50,35.6,30,81.3,35.8,0
3170,Multan,Tuesday,4,Cloudy,Low,Car,Highway,100,93.2,11,99.2,45.6,0
3171,Rawalpindi,Friday,2,Clear,Medium,Car,Residential,50,48.5,7,86.2,49.1,0
3172,Rawalpindi,Thursday,0,Fog,High,Bus,Main Road,60,33.6,6,47.3,44.8,0
3173,Quetta,Sunday,3,Clear,Medium,Van,Main Road,60,48.8,3,79.3,10.1,0
3174,Quetta,Saturday,19,Dust,Low,Car,Market,50,45.2,28,70.7,63.2,0
3175,Quetta,Sunday,1,Clear,Low,Rickshaw,Main Road,60,81.5,10,89.8,44.7,0
3176,Peshawar,Sunday,4,Clear,Medium,Car,Main Road,60,59.6,13,77.4,50.0,0
3177,Karachi,Saturday,2,Clear,Severe,Car,Main Road,60,20.4,11,94.7,26.2,0
3178,Islamabad,Friday,8,Fog,Medium,Motorcycle,Residential,50,39.6,7,53.4,35.2,0
3179,Karachi,Saturday,19,Dust,Low,Car,Residential,50,36.1,7,66.5,40.0,0
3180,Quetta,Tuesday,5,Dust,Medium,Motorcycle,Main Road,60,59.5,6,82.7,56.3,1
3181,Peshawar,Sunday,17,Clear,High,Car,Main Road,60,40.1,9,93.8,21.5,0
3182,Karachi,Friday,5,Clear,High,Motorcycle,Residential,50,36.4,3,87.7,47.7,0
3183,Karachi,Sunday,18,Cloudy,Medium,Car,Residential,50,25.3,10,90.9,30.6,0
3184,Rawalpindi,Saturday,11,Clear,Low,Motorcycle,Residential,50,26.0,7,77.1,24.9,0
3185,Karachi,Friday,10,Rain,Low,Rickshaw,Main Road,60,60.6,8,77.2,50.8,0
3186,Rawalpindi,Friday,1,Rain,Severe,Car,Highway,100,62.4,11,76.9,57.8,0
3187,Rawalpindi,Monday,14,Clear,Low,Van,Residential,50,62.2,6,86.8,22.6,0
3188,Lahore,Monday,11,Rain,High,Car,Market,50,34.9,18,81.0,72.2,1
3189,Quetta,Monday,11,Dust,Medium,Rickshaw,Highway,100,79.4,14,63.0,16.9,0
3190,Multan,Saturday,8,Fog,High,Motorcycle,Highway,100,70.7,11,50.0,57.8,0
3191,Peshawar,Thursday,20,Cloudy,Low,Car,Highway,100,99.0,6,90.1,36.1,0
3192,Rawalpindi,Tuesday,23,Rain,Low,Car,Residential,50,38.0,8,78.3,27.4,0
3193,Karachi,Saturday,1,Clear,Medium,Motorcycle,Market,50,49.8,25,83.4,37.3,0
3194,Rawalpindi,Sunday,21,Clear,Medium,Bus,Main Road,60,68.5,6,93.5,49.3,0
3195,Rawalpindi,Monday,2,Clear,Medium,Motorcycle,Highway,100,104.7,7,89.2,62.8,1
3196,Rawalpindi,Friday,11,Clear,Medium,Car,Main Road,60,59.5,7,95.9,37.1,0
3197,Islamabad,Saturday,15,Clear,Medium,Motorcycle,Highway,100,75.6,9,75.3,24.2,0
3198,Multan,Friday,20,Clear,High,Motorcycle,Residential,50,28.3,12,100.0,51.4,0
3199,Multan,Sunday,23,Dust,Medium,Motorcycle,Main Road,60,52.2,6,76.3,21.9,0
3200,Islamabad,Friday,0,Cloudy,High,Rickshaw,Residential,50,48.7,8,84.6,55.7,0
3201,Islamabad,Friday,20,Clear,Medium,Bus,Market,50,58.8,17,77.4,35.0,0
3202,Islamabad,Wednesday,2,Clear,High,Rickshaw,School Zone,40,29.7,41,89.8,45.5,0
3203,Multan,Thursday,19,Clear,Medium,Van,Main Road,60,55.0,10,83.5,29.3,0
3204,Lahore,Tuesday,1,Clear,Medium,Car,School Zone,40,41.0,39,84.6,55.2,0
3205,Rawalpindi,Tuesday,8,Clear,Medium,Car,Highway,100,101.7,7,93.1,37.5,1
3206,Lahore,Monday,18,Dust,Medium,Rickshaw,Market,50,48.5,23,65.7,34.7,0
3207,Karachi,Wednesday,14,Rain,Medium,Car,Main Road,60,52.3,12,76.4,28.1,0
3208,Multan,Saturday,17,Cloudy,High,Rickshaw,Highway,100,84.6,3,90.1,36.3,0
3209,Quetta,Saturday,10,Clear,Medium,Car,Market,50,39.8,31,80.4,55.8,1
3210,Multan,Tuesday,22,Clear,Severe,Car,Residential,50,12.8,14,90.5,40.9,0
3211,Peshawar,Thursday,15,Clear,High,Motorcycle,School Zone,40,35.1,37,90.3,61.4,0
3212,Lahore,Friday,21,Cloudy,Low,Motorcycle,Market,50,50.7,29,89.5,57.4,0
3213,Islamabad,Sunday,16,Rain,High,Car,Main Road,60,10.0,4,91.2,43.4,0
3214,Islamabad,Monday,4,Clear,High,Motorcycle,Main Road,60,46.1,5,100.0,51.5,0
3215,Karachi,Thursday,11,Rain,Low,Motorcycle,Highway,100,92.3,7,88.6,39.7,1
3216,Rawalpindi,Tuesday,10,Clear,Low,Motorcycle,Main Road,60,70.6,10,90.3,31.6,0
3217,Peshawar,Wednesday,14,Cloudy,Medium,Car,Main Road,60,43.9,9,93.6,10.7,0
3218,Lahore,Monday,2,Cloudy,Low,Car,Residential,50,58.3,10,100.0,44.0,0
3219,Rawalpindi,Tuesday,0,Clear,Medium,Rickshaw,Highway,100,67.8,8,90.6,18.0,0
3220,Rawalpindi,Saturday,19,Cloudy,Severe,Rickshaw,School Zone,40,18.1,26,83.9,36.7,0
3221,Quetta,Monday,15,Clear,Low,Rickshaw,Main Road,60,63.9,6,91.8,26.6,0
3222,Quetta,Tuesday,1,Clear,Low,Car,School Zone,40,36.5,47,95.2,48.7,0
3223,Lahore,Saturday,1,Clear,High,Car,Market,50,10.0,16,92.8,38.0,0
3224,Lahore,Sunday,2,Clear,Low,Van,Highway,100,115.1,9,94.0,32.6,1
3225,Lahore,Saturday,7,Clear,High,Motorcycle,Highway,100,69.3,7,100.0,33.2,0
3226,Lahore,Friday,23,Cloudy,Low,Motorcycle,Residential,50,45.8,13,100.0,39.0,0
3227,Islamabad,Wednesday,14,Clear,Medium,Motorcycle,Market,50,65.8,21,100.0,38.9,1
3228,Multan,Friday,6,Clear,Low,Rickshaw,School Zone,40,43.1,33,88.3,64.1,0
3229,Multan,Tuesday,5,Cloudy,High,Car,Market,50,31.1,17,90.4,54.8,1
3230,Rawalpindi,Sunday,8,Dust,Medium,Car,Residential,50,41.3,12,85.6,15.6,0
3231,Multan,Thursday,19,Rain,Severe,Rickshaw,Residential,50,10.0,9,78.7,61.8,0
3232,Rawalpindi,Sunday,0,Dust,Medium,Car,Main Road,60,62.1,9,65.8,37.9,0
3233,Islamabad,Sunday,7,Cloudy,High,Rickshaw,School Zone,40,37.6,42,81.2,75.7,0
3234,Multan,Sunday,22,Clear,Medium,Motorcycle,Market,50,62.8,25,100.0,43.9,0
3235,Rawalpindi,Friday,22,Rain,Severe,Rickshaw,Main Road,60,11.5,16,73.0,35.2,0
3236,Lahore,Thursday,2,Clear,Medium,Bus,Main Road,60,40.3,7,100.0,0.0,0
3237,Peshawar,Saturday,3,Clear,Medium,Motorcycle,Highway,100,91.9,6,86.1,44.6,0
3238,Multan,Tuesday,14,Clear,Medium,Motorcycle,Highway,100,101.5,6,97.9,33.0,0
3239,Quetta,Wednesday,5,Clear,Low,Motorcycle,Residential,50,50.8,10,85.9,47.3,0
3240,Quetta,Thursday,14,Cloudy,Medium,Bus,School Zone,40,10.0,42,81.6,35.0,0
3241,Rawalpindi,Tuesday,20,Cloudy,High,Motorcycle,Residential,50,32.4,3,98.5,28.4,0
3242,Peshawar,Thursday,2,Clear,Medium,Bus,Highway,100,87.3,10,90.4,18.6,0
3243,Quetta,Friday,20,Dust,Medium,Rickshaw,Main Road,60,74.6,11,53.7,41.1,0
3244,Multan,Tuesday,20,Cloudy,Medium,Motorcycle,Residential,50,36.6,6,93.6,39.3,0
3245,Peshawar,Friday,13,Clear,Low,Rickshaw,Market,50,41.2,25,79.5,37.2,0
3246,Islamabad,Monday,19,Fog,Severe,Motorcycle,Main Road,60,26.8,2,46.3,62.7,0
3247,Karachi,Tuesday,13,Clear,Medium,Van,Main Road,60,54.5,8,92.8,35.5,0
3248,Rawalpindi,Thursday,3,Rain,Medium,Motorcycle,Main Road,60,37.9,6,76.1,44.3,0
3249,Islamabad,Monday,11,Clear,Medium,Car,Residential,50,45.1,7,99.7,43.2,0
3250,Islamabad,Friday,16,Cloudy,Low,Van,Highway,100,86.4,10,95.5,24.6,0
3251,Peshawar,Friday,6,Fog,Low,Van,School Zone,40,43.8,32,37.3,85.6,1
3252,Rawalpindi,Thursday,8,Cloudy,Medium,Bus,Main Road,60,50.8,7,89.2,7.3,0
3253,Islamabad,Monday,2,Clear,High,Car,Main Road,60,35.2,7,94.1,36.9,0
3254,Lahore,Sunday,12,Clear,High,Bus,Main Road,60,40.7,9,86.9,38.8,0
3255,Islamabad,Saturday,14,Clear,High,Car,Highway,100,95.0,4,89.3,43.1,0
3256,Lahore,Wednesday,17,Rain,Severe,Motorcycle,Main Road,60,13.0,8,79.1,57.4,0
3257,Karachi,Thursday,18,Clear,Low,Rickshaw,Highway,100,117.0,10,93.5,19.4,0
3258,Lahore,Friday,0,Clear,Low,Rickshaw,Main Road,60,70.7,11,100.0,42.4,1
3259,Lahore,Tuesday,5,Rain,Low,Car,Residential,50,42.2,7,55.8,28.2,0
3260,Peshawar,Monday,22,Clear,High,Bus,Residential,50,25.8,11,92.9,17.2,0
3261,Islamabad,Saturday,1,Dust,Medium,Motorcycle,Residential,50,52.2,14,63.5,74.0,1
3262,Karachi,Wednesday,23,Clear,High,Motorcycle,Market,50,51.6,18,88.5,58.2,0
3263,Islamabad,Tuesday,13,Clear,Medium,Car,Residential,50,36.9,10,90.3,8.5,0
3264,Multan,Monday,5,Clear,Medium,Motorcycle,Residential,50,63.3,4,98.7,55.5,0
3265,Multan,Saturday,13,Fog,Medium,Van,Main Road,60,36.4,12,38.4,29.2,0
3266,Lahore,Thursday,3,Clear,Low,Rickshaw,Residential,50,45.3,5,100.0,32.8,0
3267,Quetta,Saturday,20,Clear,High,Bus,Highway,100,62.5,6,85.7,38.9,0
3268,Lahore,Thursday,7,Cloudy,Severe,Van,Residential,50,15.1,7,85.0,44.6,0
3269,Islamabad,Sunday,2,Cloudy,Medium,Motorcycle,Highway,100,98.2,6,92.4,35.1,0
3270,Karachi,Monday,18,Clear,High,Van,Main Road,60,39.7,6,91.8,27.7,0
3271,Quetta,Saturday,13,Rain,Medium,Motorcycle,Highway,100,73.1,7,87.5,42.7,0
3272,Karachi,Wednesday,19,Clear,Low,Car,Market,50,46.0,28,96.6,21.6,0
3273,Peshawar,Saturday,16,Clear,Low,Car,Residential,50,51.4,10,87.7,34.5,0
3274,Lahore,Monday,7,Cloudy,Low,Car,Main Road,60,44.7,7,87.7,17.2,0
3275,Lahore,Tuesday,23,Clear,High,Rickshaw,Main Road,60,54.7,10,81.0,69.7,0
3276,Multan,Tuesday,13,Fog,Low,Motorcycle,Residential,50,56.2,7,63.2,65.0,0
3277,Peshawar,Saturday,5,Clear,High,Car,Highway,100,105.7,11,100.0,60.9,1
3278,Multan,Saturday,22,Rain,Severe,Motorcycle,School Zone,40,10.0,48,73.2,87.6,1
3279,Islamabad,Thursday,21,Clear,Low,Rickshaw,School Zone,40,49.9,34,82.2,55.7,0
3280,Lahore,Monday,15,Dust,Low,Car,Main Road,60,63.9,7,62.4,45.4,0
3281,Islamabad,Thursday,18,Clear,High,Motorcycle,Main Road,60,40.6,14,90.6,38.9,0
3282,Karachi,Wednesday,13,Fog,High,Motorcycle,Highway,100,79.0,7,49.5,63.6,1
3283,Quetta,Sunday,18,Clear,Medium,Motorcycle,School Zone,40,17.7,32,87.3,46.8,0
3284,Quetta,Tuesday,2,Rain,Medium,Bus,Main Road,60,30.2,8,80.4,43.0,0
3285,Quetta,Friday,9,Cloudy,Severe,Car,Residential,50,14.6,10,96.3,51.6,0
3286,Multan,Friday,18,Clear,Medium,Rickshaw,Highway,100,92.7,5,73.7,20.7,0
3287,Rawalpindi,Monday,8,Clear,Low,Car,Residential,50,57.1,4,100.0,41.3,0
3288,Peshawar,Monday,19,Dust,Severe,Motorcycle,Highway,100,85.2,14,64.9,67.5,0
3289,Quetta,Friday,12,Clear,Low,Van,Main Road,60,57.2,7,100.0,26.5,0
3290,Lahore,Monday,6,Rain,Low,Rickshaw,Highway,100,98.7,12,97.2,56.7,1
3291,Peshawar,Tuesday,13,Clear,Medium,Motorcycle,Residential,50,35.4,7,84.4,49.1,1
3292,Karachi,Wednesday,8,Fog,Low,Van,Market,50,49.8,25,53.3,62.7,0
3293,Karachi,Wednesday,22,Cloudy,Severe,Bus,Main Road,60,49.1,9,91.3,37.4,0
3294,Multan,Thursday,18,Clear,Medium,Car,Market,50,30.8,23,91.3,23.9,0
3295,Karachi,Tuesday,14,Clear,High,Car,Market,50,33.9,28,86.3,39.9,0
3296,Karachi,Sunday,19,Clear,Low,Car,Residential,50,42.5,8,96.3,14.2,0
3297,Rawalpindi,Monday,13,Clear,Low,Rickshaw,School Zone,40,28.4,32,86.1,26.8,0
3298,Islamabad,Monday,23,Clear,High,Motorcycle,Main Road,60,47.4,5,96.5,20.7,0
3299,Islamabad,Sunday,5,Dust,Severe,Motorcycle,Market,50,43.9,21,57.7,63.0,0
3300,Quetta,Thursday,20,Dust,Low,Car,School Zone,40,16.7,38,62.6,53.0,0
3301,Rawalpindi,Thursday,3,Clear,Medium,Motorcycle,Highway,100,70.8,11,87.3,13.9,0
3302,Multan,Monday,7,Cloudy,Low,Car,Market,50,45.6,22,76.7,45.9,1
3303,Islamabad,Monday,16,Clear,High,Van,School Zone,40,24.9,41,97.7,52.6,0
3304,Multan,Sunday,8,Clear,Severe,Bus,Main Road,60,39.3,6,92.7,52.6,0
3305,Multan,Tuesday,0,Clear,High,Van,Market,50,26.9,25,89.0,17.3,0
3306,Karachi,Sunday,23,Rain,High,Rickshaw,School Zone,40,10.0,29,79.4,55.9,1
3307,Islamabad,Thursday,19,Fog,Low,Motorcycle,School Zone,40,28.9,36,56.0,53.2,1
3308,Peshawar,Sunday,13,Clear,Low,Rickshaw,Market,50,59.4,23,95.2,50.2,1
3309,Quetta,Sunday,10,Clear,Low,Motorcycle,Main Road,60,48.0,8,84.7,12.3,0
3310,Islamabad,Sunday,20,Clear,Medium,Rickshaw,Main Road,60,59.9,11,100.0,46.7,0
3311,Peshawar,Tuesday,2,Fog,High,Rickshaw,School Zone,40,10.0,31,49.8,79.0,0
3312,Lahore,Saturday,8,Clear,Medium,Rickshaw,School Zone,40,35.6,33,85.4,43.7,0
3313,Peshawar,Monday,13,Cloudy,Low,Motorcycle,Main Road,60,40.0,7,92.9,31.6,0
3314,Peshawar,Friday,8,Dust,High,Rickshaw,School Zone,40,35.0,39,71.2,74.6,1
3315,Karachi,Sunday,3,Clear,Severe,Car,Main Road,60,11.7,7,83.2,70.2,1
3316,Karachi,Friday,3,Cloudy,Medium,Motorcycle,Main Road,60,53.1,10,99.6,39.6,0
3317,Quetta,Saturday,7,Clear,Medium,Rickshaw,Market,50,41.1,17,80.3,8.9,0
3318,Karachi,Monday,1,Rain,Low,Rickshaw,Main Road,60,60.1,4,67.1,40.1,0
3319,Peshawar,Thursday,8,Clear,Medium,Car,School Zone,40,41.0,38,84.3,59.6,0
3320,Rawalpindi,Friday,13,Fog,Medium,Car,Main Road,60,52.4,8,42.8,35.3,0
3321,Karachi,Thursday,21,Fog,Severe,Car,Main Road,60,30.0,4,58.7,77.7,1
3322,Karachi,Friday,8,Rain,High,Car,Residential,50,18.6,10,67.6,51.5,1
3323,Peshawar,Thursday,23,Clear,High,Rickshaw,Highway,100,62.1,6,93.4,33.3,0
3324,Lahore,Sunday,22,Rain,Low,Car,Main Road,60,40.5,9,72.4,45.9,0
3325,Lahore,Friday,15,Clear,Medium,Motorcycle,Market,50,42.7,22,76.3,31.2,0
3326,Islamabad,Thursday,16,Clear,Low,Motorcycle,Main Road,60,62.7,6,90.2,43.8,0
3327,Quetta,Saturday,15,Clear,High,Bus,Main Road,60,19.3,8,78.7,32.8,0
3328,Lahore,Tuesday,11,Cloudy,Low,Car,Main Road,60,56.4,11,93.1,41.7,0
3329,Karachi,Thursday,2,Rain,Medium,Car,Market,50,39.8,23,81.5,35.8,0
3330,Rawalpindi,Tuesday,10,Fog,Low,Motorcycle,Residential,50,28.7,7,40.2,37.7,0
3331,Islamabad,Tuesday,13,Cloudy,High,Motorcycle,Main Road,60,38.7,7,100.0,27.4,0
3332,Quetta,Monday,17,Rain,Medium,Car,Residential,50,26.2,11,72.2,44.9,0
3333,Rawalpindi,Sunday,20,Dust,Medium,Car,Residential,50,22.1,4,68.9,37.6,0
3334,Rawalpindi,Saturday,20,Fog,Low,Motorcycle,Residential,50,50.5,7,43.9,48.5,0
3335,Karachi,Tuesday,4,Clear,Medium,Rickshaw,Main Road,60,65.6,7,85.5,36.3,0
3336,Peshawar,Wednesday,15,Clear,Medium,Car,School Zone,40,24.4,28,82.3,26.2,0
3337,Peshawar,Sunday,19,Clear,Severe,Car,Market,50,16.1,25,97.1,40.0,0
3338,Peshawar,Tuesday,4,Cloudy,Low,Car,Main Road,60,72.1,6,84.9,36.7,0
3339,Lahore,Thursday,2,Cloudy,Severe,Bus,Main Road,60,11.8,5,96.7,37.4,0
3340,Peshawar,Tuesday,11,Fog,Medium,Motorcycle,Highway,100,74.2,11,49.9,54.4,0
3341,Quetta,Thursday,0,Dust,Low,Van,Highway,100,108.3,4,64.0,52.8,1
3342,Karachi,Thursday,20,Clear,High,Motorcycle,Highway,100,84.0,2,84.5,42.5,0
3343,Lahore,Wednesday,8,Clear,Medium,Bus,Highway,100,115.7,9,94.6,46.5,0
3344,Quetta,Tuesday,8,Clear,Low,Bus,Market,50,46.3,26,87.1,27.5,0
3345,Peshawar,Tuesday,3,Clear,High,Motorcycle,Main Road,60,56.4,9,89.8,47.7,1
3346,Quetta,Friday,2,Clear,Medium,Van,Residential,50,46.1,11,88.3,21.8,0
3347,Rawalpindi,Sunday,16,Dust,High,Motorcycle,Residential,50,32.9,8,59.5,42.1,0
3348,Karachi,Friday,1,Clear,High,Car,Main Road,60,19.1,9,81.8,39.6,1
3349,Karachi,Monday,23,Cloudy,Medium,Car,Highway,100,75.5,8,83.6,19.5,0
3350,Quetta,Thursday,0,Clear,Medium,Rickshaw,Highway,100,118.1,5,88.3,36.3,0
3351,Islamabad,Wednesday,7,Clear,Low,Motorcycle,School Zone,40,50.3,36,98.3,55.1,0
3352,Karachi,Friday,12,Dust,Medium,Car,Residential,50,37.8,4,68.7,43.2,0
3353,Rawalpindi,Tuesday,22,Rain,Low,Motorcycle,Highway,100,91.9,6,84.6,57.7,0
3354,Karachi,Monday,14,Clear,Low,Car,Highway,100,85.4,8,100.0,10.2,0
3355,Islamabad,Wednesday,7,Dust,Medium,Car,Highway,100,104.1,6,50.1,40.5,0
3356,Karachi,Saturday,11,Clear,Low,Motorcycle,Market,50,52.1,24,95.6,32.1,0
3357,Multan,Tuesday,21,Cloudy,Medium,Motorcycle,Residential,50,51.8,6,93.5,39.1,0
3358,Karachi,Tuesday,11,Clear,Medium,Motorcycle,Main Road,60,50.0,2,93.8,41.1,0
3359,Islamabad,Saturday,13,Cloudy,High,Rickshaw,Main Road,60,46.9,12,97.4,18.0,0
3360,Multan,Thursday,14,Clear,Medium,Van,Market,50,32.9,23,86.1,16.6,0
3361,Multan,Thursday,14,Cloudy,Medium,Car,Highway,100,98.4,10,92.8,29.0,0
3362,Karachi,Friday,8,Cloudy,High,Rickshaw,Residential,50,40.4,9,100.0,54.6,0
3363,Quetta,Friday,18,Clear,Severe,Car,Market,50,10.0,15,94.6,49.4,0
3364,Lahore,Tuesday,19,Fog,Severe,Car,Highway,100,43.6,6,49.2,67.7,1
3365,Multan,Sunday,21,Clear,Medium,Car,Highway,100,78.5,11,86.8,45.4,0
3366,Quetta,Tuesday,7,Dust,High,Rickshaw,Market,50,39.5,21,77.3,44.8,0
3367,Karachi,Friday,20,Clear,Medium,Motorcycle,Market,50,54.4,32,88.3,77.0,1
3368,Peshawar,Saturday,18,Rain,Medium,Motorcycle,School Zone,40,48.3,42,82.1,76.8,1
3369,Peshawar,Friday,5,Cloudy,High,Rickshaw,Highway,100,78.4,8,93.0,25.8,0
3370,Lahore,Tuesday,19,Clear,Medium,Van,Highway,100,84.3,2,87.7,19.8,0
3371,Multan,Wednesday,18,Clear,Medium,Motorcycle,Highway,100,102.6,6,83.0,51.5,0
3372,Karachi,Tuesday,3,Cloudy,High,Bus,School Zone,40,16.9,37,90.4,48.4,0
3373,Rawalpindi,Wednesday,22,Dust,High,Motorcycle,Residential,50,53.3,3,66.3,67.6,1
3374,Multan,Wednesday,6,Fog,Medium,Motorcycle,Market,50,10.0,17,29.5,62.0,1
3375,Karachi,Tuesday,3,Clear,High,Motorcycle,Highway,100,94.1,9,98.4,58.8,1
3376,Peshawar,Sunday,21,Clear,Medium,Car,Residential,50,53.1,10,88.6,40.0,0
3377,Islamabad,Sunday,11,Cloudy,Medium,Motorcycle,School Zone,40,41.4,33,100.0,54.9,0
3378,Lahore,Monday,12,Cloudy,High,Motorcycle,Residential,50,19.8,7,100.0,49.7,0
3379,Islamabad,Friday,2,Fog,Severe,Motorcycle,Main Road,60,10.9,11,48.2,67.4,0
3380,Rawalpindi,Sunday,21,Clear,Medium,Car,Market,50,40.0,24,77.5,34.8,0
3381,Karachi,Thursday,11,Clear,High,Motorcycle,Main Road,60,12.3,9,94.9,55.7,0
3382,Rawalpindi,Tuesday,1,Cloudy,Medium,Motorcycle,Main Road,60,48.0,9,81.3,36.7,0
3383,Islamabad,Wednesday,23,Clear,High,Rickshaw,School Zone,40,17.5,31,80.4,25.6,0
3384,Karachi,Tuesday,1,Rain,High,Car,Main Road,60,26.3,12,70.5,37.8,0
3385,Multan,Friday,22,Clear,High,Rickshaw,Main Road,60,47.9,5,100.0,22.5,0
3386,Quetta,Saturday,8,Clear,Severe,Car,Residential,50,41.6,10,85.8,43.0,0
3387,Quetta,Sunday,0,Cloudy,Low,Motorcycle,Highway,100,103.6,5,88.0,42.4,0
3388,Multan,Sunday,7,Clear,Medium,Car,Residential,50,63.0,9,95.4,30.4,0
3389,Rawalpindi,Sunday,22,Clear,High,Rickshaw,Residential,50,20.8,6,82.4,58.6,0
3390,Quetta,Wednesday,5,Fog,Medium,Motorcycle,Main Road,60,36.1,1,45.0,57.9,0
3391,Quetta,Thursday,5,Dust,High,Rickshaw,Residential,50,42.7,14,77.3,28.9,0
3392,Peshawar,Thursday,21,Fog,Low,Bus,School Zone,40,32.6,43,42.2,61.4,0
3393,Quetta,Sunday,17,Fog,High,Van,Highway,100,64.1,13,41.7,47.9,0
3394,Peshawar,Thursday,16,Clear,High,Van,Highway,100,74.8,5,97.9,43.3,0
3395,Lahore,Saturday,11,Clear,Low,Rickshaw,Highway,100,97.2,9,90.7,18.0,0
3396,Peshawar,Sunday,5,Clear,Medium,Motorcycle,Market,50,60.8,29,91.2,39.5,0
3397,Peshawar,Monday,7,Dust,Low,Motorcycle,Main Road,60,81.1,6,71.5,62.1,1
3398,Islamabad,Wednesday,18,Rain,High,Car,Main Road,60,38.7,16,78.1,41.6,0
3399,Peshawar,Saturday,9,Cloudy,Low,Bus,Residential,50,41.9,16,84.3,7.3,0
3400,Peshawar,Wednesday,0,Fog,Low,Car,Market,50,42.4,12,39.4,36.1,0
3401,Islamabad,Sunday,12,Cloudy,Low,Motorcycle,School Zone,40,28.2,40,72.3,31.0,0
3402,Peshawar,Saturday,16,Clear,Low,Rickshaw,Residential,50,30.0,8,100.0,21.4,0
3403,Quetta,Sunday,2,Clear,High,Motorcycle,School Zone,40,29.5,29,79.2,42.4,0
3404,Multan,Saturday,7,Clear,High,Car,School Zone,40,40.5,35,98.8,53.4,0
3405,Peshawar,Sunday,13,Clear,Medium,Car,Highway,100,80.1,10,90.2,44.6,0
3406,Lahore,Monday,2,Clear,Low,Rickshaw,Residential,50,17.4,9,90.2,31.4,0
3407,Peshawar,Wednesday,15,Rain,Medium,Car,Highway,100,84.2,7,94.3,27.7,0
3408,Peshawar,Saturday,12,Clear,Medium,Van,Market,50,50.0,21,91.6,41.7,0
3409,Lahore,Monday,19,Rain,Medium,Van,Main Road,60,28.4,11,76.4,28.9,0
3410,Multan,Tuesday,23,Clear,Medium,Car,Main Road,60,46.0,7,97.6,12.9,0
3411,Islamabad,Sunday,16,Fog,High,Motorcycle,Main Road,60,28.2,6,36.8,53.1,0
3412,Quetta,Friday,12,Rain,Medium,Motorcycle,Residential,50,36.1,5,78.1,48.3,0
3413,Multan,Saturday,5,Fog,High,Rickshaw,Market,50,20.0,22,45.1,59.8,1
3414,Peshawar,Thursday,16,Clear,Medium,Car,School Zone,40,42.9,28,96.0,39.7,0
3415,Quetta,Monday,13,Clear,Low,Car,Residential,50,23.0,10,96.5,17.7,0
3416,Rawalpindi,Monday,16,Cloudy,Severe,Motorcycle,Residential,50,30.1,5,87.4,65.6,1
3417,Quetta,Saturday,7,Clear,Low,Motorcycle,Residential,50,88.3,5,85.8,45.8,0
3418,Islamabad,Monday,10,Clear,Medium,Motorcycle,Main Road,60,53.1,6,94.9,41.5,1
3419,Islamabad,Tuesday,19,Clear,Severe,Motorcycle,Highway,100,66.2,8,90.4,60.8,1
3420,Multan,Monday,0,Clear,Low,Car,Residential,50,30.2,10,96.5,31.2,0
3421,Peshawar,Friday,6,Fog,Low,Car,School Zone,40,33.3,33,60.2,57.3,0
3422,Lahore,Friday,20,Clear,Medium,Van,Highway,100,107.7,8,66.8,39.5,0
3423,Islamabad,Sunday,20,Fog,Low,Bus,Main Road,60,33.4,8,45.9,54.8,0
3424,Lahore,Sunday,16,Clear,Medium,Rickshaw,Main Road,60,61.0,8,84.9,64.5,1
3425,Multan,Thursday,9,Clear,High,Motorcycle,Residential,50,25.1,11,91.4,33.4,0
3426,Multan,Tuesday,10,Cloudy,Medium,Car,Main Road,60,64.6,8,84.4,32.1,0
3427,Rawalpindi,Friday,21,Dust,High,Motorcycle,Main Road,60,53.2,14,62.2,46.0,0
3428,Lahore,Saturday,8,Rain,High,Rickshaw,Highway,100,79.2,11,80.4,53.1,0
3429,Multan,Wednesday,8,Rain,High,Motorcycle,Main Road,60,49.1,7,70.5,43.1,0
3430,Multan,Wednesday,23,Clear,High,Rickshaw,Market,50,51.6,21,99.0,71.1,1
3431,Multan,Wednesday,4,Clear,Severe,Van,Residential,50,29.2,5,92.9,51.3,0
3432,Karachi,Sunday,16,Clear,Medium,Car,Main Road,60,51.4,8,84.1,27.1,0
3433,Multan,Saturday,8,Clear,Low,Car,School Zone,40,10.2,34,95.8,29.0,0
3434,Multan,Monday,16,Fog,Medium,Car,Highway,100,76.9,11,46.3,41.6,0
3435,Lahore,Saturday,23,Dust,High,Rickshaw,Main Road,60,41.0,9,75.4,36.8,0
3436,Islamabad,Monday,20,Clear,Low,Car,Highway,100,98.0,11,83.4,52.4,0
3437,Lahore,Wednesday,18,Rain,High,Motorcycle,Main Road,60,28.7,8,72.9,55.5,0
3438,Lahore,Thursday,6,Cloudy,Medium,Rickshaw,Main Road,60,52.3,7,92.8,30.1,0
3439,Karachi,Thursday,22,Clear,Severe,Motorcycle,Main Road,60,18.7,8,99.9,49.4,0
3440,Karachi,Monday,8,Clear,High,Car,Residential,50,28.1,4,92.9,23.9,0
3441,Peshawar,Wednesday,6,Clear,High,Motorcycle,Market,50,33.8,30,75.3,44.7,0
3442,Islamabad,Saturday,12,Cloudy,Severe,Van,Main Road,60,43.1,10,98.1,47.4,0
3443,Multan,Thursday,10,Clear,Severe,Car,Main Road,60,26.4,11,84.0,41.0,1
3444,Peshawar,Monday,13,Fog,Medium,Car,Residential,50,15.8,8,40.6,38.1,0
3445,Multan,Saturday,18,Clear,Severe,Motorcycle,Market,50,12.7,19,93.2,65.3,1
3446,Multan,Wednesday,10,Clear,Low,Rickshaw,Main Road,60,65.9,8,80.4,44.4,0
3447,Karachi,Tuesday,12,Clear,High,Motorcycle,Market,50,31.8,23,75.9,30.0,0
3448,Multan,Wednesday,13,Rain,Medium,Car,Residential,50,13.2,9,87.9,21.1,0
3449,Multan,Sunday,12,Cloudy,Medium,Van,Main Road,60,39.7,7,85.9,7.4,0
3450,Lahore,Wednesday,0,Rain,High,Motorcycle,Highway,100,67.4,8,76.5,45.3,0
3451,Karachi,Saturday,7,Clear,High,Bus,Residential,50,39.6,5,88.0,34.8,0
3452,Rawalpindi,Saturday,11,Clear,Medium,Motorcycle,School Zone,40,26.4,39,92.1,56.3,1
3453,Lahore,Friday,18,Clear,Low,Car,Main Road,60,38.8,4,83.6,16.4,0
3454,Peshawar,Friday,11,Clear,Severe,Car,Market,50,20.5,27,97.2,41.8,0
3455,Lahore,Saturday,7,Cloudy,Medium,Van,Main Road,60,83.6,8,74.8,49.5,0
3456,Rawalpindi,Saturday,7,Clear,Low,Motorcycle,Market,50,26.6,23,95.4,20.5,0
3457,Karachi,Tuesday,20,Clear,Medium,Car,Highway,100,80.6,9,90.5,12.6,0
3458,Islamabad,Tuesday,12,Clear,Medium,Rickshaw,School Zone,40,41.2,40,87.3,65.1,1
3459,Multan,Wednesday,11,Clear,Medium,Van,Highway,100,93.8,9,94.5,42.4,0
3460,Quetta,Sunday,15,Rain,Low,Motorcycle,Main Road,60,54.8,12,82.1,60.2,1
3461,Islamabad,Thursday,0,Dust,Medium,Motorcycle,Market,50,46.9,35,36.8,64.3,0
3462,Islamabad,Sunday,12,Rain,Severe,Car,Market,50,15.0,25,67.5,49.4,1
3463,Multan,Tuesday,6,Cloudy,Severe,Rickshaw,Main Road,60,22.6,7,85.7,38.9,0
3464,Karachi,Wednesday,4,Clear,High,Motorcycle,Main Road,60,22.4,4,90.4,33.2,0
3465,Islamabad,Sunday,7,Rain,High,Rickshaw,Residential,50,31.9,11,75.8,42.3,0
3466,Rawalpindi,Monday,13,Clear,Low,Car,Highway,100,89.3,9,97.1,24.6,0
3467,Multan,Friday,22,Rain,Medium,Motorcycle,Main Road,60,54.0,7,89.2,39.4,0
3468,Karachi,Sunday,12,Rain,High,Bus,Highway,100,59.8,5,87.2,32.5,0
3469,Islamabad,Thursday,14,Cloudy,Medium,Car,Market,50,37.6,23,78.4,25.8,0
3470,Multan,Wednesday,22,Clear,Low,Car,Residential,50,50.5,3,92.7,36.4,0
3471,Quetta,Sunday,16,Fog,Medium,Rickshaw,Market,50,33.2,23,41.8,35.7,0
3472,Peshawar,Saturday,14,Rain,Medium,Motorcycle,Residential,50,20.3,12,83.2,27.7,0
3473,Karachi,Monday,19,Rain,Low,Bus,School Zone,40,48.3,40,71.4,82.8,1
3474,Karachi,Friday,17,Clear,Medium,Rickshaw,Main Road,60,38.4,11,78.4,17.0,0
3475,Lahore,Monday,17,Clear,Severe,Car,Highway,100,78.7,8,86.4,54.0,0
3476,Multan,Wednesday,1,Clear,Medium,Car,Market,50,32.5,27,100.0,22.1,0
3477,Islamabad,Tuesday,3,Clear,Medium,Rickshaw,Market,50,40.1,17,100.0,0.0,0
3478,Peshawar,Friday,0,Cloudy,Medium,Motorcycle,Highway,100,105.5,13,94.8,47.6,0
3479,Multan,Monday,3,Dust,High,Motorcycle,Main Road,60,46.1,6,64.0,46.2,1
3480,Quetta,Tuesday,17,Clear,High,Rickshaw,Market,50,42.7,18,83.9,30.0,0
3481,Rawalpindi,Thursday,4,Cloudy,Low,Car,Highway,100,116.4,5,76.7,40.1,1
3482,Karachi,Wednesday,18,Clear,Low,Rickshaw,School Zone,40,35.5,35,81.9,47.1,0
3483,Rawalpindi,Wednesday,14,Clear,Medium,Motorcycle,Highway,100,112.4,8,88.0,45.8,0
3484,Rawalpindi,Friday,7,Fog,Low,Car,School Zone,40,37.2,32,55.7,61.9,1
3485,Rawalpindi,Monday,19,Rain,Medium,Rickshaw,Highway,100,79.3,10,79.7,13.0,0
3486,Lahore,Thursday,16,Cloudy,Medium,Motorcycle,Highway,100,104.2,10,85.5,26.2,0
3487,Multan,Saturday,0,Clear,Low,Rickshaw,School Zone,40,25.3,31,88.0,41.3,0
3488,Rawalpindi,Friday,11,Clear,Medium,Motorcycle,Residential,50,17.0,5,98.4,39.0,0
3489,Islamabad,Saturday,18,Clear,Medium,Van,Market,50,22.8,15,91.3,13.0,0
3490,Islamabad,Friday,14,Clear,Low,Rickshaw,Main Road,60,54.2,9,89.3,24.3,0
3491,Peshawar,Monday,8,Clear,High,Car,Residential,50,33.9,9,97.2,30.6,0
3492,Peshawar,Thursday,6,Rain,Severe,Rickshaw,Highway,100,62.5,5,83.5,58.1,1
3493,Quetta,Monday,1,Clear,Medium,Car,School Zone,40,12.0,40,86.3,32.4,0
3494,Rawalpindi,Wednesday,8,Clear,Low,Rickshaw,Main Road,60,75.4,10,91.5,37.2,0
3495,Rawalpindi,Saturday,9,Cloudy,Severe,Car,Market,50,43.5,15,90.6,48.0,0
3496,Lahore,Tuesday,1,Dust,High,Van,Highway,100,84.7,7,64.5,43.9,0
3497,Multan,Sunday,18,Fog,Severe,Motorcycle,Residential,50,10.0,8,34.9,84.9,1
3498,Rawalpindi,Wednesday,10,Dust,Medium,Bus,Main Road,60,39.6,5,74.8,30.9,0
3499,Rawalpindi,Wednesday,12,Clear,Medium,Motorcycle,Main Road,60,40.6,6,95.8,53.6,1
3500,Multan,Saturday,9,Clear,Severe,Motorcycle,School Zone,40,10.0,34,89.6,73.1,1
3501,Rawalpindi,Friday,13,Dust,Medium,Car,Main Road,60,51.7,13,50.5,36.3,0
3502,Karachi,Wednesday,17,Dust,High,Car,Main Road,60,42.8,5,74.9,43.9,0
3503,Karachi,Sunday,18,Cloudy,High,Motorcycle,Market,50,30.2,13,78.7,48.7,0
3504,Lahore,Thursday,21,Clear,High,Car,Residential,50,45.5,11,86.8,59.3,0
3505,Lahore,Wednesday,8,Clear,Severe,Van,Residential,50,10.0,7,87.9,41.5,0
3506,Islamabad,Thursday,6,Dust,Medium,Car,Main Road,60,55.8,7,64.2,37.1,0
3507,Lahore,Monday,2,Clear,Low,Motorcycle,School Zone,40,43.7,34,85.4,60.1,0
3508,Quetta,Friday,19,Cloudy,Low,Van,Main Road,60,57.1,8,90.3,39.5,0
3509,Islamabad,Thursday,5,Fog,High,Car,Main Road,60,39.5,6,53.3,56.1,0
3510,Multan,Wednesday,20,Rain,Medium,Motorcycle,Market,50,36.8,29,75.7,46.6,0
3511,Rawalpindi,Friday,1,Clear,Low,Rickshaw,Highway,100,93.9,7,91.4,27.1,0
3512,Lahore,Sunday,5,Clear,High,Motorcycle,Main Road,60,24.8,8,91.8,46.0,0
3513,Quetta,Friday,2,Clear,Medium,Motorcycle,Main Road,60,48.8,5,95.0,26.7,0
3514,Lahore,Thursday,15,Cloudy,High,Motorcycle,Main Road,60,20.3,10,92.9,51.9,0
3515,Lahore,Thursday,7,Cloudy,Medium,Car,Highway,100,94.9,6,91.9,9.3,0
3516,Islamabad,Tuesday,1,Clear,Medium,Car,Main Road,60,72.8,5,84.5,39.9,1
3517,Multan,Tuesday,16,Clear,Low,Car,Main Road,60,77.6,9,88.1,27.2,0
3518,Multan,Friday,8,Clear,Medium,Rickshaw,School Zone,40,26.3,24,89.2,10.3,0
3519,Islamabad,Saturday,11,Fog,Low,Bus,Market,50,41.3,27,48.2,20.0,0
3520,Peshawar,Saturday,2,Dust,High,Motorcycle,Residential,50,18.9,11,61.1,34.8,0
3521,Islamabad,Tuesday,10,Clear,Medium,Motorcycle,Highway,100,89.5,4,79.3,22.9,0
3522,Islamabad,Wednesday,0,Fog,Low,Motorcycle,Residential,50,36.8,5,52.4,56.1,0
3523,Karachi,Monday,22,Cloudy,Medium,Car,Main Road,60,65.0,6,86.1,39.4,0
3524,Lahore,Friday,12,Rain,High,Rickshaw,Residential,50,52.3,7,79.5,56.7,0
3525,Islamabad,Monday,14,Cloudy,Severe,Motorcycle,Highway,100,77.4,8,98.0,47.5,0
3526,Lahore,Tuesday,4,Rain,Medium,Van,Main Road,60,57.9,5,90.3,56.0,0
3527,Lahore,Thursday,20,Clear,Low,Motorcycle,Residential,50,68.6,10,89.9,46.5,1
3528,Karachi,Sunday,16,Cloudy,High,Van,Main Road,60,40.0,3,87.3,42.3,0
3529,Lahore,Friday,22,Dust,High,Rickshaw,Highway,100,72.0,6,53.8,30.4,0
3530,Quetta,Tuesday,23,Clear,Severe,Car,Highway,100,66.9,5,86.5,42.3,0
3531,Islamabad,Wednesday,5,Clear,Medium,Motorcycle,Market,50,37.4,21,100.0,33.2,0
3532,Lahore,Sunday,20,Clear,Medium,Car,School Zone,40,41.9,44,84.6,49.6,0
3533,Peshawar,Friday,21,Clear,Severe,Motorcycle,Residential,50,37.3,8,92.8,36.7,0
3534,Peshawar,Friday,10,Clear,Medium,Car,Main Road,60,64.3,9,95.5,61.0,0
3535,Karachi,Saturday,17,Cloudy,Low,Car,School Zone,40,27.4,33,82.5,34.9,0
3536,Quetta,Thursday,3,Clear,Medium,Rickshaw,Residential,50,44.3,8,79.0,35.4,0
3537,Multan,Friday,2,Clear,Low,Car,Residential,50,27.9,3,82.6,18.9,0
3538,Multan,Thursday,12,Dust,High,Motorcycle,Main Road,60,29.3,8,68.8,45.0,0
3539,Islamabad,Tuesday,22,Cloudy,Medium,Van,Market,50,20.2,32,88.5,33.6,0
3540,Karachi,Wednesday,8,Clear,Low,Motorcycle,Market,50,49.8,13,87.5,50.9,0
3541,Peshawar,Sunday,20,Clear,High,Rickshaw,Residential,50,29.4,10,89.2,37.1,0
3542,Quetta,Sunday,5,Rain,Medium,Car,School Zone,40,40.5,40,85.2,57.4,1
3543,Islamabad,Wednesday,11,Rain,Low,Motorcycle,Highway,100,91.7,4,68.6,60.6,0
3544,Lahore,Friday,1,Clear,Low,Motorcycle,Main Road,60,49.8,6,100.0,30.0,0
3545,Islamabad,Friday,2,Fog,High,Motorcycle,Market,50,10.0,19,44.9,65.2,0
3546,Rawalpindi,Tuesday,2,Rain,Medium,Motorcycle,School Zone,40,31.0,44,90.1,58.4,1
3547,Islamabad,Saturday,11,Dust,High,Car,Main Road,60,55.3,6,58.6,61.8,1
3548,Lahore,Saturday,14,Clear,Low,Motorcycle,Market,50,37.1,17,88.4,36.4,0
3549,Rawalpindi,Saturday,8,Clear,Low,Car,Main Road,60,71.3,10,100.0,34.5,0
3550,Multan,Thursday,22,Clear,High,Motorcycle,Residential,50,37.4,6,86.6,46.4,0
3551,Quetta,Saturday,7,Clear,High,Bus,Main Road,60,18.8,9,96.6,38.7,1
3552,Karachi,Wednesday,10,Clear,Medium,Car,Market,50,47.0,22,95.0,35.9,0
3553,Quetta,Sunday,15,Clear,Severe,Van,Highway,100,61.6,8,99.1,43.6,0
3554,Islamabad,Sunday,21,Rain,Low,Motorcycle,Highway,100,74.6,10,85.0,28.7,0
3555,Multan,Thursday,3,Clear,High,Rickshaw,School Zone,40,29.1,39,77.9,62.0,1
3556,Karachi,Tuesday,0,Clear,High,Motorcycle,Highway,100,84.7,12,95.3,55.0,0
3557,Islamabad,Wednesday,23,Fog,Low,Motorcycle,Main Road,60,49.7,8,53.2,55.0,0
3558,Peshawar,Sunday,6,Clear,Medium,Car,Main Road,60,49.5,14,96.5,16.7,0
3559,Peshawar,Wednesday,1,Cloudy,Severe,Car,Highway,100,83.9,9,85.4,35.7,0
3560,Lahore,Sunday,23,Cloudy,High,Motorcycle,Highway,100,86.8,7,80.4,55.8,1
3561,Multan,Monday,4,Fog,Medium,Motorcycle,Main Road,60,74.1,11,54.0,73.7,0
3562,Multan,Tuesday,6,Dust,Medium,Bus,Main Road,60,65.0,14,48.7,34.5,0
3563,Quetta,Tuesday,3,Clear,High,Car,Residential,50,26.0,5,96.9,42.5,0
3564,Peshawar,Monday,4,Fog,Severe,Motorcycle,Market,50,10.0,24,60.1,62.4,1
3565,Rawalpindi,Thursday,23,Clear,High,Van,Highway,100,72.9,6,84.6,26.3,0
3566,Rawalpindi,Sunday,0,Cloudy,High,Car,Main Road,60,22.1,6,82.8,38.2,0
3567,Multan,Sunday,0,Clear,Low,Motorcycle,Highway,100,87.6,5,84.2,30.2,0
3568,Multan,Sunday,14,Cloudy,High,Car,Market,50,37.2,30,100.0,26.1,0
3569,Islamabad,Saturday,19,Cloudy,Low,Motorcycle,Main Road,60,50.6,7,87.9,26.4,0
3570,Multan,Saturday,18,Cloudy,High,Motorcycle,Highway,100,96.0,9,86.2,50.6,0
3571,Karachi,Saturday,9,Cloudy,Low,Van,School Zone,40,50.9,32,93.2,64.6,1
3572,Rawalpindi,Saturday,17,Clear,Medium,Motorcycle,Main Road,60,49.1,7,98.2,28.3,0
3573,Islamabad,Saturday,2,Clear,High,Car,Main Road,60,53.6,5,97.1,23.8,0
3574,Karachi,Monday,10,Rain,High,Motorcycle,School Zone,40,34.6,38,83.7,55.6,0
3575,Multan,Tuesday,14,Clear,Severe,Motorcycle,Main Road,60,27.6,4,100.0,55.2,1
3576,Multan,Thursday,10,Clear,Medium,Motorcycle,School Zone,40,20.1,40,92.2,23.5,0
3577,Peshawar,Wednesday,16,Cloudy,Low,Car,Main Road,60,47.0,7,98.7,21.6,0
3578,Islamabad,Saturday,16,Fog,Severe,Car,Residential,50,10.0,11,32.6,72.2,0
3579,Karachi,Monday,5,Clear,Low,Motorcycle,Main Road,60,48.6,8,78.4,21.0,0
3580,Lahore,Sunday,4,Cloudy,High,Bus,Main Road,60,48.1,5,92.4,37.9,0
3581,Multan,Thursday,7,Clear,Severe,Car,Residential,50,23.2,5,87.5,53.3,1
3582,Quetta,Thursday,1,Clear,Severe,Car,Residential,50,26.1,5,92.1,44.8,0
3583,Quetta,Thursday,15,Clear,Medium,Motorcycle,Main Road,60,53.5,9,91.6,27.4,0
3584,Multan,Monday,19,Cloudy,High,Motorcycle,Highway,100,76.3,14,74.4,41.1,0
3585,Lahore,Wednesday,23,Rain,Medium,Rickshaw,Highway,100,89.1,7,90.3,45.2,0
3586,Rawalpindi,Saturday,11,Clear,Medium,Car,Highway,100,101.3,9,92.5,43.2,0
3587,Quetta,Thursday,5,Rain,Low,Motorcycle,Market,50,41.4,19,79.7,36.9,0
3588,Karachi,Monday,0,Clear,High,Car,Residential,50,10.0,10,85.9,37.7,0
3589,Multan,Sunday,3,Clear,Low,Motorcycle,Highway,100,87.7,7,76.3,35.9,0
3590,Multan,Tuesday,16,Cloudy,High,Motorcycle,Highway,100,95.1,9,93.7,52.1,0
3591,Multan,Sunday,12,Clear,Medium,Motorcycle,Main Road,60,60.6,8,89.6,34.5,0
3592,Lahore,Monday,17,Clear,Medium,Car,Residential,50,30.7,4,100.0,6.4,0
3593,Rawalpindi,Monday,4,Rain,Low,Car,Main Road,60,50.2,4,78.0,40.9,1
3594,Islamabad,Monday,23,Rain,High,Motorcycle,Main Road,60,43.8,9,82.4,64.4,0
3595,Multan,Thursday,23,Rain,Medium,Van,Main Road,60,32.6,8,69.8,42.9,0
3596,Islamabad,Monday,2,Clear,High,Car,Highway,100,85.1,11,78.0,52.5,0
3597,Karachi,Tuesday,10,Clear,Low,Rickshaw,Main Road,60,58.4,8,85.1,42.8,0
3598,Karachi,Thursday,12,Dust,Low,Motorcycle,Market,50,55.2,21,60.3,47.6,0
3599,Karachi,Sunday,3,Clear,Low,Van,Market,50,65.4,24,85.5,26.7,0
3600,Quetta,Tuesday,13,Rain,Low,Rickshaw,Highway,100,99.4,7,81.8,41.2,0
3601,Karachi,Friday,21,Rain,Low,Car,Main Road,60,46.8,4,69.8,17.3,0
3602,Multan,Sunday,10,Rain,High,Van,Residential,50,30.0,14,73.1,48.4,0
3603,Lahore,Monday,9,Clear,Low,Bus,Main Road,60,67.7,8,98.7,50.8,1
3604,Lahore,Saturday,18,Fog,Low,Car,Highway,100,103.3,6,35.3,64.1,0
3605,Rawalpindi,Saturday,17,Cloudy,Low,Van,Main Road,60,59.1,10,66.7,27.3,0
3606,Lahore,Thursday,5,Cloudy,High,Motorcycle,Main Road,60,40.7,11,82.8,62.6,0
3607,Quetta,Saturday,14,Cloudy,Medium,Motorcycle,Main Road,60,62.9,7,88.6,50.5,0
3608,Islamabad,Sunday,20,Clear,Medium,Rickshaw,Main Road,60,51.4,14,85.3,9.5,0
3609,Rawalpindi,Thursday,9,Clear,High,Bus,Residential,50,30.7,10,100.0,38.5,0
3610,Lahore,Sunday,4,Dust,Medium,Motorcycle,Highway,100,89.3,11,83.8,23.7,0
3611,Karachi,Monday,4,Clear,Low,Motorcycle,Main Road,60,58.0,5,84.4,58.1,1
3612,Lahore,Wednesday,9,Clear,High,Motorcycle,Highway,100,90.3,9,92.2,48.2,1
3613,Peshawar,Wednesday,4,Clear,Medium,Motorcycle,Residential,50,39.1,8,85.1,26.2,0
3614,Rawalpindi,Tuesday,2,Clear,Medium,Motorcycle,Residential,50,42.6,8,87.7,38.1,0
3615,Multan,Monday,22,Cloudy,High,Motorcycle,Residential,50,30.0,6,100.0,18.5,0
3616,Multan,Saturday,5,Fog,Low,Rickshaw,Main Road,60,39.2,5,49.9,34.1,0
3617,Quetta,Monday,3,Clear,Low,Motorcycle,Main Road,60,49.3,9,74.2,21.2,0
3618,Lahore,Friday,17,Rain,Severe,Car,Highway,100,57.3,6,68.3,79.8,1
3619,Lahore,Wednesday,8,Rain,Medium,Car,Highway,100,79.5,6,87.8,27.1,0
3620,Quetta,Saturday,16,Cloudy,Medium,Van,Main Road,60,37.5,1,88.4,22.4,0
3621,Islamabad,Sunday,12,Clear,High,Car,Market,50,42.0,15,95.0,36.2,1
3622,Karachi,Sunday,14,Cloudy,Low,Motorcycle,Main Road,60,73.2,6,91.8,50.1,0
3623,Karachi,Wednesday,19,Fog,Low,Motorcycle,Main Road,60,33.0,6,45.2,41.9,0
3624,Islamabad,Monday,16,Clear,Low,Rickshaw,School Zone,40,26.8,34,91.4,31.8,0
3625,Islamabad,Saturday,12,Cloudy,High,Motorcycle,School Zone,40,11.8,44,83.0,49.7,1
3626,Peshawar,Tuesday,15,Fog,Medium,Van,Main Road,60,43.4,7,50.4,48.1,0
3627,Quetta,Sunday,21,Rain,High,Car,Highway,100,54.7,10,77.5,29.6,0
3628,Rawalpindi,Monday,3,Cloudy,Low,Car,Main Road,60,69.7,5,92.0,42.6,0
3629,Karachi,Tuesday,4,Fog,High,Bus,Highway,100,77.1,8,45.3,51.5,0
3630,Islamabad,Saturday,4,Clear,Medium,Motorcycle,School Zone,40,46.0,33,100.0,53.6,0
3631,Islamabad,Wednesday,8,Rain,Low,Car,Main Road,60,58.5,8,76.8,57.0,0
3632,Quetta,Friday,16,Clear,High,Motorcycle,Main Road,60,41.4,6,85.7,52.5,0
3633,Multan,Thursday,12,Clear,Medium,Rickshaw,School Zone,40,37.9,57,80.8,47.1,0
3634,Rawalpindi,Wednesday,1,Cloudy,Medium,Car,Main Road,60,45.1,8,83.6,12.5,0
3635,Islamabad,Tuesday,12,Clear,Low,Rickshaw,Residential,50,45.9,7,100.0,51.9,0
3636,Multan,Monday,21,Clear,High,Van,Main Road,60,34.7,18,89.1,31.6,0
3637,Peshawar,Sunday,20,Clear,Medium,Bus,Highway,100,78.7,9,71.9,31.1,0
3638,Rawalpindi,Saturday,22,Clear,High,Car,Main Road,60,27.6,9,92.1,44.2,0
3639,Multan,Wednesday,18,Clear,High,Car,Residential,50,31.3,8,93.2,44.7,0
3640,Peshawar,Sunday,2,Rain,Low,Car,Highway,100,89.6,6,80.7,26.4,0
3641,Lahore,Sunday,9,Clear,Medium,Car,School Zone,40,39.7,44,90.9,49.1,1
3642,Karachi,Friday,1,Cloudy,High,Car,Residential,50,10.0,7,82.8,38.8,0
3643,Islamabad,Saturday,12,Rain,Low,Motorcycle,Main Road,60,67.5,9,72.0,69.6,1
3644,Multan,Tuesday,18,Clear,High,Rickshaw,Highway,100,93.3,6,85.8,46.1,0
3645,Rawalpindi,Saturday,16,Fog,Medium,Car,Main Road,60,45.8,6,42.8,51.9,0
3646,Peshawar,Saturday,20,Dust,Medium,Motorcycle,Highway,100,120.0,5,72.9,60.4,0
3647,Karachi,Monday,13,Clear,Low,Rickshaw,Market,50,52.8,17,89.2,24.6,0
3648,Karachi,Thursday,11,Fog,Low,Rickshaw,Market,50,37.3,20,42.7,52.6,0
3649,Islamabad,Sunday,20,Cloudy,Medium,Car,School Zone,40,40.9,34,88.4,53.3,1
3650,Multan,Tuesday,11,Clear,Low,Van,Residential,50,48.9,9,82.4,24.4,0
3651,Karachi,Monday,10,Cloudy,Low,Van,Main Road,60,76.7,6,86.8,27.9,0
3652,Islamabad,Sunday,6,Cloudy,Medium,Rickshaw,School Zone,40,44.0,35,90.4,49.2,0
3653,Multan,Thursday,3,Cloudy,Medium,Motorcycle,Residential,50,35.3,7,84.8,43.5,0
3654,Multan,Monday,18,Rain,Low,Motorcycle,Residential,50,36.1,6,78.3,20.4,0
3655,Lahore,Thursday,0,Clear,Low,Car,Main Road,60,57.6,11,83.8,28.8,0
3656,Islamabad,Thursday,23,Fog,Medium,Rickshaw,Highway,100,71.5,6,49.7,45.0,0
3657,Quetta,Thursday,2,Dust,High,Rickshaw,Highway,100,82.6,7,75.2,37.1,0
3658,Peshawar,Monday,12,Rain,Medium,Rickshaw,Main Road,60,37.3,6,93.1,40.3,0
3659,Quetta,Saturday,14,Clear,Severe,Car,Main Road,60,37.9,6,95.9,36.9,0
3660,Multan,Thursday,1,Cloudy,Low,Motorcycle,Main Road,60,74.0,5,90.2,34.2,0
3661,Multan,Saturday,10,Rain,Low,Motorcycle,School Zone,40,31.1,23,77.5,45.7,1
3662,Karachi,Sunday,3,Dust,Medium,Bus,Main Road,60,40.3,6,61.5,40.9,0
3663,Karachi,Sunday,18,Fog,Low,Van,School Zone,40,29.9,28,63.4,14.3,0
3664,Karachi,Tuesday,16,Dust,Severe,Motorcycle,Market,50,30.2,29,68.8,63.6,0
3665,Multan,Friday,2,Clear,Medium,Car,Residential,50,36.7,6,81.4,31.9,0
3666,Islamabad,Saturday,17,Dust,Medium,Rickshaw,Main Road,60,70.2,11,70.8,39.4,0
3667,Rawalpindi,Sunday,7,Clear,Low,Motorcycle,Main Road,60,53.2,8,91.5,38.1,0
3668,Islamabad,Friday,21,Clear,High,Rickshaw,Main Road,60,56.7,8,100.0,41.2,0
3669,Peshawar,Thursday,23,Clear,High,Car,Main Road,60,37.9,7,82.9,24.2,0
3670,Islamabad,Friday,18,Dust,Medium,Car,Main Road,60,37.9,7,83.2,21.3,0
3671,Karachi,Friday,4,Fog,High,Rickshaw,Main Road,60,42.2,6,43.1,52.5,0
3672,Lahore,Thursday,6,Clear,Severe,Motorcycle,Market,50,10.0,22,93.9,51.6,0
3673,Peshawar,Saturday,20,Clear,Low,Car,Main Road,60,48.6,7,91.7,16.6,0
3674,Quetta,Thursday,7,Fog,Low,Motorcycle,Market,50,30.2,28,48.6,43.7,0
3675,Lahore,Tuesday,4,Cloudy,Low,Motorcycle,Main Road,60,64.9,11,93.7,53.5,0
3676,Peshawar,Wednesday,16,Clear,Medium,Car,Main Road,60,39.7,6,99.2,38.5,0
3677,Peshawar,Monday,4,Cloudy,Low,Motorcycle,Highway,100,99.0,7,98.4,56.9,0
3678,Multan,Thursday,3,Cloudy,High,Bus,Market,50,28.7,20,83.7,23.2,0
3679,Karachi,Thursday,21,Fog,Medium,Car,Main Road,60,20.1,8,60.4,48.7,0
3680,Multan,Friday,18,Clear,High,Bus,School Zone,40,18.3,35,87.4,75.6,1
3681,Quetta,Tuesday,20,Clear,Medium,Rickshaw,Highway,100,89.9,10,97.2,20.2,0
3682,Islamabad,Sunday,1,Clear,High,Motorcycle,Market,50,31.7,19,92.6,48.9,0
3683,Multan,Sunday,10,Clear,Medium,Motorcycle,Residential,50,50.2,10,94.3,47.0,1
3684,Quetta,Friday,21,Cloudy,Severe,Car,Main Road,60,26.4,7,93.1,58.3,0
3685,Karachi,Saturday,12,Fog,High,Bus,Residential,50,22.3,7,38.4,48.8,0
3686,Karachi,Thursday,14,Rain,Medium,Rickshaw,Residential,50,17.7,7,75.9,36.0,0
3687,Multan,Thursday,11,Fog,Medium,Motorcycle,Main Road,60,25.0,8,49.1,38.0,0
3688,Karachi,Friday,21,Dust,Severe,Rickshaw,Highway,100,76.2,10,76.7,57.6,0
3689,Lahore,Thursday,20,Clear,Medium,Motorcycle,Residential,50,43.4,13,95.3,36.3,0
3690,Quetta,Saturday,21,Clear,High,Car,School Zone,40,35.8,36,87.4,51.0,0
3691,Quetta,Wednesday,10,Cloudy,Medium,Motorcycle,Main Road,60,79.1,11,91.2,40.5,0
3692,Peshawar,Monday,6,Clear,High,Motorcycle,Main Road,60,36.5,9,97.1,32.2,0
3693,Rawalpindi,Monday,4,Cloudy,Severe,Motorcycle,Main Road,60,38.2,6,95.1,60.5,0
3694,Islamabad,Monday,16,Clear,Medium,Car,Highway,100,84.1,9,82.5,8.2,0
3695,Karachi,Wednesday,23,Cloudy,Medium,Van,Residential,50,52.5,4,94.4,56.3,0
3696,Quetta,Thursday,19,Cloudy,Medium,Motorcycle,Main Road,60,55.1,8,85.5,51.8,0
3697,Quetta,Friday,8,Clear,Low,Motorcycle,Residential,50,51.2,8,96.6,51.5,0
3698,Peshawar,Sunday,13,Cloudy,High,Van,School Zone,40,23.6,28,82.9,35.4,0
3699,Islamabad,Tuesday,11,Clear,Low,Car,Market,50,72.3,28,92.1,17.1,0
3700,Rawalpindi,Thursday,5,Clear,Medium,Motorcycle,Main Road,60,42.3,10,92.4,33.2,0
3701,Rawalpindi,Wednesday,16,Cloudy,Medium,Car,Main Road,60,53.4,9,93.2,0.0,0
3702,Karachi,Saturday,18,Clear,Low,Car,Main Road,60,75.0,8,85.6,46.4,0
3703,Rawalpindi,Wednesday,18,Dust,High,Rickshaw,Market,50,17.6,23,62.4,36.2,0
3704,Rawalpindi,Sunday,15,Clear,Low,Motorcycle,Main Road,60,45.1,4,95.9,45.4,0
3705,Multan,Monday,11,Cloudy,High,Van,Highway,100,80.0,7,92.2,34.1,0
3706,Islamabad,Thursday,11,Cloudy,Low,Motorcycle,Market,50,51.2,26,89.8,42.3,1
3707,Islamabad,Sunday,19,Clear,Medium,Car,Main Road,60,55.4,3,98.5,38.9,1
3708,Multan,Monday,5,Clear,Medium,Bus,Residential,50,54.4,7,87.9,36.0,0
3709,Karachi,Tuesday,22,Cloudy,Low,Car,Residential,50,51.1,10,87.9,49.0,0
3710,Quetta,Saturday,3,Clear,Medium,Motorcycle,Main Road,60,75.7,6,97.0,47.7,0
3711,Peshawar,Monday,5,Clear,Low,Rickshaw,Market,50,37.2,23,100.0,25.1,0
3712,Karachi,Tuesday,10,Cloudy,Medium,Car,Main Road,60,60.8,10,75.7,49.2,0
3713,Lahore,Wednesday,0,Clear,Medium,Motorcycle,Main Road,60,70.5,13,94.5,38.4,0
3714,Rawalpindi,Monday,23,Cloudy,Medium,Rickshaw,Main Road,60,66.6,4,100.0,25.9,0
3715,Multan,Monday,22,Dust,High,Motorcycle,Residential,50,32.9,9,63.4,37.8,0
3716,Peshawar,Friday,14,Clear,High,Motorcycle,Main Road,60,37.4,5,89.0,42.2,0
3717,Quetta,Saturday,10,Clear,Medium,Motorcycle,Main Road,60,56.7,16,89.9,41.1,0
3718,Quetta,Saturday,18,Clear,Medium,Car,Market,50,49.5,27,94.4,42.8,0
3719,Islamabad,Sunday,17,Cloudy,Medium,Motorcycle,Main Road,60,63.4,6,80.5,60.9,0
3720,Lahore,Wednesday,16,Clear,High,Van,Main Road,60,31.3,8,87.5,55.2,0
3721,Quetta,Friday,18,Clear,High,Car,Main Road,60,35.0,9,78.4,41.7,1
3722,Lahore,Sunday,20,Clear,Low,Van,Main Road,60,57.0,6,79.6,38.1,1
3723,Rawalpindi,Tuesday,13,Clear,Medium,Rickshaw,Highway,100,106.2,14,100.0,64.2,0
3724,Islamabad,Sunday,17,Cloudy,Severe,Motorcycle,Main Road,60,37.8,8,82.8,48.8,1
3725,Peshawar,Tuesday,18,Clear,Medium,Motorcycle,Highway,100,97.9,16,89.3,59.1,0
3726,Islamabad,Wednesday,14,Clear,Medium,Motorcycle,Market,50,21.4,17,87.2,43.0,0
3727,Rawalpindi,Saturday,14,Clear,Medium,Rickshaw,Residential,50,40.8,8,95.6,29.4,0
3728,Multan,Tuesday,3,Clear,Medium,Car,School Zone,40,38.8,38,91.4,61.1,0
3729,Quetta,Wednesday,6,Clear,Low,Motorcycle,Highway,100,78.9,13,87.1,25.5,0
3730,Lahore,Sunday,12,Clear,Low,Van,Residential,50,40.7,11,71.8,35.2,0
3731,Multan,Tuesday,2,Clear,High,Rickshaw,Main Road,60,32.3,8,89.0,27.2,0
3732,Rawalpindi,Thursday,15,Rain,Low,Bus,Market,50,26.3,28,81.9,26.4,0
3733,Quetta,Monday,8,Clear,Severe,Motorcycle,Main Road,60,20.3,9,86.0,62.6,1
3734,Karachi,Sunday,7,Rain,Medium,Motorcycle,Main Road,60,49.7,7,79.9,37.0,0
3735,Lahore,Saturday,19,Clear,Medium,Bus,Residential,50,44.1,7,78.9,26.2,0
3736,Rawalpindi,Sunday,12,Cloudy,Medium,Car,Main Road,60,47.4,4,85.1,12.5,0
3737,Peshawar,Thursday,16,Clear,Medium,Car,Market,50,40.7,34,96.5,25.3,0
3738,Peshawar,Wednesday,16,Fog,Severe,Rickshaw,Residential,50,31.8,5,37.9,73.9,1
3739,Quetta,Wednesday,16,Rain,Low,Motorcycle,Residential,50,58.8,5,70.8,55.7,1
3740,Quetta,Sunday,0,Clear,High,Motorcycle,Market,50,32.3,22,86.9,22.5,0
3741,Peshawar,Thursday,7,Clear,Medium,Car,Residential,50,63.1,15,92.9,45.7,0
3742,Karachi,Sunday,18,Cloudy,High,Car,Main Road,60,57.7,11,81.4,45.3,0
3743,Islamabad,Monday,5,Fog,Low,Car,Main Road,60,53.8,4,54.3,39.9,0
3744,Peshawar,Monday,2,Clear,High,Van,Highway,100,81.1,4,77.4,39.1,0
3745,Quetta,Friday,4,Clear,Low,Car,Highway,100,92.6,4,98.9,38.0,0
3746,Quetta,Tuesday,12,Clear,Severe,Car,Main Road,60,21.2,6,83.5,35.8,0
3747,Karachi,Friday,14,Clear,High,Car,Main Road,60,38.5,9,91.8,21.6,0
3748,Peshawar,Monday,13,Clear,Medium,Motorcycle,School Zone,40,20.2,41,73.2,36.9,0
3749,Karachi,Thursday,22,Clear,Severe,Van,School Zone,40,21.1,34,100.0,62.6,1
3750,Peshawar,Tuesday,15,Clear,Low,Car,Market,50,62.0,31,92.1,52.1,0
3751,Islamabad,Thursday,17,Clear,Severe,Rickshaw,Highway,100,74.2,6,91.1,45.1,0
3752,Rawalpindi,Friday,21,Cloudy,High,Car,Highway,100,74.1,12,91.0,52.8,1
3753,Peshawar,Wednesday,21,Cloudy,Low,Motorcycle,Residential,50,40.2,7,86.0,33.4,0
3754,Rawalpindi,Thursday,10,Clear,Medium,Motorcycle,Main Road,60,37.1,7,100.0,36.6,0
3755,Peshawar,Friday,2,Dust,High,Motorcycle,Highway,100,75.4,5,64.6,67.9,1
3756,Islamabad,Friday,21,Clear,High,Car,Main Road,60,18.6,10,100.0,35.1,0
3757,Multan,Friday,9,Clear,Medium,Motorcycle,Main Road,60,42.7,5,87.3,38.0,0
3758,Quetta,Wednesday,9,Rain,Low,Car,Main Road,60,52.8,5,73.4,34.0,0
3759,Rawalpindi,Wednesday,20,Rain,Low,Motorcycle,Residential,50,30.1,11,68.8,38.5,0
3760,Karachi,Sunday,15,Dust,Severe,Car,Residential,50,10.0,6,64.7,59.6,0
3761,Peshawar,Wednesday,11,Clear,Low,Van,Residential,50,67.1,12,100.0,35.9,0
3762,Quetta,Tuesday,1,Clear,Severe,Motorcycle,Residential,50,27.1,8,97.7,63.8,0
3763,Peshawar,Wednesday,8,Cloudy,Low,Motorcycle,Main Road,60,72.0,9,87.4,30.3,0
3764,Karachi,Wednesday,23,Clear,Medium,Car,Market,50,43.8,23,94.0,35.5,1
3765,Islamabad,Wednesday,2,Clear,Low,Car,Highway,100,106.5,8,94.0,45.6,0
3766,Lahore,Thursday,23,Cloudy,Severe,Car,Residential,50,15.8,9,98.7,57.0,0
3767,Peshawar,Wednesday,14,Clear,Low,Car,Highway,100,84.7,10,99.4,27.7,0
3768,Multan,Tuesday,2,Clear,Medium,Rickshaw,Residential,50,26.8,4,94.3,29.3,0
3769,Karachi,Friday,18,Clear,High,Van,Market,50,21.5,31,100.0,38.6,0
3770,Lahore,Thursday,17,Clear,High,Bus,Main Road,60,38.2,8,84.8,38.7,0
3771,Peshawar,Monday,7,Clear,High,Car,Main Road,60,53.0,4,78.9,53.2,0
3772,Rawalpindi,Wednesday,16,Clear,Severe,Motorcycle,Highway,100,57.7,8,100.0,51.7,0
3773,Quetta,Sunday,7,Clear,Severe,Motorcycle,Main Road,60,16.1,5,89.8,47.8,1
3774,Quetta,Sunday,6,Dust,High,Motorcycle,Main Road,60,81.1,5,63.9,58.9,1
3775,Karachi,Friday,6,Clear,Medium,Motorcycle,Market,50,16.3,20,80.5,25.0,0
3776,Rawalpindi,Friday,2,Dust,Medium,Rickshaw,Main Road,60,70.0,4,61.7,54.2,0
3777,Islamabad,Thursday,0,Clear,Low,Rickshaw,Market,50,60.0,20,77.2,35.0,0
3778,Lahore,Sunday,3,Clear,High,Van,Market,50,24.4,19,95.8,37.6,0
3779,Karachi,Monday,4,Clear,Low,Rickshaw,Residential,50,63.0,10,88.7,40.6,0
3780,Multan,Saturday,0,Clear,High,Bus,Market,50,32.2,22,100.0,31.6,0
3781,Peshawar,Sunday,14,Cloudy,Medium,Car,Highway,100,105.3,7,100.0,27.4,0
3782,Quetta,Sunday,4,Clear,Severe,Rickshaw,Main Road,60,23.7,8,89.5,43.9,0
3783,Peshawar,Tuesday,12,Cloudy,Low,Car,Market,50,52.7,25,100.0,35.5,0
3784,Lahore,Saturday,7,Clear,High,Motorcycle,Market,50,37.2,23,80.6,35.7,0
3785,Rawalpindi,Friday,7,Cloudy,Medium,Car,Main Road,60,43.3,6,92.9,7.2,0
3786,Rawalpindi,Saturday,4,Cloudy,Severe,Car,Highway,100,76.8,12,95.8,37.7,0
3787,Karachi,Sunday,8,Clear,Medium,Car,Market,50,29.7,18,79.3,22.3,0
3788,Karachi,Friday,0,Rain,Low,Car,Main Road,60,60.4,11,77.8,38.8,0
3789,Rawalpindi,Saturday,3,Rain,Medium,Car,Main Road,60,54.3,7,81.2,53.1,1
3790,Karachi,Friday,2,Fog,Medium,Motorcycle,School Zone,40,18.0,34,39.9,57.0,0
3791,Rawalpindi,Friday,1,Clear,Medium,Motorcycle,Main Road,60,47.3,8,84.6,31.1,0
3792,Lahore,Thursday,7,Dust,Severe,Motorcycle,Main Road,60,33.0,13,67.3,70.9,0
3793,Karachi,Monday,22,Dust,Low,Motorcycle,Market,50,56.2,23,70.3,66.0,1
3794,Rawalpindi,Friday,8,Cloudy,Medium,Motorcycle,School Zone,40,44.5,37,84.5,60.3,0
3795,Karachi,Tuesday,1,Cloudy,Medium,Van,Main Road,60,49.9,9,100.0,25.6,0
3796,Peshawar,Sunday,13,Fog,Low,Rickshaw,Highway,100,86.2,9,44.0,38.2,0
3797,Quetta,Sunday,13,Fog,Severe,Motorcycle,Residential,50,12.9,11,36.1,70.8,1
3798,Peshawar,Tuesday,3,Cloudy,Medium,Motorcycle,Residential,50,21.5,8,85.9,18.0,0
3799,Islamabad,Wednesday,5,Clear,High,Rickshaw,School Zone,40,30.2,30,100.0,41.9,1
3800,Rawalpindi,Friday,10,Rain,High,Van,Highway,100,49.5,9,83.1,53.3,0
3801,Islamabad,Friday,2,Clear,High,Car,Main Road,60,45.4,7,98.1,24.8,1
3802,Rawalpindi,Friday,7,Clear,Medium,Car,Main Road,60,38.7,5,88.7,24.6,0
3803,Quetta,Saturday,2,Fog,Severe,Motorcycle,Main Road,60,16.0,7,41.0,73.5,0
3804,Karachi,Friday,13,Rain,Medium,Bus,Residential,50,19.0,15,79.3,24.8,0
3805,Rawalpindi,Friday,12,Fog,Medium,Car,Residential,50,10.0,10,41.2,40.9,0
3806,Peshawar,Tuesday,12,Cloudy,Medium,Motorcycle,Residential,50,38.5,8,100.0,22.5,0
3807,Karachi,Monday,1,Clear,Medium,Car,Residential,50,51.6,9,84.9,29.0,0
3808,Quetta,Monday,12,Fog,Severe,Car,School Zone,40,18.6,30,46.9,72.9,1
3809,Peshawar,Wednesday,18,Clear,Medium,Rickshaw,Main Road,60,57.6,8,95.9,39.0,0
3810,Karachi,Tuesday,5,Rain,High,Rickshaw,Residential,50,10.0,14,63.0,47.5,0
3811,Rawalpindi,Friday,15,Cloudy,Medium,Bus,Main Road,60,36.3,6,92.1,14.6,0
3812,Rawalpindi,Monday,1,Clear,Severe,Motorcycle,Market,50,10.0,26,97.7,72.7,1
3813,Peshawar,Thursday,7,Clear,Low,Motorcycle,Main Road,60,61.9,13,86.4,43.7,0
3814,Lahore,Thursday,16,Clear,Severe,Rickshaw,Highway,100,59.2,8,81.6,31.2,0
3815,Rawalpindi,Thursday,22,Cloudy,Severe,Motorcycle,Highway,100,65.6,4,90.7,67.7,0
3816,Lahore,Friday,1,Clear,Low,Car,School Zone,40,49.8,42,85.3,47.1,0
3817,Karachi,Friday,9,Clear,High,Car,Main Road,60,46.9,8,93.9,38.9,0
3818,Lahore,Wednesday,15,Cloudy,High,Van,School Zone,40,10.0,40,82.1,56.4,0
3819,Peshawar,Sunday,5,Rain,Medium,Motorcycle,Residential,50,51.0,8,79.1,62.3,0
3820,Islamabad,Wednesday,1,Clear,Low,Rickshaw,Market,50,37.4,19,86.8,26.2,0
3821,Islamabad,Wednesday,1,Cloudy,High,Car,Main Road,60,54.4,5,100.0,62.0,0
3822,Peshawar,Saturday,12,Clear,Medium,Motorcycle,Residential,50,40.3,9,98.7,21.3,0
3823,Multan,Thursday,23,Clear,Medium,Rickshaw,Residential,50,22.4,8,88.5,18.2,0
3824,Islamabad,Friday,14,Clear,Low,Rickshaw,Residential,50,44.0,5,84.8,9.4,0
3825,Peshawar,Thursday,1,Cloudy,High,Motorcycle,Main Road,60,42.3,11,77.6,28.8,0
3826,Rawalpindi,Wednesday,6,Clear,Low,Bus,Market,50,52.3,26,97.4,47.5,0
3827,Lahore,Friday,2,Clear,High,Motorcycle,Market,50,15.6,17,78.0,40.7,0
3828,Islamabad,Tuesday,7,Clear,High,Car,Main Road,60,33.0,6,92.2,37.1,0
3829,Rawalpindi,Monday,22,Fog,Medium,Car,School Zone,40,10.0,24,36.2,35.2,0
3830,Islamabad,Monday,13,Dust,Medium,Bus,Main Road,60,39.6,5,69.1,35.2,1
3831,Karachi,Wednesday,23,Clear,High,Motorcycle,Residential,50,21.1,6,96.2,19.3,0
3832,Peshawar,Sunday,22,Clear,Severe,Car,Main Road,60,28.2,7,82.8,34.0,0
3833,Peshawar,Thursday,21,Fog,Medium,Motorcycle,Market,50,38.1,22,45.1,44.4,0
3834,Rawalpindi,Tuesday,6,Clear,Severe,Rickshaw,School Zone,40,10.0,26,81.4,33.8,0
3835,Multan,Friday,20,Clear,Medium,Motorcycle,Market,50,44.9,27,95.8,33.7,0
3836,Karachi,Sunday,6,Clear,Medium,Rickshaw,Main Road,60,71.6,5,96.2,31.4,1
3837,Lahore,Thursday,0,Fog,Low,Rickshaw,Highway,100,68.4,7,56.6,50.8,1
3838,Karachi,Wednesday,16,Rain,Medium,Motorcycle,Main Road,60,56.7,14,78.6,39.3,0
3839,Multan,Thursday,8,Clear,Medium,Rickshaw,Main Road,60,56.4,5,94.0,40.0,0
3840,Karachi,Wednesday,20,Clear,High,Car,Residential,50,43.0,8,89.1,40.9,1
3841,Quetta,Saturday,12,Fog,Severe,Rickshaw,School Zone,40,10.0,28,48.4,66.6,0
3842,Lahore,Monday,20,Clear,Severe,Bus,Main Road,60,44.1,11,89.8,45.4,0
3843,Lahore,Sunday,18,Cloudy,Low,Motorcycle,Market,50,55.4,30,81.3,45.0,0
3844,Karachi,Monday,20,Clear,Medium,Motorcycle,Residential,50,39.3,8,81.1,17.2,0
3845,Islamabad,Thursday,18,Rain,Medium,Van,Market,50,30.4,16,73.5,17.4,0
3846,Quetta,Tuesday,21,Clear,Low,Rickshaw,Main Road,60,50.1,7,82.7,11.8,0
3847,Islamabad,Friday,16,Rain,Low,Bus,School Zone,40,37.0,37,88.9,65.4,0
3848,Karachi,Wednesday,22,Clear,Medium,Motorcycle,Main Road,60,83.1,8,85.1,64.0,1
3849,Islamabad,Friday,22,Clear,High,Car,Main Road,60,29.2,5,90.8,43.2,0
3850,Lahore,Monday,9,Clear,Medium,Car,Main Road,60,41.0,5,95.6,9.1,0
3851,Lahore,Tuesday,9,Rain,High,Motorcycle,Highway,100,81.5,5,79.3,65.7,1
3852,Islamabad,Tuesday,3,Clear,Severe,Van,Main Road,60,22.3,9,92.4,52.3,1
3853,Lahore,Friday,7,Clear,Medium,Motorcycle,Main Road,60,49.4,7,80.0,34.1,0
3854,Peshawar,Monday,21,Cloudy,High,Bus,Main Road,60,39.2,17,81.9,35.3,0
3855,Lahore,Friday,19,Cloudy,Low,Car,Residential,50,45.8,8,82.0,39.8,0
3856,Karachi,Thursday,19,Rain,Medium,Rickshaw,Highway,100,96.0,9,85.8,60.0,1
3857,Rawalpindi,Tuesday,17,Clear,Medium,Motorcycle,School Zone,40,39.5,29,73.8,46.0,1
3858,Islamabad,Tuesday,13,Clear,Low,Car,Highway,100,95.1,2,91.2,45.0,0
3859,Quetta,Thursday,17,Cloudy,Medium,Car,Highway,100,92.7,6,82.5,38.6,0
3860,Multan,Monday,13,Clear,Medium,Motorcycle,Residential,50,42.3,1,80.7,23.9,0
3861,Islamabad,Tuesday,19,Fog,High,Rickshaw,Highway,100,57.5,6,35.9,45.9,0
3862,Multan,Sunday,20,Cloudy,High,Van,Highway,100,113.5,11,95.3,68.4,1
3863,Multan,Saturday,23,Clear,High,Car,Main Road,60,27.9,10,92.9,47.1,0
3864,Lahore,Saturday,14,Clear,High,Car,Main Road,60,40.9,9,88.6,35.9,0
3865,Lahore,Saturday,21,Clear,Low,Car,Residential,50,50.6,6,84.5,66.0,1
3866,Rawalpindi,Wednesday,3,Cloudy,Medium,Bus,School Zone,40,28.0,41,90.3,50.0,0
3867,Rawalpindi,Sunday,12,Clear,Medium,Rickshaw,Main Road,60,56.8,9,83.1,35.8,1
3868,Quetta,Wednesday,22,Dust,Medium,Car,School Zone,40,45.0,40,72.7,73.5,1
3869,Karachi,Monday,7,Clear,Low,Rickshaw,Main Road,60,52.2,5,93.1,25.7,0
3870,Peshawar,Thursday,17,Clear,High,Motorcycle,Residential,50,12.2,7,85.0,26.3,0
3871,Karachi,Friday,11,Clear,Medium,Bus,Main Road,60,38.8,8,94.3,11.6,0
3872,Quetta,Sunday,22,Cloudy,Low,Car,Residential,50,37.1,5,86.5,20.9,0
3873,Islamabad,Monday,13,Clear,Medium,Bus,School Zone,40,50.5,35,84.0,45.6,0
3874,Lahore,Friday,1,Clear,High,Car,Market,50,22.2,23,100.0,37.8,0
3875,Karachi,Monday,17,Cloudy,High,Motorcycle,Main Road,60,47.7,13,86.6,40.7,0
3876,Multan,Wednesday,23,Clear,Medium,Car,Market,50,49.1,23,97.7,39.6,0
3877,Lahore,Saturday,1,Rain,Low,Rickshaw,Residential,50,42.6,8,64.6,21.9,0
3878,Lahore,Thursday,10,Cloudy,Low,Bus,School Zone,40,23.3,38,75.5,25.0,0
3879,Karachi,Wednesday,8,Fog,Medium,Car,Residential,50,40.9,7,37.5,26.5,0
3880,Karachi,Thursday,11,Cloudy,High,Bus,Market,50,36.4,22,80.3,21.4,0
3881,Multan,Sunday,16,Cloudy,High,Bus,Highway,100,98.7,7,99.1,50.0,0
3882,Multan,Friday,14,Clear,High,Motorcycle,School Zone,40,43.8,37,85.4,89.0,1
3883,Rawalpindi,Monday,16,Clear,Medium,Motorcycle,Highway,100,96.4,12,94.3,45.5,0
3884,Quetta,Tuesday,17,Clear,High,Car,School Zone,40,10.0,38,92.2,42.3,0
3885,Quetta,Tuesday,21,Cloudy,Medium,Motorcycle,Residential,50,27.7,5,100.0,27.8,0
3886,Multan,Thursday,5,Clear,Low,Car,Highway,100,97.5,10,79.6,32.6,0
3887,Peshawar,Saturday,16,Cloudy,Low,Bus,Main Road,60,59.4,5,82.1,26.5,0
3888,Multan,Saturday,22,Clear,High,Motorcycle,Market,50,39.7,22,97.3,22.9,0
3889,Rawalpindi,Thursday,23,Cloudy,High,Motorcycle,Main Road,60,61.7,10,97.8,53.4,0
3890,Peshawar,Wednesday,17,Clear,Medium,Van,Main Road,60,68.8,14,94.5,35.3,0
3891,Karachi,Tuesday,7,Clear,High,Van,Market,50,16.5,22,98.8,35.1,0
3892,Quetta,Wednesday,8,Fog,Low,Car,Main Road,60,64.5,12,47.6,63.0,1
3893,Quetta,Friday,5,Rain,High,Car,Main Road,60,55.1,5,87.3,63.2,0
3894,Peshawar,Tuesday,4,Clear,Severe,Motorcycle,Main Road,60,41.8,9,78.0,79.7,1
3895,Islamabad,Friday,11,Cloudy,Low,Motorcycle,Highway,100,120.0,12,86.9,48.8,1
3896,Rawalpindi,Monday,10,Clear,Low,Rickshaw,Residential,50,37.6,7,85.4,18.5,0
3897,Rawalpindi,Wednesday,0,Rain,Medium,Rickshaw,School Zone,40,25.0,48,75.3,46.8,0
3898,Rawalpindi,Thursday,10,Dust,High,Car,Residential,50,37.6,14,69.8,54.2,0
3899,Quetta,Tuesday,18,Clear,Low,Motorcycle,Residential,50,45.4,12,87.3,27.5,1
3900,Lahore,Wednesday,8,Dust,Medium,Bus,Residential,50,33.0,6,72.5,33.4,0
3901,Quetta,Thursday,1,Clear,Low,Bus,Highway,100,99.4,8,89.9,45.4,0
3902,Lahore,Monday,11,Rain,Low,Van,Main Road,60,52.1,6,88.7,35.2,0
3903,Quetta,Tuesday,3,Clear,High,Bus,Main Road,60,57.8,4,86.1,62.5,0
3904,Karachi,Friday,3,Clear,High,Motorcycle,Market,50,40.2,25,90.3,32.9,0
3905,Quetta,Monday,17,Dust,High,Motorcycle,Highway,100,73.9,12,61.2,58.0,1
3906,Karachi,Saturday,14,Clear,Low,Motorcycle,Market,50,50.5,16,95.0,61.0,0
3907,Lahore,Thursday,18,Fog,High,Motorcycle,Residential,50,10.0,10,49.8,50.0,0
3908,Rawalpindi,Tuesday,12,Clear,Medium,Motorcycle,Market,50,31.5,26,96.7,48.3,0
3909,Lahore,Tuesday,18,Clear,Medium,Car,School Zone,40,56.1,32,96.6,32.7,0
3910,Peshawar,Sunday,16,Rain,Medium,Motorcycle,Market,50,28.7,23,76.1,34.6,0
3911,Rawalpindi,Sunday,5,Clear,High,Van,Main Road,60,42.3,11,84.9,42.9,0
3912,Quetta,Monday,15,Clear,High,Car,Main Road,60,64.9,5,82.6,42.5,0
3913,Quetta,Tuesday,23,Clear,Medium,Rickshaw,School Zone,40,57.0,33,93.2,53.3,0
3914,Quetta,Thursday,11,Fog,High,Motorcycle,Highway,100,78.8,9,44.3,58.1,0
3915,Quetta,Monday,18,Rain,High,Rickshaw,Main Road,60,39.0,6,68.0,47.3,1
3916,Quetta,Friday,4,Clear,Low,Car,Main Road,60,51.0,14,100.0,34.1,0
3917,Lahore,Monday,16,Clear,Medium,Motorcycle,Highway,100,105.3,10,89.3,59.4,1
3918,Multan,Monday,22,Clear,Low,Car,School Zone,40,20.0,37,96.0,34.1,0
3919,Karachi,Friday,0,Cloudy,Medium,Motorcycle,Residential,50,34.2,10,79.2,25.5,0
3920,Multan,Saturday,23,Fog,High,Motorcycle,Main Road,60,32.0,10,66.2,43.5,0
3921,Lahore,Sunday,22,Cloudy,Severe,Bus,Main Road,60,27.6,9,90.9,53.3,1
3922,Islamabad,Thursday,9,Clear,Low,Car,Highway,100,77.5,4,89.4,25.9,0
3923,Multan,Saturday,14,Cloudy,Low,Rickshaw,Market,50,52.9,11,97.2,48.0,0
3924,Lahore,Saturday,22,Fog,Medium,Van,Market,50,32.6,34,51.7,56.9,0
3925,Rawalpindi,Saturday,20,Cloudy,Medium,Bus,Main Road,60,46.1,9,86.2,4.7,0
3926,Quetta,Sunday,20,Fog,High,Rickshaw,Main Road,60,44.2,8,40.4,41.9,0
3927,Lahore,Wednesday,10,Clear,Medium,Motorcycle,Main Road,60,52.7,4,93.4,23.3,0
3928,Multan,Sunday,12,Rain,Medium,Motorcycle,School Zone,40,32.1,32,81.8,59.1,1
3929,Karachi,Saturday,4,Cloudy,Low,Motorcycle,Residential,50,40.0,9,69.9,7.2,0
3930,Multan,Wednesday,0,Cloudy,High,Motorcycle,Highway,100,83.0,11,86.0,49.0,1
3931,Quetta,Friday,23,Cloudy,Low,Bus,School Zone,40,30.3,29,81.7,12.6,0
3932,Multan,Sunday,11,Clear,Low,Rickshaw,Market,50,53.2,24,93.1,35.4,0
3933,Peshawar,Thursday,10,Clear,Medium,Motorcycle,Residential,50,59.7,9,89.2,58.0,0
3934,Islamabad,Saturday,16,Fog,Medium,Car,Main Road,60,21.4,10,38.8,31.2,0
3935,Rawalpindi,Tuesday,3,Clear,High,Motorcycle,Residential,50,42.9,11,93.0,22.4,0
3936,Karachi,Friday,14,Fog,Low,Car,Residential,50,37.3,6,30.9,31.4,0
3937,Islamabad,Wednesday,8,Cloudy,Severe,Motorcycle,Market,50,18.6,19,89.5,63.0,0
3938,Lahore,Sunday,20,Clear,Low,Car,Highway,100,89.9,7,82.9,28.8,0
3939,Islamabad,Thursday,19,Fog,Medium,Motorcycle,Market,50,12.4,24,32.7,55.8,1
3940,Quetta,Monday,18,Rain,Medium,Rickshaw,Highway,100,88.1,8,76.8,50.5,0
3941,Quetta,Thursday,18,Clear,Severe,Motorcycle,Main Road,60,43.4,7,83.4,47.8,0
3942,Peshawar,Thursday,11,Clear,High,Motorcycle,Market,50,59.9,19,90.5,48.7,0
3943,Islamabad,Saturday,4,Dust,Low,Van,Main Road,60,62.3,8,80.2,44.0,0
3944,Multan,Saturday,9,Rain,Medium,Bus,School Zone,40,52.5,32,73.8,61.4,0
3945,Islamabad,Sunday,16,Rain,Medium,Rickshaw,Residential,50,47.0,11,80.9,44.3,0
3946,Quetta,Sunday,4,Rain,High,Rickshaw,Market,50,25.5,29,79.9,67.4,0
3947,Lahore,Wednesday,21,Clear,Medium,Car,Residential,50,24.9,6,89.3,16.2,0
3948,Lahore,Sunday,15,Dust,Medium,Motorcycle,Main Road,60,54.8,7,53.8,62.7,0
3949,Rawalpindi,Wednesday,6,Clear,High,Car,Market,50,23.2,26,87.3,24.6,0
3950,Multan,Saturday,8,Clear,Medium,Bus,School Zone,40,32.0,29,100.0,17.4,0
3951,Multan,Saturday,2,Clear,Severe,Car,Main Road,60,32.8,5,80.8,54.6,0
3952,Lahore,Tuesday,14,Clear,Severe,Car,Highway,100,60.6,18,92.1,54.5,1
3953,Islamabad,Tuesday,15,Cloudy,High,Rickshaw,Residential,50,29.1,10,100.0,43.2,0
3954,Peshawar,Friday,17,Clear,Severe,Motorcycle,Main Road,60,37.9,3,93.4,57.6,0
3955,Lahore,Saturday,13,Clear,Medium,Motorcycle,Market,50,27.7,24,89.0,7.7,0
3956,Multan,Monday,2,Clear,Medium,Car,Main Road,60,59.2,3,100.0,44.0,0
3957,Multan,Tuesday,11,Cloudy,Medium,Motorcycle,Highway,100,105.0,9,87.8,52.2,1
3958,Quetta,Wednesday,8,Clear,Severe,Car,Residential,50,36.7,7,95.8,58.3,0
3959,Quetta,Thursday,6,Clear,Medium,Car,Main Road,60,57.2,4,81.0,65.4,1
3960,Rawalpindi,Sunday,8,Rain,Medium,Van,Main Road,60,43.5,8,76.5,21.0,0
3961,Rawalpindi,Sunday,12,Clear,High,Car,Highway,100,78.7,8,98.2,32.0,0
3962,Islamabad,Friday,17,Clear,High,Car,Highway,100,85.1,6,100.0,53.5,1
3963,Lahore,Tuesday,4,Fog,Medium,Motorcycle,Market,50,34.5,14,48.1,60.3,1
3964,Lahore,Thursday,12,Clear,Low,Motorcycle,Highway,100,96.8,11,89.6,57.6,0
3965,Rawalpindi,Thursday,3,Clear,Low,Motorcycle,Highway,100,88.0,7,73.7,25.9,0
3966,Lahore,Tuesday,1,Cloudy,Medium,Motorcycle,Residential,50,80.8,4,82.8,41.8,0
3967,Islamabad,Monday,15,Rain,Medium,Rickshaw,Main Road,60,67.8,9,67.9,32.9,0
3968,Peshawar,Monday,8,Rain,Low,Motorcycle,Residential,50,31.1,10,71.6,37.1,0
3969,Quetta,Friday,8,Clear,Medium,Van,School Zone,40,37.3,30,89.4,47.1,0
3970,Islamabad,Monday,5,Rain,Low,Rickshaw,Residential,50,32.5,11,78.0,36.2,0
3971,Lahore,Friday,10,Rain,Low,Bus,School Zone,40,48.8,38,72.6,53.9,0
3972,Islamabad,Wednesday,21,Clear,High,Rickshaw,Market,50,32.8,25,83.4,17.2,0
3973,Quetta,Tuesday,23,Clear,Medium,Rickshaw,Highway,100,108.1,4,100.0,30.1,0
3974,Karachi,Thursday,21,Rain,Medium,Rickshaw,Main Road,60,40.1,5,78.5,24.8,0
3975,Multan,Friday,0,Clear,Low,Car,Residential,50,54.5,4,89.2,54.3,1
3976,Quetta,Sunday,3,Clear,High,Van,Highway,100,100.5,11,89.0,37.3,0
3977,Multan,Monday,12,Clear,Severe,Rickshaw,Market,50,15.5,34,78.2,67.2,1
3978,Quetta,Sunday,22,Clear,Medium,Motorcycle,Highway,100,86.0,7,96.5,38.5,0
3979,Karachi,Friday,12,Clear,Severe,Car,Main Road,60,36.0,6,96.9,43.7,0
3980,Lahore,Saturday,12,Clear,Medium,Car,Highway,100,98.9,5,90.3,39.3,0
3981,Lahore,Friday,1,Clear,Low,Car,Main Road,60,49.2,6,100.0,8.2,0
3982,Peshawar,Monday,8,Dust,Low,Car,Main Road,60,56.2,4,70.7,43.5,0
3983,Quetta,Saturday,23,Clear,Low,Car,Market,50,50.7,23,96.8,15.0,0
3984,Islamabad,Saturday,7,Clear,High,Motorcycle,School Zone,40,37.0,44,96.3,75.9,1
3985,Peshawar,Monday,6,Fog,Medium,Bus,School Zone,40,10.0,35,34.0,59.5,0
3986,Lahore,Saturday,3,Dust,High,Car,Residential,50,33.1,11,62.2,37.6,0
3987,Lahore,Tuesday,17,Clear,Medium,Rickshaw,Highway,100,72.2,11,85.7,25.1,0
3988,Rawalpindi,Thursday,2,Clear,Medium,Bus,Market,50,49.1,19,96.2,41.6,0
3989,Peshawar,Sunday,5,Cloudy,Low,Motorcycle,Market,50,55.0,16,82.9,49.0,0
3990,Lahore,Tuesday,11,Dust,Low,Car,Highway,100,106.6,3,69.7,50.8,1
3991,Karachi,Tuesday,11,Clear,High,Rickshaw,Market,50,30.2,27,84.6,39.1,0
3992,Multan,Monday,20,Clear,High,Motorcycle,Highway,100,82.4,4,100.0,47.1,0
3993,Rawalpindi,Monday,7,Dust,Medium,Car,Market,50,34.1,15,71.8,29.0,0
3994,Islamabad,Sunday,21,Clear,Low,Van,Main Road,60,62.9,8,91.7,45.6,0
3995,Multan,Thursday,21,Rain,Medium,Motorcycle,School Zone,40,19.8,44,84.2,63.1,1
3996,Rawalpindi,Friday,0,Cloudy,Severe,Motorcycle,Main Road,60,25.8,8,100.0,63.4,1
3997,Quetta,Tuesday,3,Clear,Low,Car,School Zone,40,57.6,32,100.0,49.1,0
3998,Quetta,Saturday,20,Clear,Low,Rickshaw,Main Road,60,73.5,9,69.2,34.3,0
3999,Islamabad,Thursday,10,Cloudy,Medium,Motorcycle,Highway,100,107.1,9,90.6,35.0,0
4000,Karachi,Tuesday,2,Rain,Medium,Motorcycle,Market,50,26.1,22,73.4,22.1,0
4001,Islamabad,Friday,12,Dust,Severe,Motorcycle,Residential,50,10.0,8,59.1,55.9,0
4002,Peshawar,Saturday,16,Rain,Medium,Car,School Zone,40,29.9,36,61.4,48.3,0
4003,Multan,Tuesday,21,Clear,Severe,Rickshaw,Market,50,15.4,22,89.6,45.3,0
4004,Islamabad,Wednesday,21,Cloudy,High,Van,Highway,100,87.8,10,100.0,20.4,0
4005,Islamabad,Sunday,9,Clear,High,Rickshaw,Highway,100,74.2,13,82.8,29.1,0
4006,Rawalpindi,Thursday,20,Cloudy,High,Car,Main Road,60,10.0,8,86.6,33.5,0
4007,Karachi,Sunday,11,Clear,High,Motorcycle,Main Road,60,23.3,7,94.8,47.7,0
4008,Islamabad,Monday,14,Rain,Low,Van,Residential,50,25.9,7,78.7,30.1,0
4009,Peshawar,Tuesday,20,Cloudy,Medium,Car,School Zone,40,10.5,32,82.2,37.1,0
4010,Rawalpindi,Saturday,9,Cloudy,Low,Bus,Main Road,60,53.8,9,95.6,23.8,0
4011,Karachi,Saturday,13,Dust,Medium,Car,Main Road,60,38.5,10,53.5,31.3,0
4012,Karachi,Thursday,12,Clear,Medium,Motorcycle,Market,50,48.2,22,96.3,54.6,0
4013,Lahore,Thursday,4,Clear,Low,Car,Market,50,41.3,24,98.4,21.8,0
4014,Quetta,Sunday,5,Clear,Low,Rickshaw,Main Road,60,71.3,5,91.4,36.6,0
4015,Multan,Saturday,23,Fog,Low,Car,School Zone,40,10.0,25,34.3,29.7,0
4016,Peshawar,Saturday,1,Clear,High,Bus,Main Road,60,52.8,12,88.4,23.3,0
4017,Quetta,Saturday,21,Clear,High,Motorcycle,Main Road,60,43.1,6,86.8,42.7,0
4018,Rawalpindi,Tuesday,16,Fog,High,Van,Market,50,24.7,21,41.1,57.9,0
4019,Rawalpindi,Saturday,3,Dust,Medium,Van,Residential,50,41.1,10,46.3,31.4,0
4020,Peshawar,Monday,13,Dust,Low,Car,Main Road,60,54.0,4,48.8,24.2,0
4021,Karachi,Saturday,9,Clear,Low,Car,School Zone,40,59.8,37,96.6,35.0,0
4022,Islamabad,Monday,2,Dust,Medium,Motorcycle,Main Road,60,52.1,6,64.0,44.9,0
4023,Peshawar,Tuesday,2,Cloudy,Medium,Motorcycle,Main Road,60,36.2,15,79.9,52.2,0
4024,Rawalpindi,Thursday,14,Cloudy,High,Car,School Zone,40,22.4,29,87.8,42.3,0
4025,Quetta,Monday,5,Clear,High,Car,Main Road,60,32.8,12,93.5,24.5,0
4026,Multan,Tuesday,16,Rain,Low,Motorcycle,Highway,100,114.9,7,90.3,48.8,0
4027,Peshawar,Saturday,11,Clear,Severe,Car,Main Road,60,43.4,9,92.2,41.5,0
4028,Karachi,Tuesday,21,Clear,High,Car,Main Road,60,22.0,10,79.7,47.5,0
4029,Multan,Saturday,19,Cloudy,High,Van,Main Road,60,51.2,7,81.7,29.3,0
4030,Multan,Sunday,23,Clear,Low,Motorcycle,Highway,100,105.8,6,77.8,46.3,0
4031,Multan,Tuesday,10,Clear,Severe,Car,Market,50,24.9,26,98.7,40.7,0
4032,Lahore,Thursday,3,Clear,Medium,Motorcycle,Main Road,60,56.5,5,87.0,40.5,0
4033,Multan,Monday,5,Rain,Medium,Car,Market,50,70.2,25,89.3,45.0,0
4034,Lahore,Sunday,0,Clear,High,Car,Market,50,23.0,19,90.9,41.1,0
4035,Islamabad,Thursday,19,Rain,Low,Motorcycle,Market,50,37.0,33,70.8,52.0,0
4036,Islamabad,Wednesday,22,Cloudy,Severe,Motorcycle,School Zone,40,10.0,34,96.4,80.3,1
4037,Multan,Saturday,15,Cloudy,High,Car,Highway,100,78.6,9,90.9,37.8,0
4038,Karachi,Monday,14,Clear,Medium,Motorcycle,Highway,100,99.5,8,87.8,40.8,0
4039,Quetta,Thursday,16,Rain,Low,Motorcycle,Residential,50,37.3,14,72.5,40.8,0
4040,Islamabad,Monday,7,Clear,Medium,Motorcycle,Market,50,49.5,22,91.2,45.1,0
4041,Lahore,Wednesday,11,Clear,Low,Motorcycle,Main Road,60,54.9,10,98.6,63.0,0
4042,Karachi,Friday,21,Cloudy,Medium,Car,Main Road,60,38.3,4,90.9,25.6,0
4043,Multan,Saturday,20,Fog,Medium,Rickshaw,Residential,50,18.1,9,49.6,26.9,0
4044,Karachi,Saturday,9,Clear,Low,Rickshaw,Highway,100,103.1,12,89.5,25.0,0
4045,Karachi,Tuesday,14,Cloudy,High,Motorcycle,Residential,50,47.8,8,92.1,57.1,0
4046,Peshawar,Saturday,8,Fog,Low,Van,Residential,50,34.3,5,59.3,28.3,0
4047,Quetta,Saturday,1,Dust,High,Motorcycle,School Zone,40,21.0,34,63.5,80.9,1
4048,Multan,Thursday,4,Clear,Low,Motorcycle,Main Road,60,67.9,10,87.2,54.0,0
4049,Quetta,Sunday,5,Cloudy,Medium,Van,Market,50,28.8,24,90.5,15.8,0
4050,Islamabad,Saturday,6,Clear,High,Car,Main Road,60,39.6,5,92.6,55.3,0
4051,Quetta,Saturday,20,Rain,Low,Car,Residential,50,33.2,3,91.5,21.0,0
4052,Rawalpindi,Wednesday,0,Clear,High,Rickshaw,Residential,50,61.3,3,98.5,38.0,0
4053,Lahore,Sunday,22,Rain,High,Rickshaw,Main Road,60,61.4,6,73.0,52.6,0
4054,Islamabad,Wednesday,6,Fog,High,Rickshaw,Market,50,12.2,27,43.4,48.2,0
4055,Multan,Monday,19,Fog,Medium,Motorcycle,Residential,50,22.0,8,49.4,65.5,1
4056,Quetta,Monday,11,Dust,High,Rickshaw,Main Road,60,53.0,13,68.0,60.9,0
4057,Lahore,Saturday,15,Clear,High,Car,School Zone,40,10.0,38,89.0,38.7,0
4058,Multan,Saturday,15,Clear,Medium,Rickshaw,Main Road,60,37.7,16,100.0,5.7,0
4059,Multan,Tuesday,10,Cloudy,High,Motorcycle,Residential,50,33.1,5,90.6,30.4,0
4060,Islamabad,Monday,20,Cloudy,Low,Motorcycle,School Zone,40,29.4,36,80.4,48.0,0
4061,Rawalpindi,Thursday,3,Clear,Low,Car,Main Road,60,50.9,10,82.4,27.3,0
4062,Lahore,Saturday,12,Clear,Medium,Car,School Zone,40,18.0,31,100.0,37.3,0
4063,Rawalpindi,Thursday,6,Dust,Low,Bus,Residential,50,47.8,8,59.6,42.7,0
4064,Lahore,Saturday,3,Dust,Medium,Car,Highway,100,86.3,7,71.4,24.3,0
4065,Peshawar,Thursday,14,Clear,Medium,Bus,Residential,50,35.2,6,87.2,14.3,0
4066,Multan,Friday,18,Clear,Medium,Bus,Residential,50,50.9,7,80.8,46.8,1
4067,Peshawar,Thursday,8,Cloudy,Medium,Bus,Residential,50,57.7,4,94.4,18.2,0
4068,Lahore,Sunday,10,Dust,Severe,Motorcycle,School Zone,40,21.1,47,66.1,69.7,0
4069,Lahore,Monday,7,Cloudy,Medium,Car,Market,50,32.3,22,92.8,6.0,0
4070,Rawalpindi,Saturday,0,Fog,High,Rickshaw,Main Road,60,36.6,7,36.9,78.3,1
4071,Multan,Monday,22,Rain,Medium,Rickshaw,Market,50,53.4,33,73.3,70.8,0
4072,Quetta,Sunday,23,Fog,High,Car,School Zone,40,39.7,41,38.8,74.9,1
4073,Multan,Sunday,7,Rain,Low,Van,Main Road,60,52.1,12,60.8,26.2,0
4074,Karachi,Thursday,12,Dust,Medium,Motorcycle,Residential,50,29.6,8,73.7,43.9,0
4075,Lahore,Wednesday,21,Dust,Severe,Motorcycle,Market,50,30.9,22,72.3,85.7,1
4076,Islamabad,Wednesday,3,Clear,High,Car,School Zone,40,23.7,31,91.7,62.6,1
4077,Islamabad,Sunday,7,Clear,High,Car,Residential,50,40.6,11,81.6,39.1,0
4078,Islamabad,Wednesday,2,Dust,Medium,Car,Market,50,46.8,21,66.4,36.6,0
4079,Peshawar,Saturday,8,Clear,High,Car,Main Road,60,47.6,11,73.0,34.1,0
4080,Quetta,Tuesday,1,Clear,Medium,Car,Highway,100,103.7,6,91.0,35.0,0
4081,Rawalpindi,Friday,1,Dust,Medium,Motorcycle,Main Road,60,37.3,6,65.6,30.1,1
4082,Quetta,Thursday,12,Rain,Low,Motorcycle,Residential,50,36.0,10,87.2,36.7,0
4083,Peshawar,Tuesday,14,Clear,Medium,Van,Market,50,56.2,23,83.5,47.5,0
4084,Quetta,Wednesday,22,Clear,Medium,Rickshaw,Market,50,49.8,18,100.0,30.4,0
4085,Quetta,Thursday,11,Clear,High,Rickshaw,Main Road,60,45.9,15,90.2,25.5,0
4086,Multan,Tuesday,3,Clear,High,Car,Highway,100,81.3,8,97.4,38.0,0
4087,Islamabad,Monday,7,Dust,Medium,Car,Highway,100,89.3,9,57.7,35.5,0
4088,Lahore,Wednesday,8,Cloudy,Severe,Van,Market,50,26.5,23,93.4,61.3,1
4089,Islamabad,Tuesday,22,Fog,High,Van,Main Road,60,32.4,7,39.8,62.9,0
4090,Quetta,Saturday,4,Clear,Medium,Van,School Zone,40,28.9,26,90.1,25.3,0
4091,Lahore,Monday,23,Clear,Low,Car,Residential,50,56.1,9,91.7,35.9,0
4092,Multan,Wednesday,19,Dust,Low,Motorcycle,Residential,50,34.8,12,59.1,38.4,0
4093,Rawalpindi,Friday,17,Clear,Low,Car,School Zone,40,28.5,36,100.0,29.3,0
4094,Karachi,Sunday,10,Clear,Severe,Car,School Zone,40,14.5,32,93.4,51.5,0
4095,Lahore,Wednesday,14,Fog,Medium,Van,Market,50,15.8,24,52.8,37.1,1
4096,Peshawar,Saturday,21,Dust,Low,Motorcycle,Highway,100,94.5,4,67.6,52.3,0
4097,Islamabad,Friday,8,Cloudy,Low,Motorcycle,Main Road,60,55.3,7,82.3,44.8,0
4098,Multan,Friday,16,Cloudy,Medium,Motorcycle,Main Road,60,34.7,4,79.7,36.4,0
4099,Multan,Friday,11,Clear,Low,Motorcycle,Market,50,39.8,22,100.0,34.9,0
4100,Islamabad,Thursday,6,Fog,Low,Car,School Zone,40,15.9,41,35.4,39.2,1
4101,Quetta,Thursday,9,Rain,Severe,Rickshaw,Highway,100,78.4,9,68.8,51.2,0
4102,Quetta,Sunday,9,Clear,Medium,Car,Highway,100,92.8,13,73.8,38.3,0
4103,Quetta,Friday,12,Clear,Low,Motorcycle,Main Road,60,69.0,5,96.7,39.1,0
4104,Multan,Sunday,18,Dust,Severe,Motorcycle,Residential,50,38.9,8,66.8,55.0,0
4105,Quetta,Monday,10,Clear,Medium,Car,Residential,50,62.0,8,95.9,21.5,0
4106,Islamabad,Friday,12,Fog,Low,Bus,Main Road,60,39.4,8,47.7,43.9,0
4107,Lahore,Tuesday,20,Fog,Low,Car,Highway,100,85.6,13,39.3,29.3,0
4108,Rawalpindi,Friday,7,Dust,Low,Motorcycle,Main Road,60,77.5,5,89.2,60.5,0
4109,Lahore,Thursday,7,Rain,Medium,Van,Main Road,60,44.4,10,83.7,38.8,0
4110,Peshawar,Thursday,3,Clear,Low,Car,Residential,50,56.4,7,100.0,39.2,0
4111,Islamabad,Tuesday,14,Clear,Medium,Car,Main Road,60,64.6,11,85.8,39.5,1
4112,Lahore,Tuesday,10,Rain,High,Van,School Zone,40,10.0,42,81.5,67.4,0
4113,Islamabad,Wednesday,10,Clear,Low,Rickshaw,Main Road,60,63.2,7,87.4,50.7,0
4114,Multan,Monday,0,Cloudy,Medium,Rickshaw,Main Road,60,40.8,7,100.0,15.4,0
4115,Peshawar,Monday,16,Clear,Severe,Motorcycle,Main Road,60,38.7,5,84.1,42.7,0
4116,Multan,Monday,14,Clear,High,Rickshaw,Highway,100,109.9,7,87.4,47.4,0
4117,Karachi,Saturday,19,Clear,High,Car,Main Road,60,41.0,9,81.9,14.3,0
4118,Karachi,Thursday,5,Rain,Medium,Motorcycle,Residential,50,30.5,4,81.7,36.9,0
4119,Karachi,Monday,23,Clear,Medium,Van,Market,50,44.0,26,89.8,27.9,0
4120,Islamabad,Wednesday,21,Clear,Medium,Motorcycle,Main Road,60,49.2,6,90.6,31.3,0
4121,Lahore,Wednesday,14,Clear,High,Van,Highway,100,87.9,6,87.3,43.2,0
4122,Islamabad,Monday,8,Clear,Medium,Motorcycle,Market,50,44.6,27,83.4,24.7,0
4123,Multan,Tuesday,13,Dust,High,Car,Main Road,60,41.4,7,62.3,55.3,0
4124,Rawalpindi,Wednesday,17,Cloudy,Severe,Motorcycle,Residential,50,11.7,8,90.4,70.0,1
4125,Multan,Sunday,16,Clear,High,Van,Market,50,34.4,23,84.4,29.1,0
4126,Lahore,Tuesday,17,Clear,High,Motorcycle,School Zone,40,31.6,35,100.0,73.2,0
4127,Multan,Sunday,4,Fog,Medium,Bus,Market,50,36.3,19,50.6,26.0,0
4128,Multan,Thursday,19,Cloudy,Low,Car,Main Road,60,61.7,14,86.0,41.7,0
4129,Peshawar,Saturday,19,Clear,Medium,Rickshaw,Residential,50,57.8,9,88.9,32.6,0
4130,Quetta,Wednesday,8,Clear,Medium,Rickshaw,Residential,50,53.6,6,90.1,43.0,0
4131,Karachi,Tuesday,10,Clear,Low,Motorcycle,Residential,50,50.8,8,100.0,55.3,0
4132,Lahore,Sunday,23,Clear,Medium,Car,Residential,50,21.6,8,77.9,30.4,0
4133,Lahore,Monday,21,Dust,High,Motorcycle,Residential,50,22.9,7,60.2,53.6,0
4134,Karachi,Sunday,0,Clear,Severe,Van,Highway,100,73.4,5,95.1,65.3,0
4135,Multan,Sunday,17,Dust,High,Rickshaw,Residential,50,43.6,12,68.8,48.8,0
4136,Peshawar,Thursday,5,Clear,Low,Bus,Residential,50,67.4,11,96.7,19.6,0
4137,Islamabad,Friday,1,Clear,Low,Car,Main Road,60,47.2,3,99.6,27.8,0
4138,Islamabad,Friday,14,Rain,Medium,Rickshaw,Residential,50,24.6,6,73.6,26.8,0
4139,Multan,Monday,20,Clear,Low,Motorcycle,Market,50,43.3,19,82.2,32.0,0
4140,Multan,Thursday,13,Rain,High,Motorcycle,Highway,100,76.8,9,85.9,39.9,0
4141,Quetta,Thursday,4,Dust,Low,Bus,Highway,100,109.5,9,63.3,38.8,0
4142,Lahore,Thursday,5,Fog,Medium,Car,Highway,100,95.1,6,50.9,57.7,1
4143,Karachi,Thursday,5,Clear,Medium,Car,Residential,50,40.0,6,85.0,21.8,0
4144,Multan,Friday,21,Clear,Medium,Car,Main Road,60,68.7,2,80.2,33.6,0
4145,Multan,Tuesday,17,Cloudy,High,Motorcycle,Residential,50,27.6,9,78.9,44.7,0
4146,Rawalpindi,Thursday,13,Clear,Severe,Motorcycle,Main Road,60,32.3,7,92.8,53.2,0
4147,Peshawar,Tuesday,9,Clear,Severe,Motorcycle,School Zone,40,12.4,29,96.5,56.3,0
4148,Islamabad,Sunday,13,Clear,Medium,Car,Residential,50,42.9,7,100.0,19.8,0
4149,Peshawar,Sunday,12,Cloudy,High,Rickshaw,Residential,50,30.9,6,79.1,16.9,0
4150,Peshawar,Thursday,2,Clear,Medium,Car,Main Road,60,37.1,9,89.7,37.9,1
4151,Quetta,Wednesday,5,Dust,High,Rickshaw,School Zone,40,22.2,38,68.4,57.1,1
4152,Peshawar,Saturday,7,Rain,High,Motorcycle,Residential,50,25.8,7,95.0,59.6,1
4153,Karachi,Wednesday,11,Clear,Low,Motorcycle,Main Road,60,59.3,11,89.0,31.7,0
4154,Quetta,Sunday,12,Dust,Severe,Motorcycle,Main Road,60,36.3,7,63.3,54.3,0
4155,Multan,Saturday,10,Clear,Medium,Car,Market,50,56.3,24,100.0,37.3,1
4156,Karachi,Wednesday,11,Clear,Medium,Motorcycle,Residential,50,35.6,6,98.2,41.1,1
4157,Quetta,Thursday,0,Clear,Medium,Rickshaw,Main Road,60,75.0,10,97.9,36.4,0
4158,Karachi,Tuesday,16,Dust,High,Motorcycle,Main Road,60,46.4,7,71.8,50.1,1
4159,Quetta,Saturday,15,Clear,High,Car,Main Road,60,49.9,5,90.2,25.5,0
4160,Quetta,Friday,10,Clear,High,Car,Market,50,49.8,9,90.5,52.6,0
4161,Lahore,Monday,12,Fog,Medium,Motorcycle,Residential,50,16.6,4,46.5,47.2,0
4162,Karachi,Saturday,17,Clear,Low,Car,Highway,100,102.7,10,96.6,39.8,0
4163,Lahore,Saturday,10,Fog,High,Car,Highway,100,65.0,9,55.8,59.8,1
4164,Multan,Friday,11,Clear,Medium,Motorcycle,Market,50,35.7,21,94.4,21.1,0
4165,Quetta,Thursday,5,Dust,Low,Rickshaw,Market,50,50.4,23,69.2,53.3,0
4166,Islamabad,Wednesday,8,Cloudy,Low,Bus,Highway,100,81.0,9,86.1,13.8,0
4167,Quetta,Wednesday,15,Dust,Low,Motorcycle,Highway,100,94.7,5,62.8,52.9,0
4168,Islamabad,Sunday,3,Fog,Medium,Car,Residential,50,25.7,9,46.9,34.7,0
4169,Islamabad,Tuesday,2,Dust,Medium,Motorcycle,Main Road,60,40.7,11,72.3,32.8,0
4170,Islamabad,Thursday,15,Clear,Severe,Van,Highway,100,72.0,7,84.2,44.0,0
4171,Islamabad,Friday,23,Rain,High,Bus,Main Road,60,34.9,2,81.4,31.5,0
4172,Karachi,Thursday,11,Rain,High,Car,Highway,100,63.9,10,76.8,55.3,0
4173,Rawalpindi,Thursday,10,Clear,Medium,Motorcycle,Market,50,47.1,26,100.0,38.8,0
4174,Karachi,Wednesday,4,Fog,High,Van,Residential,50,26.4,7,44.7,64.5,0
4175,Multan,Friday,17,Clear,Medium,Motorcycle,Highway,100,104.8,7,95.6,49.2,0
4176,Rawalpindi,Monday,18,Clear,Low,Car,Market,50,60.0,20,100.0,36.6,0
4177,Karachi,Saturday,22,Clear,Low,Bus,Market,50,48.5,19,100.0,55.3,1
4178,Multan,Wednesday,22,Cloudy,High,Car,Main Road,60,18.2,10,84.6,37.6,0
4179,Islamabad,Friday,5,Cloudy,Low,Rickshaw,School Zone,40,49.0,34,90.1,59.3,1
4180,Peshawar,Tuesday,21,Cloudy,Low,Rickshaw,Highway,100,98.2,6,94.7,14.2,0
4181,Quetta,Saturday,17,Clear,Medium,Motorcycle,Main Road,60,46.9,10,90.0,40.4,0
4182,Rawalpindi,Saturday,5,Cloudy,High,Car,Highway,100,89.9,8,99.7,37.8,1
4183,Peshawar,Wednesday,3,Dust,High,Motorcycle,Main Road,60,35.0,3,62.2,63.8,1
4184,Islamabad,Sunday,11,Clear,High,Bus,Main Road,60,55.8,7,91.8,47.6,0
4185,Rawalpindi,Tuesday,18,Cloudy,Low,Rickshaw,School Zone,40,51.6,39,89.2,46.4,0
4186,Peshawar,Wednesday,1,Clear,Severe,Motorcycle,Highway,100,74.1,13,93.8,57.3,1
4187,Karachi,Thursday,16,Clear,High,Rickshaw,Market,50,46.0,29,79.5,66.7,0
4188,Multan,Sunday,10,Cloudy,Low,Bus,Market,50,67.3,18,87.1,41.2,0
4189,Islamabad,Friday,10,Clear,High,Car,Main Road,60,63.7,4,95.6,58.9,0
4190,Karachi,Tuesday,20,Rain,Medium,Car,Residential,50,38.9,15,81.2,30.8,0
4191,Karachi,Saturday,15,Cloudy,Low,Motorcycle,Residential,50,24.2,4,98.1,22.4,0
4192,Islamabad,Wednesday,1,Clear,Low,Car,Main Road,60,47.2,8,85.0,20.3,0
4193,Rawalpindi,Saturday,1,Clear,Medium,Motorcycle,Market,50,63.5,11,87.3,32.7,0
4194,Quetta,Tuesday,22,Dust,Medium,Bus,Main Road,60,66.8,13,71.5,40.1,0
4195,Lahore,Saturday,7,Clear,Severe,Car,Market,50,27.4,21,92.6,33.3,0
4196,Lahore,Wednesday,12,Cloudy,Low,Motorcycle,Main Road,60,58.1,11,87.3,39.7,0
4197,Quetta,Sunday,9,Fog,Medium,Motorcycle,Main Road,60,38.7,6,41.4,54.4,0
4198,Islamabad,Wednesday,7,Dust,Low,Car,Main Road,60,62.9,12,55.4,33.6,1
4199,Lahore,Monday,3,Cloudy,Medium,Car,Market,50,47.3,23,100.0,39.5,0
4200,Quetta,Saturday,14,Clear,Severe,Rickshaw,Market,50,40.8,22,78.2,51.5,0
4201,Peshawar,Monday,0,Clear,Medium,Motorcycle,Main Road,60,62.4,8,78.4,49.0,0
4202,Quetta,Sunday,10,Clear,Medium,Car,Residential,50,50.4,5,99.0,46.7,1
4203,Rawalpindi,Monday,6,Cloudy,High,Motorcycle,Market,50,56.5,20,100.0,56.8,0
4204,Multan,Saturday,16,Clear,Low,Car,School Zone,40,51.3,32,100.0,49.8,0
4205,Quetta,Tuesday,19,Dust,Severe,Car,Highway,100,56.2,15,68.4,67.4,1
4206,Karachi,Thursday,23,Cloudy,Medium,Car,Main Road,60,55.8,7,94.1,49.9,0
4207,Karachi,Sunday,17,Clear,High,Car,Main Road,60,38.0,13,95.6,44.3,0
4208,Multan,Wednesday,21,Clear,High,Car,Residential,50,12.4,4,85.8,28.1,0
4209,Islamabad,Friday,21,Cloudy,High,Car,Main Road,60,24.2,7,89.0,38.7,0
4210,Karachi,Sunday,11,Clear,High,Car,Market,50,46.1,18,92.0,37.7,0
4211,Peshawar,Monday,8,Rain,High,Car,School Zone,40,10.2,50,80.1,47.4,0
4212,Quetta,Tuesday,4,Dust,Low,Motorcycle,Main Road,60,49.8,10,75.9,32.2,0
4213,Multan,Saturday,9,Fog,Medium,Car,School Zone,40,29.5,29,25.0,49.2,0
4214,Peshawar,Tuesday,3,Rain,Severe,Bus,Main Road,60,18.5,13,87.4,38.6,0
4215,Islamabad,Tuesday,4,Dust,Medium,Motorcycle,Residential,50,43.2,8,69.5,30.0,0
4216,Karachi,Saturday,9,Cloudy,Medium,Rickshaw,Residential,50,36.0,7,82.8,20.3,0
4217,Multan,Friday,10,Clear,Low,Car,Main Road,60,57.3,9,91.9,35.1,0
4218,Lahore,Saturday,20,Rain,Medium,Motorcycle,Residential,50,22.5,8,79.6,38.3,0
4219,Quetta,Friday,23,Clear,High,Motorcycle,Main Road,60,52.3,11,90.0,34.5,1
4220,Lahore,Saturday,9,Clear,High,Motorcycle,Residential,50,29.0,11,84.9,35.9,0
4221,Rawalpindi,Monday,7,Rain,Medium,Rickshaw,Highway,100,64.1,11,61.5,17.3,0
4222,Islamabad,Friday,1,Fog,Severe,Motorcycle,Highway,100,53.5,10,57.2,57.5,1
4223,Rawalpindi,Monday,22,Cloudy,High,Bus,Residential,50,22.9,6,91.7,49.7,0
4224,Lahore,Sunday,7,Clear,Medium,Car,Market,50,55.2,22,100.0,16.9,0
4225,Lahore,Friday,15,Cloudy,Medium,Car,School Zone,40,55.8,38,97.5,55.2,1
4226,Lahore,Friday,21,Clear,High,Rickshaw,Highway,100,83.2,9,83.1,36.0,0
4227,Rawalpindi,Saturday,4,Clear,Low,Rickshaw,Residential,50,36.7,7,89.8,28.9,0
4228,Multan,Friday,2,Fog,Medium,Car,Main Road,60,44.4,5,37.7,32.8,0
4229,Islamabad,Monday,11,Clear,Low,Motorcycle,Market,50,54.0,21,93.5,53.8,0
4230,Quetta,Sunday,12,Clear,Low,Motorcycle,School Zone,40,50.1,26,100.0,35.9,0
4231,Multan,Saturday,12,Rain,Severe,Van,Highway,100,70.9,17,75.4,56.0,0
4232,Quetta,Wednesday,9,Clear,High,Motorcycle,Highway,100,85.3,9,68.2,36.5,0
4233,Peshawar,Sunday,3,Rain,Low,Rickshaw,Main Road,60,39.4,9,82.7,21.4,0
4234,Peshawar,Sunday,8,Cloudy,High,Car,School Zone,40,10.0,30,91.1,36.2,0
4235,Lahore,Monday,21,Rain,Low,Motorcycle,Main Road,60,60.6,8,83.8,67.1,0
4236,Islamabad,Sunday,23,Clear,Medium,Van,Highway,100,107.7,11,95.4,23.7,0
4237,Islamabad,Wednesday,22,Clear,High,Van,Main Road,60,49.4,11,85.7,25.1,0
4238,Karachi,Tuesday,1,Clear,Medium,Car,Market,50,42.2,26,80.2,24.4,0
4239,Karachi,Saturday,18,Cloudy,High,Car,Main Road,60,37.0,5,94.5,34.3,0
4240,Multan,Tuesday,0,Clear,High,Car,Main Road,60,53.8,7,75.4,23.3,0
4241,Rawalpindi,Saturday,6,Clear,Medium,Car,Main Road,60,22.0,7,99.9,27.2,0
4242,Karachi,Sunday,16,Fog,Severe,Car,Residential,50,14.3,11,39.3,59.8,0
4243,Multan,Saturday,2,Clear,Low,Rickshaw,School Zone,40,39.0,27,75.0,32.1,0
4244,Quetta,Monday,19,Dust,Medium,Motorcycle,Residential,50,36.9,8,56.2,25.6,0
4245,Quetta,Wednesday,19,Dust,High,Motorcycle,Main Road,60,55.0,9,57.5,60.6,1
4246,Multan,Saturday,20,Dust,High,Motorcycle,Main Road,60,28.9,5,84.7,39.1,0
4247,Rawalpindi,Wednesday,2,Dust,Medium,Motorcycle,Main Road,60,31.1,12,59.7,45.5,0
4248,Peshawar,Saturday,2,Cloudy,Severe,Car,Main Road,60,42.3,16,96.2,47.4,0
4249,Lahore,Wednesday,16,Cloudy,Medium,Motorcycle,Residential,50,32.2,9,91.4,27.1,0
4250,Islamabad,Tuesday,6,Cloudy,Medium,Car,Residential,50,46.4,11,87.2,32.5,0
4251,Peshawar,Monday,13,Clear,Severe,Motorcycle,School Zone,40,17.9,33,98.8,60.4,1
4252,Multan,Saturday,16,Clear,High,Car,Main Road,60,43.4,9,82.8,66.9,0
4253,Quetta,Thursday,17,Clear,Medium,Van,Market,50,42.1,34,75.2,45.4,0
4254,Peshawar,Wednesday,12,Clear,High,Rickshaw,Highway,100,77.7,9,85.4,26.9,0
4255,Rawalpindi,Wednesday,19,Rain,High,Van,Residential,50,15.0,9,85.2,32.0,0
4256,Lahore,Thursday,19,Fog,High,Car,Market,50,23.4,23,48.8,50.1,0
4257,Quetta,Monday,20,Dust,High,Car,School Zone,40,22.5,31,67.8,72.7,0
4258,Rawalpindi,Wednesday,17,Clear,High,Rickshaw,Residential,50,15.3,8,100.0,22.7,0
4259,Multan,Monday,3,Clear,Medium,Motorcycle,Main Road,60,62.5,7,95.6,73.7,1
4260,Peshawar,Wednesday,0,Rain,Medium,Van,Residential,50,28.9,4,65.9,39.6,0
4261,Islamabad,Sunday,17,Clear,Severe,Car,Market,50,35.7,20,87.0,40.2,0
4262,Karachi,Friday,0,Dust,Medium,Bus,Market,50,33.5,22,60.2,26.6,0
4263,Rawalpindi,Sunday,12,Rain,Low,Bus,Highway,100,93.9,11,79.0,50.0,1
4264,Quetta,Wednesday,19,Cloudy,Medium,Car,School Zone,40,36.9,32,86.6,51.9,1
4265,Peshawar,Friday,19,Clear,Low,Rickshaw,Residential,50,67.4,6,100.0,41.5,0
4266,Karachi,Saturday,22,Clear,High,Motorcycle,Main Road,60,40.5,8,83.7,53.0,1
4267,Karachi,Monday,9,Clear,Low,Car,Residential,50,50.6,9,100.0,35.1,0
4268,Peshawar,Wednesday,10,Cloudy,Low,Car,Main Road,60,53.4,13,82.8,28.4,0
4269,Lahore,Tuesday,8,Fog,Severe,Bus,Main Road,60,32.1,4,43.4,48.9,0
4270,Peshawar,Tuesday,8,Clear,High,Car,Main Road,60,25.3,1,99.2,33.1,0
4271,Quetta,Thursday,4,Clear,Medium,Rickshaw,School Zone,40,39.3,35,100.0,45.2,0
4272,Multan,Tuesday,0,Cloudy,Low,Car,Highway,100,111.4,8,88.8,24.8,0
4273,Islamabad,Friday,16,Clear,High,Car,Main Road,60,33.1,12,97.1,34.9,0
4274,Quetta,Tuesday,21,Dust,Severe,Car,School Zone,40,17.7,38,68.9,81.2,1
4275,Multan,Tuesday,1,Clear,Medium,Car,Highway,100,73.0,14,90.7,15.4,0
4276,Karachi,Tuesday,23,Fog,Medium,Car,School Zone,40,37.4,27,47.6,53.4,0
4277,Islamabad,Wednesday,12,Dust,Low,Van,Main Road,60,62.1,8,69.9,56.1,0
4278,Rawalpindi,Thursday,8,Dust,Medium,Motorcycle,Main Road,60,35.4,13,51.9,37.8,0
4279,Karachi,Monday,3,Clear,Medium,Motorcycle,Main Road,60,50.9,6,77.3,19.3,0
4280,Lahore,Thursday,4,Clear,High,Car,School Zone,40,32.7,38,87.4,42.4,0
4281,Peshawar,Friday,10,Rain,Medium,Rickshaw,Market,50,33.2,18,71.7,25.5,0
4282,Rawalpindi,Wednesday,23,Rain,High,Car,Main Road,60,35.0,9,68.7,27.0,0
4283,Quetta,Saturday,18,Rain,Low,Van,School Zone,40,19.0,41,79.6,59.0,1
4284,Islamabad,Wednesday,20,Clear,Low,Motorcycle,Residential,50,29.1,9,98.4,31.3,0
4285,Rawalpindi,Sunday,2,Clear,Low,Bus,Highway,100,102.6,4,73.5,29.8,0
4286,Lahore,Tuesday,11,Fog,Medium,Rickshaw,Market,50,33.0,29,43.3,43.3,0
4287,Peshawar,Tuesday,18,Clear,Low,Van,Market,50,55.0,23,86.1,40.1,0
4288,Rawalpindi,Friday,18,Clear,Severe,Car,Residential,50,19.0,3,97.7,48.7,1
4289,Quetta,Saturday,12,Clear,High,Car,Residential,50,25.6,7,97.5,43.8,0
4290,Islamabad,Sunday,6,Rain,High,Van,Main Road,60,30.2,10,77.4,49.1,0
4291,Rawalpindi,Wednesday,14,Clear,High,Rickshaw,Main Road,60,58.0,5,86.4,59.0,1
4292,Peshawar,Saturday,22,Cloudy,Medium,Car,School Zone,40,44.8,31,100.0,31.4,0
4293,Quetta,Monday,6,Clear,High,Bus,School Zone,40,10.0,39,85.4,55.1,0
4294,Rawalpindi,Thursday,7,Clear,Severe,Motorcycle,Market,50,37.5,22,93.4,23.4,0
4295,Islamabad,Wednesday,4,Rain,Medium,Car,Residential,50,39.7,5,82.7,37.3,0
4296,Peshawar,Saturday,20,Clear,Severe,Car,Main Road,60,10.0,9,84.4,47.6,0
4297,Lahore,Monday,13,Clear,Medium,Motorcycle,Residential,50,40.7,9,99.5,30.8,0
4298,Lahore,Monday,3,Cloudy,Low,Rickshaw,Market,50,48.6,22,87.3,42.3,0
4299,Karachi,Sunday,22,Clear,Medium,Car,Main Road,60,57.2,7,93.2,32.3,0
4300,Rawalpindi,Sunday,9,Clear,Severe,Car,Residential,50,17.0,10,89.0,56.7,0
4301,Islamabad,Thursday,19,Fog,High,Motorcycle,Residential,50,10.0,9,34.2,63.4,1
4302,Rawalpindi,Monday,14,Fog,High,Motorcycle,Residential,50,15.2,8,27.5,71.2,1
4303,Peshawar,Friday,17,Clear,Low,Motorcycle,Highway,100,102.6,3,93.5,48.2,0
4304,Karachi,Monday,19,Clear,Low,Car,Residential,50,54.2,11,100.0,35.9,0
4305,Islamabad,Saturday,12,Clear,Severe,Motorcycle,Highway,100,72.4,9,77.3,38.9,0
4306,Rawalpindi,Sunday,7,Dust,Medium,Motorcycle,Residential,50,37.1,6,54.6,24.3,0
4307,Islamabad,Friday,8,Cloudy,Low,Van,Main Road,60,85.6,5,93.7,43.7,1
4308,Peshawar,Sunday,15,Clear,Medium,Motorcycle,Main Road,60,46.8,3,86.4,34.1,0
4309,Karachi,Sunday,18,Dust,Low,Van,Market,50,39.6,26,61.7,33.9,0
4310,Islamabad,Sunday,15,Cloudy,High,Motorcycle,Residential,50,34.8,4,93.3,52.9,1
4311,Peshawar,Monday,6,Clear,High,Rickshaw,Residential,50,40.1,7,87.3,39.9,0
4312,Lahore,Tuesday,13,Clear,Medium,Car,School Zone,40,42.7,37,96.5,53.0,0
4313,Islamabad,Monday,13,Clear,Low,Motorcycle,Market,50,73.6,29,75.9,56.3,0
4314,Karachi,Sunday,3,Fog,Low,Rickshaw,Main Road,60,47.9,4,41.2,39.4,0
4315,Multan,Friday,14,Rain,Medium,Motorcycle,Residential,50,30.7,7,60.0,32.8,0
4316,Quetta,Monday,2,Clear,High,Motorcycle,Market,50,22.2,17,93.5,46.5,1
4317,Quetta,Sunday,4,Cloudy,Medium,Car,Main Road,60,22.0,8,75.4,28.4,0
4318,Islamabad,Sunday,0,Cloudy,Medium,Motorcycle,Residential,50,40.9,9,76.6,29.3,0
4319,Islamabad,Monday,2,Clear,Low,Motorcycle,School Zone,40,27.3,27,83.9,39.3,0
4320,Peshawar,Monday,14,Clear,Medium,Motorcycle,Highway,100,111.4,4,77.2,34.8,0
4321,Rawalpindi,Friday,23,Cloudy,High,Rickshaw,Residential,50,37.6,7,87.1,50.9,0
4322,Quetta,Monday,7,Clear,Low,Car,Main Road,60,47.9,9,82.8,16.1,0
4323,Rawalpindi,Thursday,3,Clear,Medium,Motorcycle,Main Road,60,50.3,5,94.9,21.6,0
4324,Quetta,Saturday,1,Clear,Medium,Motorcycle,Highway,100,78.5,11,86.4,26.6,0
4325,Islamabad,Thursday,23,Clear,High,Motorcycle,Residential,50,18.8,7,71.0,41.2,0
4326,Karachi,Friday,23,Cloudy,High,Motorcycle,Highway,100,61.5,6,88.0,40.2,0
4327,Karachi,Tuesday,9,Clear,Medium,Car,School Zone,40,23.1,27,85.8,17.7,0
4328,Multan,Thursday,3,Cloudy,Severe,Van,Residential,50,23.7,10,85.0,32.6,0
4329,Quetta,Sunday,2,Clear,High,Motorcycle,School Zone,40,11.4,41,86.2,54.8,0
4330,Quetta,Saturday,1,Cloudy,Low,Car,Main Road,60,71.8,4,86.1,43.6,0
4331,Peshawar,Wednesday,16,Clear,High,Bus,Main Road,60,16.5,8,91.7,39.6,0
4332,Islamabad,Saturday,22,Cloudy,Medium,Motorcycle,Main Road,60,57.8,10,87.1,45.5,0
4333,Islamabad,Thursday,20,Cloudy,Severe,Motorcycle,Main Road,60,32.2,9,87.1,69.7,1
4334,Multan,Wednesday,23,Cloudy,Medium,Motorcycle,Highway,100,88.4,3,96.0,22.8,0
4335,Rawalpindi,Friday,19,Rain,Medium,Rickshaw,Residential,50,25.8,10,72.5,38.2,0
4336,Peshawar,Saturday,22,Clear,Severe,Bus,Main Road,60,17.2,5,80.5,34.7,1
4337,Lahore,Tuesday,12,Fog,Medium,Motorcycle,Main Road,60,49.4,5,46.8,47.6,0
4338,Karachi,Wednesday,4,Dust,Medium,Van,Residential,50,56.2,11,49.9,26.8,0
4339,Karachi,Wednesday,20,Cloudy,High,Van,Residential,50,42.2,7,70.5,28.8,0
4340,Islamabad,Saturday,8,Dust,High,Car,Highway,100,79.7,9,86.2,41.3,0
4341,Multan,Thursday,21,Clear,High,Car,Market,50,24.0,24,96.2,37.6,0
4342,Peshawar,Wednesday,5,Clear,Medium,Car,Main Road,60,44.6,7,73.7,26.1,0
4343,Lahore,Friday,4,Rain,Medium,Motorcycle,Main Road,60,39.9,9,81.0,36.3,0
4344,Karachi,Saturday,9,Fog,Medium,Rickshaw,Market,50,26.2,23,37.0,48.3,0
4345,Peshawar,Friday,7,Clear,Medium,Car,Main Road,60,38.8,11,86.6,10.2,0
4346,Lahore,Saturday,6,Cloudy,Low,Car,Highway,100,89.8,11,92.1,30.0,0
4347,Quetta,Friday,6,Rain,Medium,Motorcycle,Market,50,51.0,21,88.2,82.5,1
4348,Islamabad,Thursday,5,Dust,Low,Rickshaw,Residential,50,44.5,5,60.5,29.8,0
4349,Rawalpindi,Saturday,20,Clear,Low,Car,Market,50,42.7,24,91.2,24.3,0
4350,Karachi,Sunday,19,Clear,Low,Motorcycle,Main Road,60,68.6,14,99.4,40.1,0
4351,Karachi,Tuesday,2,Clear,High,Motorcycle,Market,50,22.4,17,93.4,42.3,0
4352,Lahore,Thursday,18,Cloudy,Medium,Car,Residential,50,42.6,11,100.0,18.2,0
4353,Rawalpindi,Friday,21,Dust,Medium,Car,Residential,50,33.2,11,69.1,37.8,0
4354,Quetta,Saturday,14,Cloudy,Medium,Motorcycle,Residential,50,57.5,15,88.9,51.9,0
4355,Peshawar,Thursday,3,Dust,Medium,Motorcycle,Residential,50,54.9,8,68.4,53.3,0
4356,Islamabad,Friday,11,Rain,Medium,Rickshaw,School Zone,40,11.9,35,67.8,65.7,1
4357,Peshawar,Monday,5,Cloudy,Low,Motorcycle,Residential,50,40.3,6,85.1,40.2,0
4358,Lahore,Monday,18,Clear,High,Motorcycle,Main Road,60,67.1,10,93.2,74.7,1
4359,Karachi,Wednesday,3,Clear,Low,Car,Main Road,60,62.1,8,83.5,53.4,1
4360,Quetta,Tuesday,14,Clear,Medium,Motorcycle,Residential,50,70.9,8,85.1,59.4,0
4361,Karachi,Monday,8,Clear,Medium,Bus,Residential,50,18.0,7,88.6,11.1,0
4362,Peshawar,Sunday,4,Clear,Medium,Car,Residential,50,48.4,8,90.3,55.7,0
4363,Quetta,Friday,12,Clear,Low,Motorcycle,Highway,100,103.5,7,100.0,44.9,0
4364,Multan,Thursday,22,Clear,High,Motorcycle,School Zone,40,30.7,49,73.8,60.2,0
4365,Islamabad,Saturday,17,Cloudy,Medium,Motorcycle,Residential,50,46.0,10,87.2,52.1,0
4366,Lahore,Thursday,4,Clear,High,Car,Main Road,60,49.0,9,91.8,48.8,0
4367,Islamabad,Wednesday,15,Rain,Low,Rickshaw,Residential,50,27.7,13,92.4,20.8,0
4368,Lahore,Thursday,18,Cloudy,High,Bus,Main Road,60,44.0,13,87.0,50.0,0
4369,Islamabad,Monday,13,Cloudy,Medium,Car,Main Road,60,58.8,7,79.7,32.3,1
4370,Multan,Thursday,15,Rain,Low,Motorcycle,Highway,100,86.8,9,75.7,42.6,0
4371,Peshawar,Monday,14,Rain,Low,Rickshaw,Residential,50,65.4,5,72.9,26.2,0
4372,Rawalpindi,Monday,21,Fog,Low,Car,Highway,100,95.5,3,37.1,50.9,0
4373,Quetta,Tuesday,3,Clear,High,Bus,School Zone,40,24.8,38,84.2,66.7,0
4374,Lahore,Wednesday,6,Clear,Low,Motorcycle,Market,50,63.7,19,76.4,62.8,1
4375,Peshawar,Sunday,15,Clear,High,Motorcycle,School Zone,40,15.5,40,88.2,43.4,0
4376,Karachi,Sunday,23,Cloudy,Medium,Van,Market,50,42.8,20,97.9,14.6,0
4377,Karachi,Friday,21,Clear,Medium,Car,Main Road,60,45.1,8,84.9,14.4,0
4378,Islamabad,Sunday,20,Clear,Severe,Car,Residential,50,15.4,5,94.7,30.1,0
4379,Karachi,Monday,21,Clear,Medium,Motorcycle,Market,50,24.8,24,92.8,35.7,0
4380,Rawalpindi,Saturday,20,Cloudy,High,Car,Market,50,43.6,28,95.6,44.9,0
4381,Lahore,Wednesday,7,Cloudy,Low,Rickshaw,Highway,100,88.5,4,71.9,8.4,0
4382,Islamabad,Friday,16,Clear,Low,Van,Market,50,56.4,27,90.8,41.7,0
4383,Lahore,Sunday,15,Clear,Medium,Rickshaw,Main Road,60,50.7,6,94.5,1.4,0
4384,Lahore,Sunday,22,Dust,High,Car,Main Road,60,36.5,10,51.1,42.5,0
4385,Multan,Saturday,9,Rain,Low,Van,Residential,50,29.1,9,78.0,29.5,0
4386,Peshawar,Thursday,9,Clear,High,Rickshaw,Main Road,60,41.0,5,86.2,41.6,0
4387,Karachi,Wednesday,1,Dust,High,Rickshaw,Main Road,60,30.6,11,64.6,37.8,0
4388,Quetta,Saturday,8,Clear,Severe,Rickshaw,Market,50,10.0,22,87.0,49.2,0
4389,Lahore,Sunday,16,Clear,Severe,Car,Residential,50,26.4,7,87.1,43.9,0
4390,Rawalpindi,Wednesday,10,Clear,High,Car,Market,50,35.4,18,98.4,35.6,1
4391,Multan,Wednesday,9,Fog,Low,Car,Residential,50,47.8,6,35.5,56.0,1
4392,Rawalpindi,Sunday,21,Clear,High,Rickshaw,Main Road,60,48.4,14,88.9,44.9,0
4393,Quetta,Thursday,16,Clear,Severe,Car,Market,50,19.2,31,92.6,55.9,0
4394,Karachi,Thursday,3,Dust,Medium,Motorcycle,Main Road,60,53.7,11,62.7,43.8,0
4395,Karachi,Sunday,15,Cloudy,Low,Motorcycle,School Zone,40,42.2,36,85.0,42.2,0
4396,Islamabad,Wednesday,19,Rain,Medium,Motorcycle,Market,50,30.2,22,63.1,51.0,0
4397,Islamabad,Saturday,14,Clear,Low,Bus,Main Road,60,62.6,9,87.9,38.8,1
4398,Islamabad,Tuesday,20,Clear,Medium,Motorcycle,Market,50,58.9,22,88.4,49.7,0
4399,Karachi,Monday,4,Fog,High,Car,Main Road,60,40.5,5,56.2,49.5,0
4400,Lahore,Thursday,5,Cloudy,High,Rickshaw,Residential,50,27.3,4,93.7,32.8,0
4401,Peshawar,Sunday,16,Dust,High,Van,Main Road,60,38.4,15,70.7,43.6,1
4402,Quetta,Tuesday,0,Fog,Medium,Car,Market,50,40.1,11,42.1,45.8,0
4403,Multan,Thursday,18,Cloudy,Medium,Car,Residential,50,49.6,7,75.9,12.9,0
4404,Quetta,Wednesday,3,Clear,Severe,Rickshaw,Highway,100,80.3,9,99.8,41.3,1
4405,Quetta,Sunday,16,Clear,High,Van,Main Road,60,45.8,10,85.8,32.7,1
4406,Islamabad,Tuesday,8,Clear,High,Car,Market,50,21.3,21,93.7,39.7,1
4407,Peshawar,Sunday,23,Clear,High,Car,Market,50,12.9,20,100.0,46.4,0
4408,Rawalpindi,Saturday,1,Dust,High,Car,Residential,50,29.1,12,67.8,38.9,0
4409,Karachi,Saturday,7,Clear,Severe,Motorcycle,Highway,100,53.8,12,85.3,39.0,0
4410,Rawalpindi,Friday,14,Dust,Medium,Rickshaw,Main Road,60,56.3,7,63.8,40.6,0
4411,Islamabad,Monday,6,Rain,Medium,Motorcycle,Highway,100,79.7,8,74.9,34.1,0
4412,Lahore,Monday,5,Fog,Medium,Car,Main Road,60,42.7,4,55.7,30.8,0
4413,Multan,Thursday,0,Fog,High,Motorcycle,Main Road,60,21.8,9,46.2,49.2,1
4414,Multan,Monday,14,Rain,High,Motorcycle,Main Road,60,23.8,5,72.2,47.7,1
4415,Islamabad,Sunday,22,Dust,Medium,Car,Market,50,48.7,25,48.0,27.0,0
4416,Peshawar,Sunday,6,Rain,Low,Car,Market,50,28.8,28,71.5,13.5,0
4417,Multan,Friday,16,Rain,Medium,Motorcycle,Residential,50,40.3,6,75.9,39.4,0
4418,Islamabad,Saturday,1,Rain,Severe,Motorcycle,Main Road,60,37.4,6,67.2,45.6,1
4419,Quetta,Tuesday,8,Rain,Low,Van,Market,50,29.0,22,82.0,33.9,0
4420,Lahore,Tuesday,8,Clear,Medium,Car,Main Road,60,48.0,9,90.1,18.3,0
4421,Lahore,Saturday,12,Clear,Medium,Car,Market,50,40.0,25,95.4,9.9,0
4422,Karachi,Wednesday,5,Clear,Severe,Motorcycle,Main Road,60,28.2,10,94.4,53.6,1
4423,Karachi,Saturday,5,Clear,Medium,Motorcycle,Main Road,60,55.9,8,97.6,65.0,0
4424,Quetta,Tuesday,19,Clear,Medium,Car,Market,50,34.7,23,79.1,35.6,0
4425,Lahore,Thursday,19,Dust,Low,Car,Highway,100,115.1,11,63.3,43.3,0
4426,Quetta,Friday,20,Cloudy,High,Rickshaw,Main Road,60,18.8,4,81.3,26.4,0
4427,Lahore,Saturday,2,Clear,Medium,Motorcycle,Market,50,52.5,23,94.3,45.6,0
4428,Peshawar,Wednesday,16,Rain,Medium,Rickshaw,Main Road,60,57.5,5,81.7,50.2,0
4429,Islamabad,Thursday,16,Fog,Medium,Car,Highway,100,72.3,8,40.4,51.2,0
4430,Karachi,Saturday,11,Dust,Medium,Car,Residential,50,53.4,6,51.2,42.3,0
4431,Peshawar,Thursday,15,Rain,High,Car,Highway,100,63.2,11,76.9,50.3,1
4432,Multan,Saturday,14,Clear,Medium,Rickshaw,Main Road,60,43.3,7,100.0,37.8,0
4433,Islamabad,Thursday,12,Clear,Medium,Motorcycle,Highway,100,105.5,9,92.3,39.8,0
4434,Karachi,Sunday,22,Cloudy,High,Rickshaw,Residential,50,33.2,8,96.3,31.8,0
4435,Multan,Monday,0,Clear,High,Motorcycle,Main Road,60,23.5,2,77.1,48.2,0
4436,Quetta,Thursday,16,Clear,Low,Van,Market,50,55.8,12,85.3,26.4,0
4437,Multan,Sunday,2,Fog,Low,Car,Main Road,60,56.9,7,49.9,54.7,1
4438,Peshawar,Monday,14,Rain,High,Van,Main Road,60,35.4,4,90.4,35.6,0
4439,Rawalpindi,Tuesday,3,Clear,Low,Car,Main Road,60,53.7,8,92.9,23.9,0
4440,Multan,Monday,3,Clear,Severe,Motorcycle,Main Road,60,37.7,7,74.0,46.2,0
4441,Rawalpindi,Thursday,17,Clear,High,Motorcycle,Highway,100,91.1,6,90.9,58.3,0
4442,Karachi,Friday,16,Clear,High,Motorcycle,Residential,50,23.6,14,88.6,30.7,0
4443,Peshawar,Friday,18,Rain,High,Car,Residential,50,10.0,8,69.3,41.5,0
4444,Multan,Tuesday,10,Clear,Medium,Rickshaw,School Zone,40,32.0,34,88.9,36.9,0
4445,Islamabad,Thursday,19,Rain,Medium,Motorcycle,Highway,100,91.2,13,83.6,62.5,0
4446,Multan,Monday,2,Dust,Medium,Motorcycle,Main Road,60,55.1,4,61.0,65.4,0
4447,Islamabad,Friday,7,Cloudy,High,Car,Main Road,60,60.2,9,94.0,42.8,0
4448,Peshawar,Saturday,13,Rain,High,Motorcycle,Main Road,60,34.5,10,75.1,51.9,1
4449,Rawalpindi,Wednesday,0,Clear,Low,Car,Market,50,43.5,23,100.0,28.4,1
4450,Peshawar,Thursday,13,Cloudy,High,Motorcycle,Market,50,39.5,24,88.9,38.3,0
4451,Rawalpindi,Sunday,1,Cloudy,Medium,Van,School Zone,40,51.3,36,79.0,51.0,0
4452,Rawalpindi,Sunday,22,Cloudy,Low,Motorcycle,Main Road,60,49.1,5,83.3,34.8,0
4453,Quetta,Saturday,3,Clear,Medium,Van,Highway,100,110.2,4,100.0,27.0,0
4454,Quetta,Saturday,23,Clear,Low,Motorcycle,Main Road,60,62.6,12,92.6,57.4,1
4455,Islamabad,Thursday,18,Clear,High,Motorcycle,Residential,50,13.4,8,82.9,37.0,0
4456,Karachi,Wednesday,5,Cloudy,Low,Rickshaw,School Zone,40,35.5,39,81.0,28.9,0
4457,Lahore,Friday,0,Rain,Medium,Motorcycle,Market,50,57.3,22,93.0,67.1,1
4458,Peshawar,Wednesday,16,Cloudy,High,Van,Market,50,46.3,22,81.5,51.0,1
4459,Rawalpindi,Tuesday,7,Rain,Severe,Car,Main Road,60,33.8,13,83.1,67.1,1
4460,Peshawar,Monday,18,Clear,Medium,Car,School Zone,40,45.8,44,84.3,61.1,0
4461,Karachi,Monday,20,Dust,High,Van,Main Road,60,58.8,9,70.2,61.0,1
4462,Karachi,Saturday,0,Cloudy,Medium,Motorcycle,Main Road,60,64.5,5,89.9,47.5,0
4463,Lahore,Friday,4,Clear,Low,Van,Residential,50,42.5,10,66.6,37.3,0
4464,Multan,Wednesday,15,Cloudy,Medium,Car,Main Road,60,41.5,9,92.7,10.3,0
4465,Lahore,Saturday,5,Cloudy,High,Rickshaw,Residential,50,51.9,11,85.6,66.8,1
4466,Rawalpindi,Thursday,7,Clear,High,Car,Main Road,60,16.5,9,99.0,33.6,0
4467,Quetta,Saturday,12,Rain,Medium,Car,School Zone,40,13.1,39,77.6,63.7,0
4468,Multan,Thursday,15,Fog,Low,Motorcycle,Residential,50,16.7,4,65.6,43.4,0
4469,Lahore,Thursday,2,Clear,Low,Motorcycle,Market,50,63.4,17,97.5,51.2,0
4470,Quetta,Tuesday,18,Clear,High,Car,Highway,100,96.9,6,90.3,43.0,0
4471,Multan,Tuesday,11,Clear,High,Motorcycle,Highway,100,71.7,3,100.0,62.0,0
4472,Quetta,Thursday,15,Fog,High,Bus,Highway,100,64.3,4,50.3,61.4,0
4473,Rawalpindi,Friday,10,Clear,Medium,Bus,Highway,100,87.6,11,91.3,31.9,0
4474,Islamabad,Tuesday,9,Clear,Medium,Car,Main Road,60,55.9,5,87.5,51.0,0
4475,Quetta,Tuesday,19,Clear,Low,Car,Residential,50,52.7,5,85.2,35.0,0
4476,Rawalpindi,Monday,3,Clear,Low,Bus,Residential,50,39.7,9,95.2,6.9,0
4477,Lahore,Saturday,11,Clear,Low,Bus,Residential,50,57.7,10,68.7,41.9,0
4478,Peshawar,Monday,22,Clear,Severe,Rickshaw,School Zone,40,30.2,41,98.0,62.5,1
4479,Lahore,Friday,1,Clear,High,Rickshaw,Highway,100,78.1,6,97.1,27.3,0
4480,Karachi,Tuesday,23,Clear,High,Motorcycle,Highway,100,65.6,7,94.0,24.2,0
4481,Lahore,Sunday,21,Dust,Low,Car,Residential,50,67.9,10,65.4,54.4,0
4482,Islamabad,Tuesday,18,Fog,Medium,Car,Highway,100,80.4,10,36.6,28.1,0
4483,Rawalpindi,Wednesday,4,Clear,Medium,Rickshaw,Market,50,67.9,24,87.8,40.9,0
4484,Quetta,Friday,7,Cloudy,Medium,Car,Residential,50,28.2,7,100.0,43.1,0
4485,Karachi,Sunday,6,Cloudy,Medium,Car,Main Road,60,62.7,7,84.7,34.4,0
4486,Rawalpindi,Saturday,13,Clear,Severe,Car,Highway,100,71.8,8,90.4,28.5,0
4487,Rawalpindi,Saturday,23,Clear,High,Motorcycle,Market,50,31.3,21,84.5,49.7,1
4488,Quetta,Sunday,22,Cloudy,Low,Car,Main Road,60,58.9,8,82.3,26.6,0
4489,Multan,Saturday,2,Clear,Medium,Car,Main Road,60,45.7,14,74.8,15.3,0
4490,Lahore,Sunday,17,Cloudy,Low,Rickshaw,Highway,100,81.3,5,92.8,24.3,0
4491,Peshawar,Friday,15,Cloudy,Medium,Car,Main Road,60,55.9,8,72.6,28.9,0
4492,Multan,Sunday,22,Cloudy,Severe,Van,Residential,50,24.7,5,93.8,43.8,0
4493,Karachi,Sunday,18,Dust,High,Motorcycle,Market,50,45.5,29,69.9,55.3,0
4494,Quetta,Wednesday,18,Rain,Low,Rickshaw,School Zone,40,53.5,33,88.4,65.0,0
4495,Islamabad,Wednesday,17,Fog,Medium,Rickshaw,Residential,50,37.0,7,33.6,41.1,0
4496,Islamabad,Monday,19,Rain,Medium,Motorcycle,Main Road,60,38.8,6,79.5,28.1,1
4497,Peshawar,Friday,15,Clear,High,Bus,Main Road,60,44.8,7,95.8,18.8,0
4498,Peshawar,Friday,7,Rain,Medium,Bus,Main Road,60,28.3,7,84.4,37.2,0
4499,Lahore,Wednesday,0,Cloudy,Low,Motorcycle,Main Road,60,60.3,8,92.7,49.4,0
4500,Islamabad,Thursday,16,Cloudy,Medium,Bus,Highway,100,74.8,7,79.9,26.3,0
4501,Karachi,Thursday,11,Clear,Low,Van,Highway,100,98.4,8,89.4,47.8,0
4502,Quetta,Monday,20,Clear,Medium,Motorcycle,Main Road,60,58.6,12,88.4,48.8,0
4503,Peshawar,Thursday,10,Fog,Low,Van,Residential,50,53.7,7,40.5,58.9,1
4504,Peshawar,Thursday,4,Dust,Low,Motorcycle,Main Road,60,88.0,6,73.1,53.3,0
4505,Peshawar,Thursday,11,Clear,Medium,Motorcycle,Market,50,50.1,20,96.1,52.0,1
4506,Quetta,Tuesday,16,Clear,Low,Motorcycle,School Zone,40,31.7,37,87.5,46.2,0
4507,Karachi,Monday,5,Dust,Medium,Motorcycle,Market,50,47.2,30,58.7,42.3,0
4508,Islamabad,Wednesday,0,Clear,High,Motorcycle,Highway,100,93.5,5,86.5,67.9,1
4509,Multan,Thursday,4,Clear,Medium,Rickshaw,Residential,50,43.3,5,90.2,24.3,0
4510,Karachi,Saturday,13,Cloudy,Medium,Motorcycle,Main Road,60,53.0,8,96.1,25.3,0
4511,Quetta,Sunday,4,Rain,Medium,Car,Residential,50,39.8,5,68.0,31.1,0
4512,Karachi,Tuesday,21,Clear,Low,Car,Residential,50,43.5,6,94.0,20.8,0
4513,Lahore,Thursday,23,Rain,Medium,Motorcycle,Residential,50,36.5,5,65.9,27.5,0
4514,Multan,Sunday,0,Rain,High,Motorcycle,Main Road,60,15.6,17,82.4,41.2,0
4515,Quetta,Sunday,17,Cloudy,Low,Motorcycle,Residential,50,56.1,8,100.0,38.3,0
4516,Multan,Tuesday,15,Clear,Severe,Motorcycle,Market,50,30.4,16,84.2,47.2,0
4517,Multan,Monday,8,Clear,High,Bus,Main Road,60,45.7,5,92.3,42.3,0
4518,Peshawar,Saturday,18,Clear,High,Motorcycle,Market,50,22.3,23,93.4,33.7,0
4519,Islamabad,Saturday,21,Clear,Low,Motorcycle,Main Road,60,53.8,4,99.8,37.6,0
4520,Multan,Saturday,4,Clear,Medium,Motorcycle,Main Road,60,58.5,5,92.5,66.2,1
4521,Lahore,Thursday,1,Clear,High,Car,School Zone,40,34.2,34,100.0,60.4,0
4522,Lahore,Tuesday,14,Clear,Low,Car,Market,50,66.0,22,92.9,47.9,0
4523,Quetta,Saturday,6,Clear,Medium,Motorcycle,Main Road,60,66.1,9,93.6,65.6,1
4524,Rawalpindi,Sunday,3,Clear,High,Bus,Main Road,60,23.3,5,86.0,51.1,0
4525,Peshawar,Sunday,0,Clear,Severe,Bus,School Zone,40,21.4,41,100.0,60.3,0
4526,Islamabad,Friday,12,Rain,Medium,Motorcycle,Main Road,60,53.6,5,98.5,52.4,0
4527,Islamabad,Friday,19,Clear,Medium,Bus,Market,50,33.4,25,94.5,22.5,0
4528,Islamabad,Tuesday,21,Clear,Medium,Motorcycle,Market,50,42.0,16,98.2,26.4,0
4529,Quetta,Thursday,6,Clear,Low,Motorcycle,Residential,50,37.6,5,73.4,43.5,0
4530,Peshawar,Thursday,14,Rain,Medium,Bus,Main Road,60,28.5,9,92.1,27.6,0
4531,Multan,Monday,22,Clear,High,Bus,Main Road,60,28.5,8,93.2,34.6,0
4532,Multan,Monday,13,Fog,High,Rickshaw,School Zone,40,16.0,36,35.0,65.9,1
4533,Quetta,Saturday,22,Rain,Severe,Car,Main Road,60,54.8,7,70.1,62.6,0
4534,Islamabad,Wednesday,18,Clear,Medium,Motorcycle,Market,50,61.3,31,100.0,56.6,1
4535,Multan,Sunday,21,Cloudy,Medium,Rickshaw,School Zone,40,31.1,33,96.2,39.4,1
4536,Karachi,Monday,23,Cloudy,High,Motorcycle,Highway,100,68.8,10,91.6,41.5,0
4537,Karachi,Thursday,19,Clear,Severe,Van,Residential,50,33.3,3,89.3,45.2,1
4538,Peshawar,Sunday,23,Clear,High,Motorcycle,Residential,50,27.0,12,80.3,20.2,0
4539,Islamabad,Wednesday,17,Cloudy,Medium,Motorcycle,Highway,100,96.9,8,97.7,42.5,0
4540,Quetta,Monday,9,Fog,Severe,Motorcycle,School Zone,40,10.0,40,53.4,100.0,1
4541,Rawalpindi,Tuesday,8,Clear,Medium,Car,Main Road,60,58.7,9,100.0,51.0,0
4542,Rawalpindi,Friday,7,Clear,Severe,Motorcycle,Main Road,60,22.3,2,91.4,49.9,0
4543,Rawalpindi,Monday,9,Clear,High,Car,School Zone,40,23.6,35,85.6,46.2,0
4544,Karachi,Monday,16,Cloudy,Low,Motorcycle,Highway,100,96.4,7,84.6,34.3,0
4545,Quetta,Tuesday,1,Rain,Severe,Motorcycle,Main Road,60,30.0,5,87.7,78.4,1
4546,Rawalpindi,Thursday,5,Clear,Low,Motorcycle,School Zone,40,35.9,28,88.9,35.9,0
4547,Islamabad,Saturday,4,Rain,Severe,Motorcycle,Main Road,60,48.4,9,77.8,55.1,0
4548,Islamabad,Tuesday,8,Clear,High,Car,Main Road,60,57.6,9,79.2,39.9,0
4549,Rawalpindi,Saturday,4,Rain,High,Rickshaw,Market,50,35.7,21,79.6,34.6,0
4550,Lahore,Monday,17,Clear,Low,Car,Residential,50,42.6,8,100.0,17.0,0
4551,Rawalpindi,Thursday,19,Rain,Low,Rickshaw,Main Road,60,56.2,12,82.5,42.1,0
4552,Lahore,Wednesday,8,Dust,Severe,Motorcycle,School Zone,40,38.9,25,73.0,83.0,1
4553,Peshawar,Monday,16,Rain,Medium,Motorcycle,Residential,50,33.8,7,82.0,26.0,0
4554,Peshawar,Tuesday,16,Clear,High,Van,Residential,50,50.2,10,100.0,40.0,0
4555,Islamabad,Wednesday,11,Cloudy,High,Motorcycle,Market,50,21.6,23,99.0,28.5,0
4556,Quetta,Friday,6,Cloudy,High,Car,Main Road,60,35.9,8,100.0,25.6,0
4557,Karachi,Wednesday,2,Fog,High,Car,Market,50,37.5,18,47.9,50.5,0
4558,Quetta,Tuesday,9,Clear,Low,Car,Residential,50,45.2,12,91.1,31.3,1
4559,Islamabad,Sunday,1,Rain,Medium,Rickshaw,Market,50,14.6,18,68.2,37.4,1
4560,Islamabad,Wednesday,2,Clear,High,Rickshaw,Main Road,60,58.2,11,77.1,59.0,0
4561,Quetta,Tuesday,15,Clear,High,Van,Main Road,60,40.9,8,85.2,38.5,0
4562,Karachi,Sunday,1,Clear,High,Car,Main Road,60,39.1,10,100.0,36.3,0
4563,Islamabad,Monday,23,Clear,Medium,Van,School Zone,40,39.4,33,98.6,40.9,0
4564,Multan,Sunday,9,Clear,Severe,Car,Highway,100,68.3,6,90.6,49.0,0
4565,Multan,Thursday,5,Clear,High,Motorcycle,Highway,100,88.7,10,97.6,55.3,0
4566,Karachi,Friday,21,Clear,Medium,Motorcycle,Highway,100,108.5,6,92.5,46.6,0
4567,Islamabad,Sunday,10,Rain,High,Motorcycle,Market,50,17.1,33,85.6,71.0,1
4568,Multan,Thursday,22,Clear,High,Bus,Main Road,60,48.6,6,100.0,25.6,0
4569,Peshawar,Thursday,6,Rain,High,Motorcycle,Residential,50,39.1,12,73.5,45.4,0
4570,Lahore,Thursday,14,Cloudy,High,Car,Market,50,26.7,22,70.3,68.6,0
4571,Islamabad,Sunday,5,Dust,Low,Van,Main Road,60,57.2,5,53.7,36.0,0
4572,Lahore,Tuesday,19,Cloudy,Medium,Rickshaw,Main Road,60,33.6,4,80.8,39.2,0
4573,Rawalpindi,Tuesday,8,Clear,Medium,Car,Main Road,60,46.1,7,94.2,30.1,0
4574,Multan,Friday,21,Cloudy,Medium,Motorcycle,Main Road,60,57.0,10,77.3,38.7,0
4575,Islamabad,Tuesday,19,Cloudy,Low,Motorcycle,Main Road,60,52.0,10,97.7,26.0,0
4576,Peshawar,Saturday,11,Cloudy,Low,Motorcycle,Main Road,60,72.1,11,79.1,18.1,0
4577,Karachi,Tuesday,18,Rain,High,Motorcycle,Residential,50,10.0,10,76.4,44.1,0
4578,Peshawar,Tuesday,19,Rain,Medium,Car,Main Road,60,51.0,4,83.8,20.7,0
4579,Lahore,Tuesday,2,Clear,High,Motorcycle,Highway,100,102.1,6,97.4,50.8,0
4580,Karachi,Monday,14,Rain,Medium,Motorcycle,Highway,100,91.2,8,80.9,66.7,0
4581,Peshawar,Friday,1,Cloudy,Medium,Motorcycle,School Zone,40,38.3,34,80.9,74.7,1
4582,Peshawar,Saturday,20,Clear,Medium,Car,Residential,50,30.9,6,76.0,23.8,0
4583,Peshawar,Tuesday,1,Cloudy,High,Rickshaw,Highway,100,94.4,9,83.4,45.4,0
4584,Quetta,Friday,21,Rain,Medium,Rickshaw,Market,50,39.8,21,93.8,31.4,0
4585,Karachi,Wednesday,2,Cloudy,Medium,Motorcycle,Main Road,60,51.5,10,81.3,19.4,0
4586,Peshawar,Monday,5,Fog,Low,Bus,Market,50,38.0,23,30.9,40.0,0
4587,Multan,Sunday,14,Clear,Medium,Car,Highway,100,73.0,12,91.8,36.1,0
4588,Multan,Tuesday,9,Rain,Severe,Van,Residential,50,10.0,8,93.2,52.5,0
4589,Peshawar,Saturday,8,Dust,High,Car,Highway,100,91.8,6,72.6,72.2,0
4590,Lahore,Monday,0,Rain,Medium,Car,Highway,100,76.2,6,72.0,29.0,0
4591,Peshawar,Saturday,15,Clear,Low,Car,Market,50,54.2,20,90.9,49.6,1
4592,Multan,Sunday,5,Clear,Medium,Motorcycle,School Zone,40,10.9,46,93.7,32.9,0
4593,Peshawar,Sunday,8,Cloudy,High,Car,Main Road,60,45.0,8,88.3,20.1,0
4594,Rawalpindi,Monday,3,Clear,Low,Rickshaw,Highway,100,90.9,5,84.3,51.1,0
4595,Karachi,Wednesday,1,Dust,High,Car,Market,50,18.9,19,58.2,41.2,0
4596,Rawalpindi,Friday,3,Clear,High,Van,Highway,100,85.7,3,88.7,26.7,0
4597,Quetta,Monday,0,Cloudy,Low,Motorcycle,Residential,50,51.6,6,83.6,61.3,1
4598,Lahore,Thursday,18,Clear,High,Motorcycle,Residential,50,37.2,10,90.3,41.0,0
4599,Rawalpindi,Sunday,9,Cloudy,Medium,Rickshaw,School Zone,40,24.4,31,88.5,55.8,1
4600,Quetta,Wednesday,20,Rain,Low,Motorcycle,Highway,100,62.3,10,73.3,21.9,0
4601,Islamabad,Sunday,14,Clear,Medium,Motorcycle,Main Road,60,45.0,5,79.8,26.1,0
4602,Karachi,Thursday,21,Rain,Low,Car,Highway,100,87.8,7,70.8,22.6,0
4603,Peshawar,Wednesday,18,Clear,High,Rickshaw,Main Road,60,51.5,12,78.6,49.4,0
4604,Rawalpindi,Sunday,15,Cloudy,High,Car,Main Road,60,29.1,9,98.2,37.7,0
4605,Rawalpindi,Thursday,20,Cloudy,Severe,Van,Residential,50,19.9,16,100.0,49.6,1
4606,Peshawar,Thursday,23,Clear,Medium,Bus,Main Road,60,24.3,11,100.0,10.4,0
4607,Peshawar,Sunday,21,Clear,Low,Bus,Residential,50,29.2,7,99.9,25.8,0
4608,Lahore,Sunday,3,Rain,Medium,Van,Highway,100,82.6,6,72.7,28.6,0
4609,Rawalpindi,Saturday,1,Clear,High,Car,School Zone,40,18.1,31,93.3,46.8,0
4610,Rawalpindi,Monday,12,Clear,Medium,Bus,Main Road,60,52.1,5,81.5,20.5,0
4611,Multan,Monday,0,Rain,Medium,Motorcycle,Main Road,60,55.8,7,76.6,32.3,1
4612,Islamabad,Wednesday,16,Clear,Medium,Car,Market,50,32.5,22,79.0,5.9,0
4613,Multan,Friday,12,Rain,Low,Van,Main Road,60,54.5,7,80.4,47.0,0
4614,Quetta,Sunday,3,Cloudy,Low,Rickshaw,Main Road,60,34.5,6,90.9,24.3,0
4615,Islamabad,Saturday,6,Clear,Low,Motorcycle,Main Road,60,59.2,8,89.0,18.4,0
4616,Multan,Monday,16,Clear,Medium,Car,School Zone,40,46.8,43,79.0,65.4,1
4617,Rawalpindi,Monday,8,Cloudy,Low,Rickshaw,Highway,100,94.6,6,81.4,36.2,0
4618,Islamabad,Saturday,3,Clear,Medium,Motorcycle,Highway,100,81.8,9,95.2,9.0,0
4619,Rawalpindi,Tuesday,18,Clear,High,Rickshaw,Residential,50,25.5,6,94.1,47.0,0
4620,Karachi,Saturday,0,Rain,Medium,Rickshaw,Market,50,30.2,22,72.5,38.6,0
4621,Lahore,Monday,9,Cloudy,Low,Motorcycle,School Zone,40,41.5,36,96.6,62.8,0
4622,Islamabad,Friday,3,Clear,High,Bus,Market,50,28.7,23,86.7,27.6,0
4623,Rawalpindi,Tuesday,8,Cloudy,Medium,Rickshaw,Residential,50,39.9,13,95.6,43.2,0
4624,Islamabad,Thursday,12,Cloudy,High,Motorcycle,Highway,100,95.6,9,98.0,58.5,1
4625,Quetta,Saturday,13,Cloudy,Medium,Car,Residential,50,18.1,11,100.0,22.7,0
4626,Lahore,Thursday,9,Cloudy,Low,Rickshaw,Market,50,46.2,26,93.8,31.8,0
4627,Karachi,Tuesday,5,Fog,Low,Motorcycle,Market,50,37.7,11,36.3,38.3,0
4628,Peshawar,Tuesday,15,Clear,High,Car,Main Road,60,21.8,6,100.0,40.4,0
4629,Peshawar,Tuesday,5,Clear,Medium,Car,Main Road,60,68.6,6,95.8,18.6,0
4630,Islamabad,Wednesday,16,Clear,Medium,Motorcycle,School Zone,40,10.0,40,92.4,45.2,0
4631,Rawalpindi,Saturday,9,Clear,Medium,Motorcycle,Residential,50,51.4,6,95.0,26.3,0
4632,Quetta,Sunday,17,Clear,Low,Car,Main Road,60,42.6,2,81.8,11.8,0
4633,Lahore,Friday,21,Clear,Medium,Car,Highway,100,103.6,7,85.3,38.1,0
4634,Karachi,Friday,17,Cloudy,Medium,Motorcycle,Market,50,52.8,26,76.4,41.3,0
4635,Karachi,Thursday,2,Clear,High,Motorcycle,School Zone,40,14.8,30,87.8,44.1,0
4636,Multan,Thursday,19,Rain,Low,Van,Highway,100,89.4,6,79.2,24.3,0
4637,Karachi,Sunday,20,Clear,High,Rickshaw,Main Road,60,53.2,10,90.7,16.1,0
4638,Peshawar,Thursday,14,Fog,Medium,Car,Market,50,40.1,18,52.5,43.9,0
4639,Lahore,Saturday,14,Cloudy,Low,Motorcycle,Residential,50,54.8,6,91.2,53.5,0
4640,Multan,Monday,3,Rain,Severe,Motorcycle,School Zone,40,10.0,35,86.6,54.2,0
4641,Peshawar,Thursday,8,Dust,High,Motorcycle,Main Road,60,38.5,9,64.4,35.8,0
4642,Islamabad,Tuesday,18,Dust,Medium,Car,Main Road,60,45.3,2,65.9,4.9,0
4643,Karachi,Thursday,23,Cloudy,Medium,Rickshaw,School Zone,40,38.4,41,100.0,62.5,1
4644,Lahore,Tuesday,16,Clear,Severe,Motorcycle,Residential,50,16.3,10,89.9,54.1,0
4645,Karachi,Wednesday,10,Cloudy,Severe,Motorcycle,Residential,50,38.6,11,84.2,36.3,0
4646,Peshawar,Monday,8,Clear,High,Bus,Highway,100,92.3,9,84.6,48.4,0
4647,Peshawar,Monday,9,Clear,High,Car,Main Road,60,30.4,7,92.0,48.2,1
4648,Peshawar,Sunday,17,Clear,Medium,Car,Market,50,38.3,22,94.6,36.2,0
4649,Karachi,Saturday,19,Clear,Severe,Bus,Highway,100,50.2,3,96.2,58.8,0
4650,Lahore,Saturday,12,Clear,Low,Car,Residential,50,42.2,7,78.3,25.2,0
4651,Lahore,Friday,7,Clear,Low,Car,Residential,50,65.1,4,88.3,42.6,0
4652,Islamabad,Wednesday,6,Clear,Severe,Motorcycle,Highway,100,62.3,7,93.3,60.5,0
4653,Karachi,Sunday,16,Clear,Low,Motorcycle,Main Road,60,75.9,4,75.3,52.6,0
4654,Islamabad,Saturday,20,Clear,Medium,Motorcycle,Highway,100,83.7,11,95.3,14.4,0
4655,Quetta,Tuesday,22,Rain,Medium,Van,Residential,50,37.0,7,86.3,53.9,0
4656,Islamabad,Wednesday,14,Clear,High,Motorcycle,Main Road,60,50.4,12,83.8,30.5,0
4657,Islamabad,Monday,19,Fog,Medium,Motorcycle,Market,50,29.7,30,41.8,44.0,0
4658,Islamabad,Tuesday,14,Clear,Medium,Motorcycle,Main Road,60,66.2,12,74.4,44.7,0
4659,Peshawar,Sunday,0,Dust,Low,Motorcycle,Residential,50,53.8,9,74.1,46.6,0
4660,Quetta,Sunday,13,Clear,Low,Rickshaw,Highway,100,120.0,8,86.9,11.6,0
4661,Multan,Wednesday,4,Fog,High,Motorcycle,Main Road,60,16.9,9,44.7,61.6,1
4662,Islamabad,Monday,10,Clear,Medium,Car,Main Road,60,48.4,11,86.5,24.1,0
4663,Lahore,Saturday,15,Rain,Low,Bus,Residential,50,43.8,9,87.2,29.7,0
4664,Islamabad,Tuesday,1,Clear,Medium,Motorcycle,Residential,50,36.0,17,81.3,37.1,0
4665,Peshawar,Tuesday,7,Cloudy,Medium,Rickshaw,Residential,50,55.6,4,89.3,30.6,0
4666,Rawalpindi,Monday,10,Clear,Medium,Motorcycle,Market,50,45.0,20,99.8,33.9,0
4667,Multan,Tuesday,17,Cloudy,Low,Motorcycle,Main Road,60,52.7,8,89.3,43.7,0
4668,Quetta,Saturday,2,Cloudy,Low,Motorcycle,Main Road,60,70.1,12,86.5,54.3,0
4669,Rawalpindi,Saturday,0,Fog,Medium,Motorcycle,Main Road,60,25.8,4,37.2,53.5,1
4670,Rawalpindi,Saturday,10,Cloudy,Severe,Car,Residential,50,24.7,4,97.5,26.4,0
4671,Quetta,Monday,15,Clear,High,Car,Main Road,60,63.6,6,93.1,55.6,1
4672,Karachi,Thursday,17,Clear,Medium,Bus,Market,50,39.1,24,89.0,44.0,0
4673,Multan,Thursday,15,Cloudy,Low,Motorcycle,Main Road,60,63.6,6,89.3,47.3,0
4674,Multan,Sunday,22,Clear,Medium,Bus,School Zone,40,10.0,33,78.0,39.1,0
4675,Lahore,Sunday,9,Dust,Severe,Motorcycle,Highway,100,75.3,13,62.1,53.5,0
4676,Peshawar,Tuesday,17,Clear,Medium,Van,Highway,100,81.9,7,89.1,6.2,0
4677,Quetta,Saturday,5,Cloudy,Low,Van,Highway,100,104.8,6,87.5,46.5,1
4678,Rawalpindi,Tuesday,18,Cloudy,Severe,Motorcycle,School Zone,40,31.2,44,75.9,76.9,1
4679,Peshawar,Monday,3,Clear,Medium,Bus,Main Road,60,48.4,9,95.9,16.6,1
4680,Peshawar,Tuesday,12,Cloudy,Medium,Van,School Zone,40,28.1,30,95.4,20.4,0
4681,Karachi,Friday,23,Clear,Medium,Motorcycle,School Zone,40,20.8,36,94.2,49.5,0
4682,Rawalpindi,Thursday,13,Clear,Medium,Motorcycle,Residential,50,62.6,7,95.0,38.8,0
4683,Islamabad,Tuesday,2,Fog,Low,Motorcycle,Highway,100,82.1,9,45.6,56.0,0
4684,Peshawar,Tuesday,9,Clear,Severe,Motorcycle,School Zone,40,10.0,33,92.1,58.4,0
4685,Rawalpindi,Wednesday,5,Rain,Medium,Rickshaw,Main Road,60,39.8,12,89.8,49.7,0
4686,Multan,Tuesday,0,Cloudy,High,Rickshaw,Highway,100,112.2,8,86.4,53.4,0
4687,Peshawar,Friday,22,Cloudy,Severe,Van,Residential,50,10.0,7,94.8,48.1,0
4688,Karachi,Thursday,23,Clear,High,Motorcycle,Highway,100,95.0,4,95.5,62.2,0
4689,Karachi,Wednesday,13,Cloudy,High,Motorcycle,Main Road,60,31.1,12,77.9,33.8,0
4690,Islamabad,Monday,7,Clear,Severe,Car,Main Road,60,11.3,8,98.2,43.4,0
4691,Karachi,Sunday,18,Clear,Medium,Rickshaw,School Zone,40,22.4,42,91.9,36.1,0
4692,Rawalpindi,Monday,13,Fog,Medium,Car,Residential,50,26.9,8,53.7,35.4,0
4693,Quetta,Thursday,9,Clear,Severe,Van,Highway,100,74.1,6,96.1,37.9,0
4694,Karachi,Sunday,16,Rain,Low,Van,Highway,100,90.2,6,78.9,51.8,0
4695,Quetta,Monday,8,Clear,Low,Car,Highway,100,112.3,17,92.1,27.0,0
4696,Islamabad,Friday,5,Clear,Medium,Motorcycle,Highway,100,86.8,9,90.0,26.5,0
4697,Multan,Tuesday,10,Clear,High,Motorcycle,School Zone,40,24.0,32,98.1,51.4,0
4698,Lahore,Thursday,6,Clear,Severe,Car,Market,50,35.9,17,77.9,55.9,0
4699,Peshawar,Sunday,16,Clear,Medium,Van,Residential,50,53.6,5,88.9,43.9,0
4700,Peshawar,Wednesday,0,Clear,Medium,Car,School Zone,40,32.4,38,95.7,42.0,0
4701,Rawalpindi,Tuesday,21,Cloudy,Medium,Rickshaw,Residential,50,57.8,8,79.2,34.3,0
4702,Islamabad,Monday,4,Clear,High,Car,Market,50,31.4,26,93.8,43.2,0
4703,Islamabad,Monday,8,Clear,Low,Motorcycle,Highway,100,85.0,10,99.1,27.9,0
4704,Islamabad,Wednesday,17,Clear,Medium,Rickshaw,School Zone,40,29.7,27,83.9,23.5,0
4705,Peshawar,Friday,23,Rain,Medium,Car,School Zone,40,26.3,44,84.7,45.8,0
4706,Karachi,Wednesday,20,Clear,High,Motorcycle,Market,50,41.3,23,85.8,31.1,0
4707,Peshawar,Thursday,1,Fog,High,Rickshaw,Highway,100,65.0,4,35.0,53.6,1
4708,Peshawar,Wednesday,10,Clear,Low,Rickshaw,Residential,50,67.8,7,93.2,28.0,0
4709,Peshawar,Monday,5,Clear,High,Car,Main Road,60,43.2,4,79.1,46.6,0
4710,Multan,Friday,7,Clear,Low,Motorcycle,Main Road,60,58.4,7,91.9,26.0,0
4711,Multan,Friday,3,Clear,Medium,Motorcycle,Main Road,60,59.6,5,89.7,50.6,0
4712,Karachi,Saturday,17,Rain,Medium,Car,School Zone,40,20.7,45,85.9,58.7,1
4713,Lahore,Wednesday,10,Clear,Low,Motorcycle,Highway,100,76.6,8,100.0,31.1,0
4714,Rawalpindi,Thursday,4,Clear,Low,Motorcycle,Residential,50,43.9,8,84.0,44.6,0
4715,Lahore,Monday,14,Clear,Low,Motorcycle,Residential,50,35.8,7,72.2,4.1,0
4716,Lahore,Tuesday,17,Clear,Medium,Car,Main Road,60,41.8,5,87.4,9.8,0
4717,Peshawar,Friday,1,Fog,Low,Rickshaw,Main Road,60,30.2,5,52.6,30.0,0
4718,Lahore,Wednesday,21,Dust,Low,Rickshaw,Highway,100,105.7,3,49.1,39.1,0
4719,Peshawar,Saturday,10,Clear,Medium,Motorcycle,School Zone,40,56.0,50,98.7,60.6,0
4720,Peshawar,Thursday,12,Clear,Medium,Motorcycle,Main Road,60,55.7,7,84.2,56.9,0
4721,Rawalpindi,Thursday,3,Dust,High,Motorcycle,Main Road,60,53.5,9,61.9,75.5,1
4722,Islamabad,Sunday,21,Cloudy,Medium,Car,School Zone,40,38.3,27,91.0,23.7,0
4723,Peshawar,Monday,6,Dust,High,Rickshaw,Market,50,41.1,21,66.6,55.2,0
4724,Multan,Friday,10,Clear,Medium,Motorcycle,Main Road,60,46.1,9,90.8,20.2,0
4725,Lahore,Monday,21,Clear,Severe,Car,Main Road,60,14.9,8,93.6,34.8,0
4726,Rawalpindi,Saturday,23,Rain,Low,Motorcycle,Market,50,28.0,20,95.6,22.5,0
4727,Quetta,Tuesday,3,Cloudy,Medium,Motorcycle,Residential,50,43.2,6,79.5,27.6,0
4728,Quetta,Tuesday,14,Cloudy,High,Motorcycle,Residential,50,54.1,9,84.7,58.1,0
4729,Quetta,Tuesday,0,Clear,Medium,Rickshaw,School Zone,40,41.3,30,97.8,22.8,0
4730,Lahore,Thursday,22,Cloudy,Medium,Motorcycle,Main Road,60,69.3,9,96.7,37.5,0
4731,Islamabad,Friday,2,Clear,Severe,Motorcycle,Residential,50,22.8,4,94.9,58.8,1
4732,Karachi,Monday,13,Clear,Severe,Car,Main Road,60,22.9,13,78.8,54.4,0
4733,Islamabad,Monday,5,Cloudy,High,Car,Residential,50,10.0,3,73.7,26.7,0
4734,Rawalpindi,Saturday,17,Cloudy,Medium,Motorcycle,Highway,100,90.9,4,87.8,30.3,0
4735,Islamabad,Tuesday,0,Cloudy,High,Motorcycle,Main Road,60,68.1,12,99.0,58.6,1
4736,Quetta,Friday,5,Fog,Medium,Car,Market,50,48.7,14,27.9,55.1,0
4737,Islamabad,Friday,5,Rain,Severe,Car,Main Road,60,26.2,6,84.7,56.3,1
4738,Rawalpindi,Saturday,20,Cloudy,High,Car,Main Road,60,19.3,9,94.3,31.5,0
4739,Rawalpindi,Wednesday,15,Cloudy,Low,Motorcycle,Main Road,60,47.5,13,86.7,30.9,0
4740,Quetta,Friday,4,Clear,Medium,Motorcycle,Market,50,62.9,25,84.4,49.1,0
4741,Multan,Friday,16,Dust,High,Motorcycle,School Zone,40,40.2,43,71.1,83.6,1
4742,Lahore,Monday,9,Clear,High,Bus,Market,50,61.3,24,100.0,49.9,1
4743,Peshawar,Saturday,20,Rain,High,Rickshaw,School Zone,40,10.0,28,86.3,35.4,0
4744,Karachi,Friday,17,Clear,Severe,Car,Residential,50,29.7,3,97.7,51.7,0
4745,Karachi,Friday,6,Clear,Medium,Car,Market,50,50.0,22,85.6,46.4,0
4746,Quetta,Monday,2,Clear,Low,Car,School Zone,40,28.3,24,73.3,16.1,0
4747,Multan,Friday,12,Cloudy,High,Bus,Main Road,60,54.2,9,86.9,51.5,0
4748,Karachi,Monday,14,Clear,Low,Rickshaw,Market,50,61.6,19,94.3,25.1,0
4749,Islamabad,Wednesday,19,Clear,Severe,Motorcycle,Market,50,19.8,17,92.4,53.6,0
4750,Rawalpindi,Thursday,18,Cloudy,High,Rickshaw,Main Road,60,44.1,6,83.1,52.7,0
4751,Multan,Sunday,2,Clear,Severe,Motorcycle,Main Road,60,21.2,8,84.2,55.7,0
4752,Rawalpindi,Monday,3,Clear,Medium,Rickshaw,Market,50,54.8,26,100.0,46.3,0
4753,Quetta,Monday,4,Clear,Low,Car,Residential,50,46.7,15,100.0,42.8,0
4754,Rawalpindi,Friday,0,Rain,Medium,Car,Residential,50,39.6,3,84.6,32.6,0
4755,Peshawar,Monday,3,Cloudy,Low,Motorcycle,Market,50,52.3,13,91.4,35.8,0
4756,Rawalpindi,Saturday,11,Dust,High,Car,Residential,50,34.4,6,63.7,45.0,0
4757,Rawalpindi,Tuesday,23,Clear,Medium,Rickshaw,Highway,100,98.3,4,91.3,52.0,1
4758,Multan,Tuesday,9,Clear,High,Motorcycle,Highway,100,72.0,8,100.0,41.7,0
4759,Islamabad,Wednesday,22,Clear,Medium,Car,Market,50,40.3,26,88.3,25.0,0
4760,Lahore,Monday,20,Fog,High,Car,Main Road,60,45.4,8,43.0,63.3,0
4761,Karachi,Saturday,19,Cloudy,High,Motorcycle,Highway,100,79.6,7,100.0,50.3,1
4762,Islamabad,Friday,23,Cloudy,Severe,Rickshaw,Main Road,60,36.9,10,97.9,36.4,0
4763,Islamabad,Friday,12,Fog,Low,Van,Main Road,60,53.8,5,50.5,35.1,0
4764,Islamabad,Sunday,22,Clear,Low,Motorcycle,Market,50,42.2,32,87.2,43.8,0
4765,Karachi,Thursday,13,Clear,High,Rickshaw,Market,50,35.4,16,93.2,56.6,0
4766,Quetta,Wednesday,22,Cloudy,Medium,Motorcycle,Residential,50,40.5,13,84.7,14.5,0
4767,Islamabad,Saturday,4,Rain,Medium,Van,Market,50,26.4,25,76.3,37.3,0
4768,Lahore,Saturday,3,Cloudy,Severe,Car,Main Road,60,32.4,8,100.0,64.1,0
4769,Quetta,Sunday,13,Rain,Medium,Van,Highway,100,112.3,8,86.1,58.5,0
4770,Rawalpindi,Sunday,9,Cloudy,Medium,Motorcycle,School Zone,40,19.9,33,91.2,40.6,0
4771,Lahore,Friday,16,Dust,Low,Rickshaw,Market,50,73.3,14,74.9,54.8,0
4772,Multan,Thursday,9,Cloudy,Medium,Car,Main Road,60,65.6,10,86.1,38.0,0
4773,Quetta,Friday,6,Clear,High,Motorcycle,Residential,50,36.8,6,100.0,47.6,0
4774,Rawalpindi,Thursday,15,Cloudy,Medium,Rickshaw,Main Road,60,52.6,6,94.0,30.8,0
4775,Rawalpindi,Tuesday,0,Rain,High,Car,Market,50,43.8,23,82.5,55.9,0
4776,Islamabad,Saturday,16,Cloudy,Medium,Van,Market,50,39.5,28,83.2,17.5,0
4777,Islamabad,Sunday,20,Clear,High,Motorcycle,School Zone,40,11.0,32,78.8,68.3,0
4778,Karachi,Tuesday,8,Clear,Low,Van,Residential,50,52.8,6,79.0,35.8,0
4779,Peshawar,Friday,5,Clear,High,Car,School Zone,40,26.4,38,75.8,49.7,0
4780,Lahore,Wednesday,18,Fog,Severe,Car,Highway,100,46.0,5,20.0,49.8,0
4781,Karachi,Monday,12,Clear,High,Motorcycle,Main Road,60,48.0,4,81.2,47.8,0
4782,Karachi,Wednesday,2,Clear,Medium,Rickshaw,Main Road,60,81.6,8,90.9,32.1,0
4783,Lahore,Wednesday,6,Cloudy,Low,Rickshaw,Highway,100,97.0,5,100.0,19.1,0
4784,Quetta,Monday,21,Dust,Low,Rickshaw,Residential,50,56.5,13,68.6,50.0,0
4785,Multan,Saturday,8,Rain,High,Rickshaw,School Zone,40,22.3,33,87.2,67.5,0
4786,Lahore,Tuesday,21,Dust,Low,Van,Main Road,60,40.6,10,68.3,12.5,0
4787,Rawalpindi,Tuesday,4,Cloudy,High,Rickshaw,Residential,50,43.9,9,90.4,28.2,0
4788,Multan,Saturday,9,Dust,Severe,Van,Highway,100,79.8,7,63.0,59.1,1
4789,Peshawar,Monday,22,Clear,Low,Rickshaw,Highway,100,111.6,10,99.7,30.7,0
4790,Quetta,Thursday,16,Clear,Medium,Rickshaw,Market,50,34.2,22,95.7,12.2,0
4791,Islamabad,Wednesday,11,Dust,Severe,Motorcycle,Residential,50,10.6,9,62.5,61.0,1
4792,Peshawar,Friday,22,Clear,Medium,Bus,Main Road,60,44.2,11,98.3,23.7,0
4793,Peshawar,Tuesday,15,Dust,Medium,Motorcycle,Main Road,60,49.9,5,61.6,36.0,0
4794,Islamabad,Saturday,2,Clear,High,Motorcycle,Market,50,27.8,21,90.0,43.1,0
4795,Peshawar,Friday,21,Clear,Low,Car,Highway,100,93.8,9,87.9,41.6,0
4796,Quetta,Sunday,8,Clear,Severe,Rickshaw,Highway,100,58.8,6,88.3,42.5,0
4797,Quetta,Monday,14,Cloudy,High,Motorcycle,Highway,100,56.0,4,88.2,50.0,0
4798,Quetta,Friday,4,Clear,Low,Motorcycle,Residential,50,44.8,7,96.9,30.4,0
4799,Karachi,Friday,22,Clear,Low,Motorcycle,Market,50,57.7,21,87.9,44.0,0
4800,Karachi,Wednesday,12,Dust,Severe,Car,School Zone,40,37.5,38,76.6,74.1,0
4801,Quetta,Monday,13,Fog,High,Motorcycle,Main Road,60,18.4,11,36.2,50.0,0
4802,Islamabad,Friday,19,Clear,Low,Motorcycle,Highway,100,85.2,4,100.0,34.4,0
4803,Islamabad,Tuesday,14,Cloudy,Low,Motorcycle,Residential,50,56.8,7,97.5,47.5,0
4804,Lahore,Monday,15,Cloudy,Low,Motorcycle,Main Road,60,58.6,8,89.3,54.0,1
4805,Lahore,Tuesday,22,Clear,Severe,Car,Residential,50,12.9,10,99.0,44.9,1
4806,Quetta,Saturday,12,Cloudy,Medium,Motorcycle,Main Road,60,70.7,12,96.2,40.2,0
4807,Multan,Saturday,16,Clear,Medium,Car,Highway,100,116.6,5,84.1,43.2,0
4808,Peshawar,Sunday,22,Clear,Severe,Car,Residential,50,27.5,6,94.5,42.6,0
4809,Peshawar,Thursday,7,Rain,Medium,Motorcycle,School Zone,40,33.4,40,81.8,65.6,0
4810,Islamabad,Saturday,20,Cloudy,Medium,Bus,School Zone,40,14.0,30,79.0,19.6,0
4811,Multan,Friday,1,Clear,Severe,Motorcycle,School Zone,40,11.2,37,75.0,53.6,0
4812,Peshawar,Monday,4,Cloudy,Low,Rickshaw,Main Road,60,49.3,7,86.7,39.1,0
4813,Rawalpindi,Saturday,5,Cloudy,Severe,Van,Residential,50,47.2,10,100.0,79.8,1
4814,Karachi,Tuesday,11,Cloudy,Low,Rickshaw,Main Road,60,62.6,8,87.4,51.4,0
4815,Peshawar,Friday,17,Cloudy,Medium,Rickshaw,School Zone,40,37.6,32,84.2,64.8,1
4816,Peshawar,Saturday,21,Cloudy,Medium,Car,Main Road,60,49.7,8,88.6,13.0,0
4817,Lahore,Wednesday,21,Clear,Severe,Car,Market,50,12.6,14,94.8,31.5,0
4818,Rawalpindi,Tuesday,0,Clear,Medium,Motorcycle,Residential,50,46.4,12,84.2,63.1,0
4819,Peshawar,Sunday,16,Cloudy,Low,Bus,School Zone,40,27.7,31,100.0,19.4,0
4820,Karachi,Sunday,10,Rain,Low,Bus,School Zone,40,32.7,32,85.5,47.2,0
4821,Peshawar,Sunday,9,Clear,Medium,Motorcycle,Residential,50,50.2,4,98.1,34.4,0
4822,Islamabad,Tuesday,18,Clear,High,Car,Residential,50,35.3,8,100.0,30.1,0
4823,Rawalpindi,Sunday,13,Rain,Medium,Bus,Residential,50,61.0,12,73.3,52.8,1
4824,Peshawar,Thursday,9,Clear,High,Car,Highway,100,68.6,9,90.4,51.5,0
4825,Multan,Wednesday,14,Clear,High,Bus,Main Road,60,43.2,9,82.8,40.9,0
4826,Rawalpindi,Thursday,18,Clear,Medium,Rickshaw,Main Road,60,45.7,9,91.5,21.4,0
4827,Peshawar,Saturday,3,Clear,Medium,Motorcycle,Market,50,27.6,28,83.3,15.4,0
4828,Karachi,Wednesday,1,Clear,Medium,Motorcycle,Main Road,60,73.5,3,88.9,45.1,0
4829,Karachi,Tuesday,8,Clear,Severe,Car,Market,50,52.8,21,86.0,62.5,1
4830,Rawalpindi,Thursday,9,Rain,Low,Motorcycle,Main Road,60,34.1,13,67.1,61.3,0
4831,Quetta,Friday,10,Clear,Medium,Rickshaw,Highway,100,103.2,5,94.9,35.8,0
4832,Lahore,Wednesday,13,Cloudy,High,Car,Highway,100,81.9,12,76.3,26.1,0
4833,Lahore,Tuesday,6,Cloudy,Severe,Car,Main Road,60,37.9,3,82.9,50.0,0
4834,Islamabad,Monday,22,Clear,Medium,Motorcycle,Highway,100,91.1,13,90.0,32.5,0
4835,Quetta,Wednesday,14,Clear,Severe,Motorcycle,Highway,100,59.5,7,86.7,44.3,0
4836,Lahore,Wednesday,21,Rain,Low,Rickshaw,School Zone,40,45.5,44,90.9,62.4,0
4837,Rawalpindi,Saturday,18,Clear,Medium,Rickshaw,Highway,100,71.4,9,98.1,30.8,0
4838,Lahore,Friday,21,Clear,Medium,Motorcycle,Highway,100,95.8,9,90.0,34.7,0
4839,Islamabad,Saturday,14,Clear,High,Rickshaw,Market,50,12.2,22,86.2,51.2,1
4840,Peshawar,Sunday,23,Clear,Medium,Motorcycle,Market,50,69.7,24,83.3,39.6,0
4841,Lahore,Wednesday,7,Dust,Medium,Van,Market,50,51.8,18,50.1,57.8,1
4842,Rawalpindi,Wednesday,10,Cloudy,Low,Rickshaw,Residential,50,64.7,4,100.0,34.3,0
4843,Rawalpindi,Sunday,8,Clear,Medium,Van,Main Road,60,67.5,8,84.1,41.7,0
4844,Islamabad,Friday,14,Fog,Low,Rickshaw,Residential,50,22.9,6,45.0,36.5,0
4845,Multan,Friday,0,Clear,Medium,Bus,Market,50,53.8,21,83.9,20.3,0
4846,Islamabad,Thursday,0,Cloudy,Low,Motorcycle,Market,50,38.0,23,97.1,17.1,0
4847,Multan,Tuesday,18,Dust,Medium,Car,Residential,50,33.1,9,65.8,28.4,0
4848,Karachi,Tuesday,2,Rain,Low,Bus,Residential,50,28.5,11,79.7,36.1,0
4849,Karachi,Thursday,9,Clear,Medium,Motorcycle,Main Road,60,72.5,3,87.0,44.9,0
4850,Karachi,Tuesday,7,Cloudy,Low,Car,Main Road,60,52.2,8,69.7,24.0,0
4851,Multan,Wednesday,14,Clear,Medium,Van,Residential,50,26.6,8,89.8,13.2,0
4852,Peshawar,Thursday,9,Clear,Medium,Car,Market,50,29.9,17,86.6,10.9,0
4853,Rawalpindi,Thursday,0,Clear,High,Motorcycle,Highway,100,82.7,10,93.9,52.0,0
4854,Karachi,Tuesday,17,Rain,Medium,Motorcycle,Residential,50,54.6,4,78.5,37.8,0
4855,Rawalpindi,Monday,1,Clear,Low,Motorcycle,Market,50,49.3,18,88.5,57.6,1
4856,Islamabad,Tuesday,18,Clear,High,Car,Residential,50,25.1,8,86.3,45.1,0
4857,Peshawar,Saturday,12,Clear,Medium,Motorcycle,School Zone,40,37.9,36,90.4,65.3,0
4858,Islamabad,Monday,21,Clear,High,Car,School Zone,40,23.0,25,90.0,33.6,0
4859,Rawalpindi,Thursday,0,Clear,Medium,Rickshaw,School Zone,40,20.4,40,87.9,49.2,1
4860,Quetta,Monday,1,Fog,Medium,Rickshaw,Market,50,27.4,29,46.7,21.5,0
4861,Multan,Wednesday,15,Clear,Medium,Van,Residential,50,24.2,14,90.0,31.9,0
4862,Quetta,Friday,14,Clear,Severe,Car,Market,50,19.3,28,89.0,52.7,0
4863,Karachi,Monday,12,Cloudy,Low,Motorcycle,Main Road,60,62.7,5,88.2,58.9,0
4864,Quetta,Saturday,15,Rain,Severe,Rickshaw,School Zone,40,10.0,38,76.2,81.3,1
4865,Islamabad,Friday,16,Rain,Medium,Motorcycle,Main Road,60,34.9,12,82.5,36.1,0
4866,Multan,Wednesday,20,Rain,Severe,Rickshaw,Highway,100,65.9,3,93.1,65.5,1
4867,Quetta,Saturday,6,Clear,Medium,Van,Main Road,60,36.8,4,86.6,13.5,0
4868,Lahore,Sunday,23,Rain,High,Van,Residential,50,39.0,9,83.4,37.2,0
4869,Peshawar,Friday,16,Cloudy,High,Van,Highway,100,85.5,5,95.4,27.3,0
4870,Rawalpindi,Sunday,6,Cloudy,High,Motorcycle,Residential,50,10.0,10,86.2,39.9,1
4871,Multan,Wednesday,12,Fog,Medium,Motorcycle,Residential,50,13.5,16,38.4,38.1,0
4872,Karachi,Friday,4,Rain,High,Motorcycle,School Zone,40,10.0,23,60.7,53.8,1
4873,Islamabad,Friday,16,Dust,High,Rickshaw,Main Road,60,53.1,8,64.6,35.8,0
4874,Peshawar,Tuesday,2,Clear,Medium,Motorcycle,Highway,100,115.3,6,100.0,45.1,0
4875,Karachi,Saturday,6,Clear,High,Rickshaw,School Zone,40,25.2,27,98.9,22.7,0
4876,Islamabad,Saturday,16,Fog,Low,Motorcycle,Market,50,32.3,25,50.1,53.6,0
4877,Quetta,Monday,6,Cloudy,Low,Rickshaw,Market,50,35.7,23,89.1,24.5,0
4878,Multan,Sunday,20,Clear,High,Motorcycle,Highway,100,95.3,9,86.5,62.0,0
4879,Rawalpindi,Sunday,0,Rain,High,Car,Residential,50,21.4,11,69.6,49.9,0
4880,Multan,Saturday,16,Clear,Medium,Van,Highway,100,95.5,9,92.4,49.1,0
4881,Lahore,Saturday,16,Rain,High,Car,Residential,50,22.2,7,83.3,34.8,0
4882,Lahore,Friday,10,Dust,High,Motorcycle,Main Road,60,36.4,4,64.8,52.3,1
4883,Multan,Sunday,2,Clear,Low,Rickshaw,School Zone,40,43.5,39,88.1,49.4,0
4884,Quetta,Thursday,14,Clear,Medium,Motorcycle,Main Road,60,59.4,8,81.8,29.4,1
4885,Rawalpindi,Tuesday,20,Clear,High,Car,Main Road,60,44.1,7,75.5,30.4,0
4886,Peshawar,Monday,10,Dust,Medium,Bus,Residential,50,35.5,12,68.5,23.6,0
4887,Rawalpindi,Tuesday,15,Cloudy,Medium,Rickshaw,Main Road,60,45.6,6,89.8,3.2,0
4888,Quetta,Monday,21,Cloudy,Low,Car,Main Road,60,72.5,4,100.0,28.5,0
4889,Islamabad,Wednesday,8,Cloudy,High,Rickshaw,Residential,50,46.7,7,87.7,52.4,1
4890,Multan,Friday,23,Clear,High,Motorcycle,Residential,50,20.2,9,87.4,25.9,0
4891,Multan,Saturday,23,Clear,Medium,Car,Main Road,60,67.9,7,79.4,38.0,0
4892,Multan,Saturday,0,Rain,Low,Motorcycle,Highway,100,99.6,7,81.6,41.9,0
4893,Multan,Thursday,21,Fog,High,Car,Main Road,60,32.3,9,40.8,42.8,0
4894,Peshawar,Sunday,15,Clear,Medium,Car,Main Road,60,51.5,9,92.3,12.4,0
4895,Lahore,Sunday,8,Clear,Severe,Van,Market,50,22.6,22,96.2,40.5,0
4896,Quetta,Tuesday,18,Clear,Medium,Car,Market,50,34.0,25,84.0,28.2,0
4897,Islamabad,Tuesday,11,Cloudy,Low,Van,Highway,100,81.4,9,97.8,17.1,0
4898,Quetta,Tuesday,18,Clear,Medium,Car,Main Road,60,52.8,5,84.4,20.7,0
4899,Karachi,Sunday,21,Fog,Medium,Car,Main Road,60,51.1,15,53.5,47.5,1
4900,Karachi,Saturday,8,Clear,Low,Car,Main Road,60,56.7,5,93.1,48.9,0
4901,Karachi,Sunday,6,Clear,Severe,Car,Market,50,25.4,29,99.6,27.1,0
4902,Lahore,Tuesday,13,Clear,Low,Rickshaw,School Zone,40,45.4,35,88.9,29.3,0
4903,Rawalpindi,Friday,18,Dust,High,Rickshaw,Market,50,23.3,22,69.2,51.1,0
4904,Peshawar,Monday,18,Clear,Medium,Bus,Main Road,60,66.2,7,94.4,22.0,0
4905,Multan,Saturday,1,Clear,Medium,Motorcycle,Highway,100,98.5,12,89.3,35.5,0
4906,Lahore,Friday,8,Clear,Severe,Motorcycle,Market,50,24.4,28,96.5,60.2,0
4907,Islamabad,Wednesday,12,Cloudy,Medium,Motorcycle,Market,50,32.2,20,91.4,35.3,0
4908,Islamabad,Friday,14,Clear,Medium,Motorcycle,School Zone,40,24.6,32,81.5,50.6,1
4909,Karachi,Friday,2,Cloudy,Low,Van,School Zone,40,28.2,31,95.2,41.2,0
4910,Peshawar,Wednesday,10,Clear,Severe,Motorcycle,Residential,50,30.3,5,83.6,58.3,1
4911,Karachi,Friday,20,Fog,Severe,Motorcycle,Market,50,10.0,26,43.9,83.6,1
4912,Islamabad,Monday,13,Dust,Medium,Car,Main Road,60,55.8,8,82.7,53.5,0
4913,Islamabad,Saturday,7,Clear,High,Motorcycle,Residential,50,24.9,11,90.9,50.7,0
4914,Multan,Thursday,17,Fog,Medium,Rickshaw,Main Road,60,37.6,6,34.9,26.5,0
4915,Rawalpindi,Sunday,18,Clear,High,Rickshaw,Residential,50,40.8,11,99.8,13.6,0
4916,Multan,Wednesday,15,Rain,Severe,Car,Market,50,17.9,21,70.9,70.8,0
4917,Rawalpindi,Saturday,1,Clear,Medium,Van,Main Road,60,44.9,12,87.7,18.1,0
4918,Multan,Tuesday,7,Clear,High,Motorcycle,Main Road,60,35.5,8,91.6,33.8,1
4919,Rawalpindi,Monday,21,Clear,Medium,Motorcycle,Residential,50,37.8,12,97.0,10.4,0
4920,Karachi,Thursday,5,Cloudy,High,Van,Main Road,60,28.1,7,85.6,33.4,0
4921,Quetta,Monday,11,Clear,Medium,Motorcycle,Highway,100,76.7,8,94.5,38.3,0
4922,Peshawar,Monday,14,Cloudy,High,Car,School Zone,40,24.2,41,94.5,63.6,1
4923,Rawalpindi,Tuesday,7,Clear,Medium,Car,Highway,100,101.5,9,86.9,44.7,0
4924,Lahore,Thursday,3,Rain,Medium,Motorcycle,Residential,50,47.7,6,77.1,61.9,0
4925,Rawalpindi,Sunday,14,Cloudy,High,Car,Market,50,26.4,22,81.8,36.7,0
4926,Karachi,Monday,19,Rain,Low,Bus,Highway,100,75.1,5,70.5,37.6,0
4927,Peshawar,Tuesday,16,Rain,Medium,Bus,Main Road,60,41.3,7,86.3,33.6,0
4928,Rawalpindi,Wednesday,12,Clear,Medium,Rickshaw,Residential,50,44.0,6,85.0,22.7,0
4929,Multan,Tuesday,17,Clear,Low,Car,Main Road,60,47.7,8,88.7,18.2,0
4930,Peshawar,Friday,1,Clear,High,Motorcycle,Main Road,60,52.1,9,92.2,40.3,0
4931,Lahore,Saturday,12,Dust,High,Motorcycle,Highway,100,83.2,8,65.1,46.8,0
4932,Islamabad,Tuesday,12,Cloudy,Low,Van,Highway,100,112.6,9,83.2,32.6,1
4933,Multan,Tuesday,21,Rain,High,Rickshaw,Main Road,60,26.1,3,58.1,60.8,0
4934,Peshawar,Tuesday,14,Dust,High,Motorcycle,Main Road,60,55.6,6,61.8,76.1,1
4935,Quetta,Sunday,19,Dust,Medium,Rickshaw,Main Road,60,40.1,6,61.8,38.9,0
4936,Rawalpindi,Monday,9,Cloudy,Low,Motorcycle,Highway,100,104.8,9,80.8,55.7,0
4937,Multan,Sunday,2,Cloudy,Severe,Motorcycle,School Zone,40,10.0,38,88.5,71.3,1
4938,Karachi,Thursday,18,Dust,Medium,Car,Highway,100,118.8,9,67.6,59.7,1
4939,Quetta,Tuesday,2,Rain,Low,Rickshaw,Highway,100,88.8,10,74.3,30.4,0
4940,Quetta,Tuesday,21,Cloudy,High,Car,Residential,50,27.3,5,97.7,37.1,1
4941,Karachi,Friday,13,Cloudy,High,Van,Residential,50,37.4,4,83.3,23.5,0
4942,Karachi,Friday,7,Cloudy,High,Motorcycle,Main Road,60,17.0,3,97.9,30.9,0
4943,Karachi,Wednesday,22,Clear,Severe,Car,School Zone,40,10.0,32,100.0,58.8,0
4944,Quetta,Wednesday,3,Dust,Low,Motorcycle,Highway,100,92.4,10,61.8,47.0,0
4945,Peshawar,Friday,19,Cloudy,High,Motorcycle,Residential,50,37.8,5,91.3,46.7,0
4946,Karachi,Thursday,10,Clear,Severe,Car,Main Road,60,37.2,9,98.9,55.5,0
4947,Islamabad,Wednesday,10,Clear,Medium,Car,Main Road,60,63.1,7,100.0,32.2,0
4948,Quetta,Saturday,10,Dust,High,Motorcycle,Main Road,60,35.9,8,75.9,56.5,0
4949,Quetta,Saturday,1,Cloudy,Medium,Motorcycle,Market,50,62.7,28,100.0,36.7,0
4950,Quetta,Thursday,16,Clear,Medium,Car,School Zone,40,30.9,50,88.8,29.6,0
4951,Lahore,Friday,8,Clear,High,Motorcycle,Highway,100,80.4,10,81.4,33.3,0
4952,Peshawar,Wednesday,1,Cloudy,Severe,Car,Main Road,60,45.0,7,92.7,47.6,0
4953,Peshawar,Tuesday,23,Clear,Low,Van,Market,50,44.2,22,98.6,27.6,0
4954,Karachi,Friday,14,Clear,Medium,Rickshaw,Main Road,60,56.8,8,79.2,43.0,0
4955,Quetta,Wednesday,15,Cloudy,Severe,Motorcycle,Main Road,60,31.7,4,83.6,59.3,1
4956,Multan,Thursday,3,Cloudy,Low,Van,Market,50,51.0,27,65.2,31.8,0
4957,Quetta,Saturday,7,Fog,High,Rickshaw,Highway,100,76.3,5,41.0,44.5,1
4958,Karachi,Thursday,8,Clear,Medium,Motorcycle,Main Road,60,55.5,5,74.6,40.5,0
4959,Peshawar,Wednesday,4,Clear,Medium,Car,Highway,100,85.5,6,95.2,5.6,0
4960,Karachi,Thursday,15,Clear,Low,Van,Highway,100,86.7,13,85.7,1.5,0
4961,Karachi,Wednesday,12,Clear,Low,Motorcycle,Market,50,40.3,20,94.7,43.2,0
4962,Karachi,Wednesday,6,Clear,Medium,Motorcycle,Main Road,60,39.8,7,71.5,26.3,0
4963,Karachi,Thursday,19,Rain,Medium,Car,Residential,50,51.9,6,83.8,57.5,0
4964,Karachi,Monday,16,Clear,Medium,Motorcycle,Main Road,60,62.0,6,89.7,22.1,1
4965,Rawalpindi,Tuesday,2,Fog,Low,Motorcycle,Market,50,50.2,23,40.4,63.6,1
4966,Rawalpindi,Friday,4,Clear,Medium,Bus,Market,50,55.6,22,74.5,34.3,0
4967,Quetta,Saturday,18,Cloudy,Severe,Car,Main Road,60,37.0,10,97.4,52.4,0
4968,Quetta,Tuesday,11,Fog,Medium,Car,Market,50,44.6,26,41.0,46.3,1
4969,Multan,Friday,6,Clear,Medium,Car,Residential,50,46.0,12,87.3,30.4,0
4970,Multan,Friday,8,Clear,Low,Rickshaw,Highway,100,107.6,6,82.0,47.8,0
4971,Rawalpindi,Saturday,5,Rain,Medium,Van,Highway,100,68.4,7,83.0,34.9,0
4972,Peshawar,Tuesday,16,Cloudy,High,Car,Residential,50,33.9,6,94.9,41.3,0
4973,Lahore,Saturday,15,Cloudy,Medium,Rickshaw,School Zone,40,11.4,34,80.3,28.8,0
4974,Peshawar,Wednesday,22,Clear,High,Car,Market,50,13.5,15,74.8,49.3,0
4975,Multan,Saturday,2,Rain,Medium,Rickshaw,School Zone,40,26.5,37,100.0,37.8,0
4976,Quetta,Thursday,20,Cloudy,Low,Car,Market,50,51.2,23,78.6,19.0,0
4977,Rawalpindi,Monday,3,Clear,Medium,Van,Residential,50,32.7,9,86.8,12.8,0
4978,Peshawar,Monday,9,Fog,High,Rickshaw,Main Road,60,47.5,11,46.4,39.9,0
4979,Lahore,Monday,4,Cloudy,Medium,Bus,Residential,50,32.2,8,90.0,29.4,0
4980,Karachi,Tuesday,20,Cloudy,High,Motorcycle,School Zone,40,10.0,35,100.0,64.2,1
4981,Islamabad,Tuesday,21,Dust,Medium,Rickshaw,Main Road,60,61.8,7,56.4,39.2,0
4982,Rawalpindi,Wednesday,9,Cloudy,Low,Motorcycle,Residential,50,48.7,8,93.4,34.3,0
4983,Rawalpindi,Sunday,11,Clear,High,Car,Residential,50,38.8,7,96.8,53.5,1
4984,Lahore,Monday,9,Cloudy,Medium,Rickshaw,Highway,100,80.0,12,90.9,20.8,0
4985,Karachi,Wednesday,12,Rain,High,Rickshaw,Highway,100,53.8,7,81.3,52.0,1
4986,Karachi,Sunday,10,Cloudy,Medium,Car,Market,50,57.9,28,92.6,41.4,0
4987,Islamabad,Monday,21,Fog,Severe,Motorcycle,Residential,50,10.0,7,42.3,71.0,0
4988,Karachi,Tuesday,15,Clear,Severe,Rickshaw,Market,50,17.6,23,98.9,66.1,0
4989,Lahore,Sunday,7,Clear,High,Rickshaw,School Zone,40,13.6,25,95.9,30.5,0
4990,Quetta,Thursday,7,Cloudy,High,Motorcycle,Main Road,60,49.9,8,91.1,35.6,0
4991,Karachi,Thursday,7,Cloudy,High,Rickshaw,School Zone,40,28.3,37,94.7,37.3,0
4992,Quetta,Thursday,12,Clear,Medium,Van,Main Road,60,33.7,7,78.8,28.0,0
4993,Multan,Saturday,1,Dust,High,Car,Main Road,60,60.6,6,69.5,54.7,1
4994,Multan,Thursday,11,Clear,Medium,Motorcycle,Highway,100,90.5,7,79.2,52.5,0
4995,Quetta,Friday,9,Clear,Low,Van,Highway,100,106.3,13,84.2,29.3,0
4996,Lahore,Monday,11,Fog,Severe,Motorcycle,Main Road,60,24.1,10,48.2,64.1,1
4997,Rawalpindi,Thursday,10,Clear,High,Car,Highway,100,61.2,8,90.6,36.2,0
4998,Rawalpindi,Sunday,14,Fog,Medium,Car,Highway,100,79.6,9,37.9,44.2,0
4999,Rawalpindi,Friday,15,Clear,Severe,Van,Market,50,10.0,21,91.5,50.0,0
5000,Peshawar,Friday,16,Clear,Severe,Van,Main Road,60,15.1,10,86.5,23.5,0
5001,Rawalpindi,Friday,1,Rain,Low,Rickshaw,Market,50,28.7,21,77.7,26.8,0
5002,Lahore,Wednesday,17,Dust,High,Motorcycle,School Zone,40,39.3,26,58.6,66.6,0
5003,Islamabad,Sunday,11,Clear,Medium,Bus,Market,50,42.1,19,90.1,25.0,0
5004,Multan,Wednesday,18,Clear,High,Car,Residential,50,17.9,13,90.2,33.6,0
5005,Karachi,Friday,22,Cloudy,Medium,Motorcycle,Market,50,27.3,26,90.7,31.5,0
5006,Rawalpindi,Saturday,17,Clear,Low,Rickshaw,School Zone,40,38.2,29,99.7,27.1,0
5007,Peshawar,Thursday,16,Dust,Low,Motorcycle,Residential,50,46.9,6,55.2,57.5,0
5008,Multan,Monday,5,Clear,Low,Car,Highway,100,111.5,6,99.5,38.2,0
5009,Multan,Sunday,14,Dust,Medium,Car,Main Road,60,82.4,7,69.0,46.8,0
5010,Quetta,Saturday,2,Clear,Medium,Rickshaw,Main Road,60,61.4,7,100.0,34.8,0
5011,Peshawar,Tuesday,5,Cloudy,High,Car,Residential,50,11.1,5,85.1,29.8,0
5012,Lahore,Wednesday,2,Rain,Low,Bus,Main Road,60,66.6,9,82.7,41.6,0
5013,Islamabad,Thursday,0,Clear,Medium,Car,Residential,50,38.6,12,100.0,20.1,0
5014,Rawalpindi,Thursday,12,Dust,Medium,Car,Market,50,32.9,16,66.5,37.5,0
5015,Rawalpindi,Tuesday,20,Clear,High,Motorcycle,Residential,50,39.7,6,98.2,40.3,0
5016,Peshawar,Tuesday,13,Clear,Medium,Motorcycle,Residential,50,47.0,7,85.3,39.8,0
5017,Lahore,Sunday,12,Clear,Medium,Bus,School Zone,40,36.3,46,92.7,56.2,1
5018,Peshawar,Thursday,3,Dust,Medium,Motorcycle,Main Road,60,52.3,8,61.6,54.5,1
5019,Peshawar,Tuesday,6,Clear,High,Motorcycle,Highway,100,75.5,9,83.1,11.6,0
5020,Islamabad,Thursday,21,Cloudy,Low,Van,Market,50,43.1,15,90.9,26.7,0
5021,Lahore,Saturday,9,Cloudy,Medium,Motorcycle,Main Road,60,64.2,8,89.9,37.9,0
5022,Islamabad,Sunday,6,Clear,High,Motorcycle,Main Road,60,25.6,8,100.0,48.9,0
5023,Lahore,Tuesday,20,Clear,Medium,Car,Main Road,60,52.9,9,84.9,8.6,0
5024,Rawalpindi,Saturday,14,Clear,Severe,Car,School Zone,40,40.1,30,100.0,43.7,0
5025,Karachi,Saturday,14,Clear,High,Car,Main Road,60,56.0,12,84.2,39.6,0
5026,Quetta,Tuesday,3,Clear,Medium,Motorcycle,Highway,100,96.1,10,88.3,40.7,0
5027,Karachi,Sunday,22,Rain,High,Bus,Residential,50,32.6,5,91.8,46.3,0
5028,Multan,Thursday,22,Dust,Medium,Motorcycle,Main Road,60,65.7,7,49.6,55.9,0
5029,Lahore,Friday,5,Clear,Low,Rickshaw,Market,50,51.5,24,100.0,46.6,0
5030,Karachi,Thursday,23,Cloudy,Severe,Car,Residential,50,10.0,2,95.9,55.4,1
5031,Peshawar,Monday,19,Clear,Medium,Rickshaw,Main Road,60,45.1,11,95.8,23.8,0
5032,Rawalpindi,Tuesday,4,Cloudy,Low,Motorcycle,Main Road,60,71.2,8,89.1,30.9,0
5033,Quetta,Wednesday,19,Fog,Severe,Car,Residential,50,10.0,8,53.2,70.4,1
5034,Quetta,Sunday,11,Clear,Low,Rickshaw,Main Road,60,49.9,4,100.0,25.3,0
5035,Multan,Tuesday,0,Cloudy,Medium,Rickshaw,Highway,100,104.5,4,83.2,37.5,0
5036,Quetta,Monday,7,Rain,Low,Van,Market,50,53.6,25,62.3,43.8,0
5037,Rawalpindi,Saturday,0,Cloudy,Medium,Motorcycle,Main Road,60,53.3,4,94.5,46.7,1
5038,Karachi,Wednesday,4,Clear,Medium,Car,Residential,50,36.2,7,95.7,17.0,0
5039,Quetta,Wednesday,21,Clear,High,Motorcycle,Market,50,18.9,18,89.1,44.9,0
5040,Quetta,Thursday,5,Clear,Severe,Van,Highway,100,89.8,8,74.3,53.6,0
5041,Lahore,Friday,20,Clear,Medium,Motorcycle,Main Road,60,52.4,4,87.9,16.3,0
5042,Peshawar,Thursday,2,Cloudy,Medium,Van,Residential,50,39.2,7,95.5,20.8,0
5043,Lahore,Sunday,14,Clear,High,Bus,Market,50,28.7,19,84.5,25.5,0
5044,Karachi,Wednesday,4,Dust,High,Van,Main Road,60,48.1,4,62.5,33.8,0
5045,Rawalpindi,Wednesday,23,Clear,Medium,Motorcycle,Main Road,60,48.3,5,77.3,23.8,0
5046,Rawalpindi,Friday,13,Clear,Low,Motorcycle,Residential,50,41.9,8,95.4,47.1,0
5047,Lahore,Sunday,17,Cloudy,Low,Motorcycle,School Zone,40,59.8,31,80.7,61.9,0
5048,Islamabad,Tuesday,15,Clear,Medium,Car,Residential,50,42.2,7,94.9,30.4,0
5049,Lahore,Friday,5,Cloudy,Medium,Van,Residential,50,67.4,7,73.7,40.9,0
5050,Islamabad,Saturday,23,Clear,Low,Car,Market,50,67.7,18,98.0,35.1,0
5051,Multan,Thursday,13,Clear,Low,Car,Main Road,60,77.1,1,89.7,33.5,0
5052,Lahore,Tuesday,23,Clear,Low,Motorcycle,Highway,100,112.2,9,96.3,40.5,0
5053,Islamabad,Thursday,7,Clear,Low,Car,School Zone,40,34.8,38,100.0,29.7,0
5054,Islamabad,Friday,6,Fog,Low,Bus,Market,50,44.1,15,45.0,30.2,0
5055,Quetta,Tuesday,7,Clear,Medium,Car,Market,50,31.5,24,94.4,24.8,0
5056,Multan,Friday,12,Dust,High,Motorcycle,Market,50,30.4,17,55.4,50.6,1
5057,Quetta,Saturday,5,Clear,High,Car,Main Road,60,39.5,10,93.1,50.2,0
5058,Islamabad,Monday,17,Cloudy,High,Car,Highway,100,69.7,4,95.8,28.2,0
5059,Islamabad,Wednesday,1,Cloudy,Medium,Van,Residential,50,56.0,5,83.4,37.3,0
5060,Peshawar,Sunday,7,Fog,Low,Car,School Zone,40,25.8,39,39.8,56.2,0
5061,Islamabad,Tuesday,10,Rain,Medium,Car,Highway,100,83.1,7,55.3,13.7,0
5062,Quetta,Wednesday,0,Fog,Medium,Rickshaw,Market,50,31.6,26,56.3,34.6,0
5063,Islamabad,Monday,21,Rain,Severe,Motorcycle,School Zone,40,10.0,35,86.3,80.3,1
5064,Rawalpindi,Tuesday,5,Clear,Low,Motorcycle,School Zone,40,34.2,38,92.4,22.7,0
5065,Peshawar,Wednesday,15,Fog,High,Rickshaw,Highway,100,77.3,6,39.3,63.9,1
5066,Islamabad,Wednesday,19,Fog,Medium,Car,Highway,100,89.4,6,56.0,45.3,0
5067,Quetta,Tuesday,11,Clear,High,Motorcycle,Main Road,60,43.7,5,100.0,38.9,0
5068,Quetta,Wednesday,10,Dust,Medium,Motorcycle,Market,50,29.2,13,60.1,20.8,0
5069,Karachi,Wednesday,9,Cloudy,High,Car,Residential,50,24.6,4,93.6,45.6,0
5070,Quetta,Tuesday,2,Fog,Medium,Bus,School Zone,40,16.4,36,41.0,44.3,0
5071,Peshawar,Sunday,12,Dust,Medium,Car,Market,50,50.7,25,65.0,39.7,0
5072,Quetta,Wednesday,2,Dust,Severe,Car,Residential,50,27.0,12,71.0,51.0,0
5073,Rawalpindi,Wednesday,14,Dust,Medium,Rickshaw,Residential,50,69.0,9,57.9,45.5,0
5074,Lahore,Sunday,15,Clear,High,Motorcycle,Market,50,22.2,21,93.3,29.7,0
5075,Rawalpindi,Thursday,12,Clear,Low,Bus,Residential,50,43.7,15,94.0,0.0,0
5076,Multan,Saturday,16,Clear,Low,Car,Residential,50,18.3,7,100.0,23.7,0
5077,Rawalpindi,Thursday,2,Clear,Medium,Motorcycle,Main Road,60,49.0,8,99.0,36.4,0
5078,Peshawar,Monday,19,Clear,Medium,Van,Highway,100,78.4,4,96.0,35.4,0
5079,Peshawar,Thursday,10,Cloudy,High,Rickshaw,Residential,50,26.7,7,73.3,33.2,0
5080,Karachi,Thursday,20,Clear,Low,Motorcycle,Main Road,60,60.0,5,92.6,58.8,0
5081,Quetta,Monday,18,Rain,High,Bus,Main Road,60,28.6,9,75.1,43.6,0
5082,Karachi,Wednesday,21,Dust,Low,Rickshaw,Main Road,60,54.2,7,71.9,67.6,1
5083,Peshawar,Wednesday,10,Cloudy,Severe,Van,Market,50,21.9,26,92.4,44.3,0
5084,Quetta,Thursday,15,Clear,Medium,Bus,Main Road,60,45.3,8,99.3,15.8,0
5085,Peshawar,Monday,20,Clear,Medium,Bus,Main Road,60,34.3,8,100.0,12.2,0
5086,Peshawar,Wednesday,2,Clear,Medium,Car,Residential,50,40.2,14,92.7,22.6,0
5087,Lahore,Friday,21,Clear,Severe,Motorcycle,Main Road,60,18.4,12,89.8,45.6,0
5088,Rawalpindi,Tuesday,5,Rain,Medium,Car,Highway,100,69.4,9,70.2,28.2,0
5089,Karachi,Tuesday,13,Cloudy,Medium,Rickshaw,Market,50,37.3,26,94.1,16.2,0
5090,Karachi,Saturday,23,Rain,Medium,Car,Main Road,60,32.8,9,91.8,34.2,0
5091,Islamabad,Tuesday,17,Clear,Severe,Car,Main Road,60,54.8,10,95.7,80.7,1
5092,Multan,Thursday,16,Clear,Medium,Van,Main Road,60,57.0,10,88.6,25.0,0
5093,Lahore,Tuesday,3,Rain,Low,Motorcycle,Market,50,42.6,27,74.7,42.7,0
5094,Peshawar,Tuesday,22,Clear,Medium,Motorcycle,Main Road,60,50.3,10,80.4,19.0,0
5095,Peshawar,Friday,14,Cloudy,Medium,Motorcycle,Main Road,60,42.4,9,100.0,19.4,0
5096,Lahore,Wednesday,10,Rain,Low,Car,Highway,100,100.0,9,84.3,65.0,0
5097,Quetta,Friday,2,Clear,Medium,Rickshaw,Residential,50,58.2,11,93.2,35.0,0
5098,Karachi,Thursday,2,Cloudy,Medium,Car,Highway,100,92.1,8,82.9,41.3,0
5099,Peshawar,Tuesday,15,Cloudy,High,Motorcycle,Highway,100,96.1,9,96.4,45.5,0
5100,Multan,Sunday,4,Rain,Severe,Motorcycle,Main Road,60,30.7,10,77.5,51.6,0
5101,Islamabad,Wednesday,20,Clear,Medium,Rickshaw,Main Road,60,67.5,4,95.4,53.1,0
5102,Karachi,Saturday,9,Dust,Medium,Car,Residential,50,24.5,9,48.3,40.2,0
5103,Rawalpindi,Saturday,18,Clear,Low,Van,Main Road,60,57.9,10,90.2,43.0,0
5104,Multan,Tuesday,3,Cloudy,High,Rickshaw,Market,50,38.1,27,92.0,38.8,0
5105,Lahore,Tuesday,18,Clear,Low,Car,Main Road,60,70.0,7,96.2,38.6,0
5106,Karachi,Saturday,10,Clear,Severe,Car,Highway,100,78.0,6,81.9,38.1,0
5107,Rawalpindi,Saturday,1,Clear,Medium,Bus,School Zone,40,13.8,29,69.0,13.4,0
5108,Islamabad,Sunday,9,Clear,Medium,Rickshaw,School Zone,40,49.8,41,89.9,65.0,1
5109,Quetta,Thursday,10,Clear,Medium,Motorcycle,Residential,50,45.4,10,93.6,40.3,0
5110,Lahore,Tuesday,19,Clear,Severe,Motorcycle,Market,50,19.6,18,90.2,45.7,0
5111,Quetta,Saturday,15,Dust,Severe,Bus,Highway,100,84.2,8,55.5,44.2,0
5112,Multan,Sunday,18,Clear,Severe,Rickshaw,Residential,50,33.2,7,100.0,48.8,0
5113,Peshawar,Monday,22,Dust,High,Car,Residential,50,44.4,12,72.5,31.7,0
5114,Quetta,Saturday,23,Dust,Low,Motorcycle,Main Road,60,58.9,4,79.4,55.8,0
5115,Peshawar,Wednesday,10,Clear,Medium,Rickshaw,Residential,50,35.3,10,87.1,13.7,0
5116,Multan,Wednesday,13,Clear,Medium,Bus,Main Road,60,40.3,6,77.0,16.0,0
5117,Rawalpindi,Monday,1,Clear,High,Motorcycle,Residential,50,36.5,12,90.2,51.4,0
5118,Karachi,Thursday,22,Fog,Medium,Car,Residential,50,24.2,7,42.4,40.9,0
5119,Islamabad,Tuesday,4,Cloudy,High,Van,Market,50,19.6,19,84.1,34.1,0
5120,Rawalpindi,Tuesday,4,Fog,Low,Rickshaw,Residential,50,33.7,8,54.0,30.6,0
5121,Islamabad,Saturday,18,Clear,High,Motorcycle,Residential,50,31.2,10,87.3,30.0,0
5122,Quetta,Wednesday,20,Dust,Severe,Motorcycle,Main Road,60,39.5,8,55.9,71.2,0
5123,Islamabad,Thursday,11,Clear,High,Motorcycle,Market,50,41.5,22,76.4,50.5,0
5124,Quetta,Thursday,17,Dust,High,Rickshaw,Residential,50,15.2,3,57.6,42.2,0
5125,Islamabad,Thursday,3,Clear,Medium,Car,School Zone,40,35.2,39,87.5,49.0,0
5126,Lahore,Saturday,21,Cloudy,Low,Van,School Zone,40,41.0,44,77.5,59.1,0
5127,Rawalpindi,Tuesday,16,Cloudy,Severe,Motorcycle,Main Road,60,10.0,10,98.2,45.8,0
5128,Lahore,Thursday,9,Cloudy,Low,Motorcycle,Residential,50,53.3,12,94.1,61.6,1
5129,Karachi,Saturday,19,Clear,Low,Bus,Market,50,54.4,21,84.6,49.9,0
5130,Karachi,Saturday,5,Cloudy,Low,Motorcycle,Main Road,60,57.5,8,90.3,47.0,0
5131,Peshawar,Monday,13,Clear,High,Bus,Main Road,60,60.5,4,80.4,42.3,0
5132,Peshawar,Friday,10,Cloudy,Medium,Bus,Main Road,60,58.4,5,96.1,31.1,0
5133,Peshawar,Thursday,10,Cloudy,Low,Motorcycle,Residential,50,57.9,5,96.6,31.9,0
5134,Multan,Friday,17,Clear,Severe,Van,School Zone,40,21.1,43,93.2,41.1,0
5135,Karachi,Tuesday,22,Rain,Severe,Rickshaw,Main Road,60,10.0,5,72.8,48.2,0
5136,Islamabad,Saturday,21,Clear,Medium,Car,Main Road,60,61.6,12,91.5,59.9,0
5137,Quetta,Sunday,17,Clear,High,Car,Market,50,40.4,28,93.6,26.3,0
5138,Multan,Thursday,23,Clear,High,Bus,Residential,50,33.2,11,83.0,24.4,0
5139,Islamabad,Sunday,22,Dust,Medium,Motorcycle,Main Road,60,61.4,9,67.8,57.6,0
5140,Rawalpindi,Wednesday,10,Cloudy,Medium,Motorcycle,Market,50,45.7,17,99.6,60.9,0
5141,Karachi,Tuesday,20,Dust,Medium,Car,Main Road,60,56.8,12,59.1,67.2,0
5142,Quetta,Monday,11,Cloudy,High,Motorcycle,Market,50,35.7,20,89.9,30.7,0
5143,Quetta,Monday,4,Rain,Medium,Van,Residential,50,50.4,13,75.0,47.0,1
5144,Quetta,Friday,22,Clear,High,Motorcycle,Residential,50,23.8,12,77.2,60.2,1
5145,Peshawar,Saturday,8,Rain,High,Car,Highway,100,69.8,5,77.9,43.5,0
5146,Quetta,Friday,8,Clear,Medium,Motorcycle,Market,50,46.0,16,86.1,35.6,0
5147,Quetta,Wednesday,21,Cloudy,Low,Car,Residential,50,47.5,5,85.7,47.5,0
5148,Karachi,Wednesday,9,Clear,Low,Motorcycle,Main Road,60,65.5,4,100.0,50.6,0
5149,Islamabad,Monday,21,Fog,Low,Van,Market,50,39.1,21,31.8,37.7,0
5150,Multan,Sunday,18,Rain,Low,Motorcycle,Market,50,64.6,33,72.0,82.3,1
5151,Multan,Thursday,0,Dust,Medium,Van,Highway,100,86.2,7,71.2,28.6,0
5152,Islamabad,Monday,6,Clear,High,Motorcycle,Main Road,60,54.7,6,94.7,76.8,1
5153,Lahore,Monday,3,Clear,Low,Car,Main Road,60,62.1,11,100.0,46.2,0
5154,Lahore,Sunday,0,Clear,Medium,Bus,Highway,100,88.3,8,85.7,13.2,0
5155,Rawalpindi,Sunday,14,Cloudy,Low,Car,Residential,50,28.5,10,90.5,22.1,0
5156,Karachi,Wednesday,7,Rain,Medium,Car,Residential,50,23.5,18,78.7,14.4,0
5157,Lahore,Sunday,11,Clear,High,Rickshaw,Main Road,60,67.0,7,97.8,44.0,0
5158,Lahore,Friday,21,Clear,Medium,Car,Residential,50,49.9,9,83.0,31.3,0
5159,Karachi,Wednesday,21,Clear,Medium,Motorcycle,Highway,100,95.1,6,84.5,50.8,0
5160,Islamabad,Sunday,17,Rain,High,Bus,Residential,50,28.4,13,80.1,32.7,0
5161,Rawalpindi,Saturday,14,Clear,Medium,Van,Highway,100,112.6,7,97.5,43.5,1
5162,Rawalpindi,Wednesday,16,Fog,Low,Car,Main Road,60,38.2,9,44.9,35.7,0
5163,Rawalpindi,Wednesday,13,Clear,High,Motorcycle,Main Road,60,37.6,6,81.5,56.6,0
5164,Lahore,Monday,13,Rain,Medium,Rickshaw,Market,50,41.9,23,68.8,36.6,0
5165,Islamabad,Thursday,17,Cloudy,Medium,Rickshaw,Market,50,48.9,20,95.3,51.6,1
5166,Rawalpindi,Monday,19,Clear,Low,Motorcycle,Main Road,60,59.6,6,100.0,29.2,0
5167,Karachi,Tuesday,17,Rain,Medium,Car,School Zone,40,13.8,34,85.4,53.1,0
5168,Rawalpindi,Wednesday,15,Clear,High,Motorcycle,Residential,50,27.1,6,100.0,33.3,0
5169,Multan,Sunday,0,Cloudy,High,Motorcycle,Residential,50,39.8,8,98.7,36.5,0
5170,Peshawar,Sunday,22,Cloudy,Severe,Rickshaw,School Zone,40,15.1,31,85.2,62.4,0
5171,Islamabad,Sunday,10,Clear,Medium,Car,Residential,50,35.5,10,83.8,38.9,0
5172,Peshawar,Wednesday,14,Dust,Severe,Motorcycle,Market,50,18.6,17,66.8,63.6,0
5173,Islamabad,Sunday,11,Cloudy,High,Motorcycle,Market,50,45.7,14,90.7,66.7,1
5174,Quetta,Tuesday,7,Rain,Medium,Motorcycle,Main Road,60,54.6,8,81.3,41.3,0
5175,Karachi,Wednesday,21,Clear,Severe,Van,School Zone,40,10.0,39,74.5,73.0,1
5176,Quetta,Sunday,19,Clear,Medium,Car,Main Road,60,40.8,9,94.0,4.8,0
5177,Lahore,Wednesday,5,Clear,Medium,Motorcycle,School Zone,40,25.7,19,88.4,30.6,0
5178,Lahore,Saturday,2,Dust,Low,Rickshaw,Residential,50,41.5,8,67.1,25.9,0
5179,Quetta,Wednesday,23,Fog,High,Bus,Main Road,60,47.2,9,57.5,37.3,1
5180,Islamabad,Tuesday,12,Clear,Low,Bus,Main Road,60,82.3,6,84.4,46.1,0
5181,Rawalpindi,Monday,12,Clear,Medium,Motorcycle,Market,50,49.5,25,100.0,59.5,1
5182,Peshawar,Wednesday,1,Rain,Severe,Car,Market,50,10.0,20,72.9,66.5,1
5183,Karachi,Thursday,4,Rain,Low,Rickshaw,School Zone,40,34.7,27,95.4,22.9,1
5184,Rawalpindi,Tuesday,16,Rain,Medium,Car,Main Road,60,47.7,7,76.6,36.6,0
5185,Lahore,Friday,5,Clear,Severe,Motorcycle,Residential,50,10.0,10,88.1,56.8,1
5186,Rawalpindi,Saturday,1,Clear,Medium,Motorcycle,School Zone,40,29.5,34,95.5,48.8,0
5187,Quetta,Tuesday,3,Clear,Medium,Van,Residential,50,44.4,9,97.6,21.7,0
5188,Quetta,Monday,21,Clear,High,Van,Residential,50,37.2,8,98.9,34.6,0
5189,Multan,Sunday,10,Rain,Low,Bus,Main Road,60,44.9,7,86.4,37.8,0
5190,Multan,Sunday,7,Cloudy,Severe,Bus,Highway,100,67.1,3,82.9,21.9,0
5191,Peshawar,Tuesday,11,Dust,Medium,Car,Residential,50,41.3,12,73.9,22.0,0
5192,Lahore,Friday,7,Clear,High,Van,Market,50,45.1,23,91.4,48.8,0
5193,Islamabad,Sunday,10,Cloudy,Medium,Bus,Main Road,60,46.4,16,86.1,21.9,0
5194,Karachi,Saturday,21,Cloudy,Medium,Motorcycle,Market,50,50.8,21,75.5,52.2,0
5195,Quetta,Thursday,19,Clear,Low,Motorcycle,School Zone,40,50.6,40,92.3,53.1,0
5196,Karachi,Friday,7,Cloudy,Low,Van,Highway,100,101.6,9,99.5,30.6,0
5197,Lahore,Tuesday,7,Cloudy,Medium,Van,Main Road,60,46.7,13,85.7,24.3,0
5198,Islamabad,Friday,16,Dust,Medium,Car,Market,50,36.9,25,83.0,26.3,0
5199,Multan,Sunday,19,Clear,High,Motorcycle,Market,50,10.0,18,98.8,33.5,0
5200,Quetta,Sunday,19,Dust,Low,Car,Residential,50,44.7,10,68.7,29.2,0
5201,Peshawar,Tuesday,22,Fog,Medium,Rickshaw,Highway,100,84.8,8,47.5,28.8,0
5202,Karachi,Sunday,15,Rain,Low,Motorcycle,Highway,100,100.0,2,66.6,84.4,0
5203,Lahore,Sunday,13,Rain,Medium,Rickshaw,Market,50,37.3,17,90.6,29.6,0
5204,Karachi,Thursday,10,Clear,Medium,Car,Highway,100,96.4,7,94.7,30.0,0
5205,Multan,Thursday,6,Cloudy,Medium,Car,Main Road,60,32.7,9,81.5,1.3,0
5206,Multan,Monday,15,Rain,Medium,Car,School Zone,40,35.2,37,83.2,45.3,1
5207,Islamabad,Thursday,12,Cloudy,High,Bus,Market,50,36.9,17,86.2,34.5,0
5208,Peshawar,Wednesday,14,Clear,High,Motorcycle,Residential,50,11.7,9,71.1,27.4,0
5209,Multan,Friday,23,Fog,Medium,Car,Main Road,60,29.2,9,47.0,38.0,0
5210,Islamabad,Friday,15,Cloudy,Low,Motorcycle,Market,50,57.2,26,91.7,27.5,0
5211,Multan,Tuesday,20,Fog,Medium,Rickshaw,Main Road,60,17.9,9,43.2,29.3,0
5212,Quetta,Thursday,22,Cloudy,Severe,Rickshaw,Main Road,60,54.8,4,85.8,56.2,0
5213,Rawalpindi,Monday,23,Rain,Low,Motorcycle,Market,50,44.6,26,77.8,39.3,0
5214,Islamabad,Sunday,8,Rain,High,Motorcycle,Market,50,25.4,16,77.6,78.0,1
5215,Islamabad,Monday,2,Cloudy,Medium,Rickshaw,Main Road,60,45.8,9,89.5,34.3,0
5216,Karachi,Monday,18,Clear,Medium,Car,Main Road,60,61.7,9,81.4,40.8,0
5217,Multan,Saturday,19,Clear,Severe,Van,Main Road,60,39.7,10,92.2,45.9,0
5218,Islamabad,Sunday,4,Cloudy,Severe,Car,Highway,100,76.6,13,86.9,39.4,0
5219,Lahore,Wednesday,9,Dust,Low,Rickshaw,Market,50,54.1,19,65.8,52.0,0
5220,Quetta,Thursday,16,Cloudy,High,Motorcycle,Market,50,10.0,18,94.5,29.1,1
5221,Karachi,Sunday,14,Clear,High,Rickshaw,Market,50,13.4,13,100.0,19.3,0
5222,Karachi,Monday,22,Clear,Medium,Bus,Main Road,60,66.1,5,89.3,53.6,0
5223,Rawalpindi,Sunday,7,Cloudy,High,Car,Main Road,60,43.5,9,73.7,40.0,0
5224,Quetta,Wednesday,14,Cloudy,Severe,Van,Highway,100,95.6,9,90.9,64.0,0
5225,Lahore,Friday,20,Fog,Medium,Van,Market,50,36.6,18,48.1,22.8,0
5226,Quetta,Tuesday,13,Cloudy,Severe,Van,Residential,50,25.0,7,85.4,53.3,1
5227,Islamabad,Thursday,19,Clear,High,Car,Main Road,60,51.7,9,97.3,28.1,0
5228,Rawalpindi,Thursday,6,Cloudy,Medium,Car,Residential,50,55.7,8,76.8,44.0,0
5229,Lahore,Saturday,20,Rain,High,Motorcycle,Main Road,60,38.2,10,82.2,55.5,0
5230,Rawalpindi,Friday,22,Cloudy,High,Motorcycle,Market,50,46.3,30,96.1,65.9,1
5231,Quetta,Thursday,11,Clear,Medium,Car,Highway,100,88.5,9,91.6,20.0,0
5232,Peshawar,Saturday,16,Clear,Medium,Motorcycle,Residential,50,40.4,6,89.4,29.8,0
5233,Quetta,Saturday,16,Rain,High,Motorcycle,Residential,50,46.3,4,81.2,61.0,1
5234,Islamabad,Saturday,9,Clear,High,Car,Main Road,60,37.7,14,96.6,48.2,0
5235,Rawalpindi,Thursday,18,Clear,Medium,Motorcycle,Main Road,60,65.0,10,98.3,50.5,0
5236,Peshawar,Thursday,13,Clear,Low,Car,Residential,50,49.7,5,76.6,30.0,0
5237,Islamabad,Thursday,10,Fog,Medium,Bus,Market,50,44.0,20,54.0,32.5,0
5238,Rawalpindi,Wednesday,1,Clear,Medium,Bus,Market,50,27.5,18,91.6,22.5,0
5239,Rawalpindi,Saturday,17,Rain,Low,Car,Residential,50,40.1,10,73.9,28.3,0
5240,Quetta,Wednesday,6,Cloudy,High,Car,School Zone,40,16.6,42,91.9,66.8,1
5241,Multan,Tuesday,11,Cloudy,Severe,Car,School Zone,40,30.7,34,100.0,61.1,0
5242,Rawalpindi,Thursday,1,Rain,Medium,Motorcycle,Highway,100,85.7,10,70.8,43.6,0
5243,Rawalpindi,Sunday,19,Clear,Severe,Bus,Residential,50,13.0,9,89.3,47.1,1
5244,Karachi,Friday,17,Clear,High,Bus,Highway,100,49.9,7,95.5,26.7,0
5245,Multan,Monday,5,Clear,Low,Motorcycle,School Zone,40,28.9,33,83.8,42.0,0
5246,Rawalpindi,Tuesday,23,Cloudy,High,Bus,Highway,100,65.9,9,90.5,38.0,0
5247,Quetta,Sunday,9,Fog,Medium,Rickshaw,Main Road,60,32.3,10,37.7,28.6,0
5248,Karachi,Monday,19,Fog,Severe,Car,Main Road,60,33.5,5,51.2,71.0,1
5249,Karachi,Monday,14,Rain,Low,Motorcycle,School Zone,40,33.9,32,78.6,46.1,0
5250,Peshawar,Thursday,4,Dust,Low,Motorcycle,School Zone,40,20.7,43,62.5,36.4,0
5251,Islamabad,Friday,19,Fog,Low,Motorcycle,Market,50,38.5,21,42.6,52.4,0
5252,Karachi,Monday,2,Rain,Low,Motorcycle,Main Road,60,38.4,5,78.8,28.4,0
5253,Lahore,Saturday,4,Clear,Medium,Motorcycle,Highway,100,98.1,7,73.9,25.9,0
5254,Karachi,Sunday,7,Clear,Medium,Car,School Zone,40,36.8,25,90.3,44.8,1
5255,Lahore,Monday,7,Fog,Medium,Car,Residential,50,48.3,7,46.6,61.0,0
5256,Multan,Tuesday,7,Cloudy,Medium,Bus,Main Road,60,31.6,6,91.7,12.6,0
5257,Peshawar,Friday,11,Dust,Low,Car,Residential,50,63.1,8,49.2,38.1,0
5258,Lahore,Friday,23,Clear,High,Motorcycle,Main Road,60,43.8,6,94.8,75.0,1
5259,Peshawar,Monday,22,Clear,Low,Motorcycle,Market,50,55.0,20,82.9,52.6,0
5260,Peshawar,Friday,7,Clear,Low,Car,Residential,50,53.1,5,95.9,44.2,0
5261,Peshawar,Tuesday,10,Clear,High,Car,School Zone,40,37.0,28,97.2,73.0,1
5262,Lahore,Sunday,13,Dust,Low,Motorcycle,Main Road,60,72.9,12,80.7,68.8,1
5263,Lahore,Tuesday,7,Clear,Medium,Motorcycle,Main Road,60,60.0,5,76.8,21.1,0
5264,Peshawar,Tuesday,23,Cloudy,Low,Motorcycle,Highway,100,89.3,13,92.0,14.9,0
5265,Multan,Saturday,9,Clear,Severe,Bus,Main Road,60,27.5,8,86.8,30.5,0
5266,Peshawar,Thursday,6,Clear,High,Rickshaw,Market,50,43.5,27,84.4,32.9,0
5267,Multan,Monday,16,Clear,Low,Bus,Main Road,60,30.1,8,90.1,11.2,0
5268,Islamabad,Sunday,3,Fog,Medium,Rickshaw,Market,50,37.4,19,46.5,38.2,0
5269,Multan,Friday,12,Rain,Medium,Rickshaw,Main Road,60,61.1,5,88.0,52.1,0
5270,Multan,Tuesday,3,Cloudy,Low,Motorcycle,Residential,50,61.5,6,96.2,35.0,0
5271,Multan,Monday,4,Dust,Medium,Car,Residential,50,37.9,6,53.9,15.2,0
5272,Peshawar,Sunday,21,Fog,High,Motorcycle,Main Road,60,40.2,8,50.1,54.5,0
5273,Rawalpindi,Sunday,3,Clear,Low,Car,Market,50,38.9,26,100.0,27.4,0
5274,Islamabad,Monday,17,Clear,High,Bus,Main Road,60,65.3,12,98.4,49.0,0
5275,Islamabad,Thursday,5,Clear,Severe,Car,School Zone,40,10.0,37,79.4,69.6,1
5276,Islamabad,Saturday,23,Clear,Medium,Motorcycle,Highway,100,102.5,9,92.5,47.0,0
5277,Rawalpindi,Friday,23,Clear,Severe,Rickshaw,School Zone,40,10.0,45,100.0,46.5,0
5278,Islamabad,Saturday,22,Clear,Severe,Rickshaw,Main Road,60,45.5,14,92.8,42.2,1
5279,Islamabad,Sunday,21,Clear,High,Motorcycle,Main Road,60,38.0,15,99.2,27.9,0
5280,Lahore,Friday,1,Dust,Medium,Car,Residential,50,30.1,4,62.4,34.6,1
5281,Quetta,Sunday,22,Dust,High,Van,Market,50,42.6,21,66.9,52.9,0
5282,Lahore,Tuesday,10,Clear,Severe,Motorcycle,Main Road,60,38.0,6,69.7,66.6,1
5283,Peshawar,Tuesday,13,Rain,High,Motorcycle,Market,50,33.5,26,92.6,48.7,0
5284,Peshawar,Monday,4,Rain,Low,Rickshaw,Market,50,34.1,11,83.6,23.7,0
5285,Multan,Friday,5,Clear,High,Motorcycle,Main Road,60,32.3,13,84.8,58.8,1
5286,Karachi,Friday,9,Cloudy,Severe,Van,Highway,100,101.5,8,100.0,58.3,1
5287,Quetta,Sunday,7,Clear,Medium,Car,School Zone,40,30.5,46,86.2,35.0,0
5288,Rawalpindi,Saturday,13,Clear,High,Car,Market,50,34.2,18,92.7,33.2,0
5289,Lahore,Tuesday,23,Cloudy,Medium,Motorcycle,School Zone,40,32.6,38,90.0,54.2,0
5290,Peshawar,Wednesday,2,Clear,Low,Motorcycle,Main Road,60,46.7,7,78.3,49.1,0
5291,Rawalpindi,Monday,11,Clear,Medium,Bus,Main Road,60,48.4,10,90.6,28.1,0
5292,Islamabad,Friday,15,Clear,Low,Car,Main Road,60,72.1,7,88.6,22.6,0
5293,Rawalpindi,Thursday,22,Fog,High,Car,Market,50,20.6,19,44.4,50.5,0
5294,Lahore,Thursday,16,Rain,Medium,Van,Market,50,12.3,20,82.4,38.1,1
5295,Quetta,Wednesday,0,Rain,Low,Rickshaw,Main Road,60,47.3,6,60.4,10.3,0
5296,Karachi,Tuesday,22,Rain,Low,Motorcycle,Residential,50,56.8,8,66.0,55.6,1
5297,Multan,Tuesday,9,Rain,Medium,Van,Residential,50,44.6,10,71.0,28.0,0
5298,Lahore,Tuesday,22,Clear,High,Rickshaw,School Zone,40,18.9,33,98.1,44.4,0
5299,Multan,Saturday,9,Fog,Low,Rickshaw,Main Road,60,58.1,6,46.2,48.2,0
5300,Quetta,Sunday,20,Dust,Low,Motorcycle,Main Road,60,73.0,9,56.1,45.7,0
5301,Peshawar,Thursday,23,Clear,Severe,Motorcycle,Market,50,19.0,26,88.6,48.7,0
5302,Multan,Tuesday,1,Cloudy,Medium,Car,Main Road,60,39.1,5,89.0,17.5,0
5303,Peshawar,Thursday,8,Cloudy,High,Car,Residential,50,41.6,5,68.6,33.6,0
5304,Rawalpindi,Wednesday,21,Clear,Medium,Rickshaw,Market,50,54.9,23,96.2,41.3,0
5305,Lahore,Monday,12,Clear,Medium,Motorcycle,School Zone,40,38.1,32,86.9,75.9,0
5306,Peshawar,Sunday,15,Clear,Low,Motorcycle,School Zone,40,39.9,43,89.7,78.6,0
5307,Islamabad,Saturday,17,Dust,Medium,Car,Highway,100,83.4,8,73.8,42.1,0
5308,Islamabad,Friday,18,Clear,Medium,Motorcycle,Residential,50,32.6,11,98.5,17.2,0
5309,Karachi,Wednesday,11,Clear,Medium,Motorcycle,School Zone,40,39.2,36,94.1,74.7,0
5310,Rawalpindi,Sunday,7,Clear,High,Motorcycle,Market,50,29.6,26,91.2,43.1,0
5311,Peshawar,Thursday,16,Rain,Medium,Motorcycle,Residential,50,55.0,6,75.3,41.8,0
5312,Karachi,Wednesday,14,Fog,Low,Car,Market,50,42.2,23,42.9,26.4,0
5313,Islamabad,Friday,9,Cloudy,High,Rickshaw,Residential,50,43.1,9,92.6,15.7,0
5314,Karachi,Sunday,14,Clear,Medium,Rickshaw,Main Road,60,69.3,5,84.2,39.9,0
5315,Karachi,Saturday,14,Cloudy,Severe,Car,Residential,50,10.0,9,91.0,39.0,0
5316,Peshawar,Monday,22,Rain,High,Car,Highway,100,89.2,9,82.5,41.0,0
5317,Peshawar,Friday,6,Rain,Low,Car,Main Road,60,39.8,7,80.1,34.9,0
5318,Peshawar,Sunday,12,Rain,Severe,Rickshaw,Market,50,10.0,26,77.9,68.9,1
5319,Rawalpindi,Saturday,16,Clear,High,Bus,Market,50,44.7,27,100.0,39.8,0
5320,Multan,Thursday,8,Clear,Severe,Motorcycle,School Zone,40,12.4,31,77.5,65.1,0
5321,Karachi,Friday,7,Clear,High,Van,Highway,100,79.1,9,80.3,12.2,0
5322,Karachi,Wednesday,19,Fog,Severe,Rickshaw,Residential,50,10.0,5,71.3,64.6,0
5323,Rawalpindi,Tuesday,20,Cloudy,High,Motorcycle,Market,50,24.3,29,94.2,46.9,1
5324,Islamabad,Wednesday,17,Rain,High,Car,School Zone,40,13.3,36,78.6,57.8,1
5325,Lahore,Thursday,12,Dust,High,Bus,Main Road,60,42.2,7,65.0,42.7,1
5326,Multan,Sunday,15,Dust,Severe,Motorcycle,Residential,50,32.2,4,51.8,45.9,0
5327,Islamabad,Monday,8,Clear,Medium,Car,Main Road,60,40.8,7,86.8,14.0,0
5328,Rawalpindi,Friday,11,Clear,High,Car,Residential,50,24.2,4,94.2,36.9,0
5329,Multan,Sunday,11,Fog,Severe,Rickshaw,Main Road,60,10.0,4,40.0,56.9,0
5330,Multan,Monday,5,Fog,Medium,Van,Highway,100,82.6,7,50.7,49.3,0
5331,Karachi,Thursday,18,Cloudy,Low,Motorcycle,School Zone,40,35.6,34,85.7,40.8,0
5332,Karachi,Friday,6,Dust,Low,Car,Market,50,41.2,25,65.5,13.9,0
5333,Peshawar,Saturday,2,Clear,Severe,Rickshaw,Market,50,36.6,23,99.0,48.5,1
5334,Peshawar,Saturday,15,Clear,High,Bus,School Zone,40,10.0,38,83.0,62.5,0
5335,Karachi,Sunday,17,Clear,Medium,Car,Residential,50,34.0,7,87.3,31.6,0
5336,Karachi,Wednesday,15,Rain,Severe,Motorcycle,Market,50,29.9,19,94.0,69.1,1
5337,Quetta,Sunday,22,Cloudy,Low,Rickshaw,Highway,100,115.1,7,89.5,30.8,0
5338,Multan,Wednesday,6,Cloudy,Low,Car,Residential,50,46.6,8,98.0,37.0,0
5339,Peshawar,Thursday,3,Clear,High,Motorcycle,Main Road,60,14.8,7,87.4,44.0,0
5340,Peshawar,Saturday,7,Clear,Medium,Van,Highway,100,93.1,10,85.4,35.6,0
5341,Islamabad,Friday,12,Fog,Medium,Van,Main Road,60,29.7,5,45.1,24.0,0
5342,Karachi,Saturday,12,Clear,High,Car,Highway,100,84.9,8,90.5,26.3,0
5343,Multan,Wednesday,16,Rain,Low,Rickshaw,School Zone,40,31.1,43,78.7,32.7,0
5344,Karachi,Sunday,16,Rain,High,Car,Market,50,12.2,18,77.6,41.6,0
5345,Rawalpindi,Thursday,4,Rain,Medium,Car,Main Road,60,29.8,6,82.1,23.0,0
5346,Islamabad,Saturday,5,Fog,Severe,Car,School Zone,40,10.0,40,44.2,67.8,1
5347,Lahore,Thursday,18,Clear,High,Van,Highway,100,84.1,6,85.9,24.5,0
5348,Lahore,Saturday,12,Cloudy,High,Car,Main Road,60,52.2,0,95.0,27.3,0
5349,Lahore,Sunday,13,Clear,Low,Car,Market,50,45.8,11,96.7,27.8,0
5350,Multan,Monday,21,Clear,Severe,Motorcycle,Main Road,60,29.7,10,86.9,67.4,1
5351,Quetta,Sunday,3,Clear,Low,Motorcycle,Residential,50,61.5,7,82.7,28.0,0
5352,Peshawar,Saturday,6,Clear,Low,Car,Market,50,50.0,22,97.5,34.7,0
5353,Multan,Wednesday,7,Dust,Low,Van,Market,50,37.5,16,73.6,16.1,0
5354,Lahore,Sunday,12,Rain,Severe,Car,Main Road,60,21.2,4,78.4,59.1,0
5355,Rawalpindi,Friday,5,Clear,High,Car,Main Road,60,53.5,4,100.0,35.4,0
5356,Multan,Wednesday,5,Clear,Severe,Car,School Zone,40,10.0,41,100.0,76.0,1
5357,Multan,Wednesday,23,Clear,High,Car,Residential,50,38.0,6,93.3,29.4,0
5358,Peshawar,Wednesday,20,Cloudy,Low,Rickshaw,Residential,50,47.8,5,91.4,18.5,0
5359,Peshawar,Thursday,2,Dust,Severe,Van,Highway,100,91.7,11,52.9,79.3,0
5360,Lahore,Tuesday,2,Cloudy,Medium,Motorcycle,Main Road,60,44.2,5,83.6,19.5,0
5361,Peshawar,Tuesday,12,Clear,Medium,Rickshaw,Market,50,30.9,28,88.2,11.2,0
5362,Islamabad,Monday,21,Clear,Medium,Car,Residential,50,58.1,12,92.6,45.1,0
5363,Islamabad,Wednesday,1,Clear,Medium,Van,Highway,100,88.6,8,87.8,17.3,0
5364,Lahore,Tuesday,15,Cloudy,High,Van,Market,50,42.0,28,100.0,13.1,0
5365,Multan,Monday,21,Clear,Medium,Car,Market,50,32.6,20,86.2,32.7,0
5366,Rawalpindi,Thursday,5,Clear,Low,Bus,Highway,100,94.8,2,79.4,22.3,0
5367,Peshawar,Wednesday,7,Clear,High,Rickshaw,Market,50,17.9,22,94.2,31.2,0
5368,Karachi,Friday,22,Cloudy,Medium,Car,Residential,50,26.2,4,88.2,6.9,0
5369,Multan,Thursday,7,Clear,Low,Motorcycle,Main Road,60,64.0,5,100.0,66.9,1
5370,Lahore,Monday,5,Dust,Severe,Car,Residential,50,20.6,4,64.0,49.5,0
5371,Quetta,Thursday,13,Cloudy,Medium,Car,Highway,100,70.4,6,72.8,17.8,0
5372,Peshawar,Friday,2,Cloudy,High,Rickshaw,Residential,50,56.6,3,94.3,57.0,0
5373,Lahore,Thursday,9,Clear,Medium,Motorcycle,School Zone,40,46.9,37,100.0,63.7,0
5374,Lahore,Monday,2,Clear,Low,Rickshaw,Market,50,38.2,19,82.7,36.4,0
5375,Rawalpindi,Friday,11,Cloudy,High,Car,Highway,100,93.4,8,92.7,65.3,1
5376,Karachi,Friday,16,Clear,Low,Car,Residential,50,30.5,11,97.5,28.2,0
5377,Peshawar,Thursday,4,Clear,Medium,Rickshaw,Market,50,52.3,24,88.0,22.7,0
5378,Lahore,Friday,19,Clear,Low,Motorcycle,School Zone,40,33.0,27,90.0,18.5,0
5379,Lahore,Sunday,8,Clear,Low,Motorcycle,Residential,50,46.9,6,99.8,50.5,1
5380,Multan,Thursday,20,Clear,Medium,Motorcycle,Main Road,60,53.3,7,79.9,27.0,0
5381,Peshawar,Wednesday,19,Rain,Low,Motorcycle,Market,50,37.4,20,80.3,35.5,0
5382,Lahore,Friday,6,Clear,Low,Bus,School Zone,40,37.0,31,88.2,44.7,0
5383,Lahore,Thursday,21,Clear,Severe,Motorcycle,Main Road,60,25.3,8,93.3,57.2,0
5384,Lahore,Wednesday,3,Clear,Low,Rickshaw,School Zone,40,21.8,27,96.3,28.8,0
5385,Islamabad,Friday,12,Cloudy,Medium,Rickshaw,Market,50,33.6,29,96.5,30.0,0
5386,Islamabad,Wednesday,12,Rain,High,Car,Highway,100,60.4,10,84.1,39.7,0
5387,Karachi,Saturday,9,Clear,Severe,Motorcycle,Main Road,60,35.5,10,100.0,65.1,1
5388,Rawalpindi,Friday,17,Rain,Low,Car,Main Road,60,69.2,7,73.3,49.6,0
5389,Multan,Saturday,16,Clear,Low,Rickshaw,School Zone,40,51.1,37,80.7,48.8,0
5390,Multan,Monday,19,Cloudy,Medium,Bus,Main Road,60,32.1,11,95.2,0.0,0
5391,Peshawar,Monday,19,Cloudy,Medium,Motorcycle,Residential,50,19.0,6,83.6,11.4,0
5392,Rawalpindi,Thursday,12,Rain,Medium,Motorcycle,Main Road,60,57.4,7,79.4,57.8,0
5393,Rawalpindi,Tuesday,16,Cloudy,Low,Motorcycle,Residential,50,59.3,10,73.7,42.5,0
5394,Multan,Saturday,21,Clear,Medium,Motorcycle,Main Road,60,55.7,8,86.4,48.0,0
5395,Islamabad,Saturday,3,Cloudy,Low,Car,Residential,50,50.0,9,88.5,38.4,0
5396,Karachi,Monday,0,Clear,Low,Rickshaw,Main Road,60,44.3,5,84.3,30.6,0
5397,Rawalpindi,Saturday,0,Fog,High,Motorcycle,Highway,100,58.4,10,55.7,66.0,1
5398,Multan,Tuesday,14,Clear,Medium,Motorcycle,Residential,50,55.8,6,89.0,62.3,0
5399,Rawalpindi,Wednesday,12,Clear,Medium,Rickshaw,Highway,100,106.3,2,92.6,43.9,0
5400,Lahore,Wednesday,16,Clear,Medium,Van,Market,50,58.9,17,79.8,48.9,1
5401,Peshawar,Tuesday,23,Clear,Low,Car,School Zone,40,50.2,35,93.3,31.5,0
5402,Karachi,Saturday,7,Cloudy,High,Rickshaw,Highway,100,98.3,9,100.0,42.9,0
5403,Multan,Saturday,17,Clear,Severe,Motorcycle,School Zone,40,10.0,40,88.1,64.4,1
5404,Peshawar,Saturday,12,Clear,Medium,Van,Residential,50,57.5,7,88.4,40.9,0
5405,Islamabad,Sunday,22,Clear,Medium,Van,School Zone,40,29.0,31,77.9,57.3,0
5406,Rawalpindi,Thursday,13,Rain,High,Rickshaw,Main Road,60,50.2,10,88.3,43.3,0
5407,Rawalpindi,Friday,7,Clear,Low,Motorcycle,Main Road,60,24.7,6,96.6,31.0,0
5408,Quetta,Tuesday,7,Clear,Severe,Car,Residential,50,16.1,7,93.4,47.7,0
5409,Peshawar,Tuesday,14,Cloudy,Low,Motorcycle,Highway,100,89.3,8,91.8,37.1,0
5410,Islamabad,Sunday,12,Clear,High,Bus,Main Road,60,46.1,5,97.5,48.8,0
5411,Multan,Tuesday,6,Clear,Medium,Motorcycle,School Zone,40,23.4,35,81.7,37.7,0
5412,Quetta,Tuesday,4,Rain,Medium,Car,Main Road,60,48.7,5,67.4,31.0,0
5413,Quetta,Sunday,16,Clear,Low,Motorcycle,Market,50,29.3,23,89.6,7.8,0
5414,Lahore,Tuesday,15,Clear,High,Rickshaw,School Zone,40,34.8,43,92.1,27.8,0
5415,Quetta,Saturday,22,Cloudy,High,Bus,School Zone,40,22.3,40,98.4,62.4,0
5416,Quetta,Sunday,1,Clear,Severe,Motorcycle,Market,50,24.7,22,97.1,70.9,1
5417,Lahore,Thursday,21,Clear,Medium,Rickshaw,Market,50,58.0,21,100.0,30.0,0
5418,Rawalpindi,Monday,17,Rain,High,Motorcycle,Main Road,60,22.2,9,78.5,53.5,1
5419,Rawalpindi,Saturday,16,Dust,Medium,Motorcycle,Main Road,60,63.3,9,75.4,57.6,0
5420,Karachi,Saturday,6,Cloudy,Medium,Car,School Zone,40,51.6,34,91.8,64.8,0
5421,Quetta,Friday,12,Clear,Low,Car,Main Road,60,51.9,6,87.6,16.1,0
5422,Peshawar,Sunday,17,Clear,Medium,Motorcycle,Main Road,60,70.1,10,89.4,46.0,0
5423,Rawalpindi,Monday,13,Cloudy,High,Motorcycle,Residential,50,24.4,13,91.8,39.4,0
5424,Islamabad,Tuesday,17,Clear,High,Car,Main Road,60,29.4,10,91.7,33.8,0
5425,Multan,Monday,12,Clear,Medium,Van,Residential,50,55.1,7,100.0,55.1,0
5426,Peshawar,Thursday,10,Rain,Low,Motorcycle,Residential,50,33.4,8,79.4,45.9,0
5427,Karachi,Wednesday,20,Clear,High,Motorcycle,Main Road,60,54.8,4,85.4,51.1,1
5428,Quetta,Saturday,20,Clear,Severe,Bus,School Zone,40,16.7,33,91.6,64.5,0
5429,Lahore,Sunday,15,Clear,Medium,Bus,Main Road,60,52.2,11,82.6,28.5,0
5430,Karachi,Sunday,22,Rain,Severe,Motorcycle,Market,50,29.0,27,81.3,64.0,1
5431,Peshawar,Monday,16,Clear,Severe,Motorcycle,Main Road,60,46.4,1,90.5,44.1,0
5432,Lahore,Friday,7,Clear,Medium,Car,Highway,100,78.1,12,89.7,15.2,0
5433,Islamabad,Thursday,18,Clear,High,Car,Main Road,60,67.7,8,82.3,41.7,0
5434,Lahore,Wednesday,19,Dust,Medium,Motorcycle,Market,50,46.2,20,69.7,53.1,1
5435,Lahore,Thursday,14,Cloudy,High,Car,Highway,100,79.0,2,78.0,28.5,0
5436,Islamabad,Sunday,8,Clear,Low,Motorcycle,Main Road,60,53.9,8,85.5,25.9,0
5437,Rawalpindi,Tuesday,19,Rain,Medium,Car,Highway,100,67.1,3,79.2,16.1,0
5438,Rawalpindi,Wednesday,9,Clear,Low,Car,Main Road,60,50.8,4,80.6,27.1,0
5439,Lahore,Sunday,11,Clear,High,Rickshaw,Main Road,60,38.8,11,92.1,45.8,0
5440,Multan,Friday,20,Cloudy,Severe,Car,Residential,50,23.7,7,96.0,49.8,0
5441,Lahore,Wednesday,22,Cloudy,Medium,Bus,Residential,50,46.6,7,100.0,41.6,1
5442,Karachi,Sunday,19,Clear,Low,Bus,Residential,50,53.8,6,89.5,53.4,0
5443,Multan,Friday,0,Dust,Severe,Car,Main Road,60,35.0,6,65.5,41.6,0
5444,Rawalpindi,Tuesday,19,Clear,Low,Motorcycle,Main Road,60,55.0,7,97.1,41.1,0
5445,Islamabad,Friday,8,Fog,Severe,Rickshaw,Main Road,60,25.6,8,37.6,39.2,0
5446,Quetta,Thursday,21,Rain,High,Van,School Zone,40,10.0,35,77.0,65.2,1
5447,Quetta,Monday,14,Fog,High,Car,Main Road,60,27.4,11,43.4,66.7,1
5448,Lahore,Thursday,0,Clear,Medium,Motorcycle,Market,50,54.9,16,88.6,45.9,0
5449,Lahore,Sunday,11,Clear,Low,Bus,Market,50,49.8,25,87.1,35.4,0
5450,Quetta,Sunday,2,Rain,Medium,Car,Highway,100,84.6,8,76.6,20.1,0
5451,Karachi,Saturday,10,Rain,Low,Motorcycle,School Zone,40,35.5,31,79.3,58.1,0
5452,Karachi,Thursday,1,Dust,Medium,Rickshaw,Main Road,60,47.3,8,62.3,37.1,0
5453,Karachi,Wednesday,15,Clear,Medium,Bus,Residential,50,61.5,6,79.8,31.4,0
5454,Peshawar,Tuesday,8,Cloudy,High,Rickshaw,Residential,50,36.5,6,93.2,30.6,0
5455,Islamabad,Saturday,14,Dust,Severe,Rickshaw,Main Road,60,33.6,7,64.3,44.0,1
5456,Peshawar,Saturday,11,Dust,Medium,Car,Main Road,60,58.0,5,61.4,56.6,0
5457,Lahore,Saturday,0,Clear,High,Car,Highway,100,78.9,5,91.9,40.3,0
5458,Karachi,Sunday,12,Cloudy,High,Motorcycle,Main Road,60,46.7,3,85.0,49.3,0
5459,Karachi,Monday,13,Cloudy,Low,Rickshaw,Main Road,60,64.5,7,88.9,25.2,0
5460,Quetta,Friday,7,Clear,High,Car,Residential,50,33.1,8,87.3,36.6,0
5461,Quetta,Wednesday,7,Fog,Low,Bus,Residential,50,48.6,10,54.1,56.8,1
5462,Multan,Sunday,11,Clear,Medium,Car,Main Road,60,66.6,10,93.1,47.8,1
5463,Karachi,Tuesday,0,Cloudy,Severe,Bus,Main Road,60,10.0,3,84.7,43.5,0
5464,Rawalpindi,Sunday,10,Dust,Severe,Bus,School Zone,40,18.0,34,83.2,55.3,1
5465,Quetta,Monday,7,Clear,Medium,Rickshaw,School Zone,40,33.7,38,100.0,22.3,0
5466,Islamabad,Sunday,9,Dust,Low,Motorcycle,Residential,50,36.2,9,71.6,51.5,1
5467,Peshawar,Sunday,18,Rain,Severe,Car,Highway,100,60.3,11,85.2,60.5,1
5468,Islamabad,Thursday,10,Dust,Severe,Rickshaw,Highway,100,80.8,5,63.4,59.5,0
5469,Quetta,Tuesday,6,Clear,High,Motorcycle,Market,50,54.0,28,90.1,59.6,0
5470,Karachi,Saturday,10,Clear,Low,Van,Highway,100,118.1,7,100.0,50.9,0
5471,Lahore,Tuesday,16,Cloudy,High,Motorcycle,School Zone,40,33.9,39,100.0,52.8,0
5472,Rawalpindi,Tuesday,0,Clear,Low,Van,Market,50,55.8,22,99.7,13.0,0
5473,Quetta,Thursday,20,Clear,Severe,Rickshaw,Residential,50,15.0,7,92.0,44.3,0
5474,Islamabad,Friday,20,Clear,Medium,Rickshaw,Main Road,60,63.0,12,89.8,32.5,0
5475,Lahore,Sunday,7,Clear,High,Motorcycle,Market,50,43.2,20,95.9,55.5,0
5476,Quetta,Wednesday,22,Cloudy,Medium,Motorcycle,Highway,100,78.8,7,95.3,33.3,0
5477,Karachi,Saturday,23,Rain,Medium,Motorcycle,Highway,100,62.9,3,83.5,45.0,0
5478,Multan,Friday,5,Rain,High,Rickshaw,Market,50,18.4,18,74.5,35.8,0
5479,Karachi,Monday,21,Cloudy,Medium,Motorcycle,Main Road,60,53.9,6,99.4,24.6,0
5480,Karachi,Sunday,17,Rain,High,Car,School Zone,40,16.1,32,76.7,58.2,1
5481,Karachi,Saturday,5,Clear,High,Rickshaw,Residential,50,43.8,3,95.7,31.4,0
5482,Quetta,Wednesday,4,Dust,Low,Car,Market,50,38.3,25,60.7,25.1,0
5483,Multan,Sunday,12,Clear,High,Rickshaw,Residential,50,31.4,4,84.4,35.1,0
5484,Rawalpindi,Monday,18,Cloudy,High,Car,Residential,50,43.7,4,89.7,58.2,0
5485,Rawalpindi,Thursday,21,Clear,Medium,Car,Residential,50,49.3,11,75.7,31.8,0
5486,Islamabad,Friday,7,Clear,Medium,Bus,Residential,50,30.5,9,99.5,14.0,0
5487,Quetta,Sunday,8,Clear,Low,Rickshaw,Residential,50,59.8,8,90.5,45.5,0
5488,Multan,Saturday,16,Clear,Medium,Motorcycle,Highway,100,100.1,6,94.1,34.2,0
5489,Multan,Tuesday,2,Clear,Medium,Car,Main Road,60,20.7,10,86.6,18.7,0
5490,Karachi,Wednesday,18,Clear,Severe,Van,Main Road,60,42.0,7,98.8,47.6,0
5491,Rawalpindi,Sunday,10,Clear,High,Motorcycle,Main Road,60,38.5,7,80.9,34.5,0
5492,Quetta,Saturday,23,Clear,Medium,Motorcycle,Market,50,46.3,28,97.0,29.1,0
5493,Lahore,Tuesday,16,Clear,High,Car,Residential,50,10.0,6,89.6,44.7,0
5494,Rawalpindi,Saturday,20,Clear,High,Rickshaw,Residential,50,17.4,11,98.1,32.5,0
5495,Rawalpindi,Sunday,18,Dust,Medium,Motorcycle,Market,50,38.6,21,76.6,54.4,1
5496,Multan,Monday,1,Cloudy,Low,Motorcycle,Residential,50,60.7,5,89.4,40.1,0
5497,Islamabad,Tuesday,7,Fog,High,Bus,Main Road,60,40.8,7,41.5,50.7,0
5498,Rawalpindi,Tuesday,18,Cloudy,Low,Car,Main Road,60,39.9,5,100.0,17.8,0
5499,Lahore,Saturday,6,Dust,High,Motorcycle,School Zone,40,38.9,33,70.9,74.7,1
5500,Karachi,Thursday,16,Cloudy,Medium,Van,School Zone,40,25.7,42,89.8,33.2,0
5501,Peshawar,Sunday,5,Clear,High,Car,School Zone,40,15.8,28,93.6,38.0,0
5502,Islamabad,Thursday,18,Cloudy,High,Bus,Main Road,60,15.9,9,79.1,50.2,0
5503,Lahore,Friday,23,Clear,Low,Car,Main Road,60,78.3,11,97.0,20.2,0
5504,Islamabad,Monday,5,Cloudy,Medium,Van,Main Road,60,45.9,4,95.6,30.2,0
5505,Quetta,Thursday,1,Dust,High,Motorcycle,Highway,100,75.3,8,55.0,36.3,0
5506,Karachi,Saturday,5,Rain,High,Rickshaw,School Zone,40,10.0,30,81.1,45.8,0
5507,Rawalpindi,Sunday,22,Clear,High,Motorcycle,Market,50,28.5,26,96.3,59.8,1
5508,Quetta,Thursday,4,Fog,Severe,Car,Market,50,10.0,21,46.6,67.4,1
5509,Rawalpindi,Friday,18,Fog,Low,Car,Residential,50,37.6,6,45.9,38.2,0
5510,Multan,Wednesday,19,Clear,Low,Motorcycle,Highway,100,108.1,8,78.7,33.6,0
5511,Lahore,Friday,3,Dust,High,Motorcycle,Market,50,50.3,22,66.6,67.3,1
5512,Karachi,Tuesday,21,Clear,Medium,Motorcycle,Highway,100,94.1,6,98.7,36.0,0
5513,Peshawar,Sunday,16,Clear,Medium,Rickshaw,Residential,50,48.0,16,87.8,47.9,0
5514,Peshawar,Tuesday,10,Clear,High,Bus,Main Road,60,30.9,5,91.1,29.4,0
5515,Rawalpindi,Thursday,3,Rain,Severe,Car,Residential,50,30.3,8,82.2,53.2,0
5516,Quetta,Thursday,12,Clear,Low,Car,Main Road,60,33.6,10,100.0,18.8,0
5517,Multan,Friday,19,Clear,Low,Motorcycle,Market,50,50.0,28,88.7,65.9,0
5518,Karachi,Friday,16,Clear,High,Car,Main Road,60,29.3,5,99.5,25.2,0
5519,Karachi,Saturday,8,Clear,Low,Car,Residential,50,38.4,11,89.2,10.6,0
5520,Lahore,Monday,3,Clear,Medium,Motorcycle,Main Road,60,63.6,11,95.4,46.8,0
5521,Quetta,Saturday,22,Clear,High,Motorcycle,Highway,100,82.8,10,76.8,46.8,0
5522,Peshawar,Tuesday,13,Clear,Low,Van,Residential,50,34.5,9,85.9,14.0,0
5523,Lahore,Saturday,18,Clear,Low,Motorcycle,Highway,100,90.6,8,73.8,39.9,0
5524,Islamabad,Friday,2,Clear,Medium,Car,Main Road,60,48.4,5,81.1,18.6,0
5525,Karachi,Sunday,13,Dust,Low,Rickshaw,Main Road,60,53.7,7,64.7,26.5,0
5526,Peshawar,Saturday,7,Fog,High,Car,Highway,100,77.4,5,57.7,61.7,1
5527,Lahore,Wednesday,23,Clear,Low,Car,Market,50,70.1,25,96.4,60.9,0
5528,Rawalpindi,Monday,0,Clear,Low,Motorcycle,Main Road,60,42.9,9,100.0,21.8,0
5529,Islamabad,Friday,9,Fog,Medium,Car,School Zone,40,27.6,41,32.6,57.5,0
5530,Lahore,Sunday,17,Cloudy,Severe,Bus,School Zone,40,25.6,43,98.1,38.6,0
5531,Rawalpindi,Thursday,15,Rain,Severe,Motorcycle,Market,50,10.0,17,80.9,59.4,0
5532,Peshawar,Saturday,7,Clear,High,Car,Highway,100,79.0,9,94.1,35.7,0
5533,Peshawar,Friday,0,Clear,Medium,Car,Main Road,60,76.3,10,88.4,63.1,0
5534,Islamabad,Thursday,11,Cloudy,Medium,Rickshaw,Highway,100,106.5,6,88.5,36.3,0
5535,Rawalpindi,Thursday,7,Cloudy,High,Motorcycle,Main Road,60,40.2,6,93.7,39.1,0
5536,Karachi,Tuesday,23,Clear,Medium,Van,School Zone,40,39.0,40,96.2,48.5,0
5537,Multan,Tuesday,15,Clear,High,Van,Residential,50,27.2,11,82.2,26.6,0
5538,Multan,Sunday,17,Dust,Low,Motorcycle,Main Road,60,63.5,7,54.0,50.6,0
5539,Peshawar,Friday,3,Clear,Medium,Car,Main Road,60,57.0,5,100.0,34.9,0
5540,Quetta,Sunday,5,Cloudy,Medium,Motorcycle,Residential,50,37.1,9,100.0,28.9,0
5541,Karachi,Friday,11,Clear,Low,Motorcycle,Main Road,60,76.0,8,100.0,38.9,0
5542,Karachi,Wednesday,8,Clear,High,Car,School Zone,40,38.9,35,100.0,75.0,1
5543,Multan,Monday,14,Clear,High,Car,Main Road,60,33.0,7,94.7,18.9,0
5544,Lahore,Monday,15,Cloudy,Low,Motorcycle,Residential,50,48.6,9,80.9,31.6,0
5545,Lahore,Friday,23,Clear,Severe,Bus,Market,50,10.0,24,91.0,52.6,0
5546,Peshawar,Tuesday,11,Clear,Medium,Rickshaw,Market,50,55.9,22,90.3,39.3,0
5547,Karachi,Saturday,23,Clear,Severe,Car,Market,50,20.9,22,97.6,40.0,0
5548,Lahore,Sunday,22,Fog,Medium,Motorcycle,Main Road,60,52.0,7,40.2,47.1,0
5549,Rawalpindi,Wednesday,13,Fog,High,Motorcycle,Residential,50,20.2,9,54.1,49.5,0
5550,Rawalpindi,Monday,12,Rain,Severe,Car,Residential,50,10.0,6,79.7,53.0,0
5551,Rawalpindi,Friday,1,Fog,High,Bus,Main Road,60,21.4,12,41.8,55.0,0
5552,Rawalpindi,Tuesday,2,Clear,Low,Bus,Residential,50,57.3,8,83.5,35.9,0
5553,Karachi,Tuesday,23,Fog,Low,Motorcycle,Market,50,37.1,29,34.5,50.6,0
5554,Rawalpindi,Tuesday,21,Clear,Medium,Car,Main Road,60,54.6,7,100.0,41.8,0
5555,Karachi,Sunday,9,Clear,Medium,Car,Main Road,60,62.1,9,78.4,27.6,0
5556,Multan,Saturday,8,Clear,High,Rickshaw,Main Road,60,49.7,14,85.2,26.8,0
5557,Peshawar,Thursday,19,Fog,High,Bus,Main Road,60,39.5,11,55.9,51.7,0
5558,Peshawar,Sunday,7,Cloudy,Medium,Van,School Zone,40,20.2,41,82.4,28.5,0
5559,Rawalpindi,Saturday,9,Cloudy,Medium,Rickshaw,Highway,100,94.8,5,82.8,60.6,0
5560,Rawalpindi,Tuesday,18,Fog,High,Car,Main Road,60,33.1,12,57.5,53.4,1
5561,Rawalpindi,Friday,2,Cloudy,Medium,Van,Market,50,47.6,20,80.4,32.7,0
5562,Peshawar,Wednesday,23,Cloudy,High,Motorcycle,Highway,100,58.6,7,92.0,38.8,1
5563,Lahore,Saturday,4,Clear,Medium,Motorcycle,Residential,50,59.2,7,96.0,57.3,0
5564,Peshawar,Friday,2,Dust,Medium,Motorcycle,Highway,100,99.3,9,74.6,43.4,0
5565,Rawalpindi,Sunday,15,Fog,Severe,Car,Highway,100,60.7,9,50.4,66.0,0
5566,Lahore,Sunday,16,Fog,Medium,Rickshaw,Residential,50,31.7,10,53.3,49.6,0
5567,Lahore,Tuesday,14,Clear,High,Car,School Zone,40,13.0,29,82.5,19.0,0
5568,Islamabad,Wednesday,2,Clear,Medium,Rickshaw,Main Road,60,21.5,5,83.7,19.0,0
5569,Multan,Monday,11,Clear,Medium,Rickshaw,School Zone,40,53.3,36,93.7,66.2,1
5570,Karachi,Monday,8,Clear,Severe,Rickshaw,Highway,100,85.7,10,86.9,34.3,0
5571,Multan,Sunday,20,Clear,High,Motorcycle,Highway,100,82.0,6,87.5,51.8,0
5572,Rawalpindi,Friday,11,Cloudy,Severe,Car,Main Road,60,26.9,9,88.1,52.7,0
5573,Karachi,Wednesday,14,Rain,Severe,Bus,Market,50,27.8,23,72.2,48.8,0
5574,Islamabad,Friday,1,Fog,Low,Motorcycle,Residential,50,34.6,10,55.3,40.6,0
5575,Karachi,Wednesday,22,Clear,Severe,Rickshaw,Market,50,30.6,21,92.9,54.0,0
5576,Rawalpindi,Wednesday,17,Clear,Low,Rickshaw,Main Road,60,54.5,11,90.7,28.1,0
5577,Islamabad,Sunday,19,Clear,Low,Motorcycle,Main Road,60,59.9,13,92.2,39.4,0
5578,Karachi,Friday,11,Clear,High,Motorcycle,Residential,50,27.8,9,89.1,50.1,0
5579,Peshawar,Sunday,22,Clear,Medium,Motorcycle,Market,50,35.6,17,83.4,24.1,0
5580,Lahore,Wednesday,3,Clear,Severe,Rickshaw,Market,50,14.1,21,79.0,40.3,0
5581,Multan,Saturday,22,Fog,Medium,Motorcycle,Main Road,60,57.9,10,50.7,67.1,0
5582,Islamabad,Tuesday,15,Clear,Medium,Car,Residential,50,39.6,5,100.0,15.3,0
5583,Peshawar,Wednesday,22,Cloudy,Low,Motorcycle,School Zone,40,28.1,47,100.0,24.8,0
5584,Rawalpindi,Saturday,15,Rain,Medium,Car,Main Road,60,39.2,9,73.0,7.0,0
5585,Lahore,Wednesday,0,Rain,Medium,Motorcycle,Main Road,60,53.1,12,62.8,37.9,0
5586,Multan,Saturday,21,Cloudy,Low,Car,Main Road,60,60.1,9,99.8,46.1,0
5587,Islamabad,Friday,1,Dust,High,Car,Main Road,60,43.3,3,69.3,28.1,0
5588,Lahore,Monday,2,Cloudy,Severe,Car,Main Road,60,33.0,9,100.0,40.9,1
5589,Quetta,Thursday,20,Dust,Medium,Car,Main Road,60,55.1,12,60.1,39.8,0
5590,Quetta,Wednesday,19,Clear,Medium,Rickshaw,Residential,50,44.3,10,98.3,15.6,0
5591,Islamabad,Thursday,16,Clear,Low,Rickshaw,Market,50,43.1,26,86.8,35.6,0
5592,Islamabad,Wednesday,19,Rain,Low,Rickshaw,Market,50,61.3,18,62.1,38.2,0
5593,Karachi,Friday,21,Clear,Medium,Motorcycle,Main Road,60,57.9,9,91.4,55.5,0
5594,Lahore,Friday,20,Cloudy,Medium,Motorcycle,Market,50,51.6,19,96.9,58.8,1
5595,Quetta,Saturday,0,Rain,High,Car,Residential,50,14.7,5,80.7,56.6,0
5596,Multan,Wednesday,19,Clear,Low,Rickshaw,Highway,100,103.8,13,100.0,54.3,0
5597,Quetta,Friday,5,Cloudy,Low,Motorcycle,Residential,50,55.5,10,94.3,35.7,0
5598,Lahore,Friday,14,Dust,Severe,Motorcycle,School Zone,40,16.0,26,55.3,73.3,1
5599,Quetta,Wednesday,13,Dust,High,Rickshaw,Market,50,38.4,19,68.1,31.6,0
5600,Multan,Saturday,19,Rain,Medium,Car,Residential,50,18.6,8,85.7,47.6,1
5601,Peshawar,Saturday,14,Rain,High,Car,Residential,50,25.5,6,82.3,66.8,1
5602,Quetta,Saturday,13,Dust,Medium,Car,Main Road,60,41.9,9,56.1,19.7,0
5603,Quetta,Saturday,20,Rain,High,Car,Market,50,27.8,21,82.7,43.0,1
5604,Rawalpindi,Monday,23,Clear,High,Bus,School Zone,40,10.0,29,76.3,42.3,0
5605,Peshawar,Wednesday,4,Clear,Medium,Rickshaw,Residential,50,28.3,7,72.5,15.3,0
5606,Karachi,Sunday,5,Clear,High,Van,School Zone,40,22.7,31,94.3,54.4,1
5607,Islamabad,Monday,16,Clear,High,Motorcycle,Main Road,60,34.3,6,86.8,35.7,0
5608,Multan,Friday,10,Clear,High,Car,Market,50,29.4,20,90.1,54.8,0
5609,Quetta,Monday,15,Fog,Severe,Motorcycle,Market,50,10.3,25,42.3,57.4,1
5610,Multan,Sunday,11,Cloudy,Medium,Van,Main Road,60,55.6,10,84.9,28.7,0
5611,Karachi,Sunday,14,Dust,High,Car,Residential,50,31.4,15,72.4,41.5,0
5612,Karachi,Sunday,22,Cloudy,Severe,Van,School Zone,40,12.0,26,100.0,57.5,0
5613,Peshawar,Saturday,3,Clear,Medium,Motorcycle,Market,50,50.7,30,83.2,54.1,1
5614,Multan,Friday,17,Clear,Low,Motorcycle,Highway,100,95.4,6,86.2,39.5,0
5615,Islamabad,Monday,20,Fog,High,Van,Highway,100,84.1,2,48.8,49.0,0
5616,Rawalpindi,Monday,2,Clear,High,Van,Market,50,29.7,22,79.4,33.0,0
5617,Karachi,Wednesday,21,Cloudy,Medium,Rickshaw,Main Road,60,61.9,5,74.9,48.4,0
5618,Rawalpindi,Monday,7,Clear,Low,Motorcycle,Market,50,33.6,20,85.4,26.6,0
5619,Islamabad,Friday,22,Clear,Severe,Motorcycle,Residential,50,13.1,13,87.2,76.3,1
5620,Islamabad,Saturday,2,Clear,Medium,Rickshaw,Residential,50,38.4,9,95.1,20.7,0
5621,Peshawar,Wednesday,7,Cloudy,Medium,Car,Highway,100,84.7,12,85.4,25.1,0
5622,Multan,Monday,17,Dust,Severe,Rickshaw,School Zone,40,10.0,39,68.1,57.1,0
5623,Lahore,Wednesday,9,Cloudy,Medium,Motorcycle,Market,50,34.1,26,71.0,23.6,0
5624,Multan,Thursday,19,Cloudy,High,Motorcycle,Main Road,60,61.1,7,74.0,66.1,1
5625,Quetta,Wednesday,16,Dust,High,Rickshaw,Main Road,60,48.7,8,76.7,56.8,1
5626,Peshawar,Sunday,7,Rain,Severe,Motorcycle,Main Road,60,31.5,8,80.4,68.2,0
5627,Multan,Saturday,22,Dust,Medium,Car,Market,50,50.7,28,63.6,75.4,0
5628,Rawalpindi,Sunday,10,Clear,Severe,Car,School Zone,40,10.0,35,91.8,62.1,0
5629,Multan,Thursday,4,Dust,Medium,Bus,Highway,100,92.4,7,69.5,37.5,0
5630,Peshawar,Sunday,12,Cloudy,Medium,Motorcycle,Market,50,30.0,20,86.7,34.3,0
5631,Islamabad,Thursday,20,Clear,Medium,Rickshaw,School Zone,40,33.7,32,95.2,5.0,0
5632,Karachi,Wednesday,22,Clear,Medium,Car,School Zone,40,40.5,29,100.0,37.4,0
5633,Quetta,Friday,4,Clear,Medium,Motorcycle,Residential,50,41.4,4,85.6,33.6,0
5634,Quetta,Saturday,23,Clear,Severe,Motorcycle,Market,50,26.8,23,100.0,52.1,1
5635,Lahore,Friday,12,Dust,High,Van,Main Road,60,26.7,11,65.7,31.7,0
5636,Islamabad,Saturday,5,Rain,High,Car,Main Road,60,53.4,12,70.8,48.3,0
5637,Quetta,Saturday,4,Fog,High,Car,Residential,50,10.0,10,49.9,48.8,0
5638,Quetta,Sunday,8,Cloudy,Medium,Rickshaw,Highway,100,91.1,4,79.6,33.0,0
5639,Karachi,Sunday,15,Rain,Low,Bus,Market,50,43.8,23,73.9,32.4,0
5640,Rawalpindi,Friday,1,Clear,Medium,Motorcycle,School Zone,40,33.5,26,86.0,29.2,0
5641,Rawalpindi,Tuesday,0,Cloudy,Low,Motorcycle,Market,50,45.2,23,88.6,28.1,0
5642,Rawalpindi,Thursday,7,Rain,Medium,Van,Main Road,60,45.5,8,71.3,18.8,0
5643,Peshawar,Sunday,18,Dust,High,Car,Main Road,60,30.5,9,68.8,41.6,0
5644,Rawalpindi,Sunday,10,Cloudy,Medium,Car,Main Road,60,73.5,8,85.2,50.3,0
5645,Rawalpindi,Sunday,11,Cloudy,High,Van,Highway,100,88.4,12,100.0,43.3,1
5646,Peshawar,Wednesday,11,Clear,Medium,Car,School Zone,40,42.2,42,100.0,57.2,1
5647,Karachi,Friday,6,Rain,Low,Bus,Main Road,60,69.5,2,70.6,36.1,0
5648,Islamabad,Friday,12,Dust,Low,Bus,Highway,100,97.2,8,56.0,29.0,0
5649,Quetta,Sunday,7,Cloudy,High,Bus,Residential,50,14.9,7,79.1,37.9,0
5650,Lahore,Wednesday,21,Clear,Low,Bus,Residential,50,45.1,11,81.5,29.1,0
5651,Quetta,Sunday,8,Clear,Medium,Motorcycle,School Zone,40,36.2,56,100.0,53.7,0
5652,Rawalpindi,Thursday,6,Clear,Low,Rickshaw,Residential,50,40.4,8,87.1,20.9,0
5653,Rawalpindi,Wednesday,20,Cloudy,High,Van,Market,50,25.7,24,84.9,46.3,0
5654,Multan,Sunday,23,Clear,High,Car,Market,50,43.1,12,92.4,46.3,0
5655,Quetta,Saturday,14,Dust,Medium,Car,Highway,100,99.3,6,69.4,45.5,0
5656,Quetta,Tuesday,1,Clear,Low,Motorcycle,Highway,100,78.0,8,92.9,9.5,0
5657,Multan,Saturday,22,Clear,Low,Rickshaw,Market,50,34.3,34,98.3,19.2,0
5658,Rawalpindi,Tuesday,19,Rain,Medium,Rickshaw,Market,50,29.1,21,79.8,34.4,0
5659,Peshawar,Wednesday,11,Cloudy,Severe,Rickshaw,Market,50,11.5,19,78.9,39.2,0
5660,Peshawar,Saturday,0,Rain,Medium,Rickshaw,Main Road,60,29.8,6,96.1,37.8,0
5661,Peshawar,Thursday,22,Clear,Low,Motorcycle,Main Road,60,45.0,8,100.0,17.7,0
5662,Lahore,Saturday,21,Clear,Low,Motorcycle,Highway,100,89.2,11,100.0,45.3,0
5663,Islamabad,Friday,7,Clear,High,Motorcycle,Main Road,60,51.1,12,91.7,41.3,0
5664,Rawalpindi,Tuesday,4,Clear,Severe,Car,Market,50,19.7,26,88.0,45.3,1
5665,Karachi,Tuesday,14,Rain,Low,Car,Main Road,60,40.8,8,80.9,30.0,0
5666,Quetta,Sunday,0,Clear,High,Motorcycle,Residential,50,29.6,7,97.9,40.8,0
5667,Quetta,Thursday,0,Fog,Medium,Motorcycle,Market,50,31.2,25,43.1,32.5,0
5668,Rawalpindi,Tuesday,9,Rain,High,Motorcycle,Market,50,29.5,21,96.2,52.9,0
5669,Rawalpindi,Tuesday,21,Cloudy,Medium,Motorcycle,Market,50,59.4,32,96.7,58.5,0
5670,Rawalpindi,Sunday,9,Fog,Low,Van,Residential,50,45.6,7,47.1,65.3,1
5671,Quetta,Thursday,20,Clear,High,Rickshaw,Main Road,60,56.7,6,90.5,45.8,0
5672,Multan,Saturday,14,Clear,High,Motorcycle,Market,50,28.7,18,94.1,33.2,0
5673,Rawalpindi,Wednesday,16,Rain,Severe,Car,Main Road,60,30.6,9,85.5,33.4,0
5674,Quetta,Saturday,21,Clear,Medium,Bus,Main Road,60,52.2,5,84.9,11.2,0
5675,Islamabad,Friday,5,Fog,Low,Van,Main Road,60,45.1,8,47.7,18.9,0
5676,Karachi,Friday,2,Fog,Medium,Motorcycle,Main Road,60,36.3,8,47.4,43.5,0
5677,Peshawar,Tuesday,12,Fog,High,Motorcycle,Main Road,60,35.9,9,44.0,47.4,1
5678,Multan,Friday,15,Fog,Medium,Car,Main Road,60,44.5,5,52.0,40.0,0
5679,Karachi,Wednesday,7,Cloudy,High,Rickshaw,Main Road,60,41.2,11,86.3,38.9,0
5680,Rawalpindi,Tuesday,14,Cloudy,Low,Motorcycle,Residential,50,49.2,6,93.6,50.5,0
5681,Karachi,Sunday,16,Clear,Low,Motorcycle,Market,50,40.2,21,83.2,44.3,0
5682,Rawalpindi,Friday,16,Rain,High,Motorcycle,Residential,50,22.9,9,69.3,55.7,0
5683,Karachi,Sunday,21,Clear,Medium,Car,School Zone,40,44.8,44,100.0,62.3,1
5684,Lahore,Monday,12,Dust,Medium,Car,School Zone,40,38.0,28,56.3,61.7,0
5685,Karachi,Monday,16,Fog,High,Rickshaw,School Zone,40,18.6,20,52.0,43.9,0
5686,Peshawar,Monday,5,Clear,Low,Van,Residential,50,54.5,9,88.2,35.7,0
5687,Peshawar,Sunday,16,Clear,High,Car,Main Road,60,35.5,8,98.7,34.7,0
5688,Multan,Monday,15,Clear,Low,Rickshaw,Highway,100,91.9,6,92.7,26.3,0
5689,Karachi,Saturday,13,Rain,High,Motorcycle,Residential,50,21.6,10,73.0,58.9,0
5690,Quetta,Monday,12,Rain,Medium,Car,Market,50,50.2,29,76.8,79.2,1
5691,Quetta,Tuesday,5,Cloudy,Medium,Rickshaw,Highway,100,100.1,12,100.0,25.6,0
5692,Quetta,Thursday,2,Dust,High,Car,Market,50,36.8,22,65.3,50.7,0
5693,Karachi,Saturday,13,Clear,Medium,Motorcycle,Highway,100,85.2,10,91.0,22.0,0
5694,Quetta,Thursday,13,Cloudy,Low,Motorcycle,Main Road,60,77.4,10,85.5,50.6,0
5695,Islamabad,Tuesday,14,Cloudy,Low,Car,Main Road,60,73.0,8,90.4,45.6,0
5696,Karachi,Tuesday,7,Clear,Severe,Rickshaw,Market,50,15.7,22,95.6,26.3,0
5697,Peshawar,Wednesday,14,Clear,Medium,Rickshaw,Market,50,37.2,14,95.4,6.0,0
5698,Multan,Saturday,21,Dust,Medium,Motorcycle,Highway,100,74.6,7,66.1,38.4,0
5699,Quetta,Thursday,12,Fog,Low,Car,Highway,100,65.1,5,42.4,40.4,0
5700,Lahore,Monday,16,Cloudy,Severe,Rickshaw,School Zone,40,23.1,29,88.3,35.0,1
5701,Quetta,Tuesday,20,Fog,Low,Car,School Zone,40,42.5,28,37.5,51.4,0
5702,Peshawar,Monday,23,Clear,Medium,Motorcycle,Market,50,52.2,17,100.0,45.5,0
5703,Islamabad,Thursday,2,Fog,Medium,Rickshaw,Residential,50,10.0,4,43.2,29.0,0
5704,Karachi,Sunday,5,Clear,High,Van,Highway,100,88.9,9,79.3,38.0,0
5705,Quetta,Saturday,4,Cloudy,Medium,Car,Main Road,60,36.7,6,98.7,19.2,0
5706,Lahore,Friday,21,Clear,Medium,Motorcycle,Residential,50,26.6,7,93.3,33.4,0
5707,Multan,Sunday,16,Rain,Medium,Car,Highway,100,107.4,9,80.2,46.8,1
5708,Peshawar,Sunday,22,Clear,Medium,Van,School Zone,40,28.5,27,85.9,34.3,0
5709,Multan,Friday,1,Clear,Severe,Rickshaw,School Zone,40,10.2,23,73.6,44.6,0
5710,Multan,Tuesday,14,Clear,High,Rickshaw,Main Road,60,30.5,4,68.2,22.4,0
5711,Lahore,Wednesday,4,Clear,Low,Motorcycle,Main Road,60,44.1,10,81.2,30.2,0
5712,Rawalpindi,Monday,19,Clear,Medium,Rickshaw,Main Road,60,40.7,9,92.8,30.4,0
5713,Peshawar,Tuesday,5,Cloudy,High,Car,Residential,50,29.2,7,97.4,39.5,0
5714,Rawalpindi,Wednesday,5,Clear,Medium,Van,Main Road,60,43.2,9,88.4,23.9,0
5715,Lahore,Monday,17,Clear,Medium,Bus,Main Road,60,82.0,8,89.3,42.2,0
5716,Karachi,Thursday,17,Clear,Low,Rickshaw,Market,50,66.4,21,90.7,30.7,0
5717,Karachi,Sunday,3,Clear,Low,Motorcycle,Main Road,60,68.0,11,93.7,45.7,0
5718,Karachi,Sunday,16,Cloudy,Low,Bus,School Zone,40,36.6,33,90.5,41.2,0
5719,Multan,Friday,13,Cloudy,Medium,Motorcycle,Residential,50,57.2,8,79.1,36.2,0
5720,Rawalpindi,Wednesday,13,Clear,Severe,Motorcycle,Main Road,60,27.7,7,95.8,84.2,1
5721,Multan,Monday,12,Clear,High,Car,Highway,100,68.9,6,90.4,39.2,0
5722,Karachi,Tuesday,6,Cloudy,Low,Car,School Zone,40,65.1,27,83.9,36.1,0
5723,Multan,Monday,11,Cloudy,High,Car,School Zone,40,10.0,34,94.3,66.4,1
5724,Islamabad,Tuesday,22,Clear,High,Motorcycle,Residential,50,44.2,5,91.8,38.0,0
5725,Peshawar,Sunday,14,Clear,Medium,Motorcycle,School Zone,40,24.3,32,96.3,32.8,0
5726,Peshawar,Friday,18,Clear,Medium,Motorcycle,Market,50,53.4,26,98.3,20.8,0
5727,Multan,Friday,10,Clear,Medium,Motorcycle,Main Road,60,50.0,4,77.3,17.2,0
5728,Lahore,Monday,14,Clear,Medium,Car,Residential,50,65.5,11,90.9,28.5,0
5729,Quetta,Monday,11,Clear,Medium,Car,Residential,50,28.5,6,100.0,11.1,0
5730,Rawalpindi,Tuesday,2,Clear,Medium,Van,Residential,50,58.4,10,93.0,46.7,0
5731,Peshawar,Tuesday,16,Cloudy,Medium,Motorcycle,Residential,50,37.3,7,82.0,37.2,0
5732,Multan,Wednesday,2,Fog,Medium,Motorcycle,Main Road,60,28.2,9,39.2,52.3,1
5733,Rawalpindi,Sunday,18,Cloudy,Medium,Car,Residential,50,48.7,11,89.2,35.2,0
5734,Lahore,Wednesday,19,Cloudy,High,Rickshaw,Residential,50,40.6,7,82.5,46.5,1
5735,Karachi,Wednesday,3,Clear,Low,Motorcycle,Main Road,60,81.1,8,90.5,35.5,0
5736,Quetta,Monday,2,Clear,Medium,Rickshaw,Main Road,60,49.9,13,99.1,19.9,0
5737,Lahore,Saturday,15,Clear,High,Car,Main Road,60,40.2,6,92.7,27.7,0
5738,Islamabad,Saturday,11,Cloudy,High,Rickshaw,Main Road,60,53.1,8,86.3,24.0,0
5739,Karachi,Saturday,7,Rain,Severe,Van,Residential,50,14.1,9,84.1,56.4,0
5740,Karachi,Saturday,23,Dust,Medium,Motorcycle,Main Road,60,68.9,8,51.2,49.1,0
5741,Karachi,Wednesday,16,Clear,High,Car,Market,50,47.5,15,100.0,44.4,0
5742,Lahore,Monday,6,Clear,High,Rickshaw,Residential,50,23.2,10,76.5,39.0,0
5743,Islamabad,Saturday,10,Cloudy,Low,Rickshaw,School Zone,40,41.9,27,88.3,37.6,0
5744,Quetta,Friday,17,Cloudy,High,Car,Main Road,60,56.7,4,100.0,64.9,0
5745,Rawalpindi,Thursday,0,Clear,Medium,Van,Main Road,60,38.6,5,88.9,19.3,0
5746,Lahore,Friday,2,Cloudy,Medium,Bus,Highway,100,94.2,10,89.1,42.6,0
5747,Peshawar,Monday,3,Clear,Low,Car,Market,50,46.0,23,100.0,37.3,0
5748,Peshawar,Monday,12,Cloudy,High,Motorcycle,Residential,50,26.2,7,91.1,36.0,0
5749,Lahore,Thursday,5,Clear,Severe,Car,Highway,100,71.9,10,95.9,52.5,0
5750,Rawalpindi,Tuesday,13,Cloudy,Low,Car,Main Road,60,61.9,7,84.6,43.6,0
5751,Peshawar,Tuesday,4,Rain,High,Motorcycle,Residential,50,10.4,11,82.8,52.8,0
5752,Rawalpindi,Tuesday,15,Fog,Severe,Van,Main Road,60,36.6,10,47.3,70.2,0
5753,Karachi,Wednesday,14,Dust,High,Van,Residential,50,56.6,8,50.5,56.4,0
5754,Lahore,Tuesday,14,Cloudy,High,Motorcycle,Market,50,40.6,22,84.6,46.6,0
5755,Karachi,Sunday,3,Clear,Low,Car,Main Road,60,66.9,10,89.4,49.4,0
5756,Peshawar,Wednesday,7,Clear,Low,Rickshaw,Main Road,60,80.3,8,89.0,20.6,0
5757,Rawalpindi,Wednesday,15,Clear,Medium,Rickshaw,Residential,50,36.8,6,89.0,21.0,0
5758,Karachi,Tuesday,15,Clear,Severe,Motorcycle,Main Road,60,34.5,5,96.8,58.0,0
5759,Peshawar,Tuesday,3,Clear,High,Car,Highway,100,74.2,5,88.7,33.2,0
5760,Multan,Thursday,12,Cloudy,Severe,Van,Main Road,60,33.1,10,89.7,47.9,0
5761,Islamabad,Saturday,12,Clear,Medium,Bus,School Zone,40,48.5,36,77.4,55.2,1
5762,Karachi,Thursday,1,Clear,High,Car,Market,50,40.8,26,75.5,40.4,0
5763,Islamabad,Wednesday,2,Cloudy,High,Bus,Residential,50,30.9,5,78.4,34.6,0
5764,Islamabad,Thursday,21,Cloudy,Medium,Bus,Residential,50,25.4,11,87.9,26.4,0
5765,Quetta,Wednesday,7,Rain,High,Van,Highway,100,73.6,6,84.0,39.0,0
5766,Peshawar,Monday,23,Cloudy,Low,Van,Residential,50,49.0,6,79.2,36.8,0
5767,Lahore,Wednesday,14,Clear,Low,Car,Highway,100,86.5,8,89.3,13.8,0
5768,Rawalpindi,Wednesday,10,Clear,Medium,Motorcycle,Market,50,36.9,18,100.0,14.1,0
5769,Multan,Thursday,8,Rain,Low,Motorcycle,Market,50,43.2,21,76.6,34.3,0
5770,Peshawar,Saturday,6,Clear,Low,Motorcycle,School Zone,40,48.8,30,81.9,24.9,0
5771,Quetta,Monday,12,Cloudy,Medium,Motorcycle,Residential,50,18.5,4,92.6,38.5,0
5772,Quetta,Friday,1,Clear,Low,Rickshaw,Main Road,60,73.5,13,76.1,44.3,0
5773,Multan,Friday,7,Fog,High,Bus,Residential,50,27.5,9,46.9,40.0,0
5774,Karachi,Saturday,6,Cloudy,Medium,Motorcycle,Highway,100,116.5,6,86.5,48.0,0
5775,Rawalpindi,Friday,23,Cloudy,Medium,Van,Main Road,60,29.5,8,88.8,35.4,0
5776,Quetta,Monday,11,Clear,Medium,Van,Highway,100,93.7,8,100.0,44.9,0
5777,Lahore,Tuesday,18,Fog,Medium,Van,Highway,100,67.0,7,30.8,43.1,0
5778,Peshawar,Monday,6,Cloudy,Medium,Rickshaw,Residential,50,40.3,13,89.3,19.9,0
5779,Lahore,Thursday,9,Clear,Low,Motorcycle,Main Road,60,52.5,10,89.8,36.4,0
5780,Karachi,Sunday,15,Cloudy,High,Car,Residential,50,36.9,8,88.5,48.4,1
5781,Peshawar,Wednesday,2,Clear,Medium,Motorcycle,Residential,50,77.0,4,89.0,57.4,0
5782,Karachi,Wednesday,9,Clear,Medium,Bus,School Zone,40,20.0,33,91.7,47.1,0
5783,Rawalpindi,Thursday,5,Clear,Medium,Motorcycle,Main Road,60,53.2,7,97.9,39.8,0
5784,Rawalpindi,Thursday,17,Rain,Medium,Van,School Zone,40,21.2,43,88.2,28.7,0
5785,Lahore,Sunday,17,Cloudy,High,Van,Main Road,60,39.1,10,96.9,40.6,0
5786,Lahore,Sunday,4,Cloudy,Medium,Car,School Zone,40,39.1,36,93.0,57.6,0
5787,Rawalpindi,Wednesday,20,Cloudy,High,Rickshaw,Main Road,60,32.5,6,84.4,31.2,0
5788,Islamabad,Sunday,6,Cloudy,Medium,Rickshaw,Main Road,60,67.9,10,92.3,31.0,0
5789,Rawalpindi,Sunday,1,Clear,High,Car,Main Road,60,40.9,6,87.8,21.9,0
5790,Multan,Sunday,10,Clear,Severe,Car,Main Road,60,39.8,10,100.0,48.8,0
5791,Peshawar,Saturday,12,Clear,Low,Motorcycle,Market,50,50.7,28,100.0,43.7,0
5792,Multan,Tuesday,22,Clear,Low,Van,Market,50,50.4,22,97.1,42.7,0
5793,Karachi,Sunday,4,Fog,Low,Van,Residential,50,31.4,13,46.2,28.4,0
5794,Rawalpindi,Tuesday,5,Dust,Low,Car,Main Road,60,79.0,7,66.1,36.1,0
5795,Rawalpindi,Tuesday,23,Clear,Medium,Car,School Zone,40,59.1,37,75.1,59.3,0
5796,Quetta,Thursday,13,Clear,High,Car,Main Road,60,45.0,5,99.1,29.5,0
5797,Karachi,Sunday,11,Fog,Severe,Motorcycle,Residential,50,10.0,10,43.2,87.0,1
5798,Quetta,Wednesday,3,Clear,Medium,Motorcycle,Residential,50,22.7,9,93.8,24.3,0
5799,Karachi,Saturday,22,Cloudy,High,Motorcycle,Highway,100,86.5,7,96.6,25.2,0
5800,Multan,Wednesday,5,Clear,High,Motorcycle,Main Road,60,28.7,9,84.6,27.7,0
5801,Peshawar,Sunday,9,Cloudy,Medium,Motorcycle,Main Road,60,35.7,10,83.8,41.4,0
5802,Karachi,Wednesday,17,Fog,High,Rickshaw,School Zone,40,23.4,32,48.7,63.3,0
5803,Lahore,Sunday,14,Dust,Medium,Car,Highway,100,89.6,9,62.2,51.3,0
5804,Rawalpindi,Saturday,7,Cloudy,High,Rickshaw,Residential,50,59.9,5,85.1,45.4,0
5805,Karachi,Monday,8,Cloudy,Low,Car,Main Road,60,66.5,9,95.7,38.7,0
5806,Peshawar,Saturday,4,Cloudy,Medium,Bus,Highway,100,101.9,6,86.4,61.3,0
5807,Karachi,Monday,9,Clear,High,Rickshaw,Highway,100,76.3,6,100.0,38.9,0
5808,Rawalpindi,Friday,19,Clear,Low,Rickshaw,Market,50,55.0,14,84.2,24.7,0
5809,Islamabad,Monday,5,Fog,High,Motorcycle,Residential,50,25.5,5,47.8,56.9,0
5810,Karachi,Tuesday,15,Clear,Low,Car,School Zone,40,24.8,33,66.2,42.7,0
5811,Lahore,Tuesday,23,Clear,Medium,Car,Main Road,60,76.7,7,74.0,40.8,0
5812,Rawalpindi,Saturday,2,Cloudy,Low,Car,Residential,50,66.5,7,86.8,39.7,1
5813,Peshawar,Tuesday,9,Fog,Low,Rickshaw,Highway,100,81.1,5,42.9,37.4,0
5814,Multan,Tuesday,10,Cloudy,Medium,Motorcycle,Market,50,49.5,19,84.5,42.3,0
5815,Multan,Friday,10,Cloudy,Severe,Motorcycle,School Zone,40,10.0,28,92.6,51.5,1
5816,Rawalpindi,Tuesday,16,Cloudy,Low,Motorcycle,Market,50,36.2,23,74.5,36.9,0
5817,Quetta,Thursday,3,Rain,Low,Rickshaw,Main Road,60,42.4,9,78.6,49.8,0
5818,Islamabad,Thursday,3,Cloudy,High,Car,Main Road,60,26.8,6,75.7,30.5,1
5819,Peshawar,Thursday,16,Dust,Medium,Car,Main Road,60,50.6,6,79.8,27.8,0
5820,Islamabad,Monday,8,Cloudy,Low,Motorcycle,Highway,100,111.2,7,87.0,47.7,0
5821,Multan,Saturday,18,Clear,Medium,Motorcycle,Highway,100,106.1,6,100.0,47.5,1
5822,Islamabad,Saturday,4,Rain,Medium,Motorcycle,Highway,100,91.7,11,75.7,73.9,1
5823,Lahore,Wednesday,21,Rain,Medium,Van,Market,50,24.9,18,78.4,15.9,0
5824,Multan,Friday,23,Clear,High,Motorcycle,Main Road,60,38.2,5,87.3,35.8,1
5825,Karachi,Thursday,5,Clear,Low,Rickshaw,Main Road,60,46.0,11,96.6,8.7,0
5826,Lahore,Thursday,2,Fog,Severe,Van,Main Road,60,10.0,6,50.6,59.2,1
5827,Lahore,Tuesday,21,Clear,Low,Car,Highway,100,112.7,6,96.1,39.0,0
5828,Quetta,Thursday,0,Cloudy,High,Car,Main Road,60,32.2,11,93.9,20.9,0
5829,Lahore,Tuesday,19,Clear,High,Rickshaw,Highway,100,85.7,11,88.8,23.9,0
5830,Peshawar,Tuesday,21,Clear,Medium,Motorcycle,Highway,100,105.7,13,100.0,30.1,0
5831,Karachi,Wednesday,15,Rain,Low,Van,Main Road,60,33.1,12,75.9,44.0,0
5832,Karachi,Monday,22,Clear,High,Car,School Zone,40,24.5,36,82.2,37.3,0
5833,Multan,Tuesday,10,Clear,High,Motorcycle,School Zone,40,11.2,48,96.3,59.1,1
5834,Peshawar,Tuesday,12,Clear,Medium,Motorcycle,Market,50,16.6,32,92.8,55.2,1
5835,Lahore,Saturday,9,Fog,Low,Van,Residential,50,56.4,5,38.6,59.9,0
5836,Lahore,Wednesday,2,Dust,Severe,Rickshaw,Market,50,22.1,17,73.8,50.2,0
5837,Islamabad,Tuesday,8,Rain,Medium,Bus,Residential,50,44.1,10,84.0,28.2,0
5838,Multan,Friday,11,Cloudy,Low,Van,Market,50,53.3,25,78.9,35.1,0
5839,Multan,Monday,22,Cloudy,Severe,Van,School Zone,40,10.0,41,100.0,48.0,0
5840,Islamabad,Friday,13,Dust,Medium,Motorcycle,Main Road,60,61.6,7,80.8,53.9,0
5841,Quetta,Thursday,0,Rain,Medium,Rickshaw,Main Road,60,36.1,8,87.6,11.0,0
5842,Rawalpindi,Monday,17,Rain,High,Rickshaw,Residential,50,10.5,4,83.8,51.7,0
5843,Islamabad,Thursday,16,Clear,High,Car,Main Road,60,35.7,10,82.1,24.7,0
5844,Karachi,Saturday,8,Clear,Low,Motorcycle,School Zone,40,33.4,31,89.3,21.5,0
5845,Peshawar,Sunday,8,Rain,Severe,Van,Highway,100,66.8,8,81.7,46.1,0
5846,Lahore,Sunday,22,Clear,Severe,Motorcycle,Residential,50,30.3,11,98.6,57.7,0
5847,Rawalpindi,Sunday,9,Clear,Medium,Car,School Zone,40,33.9,25,92.8,19.4,0
5848,Islamabad,Tuesday,18,Cloudy,Medium,Motorcycle,Main Road,60,51.5,14,97.2,33.1,0
5849,Multan,Wednesday,14,Clear,High,Car,Main Road,60,45.0,5,86.5,38.1,0
5850,Rawalpindi,Friday,4,Rain,Medium,Car,School Zone,40,24.2,32,68.6,45.4,1
5851,Peshawar,Thursday,14,Clear,Medium,Car,Market,50,52.5,12,95.2,43.5,0
5852,Peshawar,Tuesday,19,Rain,High,Car,School Zone,40,10.0,31,63.0,71.5,1
5853,Multan,Sunday,22,Clear,High,Motorcycle,School Zone,40,23.5,37,98.0,46.3,0
5854,Rawalpindi,Friday,1,Fog,High,Car,Residential,50,10.0,8,43.4,46.7,0
5855,Rawalpindi,Friday,12,Clear,High,Bus,Market,50,19.1,19,96.8,46.4,0
5856,Quetta,Saturday,23,Rain,Medium,Van,Highway,100,72.6,7,83.5,27.5,0
5857,Rawalpindi,Saturday,15,Cloudy,High,Car,Main Road,60,47.5,4,94.9,21.8,0
5858,Lahore,Sunday,14,Clear,Low,Bus,Residential,50,54.0,6,84.3,35.2,0
5859,Karachi,Thursday,9,Cloudy,Medium,Van,Main Road,60,53.6,6,94.1,24.4,0
5860,Islamabad,Sunday,13,Dust,Low,Rickshaw,Market,50,45.4,27,66.8,44.9,0
5861,Multan,Sunday,9,Clear,Medium,Motorcycle,Main Road,60,46.5,6,97.2,26.8,0
5862,Islamabad,Tuesday,13,Clear,Medium,Van,Residential,50,45.9,7,92.2,45.9,0
5863,Islamabad,Wednesday,22,Clear,Medium,Rickshaw,School Zone,40,10.0,30,94.1,23.5,0
5864,Rawalpindi,Sunday,8,Clear,High,Motorcycle,School Zone,40,28.0,29,73.9,39.7,0
5865,Multan,Thursday,13,Fog,Medium,Motorcycle,Highway,100,110.7,12,50.4,51.2,1
5866,Rawalpindi,Friday,2,Clear,Low,Rickshaw,Main Road,60,70.6,6,86.3,46.3,0
5867,Quetta,Friday,19,Cloudy,Low,Bus,Residential,50,48.0,7,92.0,32.8,0
5868,Rawalpindi,Monday,15,Clear,Severe,Motorcycle,Market,50,26.1,19,79.2,47.6,0
5869,Quetta,Sunday,1,Clear,High,Bus,Main Road,60,35.9,6,96.1,31.5,0
5870,Quetta,Tuesday,9,Clear,Low,Car,Main Road,60,59.5,7,100.0,39.9,0
5871,Lahore,Monday,2,Clear,Severe,Motorcycle,Main Road,60,35.4,8,95.7,32.1,0
5872,Lahore,Saturday,10,Cloudy,Low,Car,Residential,50,61.6,7,82.4,43.1,0
5873,Lahore,Wednesday,10,Clear,High,Car,Highway,100,72.3,6,82.2,28.3,0
5874,Lahore,Thursday,20,Dust,Medium,Car,Residential,50,56.3,6,63.4,35.6,0
5875,Peshawar,Sunday,20,Cloudy,Low,Car,Highway,100,109.8,3,85.1,29.8,0
5876,Lahore,Friday,21,Clear,Medium,Motorcycle,Main Road,60,34.3,8,98.1,43.8,1
5877,Lahore,Tuesday,12,Clear,High,Motorcycle,Main Road,60,46.0,8,88.6,45.3,1
5878,Lahore,Friday,6,Clear,Medium,Car,Highway,100,119.3,10,93.0,40.3,0
5879,Quetta,Sunday,22,Clear,Medium,Motorcycle,Residential,50,32.8,11,73.7,40.4,0
5880,Islamabad,Saturday,16,Clear,High,Rickshaw,Residential,50,12.2,12,81.0,50.4,0
5881,Multan,Monday,1,Dust,Low,Rickshaw,Residential,50,66.8,7,62.7,40.1,0
5882,Islamabad,Sunday,11,Dust,High,Rickshaw,Residential,50,32.9,10,67.6,38.1,0
5883,Islamabad,Monday,9,Dust,Low,Car,School Zone,40,14.0,22,80.2,35.5,0
5884,Karachi,Thursday,17,Clear,Medium,Bus,Residential,50,25.2,11,82.2,18.3,0
5885,Peshawar,Tuesday,21,Clear,High,Motorcycle,School Zone,40,10.0,38,98.0,49.1,0
5886,Quetta,Saturday,10,Fog,Severe,Motorcycle,Highway,100,66.7,9,55.0,90.2,1
5887,Rawalpindi,Tuesday,15,Cloudy,High,Motorcycle,Highway,100,86.6,7,92.1,49.2,0
5888,Quetta,Thursday,16,Clear,Low,Van,Market,50,34.3,14,93.6,13.5,0
5889,Lahore,Saturday,18,Clear,Severe,Car,Highway,100,69.1,6,100.0,37.4,0
5890,Islamabad,Saturday,17,Clear,Medium,Motorcycle,School Zone,40,16.6,21,88.9,36.8,0
5891,Quetta,Monday,2,Cloudy,Medium,Bus,Main Road,60,55.4,9,96.2,26.0,0
5892,Peshawar,Monday,20,Dust,High,Car,Residential,50,21.1,9,56.0,51.1,0
5893,Lahore,Monday,15,Clear,Low,Car,Highway,100,106.3,7,100.0,39.2,0
5894,Karachi,Friday,5,Clear,Medium,Van,Main Road,60,64.2,5,81.8,48.2,0
5895,Rawalpindi,Wednesday,11,Clear,Severe,Bus,Market,50,19.8,26,86.7,48.9,0
5896,Lahore,Sunday,10,Clear,Low,Bus,Highway,100,108.8,9,88.3,25.1,0
5897,Multan,Monday,14,Cloudy,Medium,Motorcycle,Main Road,60,70.0,4,83.6,55.4,0
5898,Rawalpindi,Wednesday,14,Cloudy,Low,Motorcycle,Residential,50,69.5,9,99.8,54.9,1
5899,Quetta,Wednesday,15,Clear,Severe,Bus,School Zone,40,10.0,42,89.3,58.7,1
5900,Lahore,Tuesday,9,Cloudy,Medium,Motorcycle,Residential,50,42.7,8,82.8,33.3,0
5901,Karachi,Thursday,11,Clear,Low,Car,Market,50,60.8,22,87.8,40.0,0
5902,Quetta,Friday,12,Cloudy,Medium,Car,Residential,50,40.1,17,83.4,0.7,0
5903,Peshawar,Wednesday,3,Cloudy,Medium,Car,Highway,100,84.4,11,100.0,19.6,0
5904,Rawalpindi,Sunday,6,Clear,High,Motorcycle,Residential,50,26.8,11,71.6,54.4,0
5905,Rawalpindi,Friday,21,Cloudy,Medium,Rickshaw,Residential,50,36.0,17,81.5,5.8,0
5906,Peshawar,Tuesday,1,Clear,Low,Rickshaw,Main Road,60,54.2,7,100.0,43.2,0
5907,Multan,Monday,14,Clear,High,Motorcycle,Residential,50,38.8,7,90.7,52.9,0
5908,Rawalpindi,Saturday,7,Clear,Low,Rickshaw,Market,50,42.4,30,89.4,9.1,0
5909,Quetta,Wednesday,6,Clear,High,Rickshaw,Main Road,60,55.8,10,82.2,47.3,0
5910,Islamabad,Thursday,14,Rain,Medium,Car,Market,50,30.2,15,83.6,34.6,0
5911,Multan,Saturday,22,Clear,High,Car,Main Road,60,52.2,5,100.0,41.0,0
5912,Peshawar,Tuesday,13,Cloudy,Medium,Bus,Residential,50,63.2,8,84.2,45.0,0
5913,Karachi,Friday,7,Dust,High,Car,Residential,50,53.0,7,76.1,59.2,0
5914,Multan,Sunday,11,Clear,Severe,Rickshaw,Main Road,60,55.1,10,98.1,60.3,0
5915,Lahore,Monday,12,Clear,High,Car,Market,50,25.5,27,88.5,47.8,0
5916,Lahore,Friday,10,Clear,High,Car,Main Road,60,26.6,11,92.7,21.7,0
5917,Peshawar,Thursday,16,Clear,High,Motorcycle,Main Road,60,27.0,5,87.0,36.0,1
5918,Islamabad,Wednesday,16,Clear,Medium,Motorcycle,Residential,50,34.1,7,83.8,24.5,0
5919,Quetta,Thursday,23,Rain,Low,Van,Highway,100,94.1,5,82.0,49.2,0
5920,Karachi,Friday,3,Clear,High,Motorcycle,School Zone,40,39.3,31,81.8,72.9,1
5921,Lahore,Friday,20,Cloudy,High,Van,Highway,100,76.7,6,96.1,38.5,0
5922,Lahore,Saturday,7,Clear,Medium,Car,Residential,50,32.8,6,87.7,16.9,0
5923,Quetta,Thursday,4,Clear,Medium,Van,Main Road,60,53.5,5,98.5,22.2,0
5924,Islamabad,Thursday,15,Clear,Medium,Rickshaw,Main Road,60,39.7,11,84.6,27.1,0
5925,Rawalpindi,Thursday,3,Clear,Low,Rickshaw,Main Road,60,69.3,8,89.0,32.3,0
5926,Multan,Monday,21,Clear,High,Car,Main Road,60,31.4,7,89.0,34.2,0
5927,Peshawar,Sunday,14,Cloudy,High,Rickshaw,Main Road,60,46.8,8,89.1,46.0,0
5928,Islamabad,Friday,11,Cloudy,Medium,Car,Main Road,60,43.2,6,99.8,16.6,0
5929,Islamabad,Tuesday,4,Clear,Low,Motorcycle,Main Road,60,44.8,2,100.0,36.6,0
5930,Islamabad,Monday,22,Rain,Low,Bus,Main Road,60,63.1,9,73.3,61.3,0
5931,Islamabad,Monday,15,Clear,Medium,Bus,Main Road,60,57.4,6,90.5,27.6,0
5932,Rawalpindi,Monday,13,Clear,Low,Motorcycle,Residential,50,57.6,7,78.7,48.9,0
5933,Quetta,Saturday,9,Dust,High,Rickshaw,School Zone,40,10.0,37,64.4,57.3,0
5934,Karachi,Sunday,6,Dust,Medium,Motorcycle,School Zone,40,18.8,35,74.3,44.6,0
5935,Multan,Sunday,12,Dust,Medium,Car,Market,50,45.7,25,58.7,55.1,0
5936,Islamabad,Tuesday,19,Clear,Low,Car,School Zone,40,32.6,32,96.1,38.5,0
5937,Multan,Thursday,4,Fog,High,Motorcycle,Market,50,25.8,25,38.4,67.7,0
5938,Islamabad,Saturday,2,Cloudy,High,Motorcycle,Residential,50,41.4,6,92.2,42.7,1
5939,Peshawar,Friday,14,Cloudy,Medium,Car,Main Road,60,45.7,8,87.1,26.9,0
5940,Lahore,Wednesday,3,Fog,Low,Motorcycle,Main Road,60,40.7,12,46.6,48.5,0
5941,Rawalpindi,Saturday,14,Rain,Severe,Rickshaw,Main Road,60,35.5,5,71.9,55.9,0
5942,Islamabad,Wednesday,13,Cloudy,Medium,Car,Main Road,60,52.7,10,92.0,8.4,0
5943,Karachi,Friday,19,Dust,High,Motorcycle,Main Road,60,44.7,4,63.8,44.5,1
5944,Karachi,Tuesday,18,Clear,Medium,Motorcycle,Main Road,60,74.6,9,95.7,42.9,0
5945,Karachi,Sunday,12,Cloudy,High,Bus,Residential,50,38.3,12,100.0,38.0,0
5946,Peshawar,Wednesday,9,Clear,Medium,Van,Residential,50,40.2,9,86.9,14.5,0
5947,Karachi,Monday,20,Fog,Severe,Rickshaw,Residential,50,18.7,8,46.6,69.5,1
5948,Quetta,Saturday,4,Cloudy,High,Motorcycle,Market,50,42.1,22,96.4,50.4,0
5949,Peshawar,Wednesday,22,Rain,Medium,Motorcycle,Residential,50,34.1,6,74.6,44.7,0
5950,Rawalpindi,Friday,19,Clear,Medium,Motorcycle,Main Road,60,52.0,7,88.5,54.2,0
5951,Karachi,Sunday,19,Rain,Low,Car,Market,50,39.8,30,87.7,19.3,0
5952,Lahore,Monday,5,Clear,Severe,Car,School Zone,40,12.0,39,97.3,52.5,0
5953,Islamabad,Wednesday,3,Cloudy,Low,Motorcycle,Highway,100,91.1,2,92.6,46.9,0
5954,Rawalpindi,Sunday,1,Rain,Low,Motorcycle,Residential,50,33.1,9,85.7,15.0,0
5955,Quetta,Friday,21,Clear,Medium,Van,Residential,50,31.9,10,90.8,22.9,0
5956,Lahore,Tuesday,15,Clear,High,Van,Main Road,60,28.5,4,81.5,17.2,0
5957,Rawalpindi,Friday,17,Cloudy,Low,Motorcycle,Market,50,38.2,21,87.0,11.2,0
5958,Quetta,Tuesday,4,Clear,Medium,Motorcycle,Main Road,60,60.4,8,97.6,48.3,0
5959,Karachi,Sunday,21,Clear,Severe,Van,Market,50,36.7,21,87.6,44.2,0
5960,Rawalpindi,Sunday,3,Clear,High,Car,Highway,100,74.1,8,94.1,27.0,1
5961,Rawalpindi,Monday,12,Clear,Medium,Van,Highway,100,75.8,4,100.0,16.4,0
5962,Rawalpindi,Friday,18,Dust,Low,Car,Market,50,58.1,26,66.2,45.7,0
5963,Peshawar,Thursday,22,Fog,Low,Car,Highway,100,78.3,11,40.7,30.0,0
5964,Lahore,Saturday,1,Rain,Medium,Motorcycle,Highway,100,63.1,11,81.0,51.6,0
5965,Multan,Thursday,12,Clear,Medium,Rickshaw,Residential,50,43.6,5,77.9,17.3,0
5966,Quetta,Thursday,10,Rain,Medium,Rickshaw,Main Road,60,59.9,10,78.5,48.4,0
5967,Karachi,Thursday,21,Cloudy,Medium,Motorcycle,Main Road,60,35.2,7,99.1,25.1,0
5968,Islamabad,Saturday,3,Rain,Medium,Car,Highway,100,76.4,12,75.0,23.5,0
5969,Karachi,Thursday,21,Clear,High,Motorcycle,Residential,50,29.5,11,100.0,42.5,0
5970,Karachi,Tuesday,19,Clear,Low,Car,Market,50,41.0,23,85.8,23.9,0
5971,Peshawar,Friday,19,Cloudy,High,Rickshaw,Highway,100,85.0,16,90.8,34.4,0
5972,Peshawar,Sunday,14,Clear,Low,Car,Market,50,31.3,23,87.9,16.2,0
5973,Rawalpindi,Monday,3,Dust,Medium,Rickshaw,Highway,100,92.8,5,81.9,49.7,0
5974,Karachi,Thursday,8,Rain,Low,Van,Main Road,60,74.5,8,70.6,47.5,0
5975,Lahore,Sunday,6,Clear,High,Car,School Zone,40,26.7,32,80.3,67.5,1
5976,Peshawar,Thursday,18,Rain,Medium,Rickshaw,Highway,100,106.9,4,82.0,38.7,1
5977,Quetta,Monday,18,Clear,Medium,Motorcycle,School Zone,40,31.2,42,95.4,48.0,0
5978,Peshawar,Monday,5,Clear,Medium,Motorcycle,Highway,100,65.9,10,96.2,38.9,0
5979,Lahore,Thursday,5,Clear,Medium,Motorcycle,Main Road,60,66.0,11,82.4,43.3,0
5980,Peshawar,Tuesday,19,Clear,High,Rickshaw,Main Road,60,48.1,10,96.8,42.4,0
5981,Multan,Sunday,14,Clear,Low,Motorcycle,Main Road,60,77.6,4,93.7,48.5,0
5982,Lahore,Monday,14,Clear,High,Van,Residential,50,33.3,4,73.9,55.2,1
5983,Multan,Friday,19,Clear,High,Rickshaw,Residential,50,29.4,4,95.1,40.7,1
5984,Multan,Sunday,8,Clear,Medium,Car,Market,50,65.5,14,79.9,23.1,0
5985,Islamabad,Friday,3,Rain,Severe,Car,Residential,50,10.0,9,69.5,61.0,0
5986,Lahore,Sunday,17,Clear,Low,Bus,Main Road,60,62.8,4,96.1,41.5,1
5987,Islamabad,Tuesday,17,Clear,Medium,Rickshaw,Main Road,60,54.3,4,84.4,49.4,0
5988,Quetta,Saturday,4,Clear,Medium,Car,Main Road,60,64.7,3,83.6,49.2,0
5989,Rawalpindi,Wednesday,19,Clear,High,Motorcycle,Main Road,60,41.0,7,84.1,40.8,0
5990,Rawalpindi,Tuesday,22,Fog,Severe,Van,Market,50,10.0,18,46.6,56.4,1
5991,Multan,Thursday,10,Cloudy,Medium,Motorcycle,Main Road,60,42.3,7,100.0,51.2,1
5992,Peshawar,Wednesday,4,Rain,High,Car,Main Road,60,23.7,16,79.9,50.3,1
5993,Lahore,Thursday,21,Clear,Severe,Bus,Highway,100,87.6,6,82.4,53.3,0
5994,Peshawar,Friday,3,Rain,Medium,Rickshaw,School Zone,40,10.0,30,88.1,28.4,0
5995,Lahore,Monday,11,Fog,Medium,Motorcycle,Main Road,60,45.9,11,44.5,49.8,1
5996,Peshawar,Sunday,1,Clear,Low,Bus,School Zone,40,32.6,32,71.9,29.8,0
5997,Rawalpindi,Thursday,12,Cloudy,High,Car,School Zone,40,20.3,39,84.1,42.9,0
5998,Quetta,Friday,9,Cloudy,Low,Bus,Residential,50,48.1,7,97.6,37.8,0
5999,Rawalpindi,Tuesday,8,Fog,High,Motorcycle,Main Road,60,19.3,11,49.7,54.3,0
6000,Peshawar,Thursday,9,Clear,Severe,Bus,Main Road,60,19.1,8,93.8,39.8,0
6001,Lahore,Friday,6,Cloudy,High,Motorcycle,Highway,100,101.0,9,93.1,62.2,0
6002,Karachi,Monday,3,Clear,High,Rickshaw,Market,50,49.1,19,77.5,48.7,0
6003,Quetta,Sunday,18,Fog,High,Rickshaw,Market,50,21.5,27,47.7,70.3,1
6004,Lahore,Thursday,9,Cloudy,High,Van,Highway,100,76.0,7,100.0,35.4,0
6005,Peshawar,Saturday,2,Dust,Medium,Motorcycle,Residential,50,41.4,5,60.9,44.0,0
6006,Lahore,Friday,20,Dust,Medium,Bus,Residential,50,53.2,16,65.7,38.8,0
6007,Islamabad,Thursday,18,Cloudy,Low,Motorcycle,Highway,100,90.2,9,81.9,49.5,0
6008,Lahore,Monday,20,Cloudy,Medium,Motorcycle,Main Road,60,33.5,4,100.0,18.9,0
6009,Rawalpindi,Sunday,1,Cloudy,Medium,Car,Residential,50,43.6,6,77.3,10.0,0
6010,Multan,Thursday,19,Clear,Medium,Motorcycle,Residential,50,35.9,7,97.8,20.9,0
6011,Rawalpindi,Thursday,9,Clear,High,Motorcycle,Highway,100,100.9,16,94.5,46.4,0
6012,Islamabad,Sunday,1,Clear,Low,Rickshaw,Highway,100,104.3,6,92.2,53.0,1
6013,Quetta,Saturday,1,Clear,High,Bus,Main Road,60,34.0,12,91.8,36.1,0
6014,Lahore,Friday,23,Fog,High,Motorcycle,Main Road,60,28.6,6,47.5,76.2,0
6015,Quetta,Wednesday,16,Clear,Severe,Car,Residential,50,31.6,8,99.3,35.3,0
6016,Karachi,Sunday,15,Rain,Medium,Motorcycle,Market,50,37.9,19,72.1,41.4,0
6017,Lahore,Thursday,15,Clear,Low,Van,Market,50,39.7,16,99.5,29.2,0
6018,Rawalpindi,Wednesday,13,Clear,High,Car,Main Road,60,45.6,8,78.4,37.5,0
6019,Multan,Tuesday,6,Clear,Medium,Motorcycle,Main Road,60,58.6,4,98.0,36.4,0
6020,Rawalpindi,Thursday,20,Clear,High,Motorcycle,School Zone,40,17.2,34,85.4,45.5,0
6021,Quetta,Wednesday,10,Clear,Severe,Motorcycle,Residential,50,22.8,8,85.3,48.6,0
6022,Peshawar,Tuesday,23,Cloudy,Low,Motorcycle,Main Road,60,47.8,11,81.1,19.4,0
6023,Rawalpindi,Saturday,0,Cloudy,Medium,Car,Market,50,48.4,26,85.3,50.3,1
6024,Peshawar,Friday,10,Rain,Low,Van,Residential,50,37.1,9,81.0,26.4,0
6025,Rawalpindi,Thursday,22,Cloudy,High,Rickshaw,Main Road,60,57.0,6,82.4,50.6,0
6026,Rawalpindi,Friday,20,Fog,Low,Bus,Residential,50,36.3,9,50.0,38.6,1
6027,Multan,Tuesday,3,Rain,Low,Motorcycle,Main Road,60,35.0,3,82.6,40.1,0
6028,Karachi,Friday,6,Clear,Low,Motorcycle,Main Road,60,86.2,8,100.0,45.6,0
6029,Peshawar,Friday,14,Clear,High,Motorcycle,Residential,50,26.7,5,88.2,34.3,0
6030,Peshawar,Sunday,17,Clear,High,Motorcycle,Residential,50,36.3,7,86.9,50.1,0
6031,Rawalpindi,Monday,11,Clear,Medium,Motorcycle,Highway,100,92.6,15,75.2,53.8,0
6032,Peshawar,Tuesday,16,Cloudy,Low,Car,Residential,50,54.2,11,89.4,34.2,0
6033,Rawalpindi,Friday,0,Fog,Medium,Rickshaw,Market,50,29.6,25,54.1,41.1,0
6034,Rawalpindi,Wednesday,10,Cloudy,High,Motorcycle,School Zone,40,16.0,46,85.8,48.3,1
6035,Quetta,Tuesday,0,Rain,Medium,Motorcycle,Highway,100,100.2,7,70.4,75.1,1
6036,Lahore,Monday,14,Clear,Medium,Motorcycle,Main Road,60,45.4,2,86.0,37.8,0
6037,Peshawar,Thursday,20,Clear,High,Motorcycle,Main Road,60,22.8,11,91.8,50.6,1
6038,Multan,Saturday,9,Rain,Severe,Rickshaw,Market,50,16.9,24,81.1,57.2,1
6039,Islamabad,Friday,6,Clear,Medium,Motorcycle,Market,50,48.9,19,92.5,44.2,0
6040,Quetta,Wednesday,1,Dust,Medium,Car,Market,50,44.4,24,57.8,18.5,0
6041,Peshawar,Monday,9,Clear,Medium,Motorcycle,Main Road,60,48.9,6,100.0,23.8,0
6042,Multan,Tuesday,23,Dust,Medium,Car,Residential,50,51.1,8,67.8,41.3,0
6043,Peshawar,Saturday,3,Rain,High,Car,Highway,100,67.0,5,99.4,38.5,0
6044,Karachi,Saturday,11,Cloudy,Medium,Car,Highway,100,68.5,12,66.8,26.7,0
6045,Islamabad,Friday,18,Dust,High,Car,Main Road,60,21.9,10,79.6,42.2,0
6046,Islamabad,Monday,10,Clear,Medium,Van,Residential,50,30.4,9,100.0,21.2,0
6047,Multan,Monday,7,Clear,Medium,Motorcycle,Residential,50,30.7,8,90.3,22.1,0
6048,Karachi,Wednesday,17,Clear,High,Car,Residential,50,17.9,8,80.7,30.4,0
6049,Karachi,Thursday,10,Clear,Medium,Car,Residential,50,41.7,9,100.0,20.2,0
6050,Peshawar,Thursday,10,Clear,Medium,Van,Residential,50,59.1,6,82.3,35.1,0
6051,Lahore,Sunday,12,Dust,Severe,Van,Highway,100,60.1,10,69.4,76.5,1
6052,Multan,Thursday,2,Clear,High,Motorcycle,Residential,50,49.8,13,85.9,62.6,1
6053,Karachi,Sunday,11,Dust,High,Van,Market,50,38.7,22,50.0,47.2,0
6054,Islamabad,Saturday,2,Fog,Medium,Rickshaw,Market,50,23.6,25,44.6,39.4,0
6055,Multan,Saturday,9,Rain,Medium,Van,School Zone,40,34.2,38,68.3,39.7,0
6056,Islamabad,Tuesday,16,Dust,Severe,Rickshaw,Market,50,10.0,22,58.1,32.9,0
6057,Peshawar,Saturday,21,Rain,Low,Motorcycle,Main Road,60,57.0,5,84.5,35.6,0
6058,Multan,Saturday,1,Cloudy,High,Rickshaw,Market,50,47.0,23,95.1,65.5,1
6059,Lahore,Monday,16,Cloudy,Severe,Bus,Market,50,18.4,22,78.4,48.2,0
6060,Rawalpindi,Tuesday,15,Cloudy,High,Motorcycle,Main Road,60,50.9,10,92.9,40.2,0
6061,Multan,Monday,1,Clear,Low,Rickshaw,Main Road,60,65.0,6,94.7,70.1,1
6062,Karachi,Wednesday,21,Clear,High,Bus,Main Road,60,35.6,6,88.5,51.0,0
6063,Karachi,Sunday,19,Cloudy,High,Van,Main Road,60,32.6,6,84.0,21.7,0
6064,Peshawar,Sunday,5,Clear,High,Car,Main Road,60,35.3,7,78.8,35.5,0
6065,Quetta,Wednesday,9,Fog,High,Car,School Zone,40,11.1,32,46.1,61.7,0
6066,Quetta,Sunday,9,Cloudy,Medium,Van,Main Road,60,68.5,10,92.0,50.4,0
6067,Lahore,Tuesday,7,Clear,Medium,Car,Main Road,60,45.7,8,76.5,26.0,0
6068,Islamabad,Tuesday,0,Clear,Medium,Motorcycle,Highway,100,90.8,8,100.0,50.7,0
6069,Islamabad,Saturday,12,Clear,Low,Motorcycle,Highway,100,98.6,5,100.0,52.4,0
6070,Rawalpindi,Sunday,23,Clear,High,Rickshaw,Market,50,39.7,21,87.1,33.1,0
6071,Islamabad,Wednesday,8,Clear,Medium,Motorcycle,Residential,50,39.2,8,96.5,14.9,0
6072,Quetta,Friday,21,Fog,Medium,Van,Main Road,60,47.0,5,40.0,46.3,1
6073,Quetta,Thursday,9,Clear,Low,Van,Highway,100,97.0,6,96.5,44.5,1
6074,Karachi,Saturday,14,Cloudy,Low,Motorcycle,Highway,100,120.0,6,97.7,46.8,0
6075,Rawalpindi,Thursday,4,Clear,High,Motorcycle,Residential,50,13.1,4,86.4,37.4,0
6076,Lahore,Wednesday,21,Dust,High,Car,Market,50,29.5,29,53.4,42.7,0
6077,Rawalpindi,Sunday,15,Cloudy,Medium,Motorcycle,Residential,50,46.8,11,99.0,27.2,0
6078,Multan,Sunday,12,Cloudy,High,Car,Main Road,60,46.2,15,80.6,38.1,0
6079,Lahore,Thursday,21,Rain,Medium,Car,Market,50,18.5,14,74.5,37.8,0
6080,Quetta,Friday,19,Cloudy,High,Rickshaw,Market,50,44.0,28,100.0,32.8,0
6081,Islamabad,Sunday,17,Clear,Medium,Van,Main Road,60,58.9,8,93.3,26.7,0
6082,Peshawar,Friday,10,Clear,Low,Car,Residential,50,64.0,5,83.9,42.9,1
6083,Rawalpindi,Monday,8,Clear,Medium,Bus,Highway,100,90.4,7,85.9,36.0,0
6084,Rawalpindi,Tuesday,15,Clear,Low,Motorcycle,Residential,50,43.2,10,87.6,22.3,0
6085,Karachi,Thursday,1,Clear,Severe,Rickshaw,Main Road,60,29.3,5,80.6,45.7,0
6086,Karachi,Sunday,1,Dust,Severe,Motorcycle,Highway,100,66.2,12,59.3,62.1,1
6087,Quetta,Friday,11,Clear,High,Car,Market,50,19.2,22,79.6,41.1,0
6088,Lahore,Sunday,7,Clear,Medium,Motorcycle,Market,50,43.6,23,85.9,26.2,0
6089,Peshawar,Tuesday,8,Fog,Medium,Motorcycle,Market,50,40.6,24,33.9,44.7,0
6090,Multan,Tuesday,11,Fog,High,Car,Main Road,60,41.0,12,42.4,64.5,0
6091,Karachi,Monday,8,Fog,Medium,Motorcycle,Residential,50,39.5,7,45.0,43.4,0
6092,Karachi,Tuesday,9,Cloudy,Severe,Car,Residential,50,10.0,7,75.7,43.2,0
6093,Islamabad,Tuesday,1,Clear,Medium,Motorcycle,Highway,100,83.1,9,89.1,22.4,0
6094,Islamabad,Saturday,15,Dust,Medium,Car,Market,50,71.8,18,63.8,51.4,1
6095,Quetta,Wednesday,19,Clear,Severe,Motorcycle,Market,50,19.0,19,91.2,62.2,0
6096,Quetta,Sunday,6,Clear,Severe,Rickshaw,Market,50,16.1,23,87.9,41.2,0
6097,Karachi,Monday,1,Clear,Severe,Car,Residential,50,30.6,9,76.1,41.6,0
6098,Lahore,Monday,0,Cloudy,Medium,Motorcycle,Highway,100,96.9,9,95.6,53.4,0
6099,Multan,Thursday,18,Clear,High,Motorcycle,Market,50,43.8,21,85.3,38.6,0
6100,Peshawar,Tuesday,3,Rain,Medium,Motorcycle,Main Road,60,58.9,4,70.3,63.3,0
6101,Karachi,Thursday,23,Clear,Medium,Car,Main Road,60,58.2,5,92.2,43.4,0
6102,Lahore,Saturday,21,Clear,Medium,Motorcycle,Highway,100,72.7,9,83.2,43.1,0
6103,Lahore,Friday,1,Clear,High,Motorcycle,School Zone,40,30.2,44,94.6,79.1,1
6104,Karachi,Tuesday,13,Clear,Low,Car,Market,50,52.9,20,83.8,25.1,0
6105,Lahore,Friday,1,Fog,Medium,Rickshaw,Residential,50,40.8,7,33.9,55.1,1
6106,Rawalpindi,Wednesday,14,Fog,High,Motorcycle,Market,50,43.4,19,38.8,56.9,0
6107,Lahore,Saturday,11,Clear,Medium,Motorcycle,Residential,50,44.1,7,93.3,27.4,0
6108,Karachi,Tuesday,4,Fog,Low,Car,Highway,100,76.8,8,38.1,40.9,0
6109,Lahore,Thursday,19,Cloudy,Low,Car,Highway,100,95.1,8,75.5,41.5,0
6110,Multan,Thursday,6,Clear,Severe,Car,Residential,50,28.3,7,76.1,36.4,0
6111,Karachi,Tuesday,23,Rain,Medium,Car,Highway,100,77.7,3,52.2,28.8,0
6112,Islamabad,Sunday,20,Dust,High,Motorcycle,Main Road,60,46.8,6,76.2,58.2,0
6113,Karachi,Thursday,9,Clear,Medium,Car,Residential,50,58.0,9,80.8,55.9,0
6114,Lahore,Sunday,13,Clear,Low,Rickshaw,Main Road,60,85.9,5,73.5,37.3,0
6115,Karachi,Tuesday,13,Clear,Medium,Van,Highway,100,94.7,8,91.1,39.4,0
6116,Peshawar,Monday,4,Clear,Low,Car,School Zone,40,12.3,35,90.7,40.5,0
6117,Karachi,Thursday,17,Clear,Low,Motorcycle,Market,50,64.3,16,86.1,35.0,0
6118,Karachi,Sunday,23,Cloudy,Low,Bus,Highway,100,109.0,7,100.0,51.9,0
6119,Peshawar,Tuesday,13,Rain,High,Rickshaw,Residential,50,13.1,5,77.0,43.1,0
6120,Peshawar,Tuesday,1,Clear,High,Motorcycle,Market,50,44.5,23,89.2,57.0,1
6121,Peshawar,Sunday,11,Clear,High,Bus,Residential,50,30.2,5,83.0,18.6,0
6122,Quetta,Thursday,21,Rain,Severe,Van,Market,50,25.4,21,85.8,63.2,0
6123,Rawalpindi,Monday,23,Clear,High,Bus,Main Road,60,60.3,4,80.3,31.7,0
6124,Quetta,Thursday,5,Rain,Low,Car,Main Road,60,67.0,8,65.0,42.1,0
6125,Karachi,Tuesday,3,Fog,Medium,Car,School Zone,40,19.7,25,52.5,33.7,0
6126,Quetta,Monday,12,Fog,Low,Motorcycle,Highway,100,66.0,14,57.6,39.5,0
6127,Quetta,Friday,3,Cloudy,High,Car,Highway,100,84.0,6,92.5,33.1,0
6128,Peshawar,Wednesday,21,Clear,Low,Rickshaw,Highway,100,89.2,8,92.2,20.2,0
6129,Peshawar,Thursday,13,Clear,Low,Van,Highway,100,110.1,6,91.9,42.4,1
6130,Islamabad,Saturday,15,Rain,Low,Car,Highway,100,92.2,7,65.0,39.5,0
6131,Quetta,Tuesday,3,Fog,Severe,Car,Main Road,60,36.0,8,40.4,70.0,1
6132,Rawalpindi,Monday,23,Clear,High,Motorcycle,Highway,100,84.9,11,99.2,42.9,0
6133,Karachi,Sunday,0,Clear,Medium,Rickshaw,School Zone,40,38.2,37,99.6,57.7,0
6134,Multan,Sunday,12,Dust,Medium,Bus,Market,50,27.8,16,52.3,38.3,0
6135,Multan,Sunday,3,Clear,Low,Car,Market,50,53.2,28,86.4,55.2,0
6136,Lahore,Monday,19,Clear,Low,Bus,Main Road,60,60.8,8,93.6,39.4,0
6137,Rawalpindi,Friday,17,Dust,Medium,Car,Highway,100,77.7,7,70.5,35.0,1
6138,Rawalpindi,Thursday,5,Clear,Medium,Rickshaw,Market,50,34.0,26,90.9,30.4,0
6139,Islamabad,Saturday,2,Clear,High,Motorcycle,Market,50,23.5,16,95.4,43.0,1
6140,Karachi,Sunday,22,Cloudy,Medium,Bus,Market,50,59.2,17,92.7,41.8,0
6141,Karachi,Monday,12,Rain,Severe,Car,Highway,100,48.6,10,77.9,52.5,1
6142,Peshawar,Sunday,15,Clear,Medium,Motorcycle,Main Road,60,34.6,8,88.7,44.7,0
6143,Peshawar,Friday,4,Clear,Severe,Motorcycle,Main Road,60,20.1,7,82.8,53.3,0
6144,Rawalpindi,Tuesday,3,Cloudy,High,Rickshaw,Main Road,60,33.7,12,95.7,41.6,0
6145,Islamabad,Sunday,20,Cloudy,Severe,Motorcycle,Residential,50,16.8,14,81.4,57.2,0
6146,Karachi,Friday,7,Clear,High,Car,Residential,50,13.8,16,94.6,29.1,0
6147,Islamabad,Thursday,18,Clear,Medium,Motorcycle,Residential,50,41.8,13,96.5,13.7,0
6148,Lahore,Sunday,13,Cloudy,Medium,Motorcycle,Main Road,60,40.1,5,82.0,26.9,0
6149,Multan,Friday,6,Rain,Medium,Motorcycle,Highway,100,74.9,3,77.9,30.1,0
6150,Karachi,Monday,13,Rain,Medium,Motorcycle,Main Road,60,39.0,5,70.8,34.3,0
6151,Peshawar,Monday,5,Rain,Low,Rickshaw,School Zone,40,19.3,42,64.0,57.1,1
6152,Rawalpindi,Wednesday,11,Rain,Medium,Van,Highway,100,82.6,8,79.6,38.3,0
6153,Islamabad,Friday,15,Clear,Low,Car,Main Road,60,48.8,7,86.9,23.8,0
6154,Multan,Tuesday,16,Dust,Medium,Car,Main Road,60,42.1,6,74.3,26.4,0
6155,Multan,Sunday,12,Dust,High,Rickshaw,Market,50,34.6,21,69.8,37.7,0
6156,Multan,Saturday,22,Cloudy,High,Bus,Main Road,60,35.5,6,90.2,21.8,0
6157,Peshawar,Saturday,13,Clear,High,Rickshaw,Market,50,50.6,29,73.1,53.9,0
6158,Rawalpindi,Thursday,6,Cloudy,Medium,Rickshaw,Main Road,60,44.2,10,86.2,23.6,0
6159,Peshawar,Wednesday,13,Cloudy,Low,Car,Residential,50,80.6,7,89.7,34.4,0
6160,Karachi,Friday,14,Clear,Medium,Car,Residential,50,26.1,9,85.0,13.6,0
6161,Islamabad,Tuesday,11,Cloudy,Medium,Car,Market,50,59.3,24,72.7,57.9,1
6162,Lahore,Wednesday,16,Rain,Severe,Car,Residential,50,16.5,8,67.4,66.5,1
6163,Quetta,Monday,8,Rain,Low,Motorcycle,Main Road,60,37.3,9,91.5,38.6,0
6164,Multan,Thursday,21,Clear,Medium,Car,Highway,100,85.8,14,91.8,18.5,0
6165,Peshawar,Sunday,14,Clear,High,Rickshaw,Main Road,60,49.2,12,90.5,25.1,0
6166,Quetta,Sunday,11,Cloudy,Low,Van,Main Road,60,64.4,9,96.7,24.8,0
6167,Islamabad,Sunday,1,Dust,Severe,Car,Residential,50,11.8,7,61.8,66.5,0
6168,Karachi,Friday,4,Cloudy,Medium,Motorcycle,Highway,100,101.8,8,87.9,66.3,1
6169,Peshawar,Saturday,12,Rain,Severe,Motorcycle,Main Road,60,22.0,9,84.6,63.7,1
6170,Karachi,Tuesday,19,Clear,Medium,Rickshaw,Residential,50,49.3,12,92.1,24.8,1
6171,Lahore,Sunday,22,Cloudy,Low,Rickshaw,Residential,50,44.1,9,97.9,31.7,0
6172,Multan,Sunday,7,Fog,Medium,Car,Main Road,60,33.7,7,43.6,50.7,1
6173,Lahore,Monday,13,Cloudy,Low,Car,Highway,100,104.5,4,98.1,40.1,0
6174,Multan,Wednesday,14,Fog,Medium,Rickshaw,Highway,100,90.7,7,65.3,51.5,0
6175,Rawalpindi,Sunday,10,Cloudy,Severe,Car,Main Road,60,38.7,7,81.5,31.1,0
6176,Rawalpindi,Thursday,0,Dust,High,Motorcycle,Main Road,60,57.3,10,56.0,55.5,0
6177,Rawalpindi,Wednesday,20,Clear,High,Motorcycle,Main Road,60,58.7,9,82.5,49.4,0
6178,Karachi,Saturday,2,Clear,Medium,Motorcycle,School Zone,40,21.1,41,73.9,32.2,1
6179,Rawalpindi,Wednesday,16,Clear,Medium,Car,Residential,50,37.3,14,92.7,18.3,0
6180,Islamabad,Tuesday,18,Clear,Low,Motorcycle,School Zone,40,48.2,39,90.0,55.5,0
6181,Quetta,Monday,13,Clear,Low,Rickshaw,Residential,50,33.8,12,96.6,32.4,0
6182,Quetta,Friday,21,Rain,Low,Motorcycle,Main Road,60,44.7,9,97.2,51.0,0
6183,Karachi,Tuesday,22,Dust,Medium,Car,Residential,50,36.3,8,74.7,18.0,0
6184,Karachi,Saturday,7,Cloudy,Medium,Motorcycle,Residential,50,29.1,9,80.6,20.7,0
6185,Rawalpindi,Thursday,12,Clear,Low,Rickshaw,Main Road,60,48.4,11,77.2,19.3,0
6186,Multan,Saturday,19,Fog,Severe,Rickshaw,Main Road,60,11.9,2,42.4,52.2,1
6187,Quetta,Saturday,2,Cloudy,Low,Van,Main Road,60,60.9,8,87.3,52.5,0
6188,Quetta,Wednesday,4,Rain,Low,Motorcycle,Residential,50,42.1,2,92.1,33.6,0
6189,Rawalpindi,Thursday,8,Dust,High,Rickshaw,Main Road,60,62.9,8,61.9,62.3,0
6190,Karachi,Tuesday,5,Fog,High,Motorcycle,School Zone,40,10.0,37,44.7,79.5,1
6191,Lahore,Saturday,21,Cloudy,Severe,Motorcycle,Residential,50,15.0,7,92.4,50.3,0
6192,Multan,Tuesday,1,Rain,Medium,Motorcycle,Main Road,60,44.7,10,83.2,36.4,0
6193,Lahore,Sunday,12,Cloudy,Low,Car,Residential,50,74.8,9,78.6,45.9,0
6194,Rawalpindi,Sunday,4,Clear,Severe,Motorcycle,Market,50,47.5,27,94.8,48.7,0
6195,Lahore,Sunday,7,Cloudy,Severe,Motorcycle,Residential,50,48.6,7,86.8,72.3,1
6196,Islamabad,Friday,22,Clear,Severe,Motorcycle,Residential,50,39.9,3,81.0,60.2,1
6197,Islamabad,Wednesday,0,Clear,High,Van,Main Road,60,40.0,7,72.5,12.9,0
6198,Islamabad,Tuesday,19,Rain,Low,Bus,Residential,50,41.9,11,64.8,47.1,0
6199,Karachi,Sunday,11,Clear,High,Car,Main Road,60,42.0,8,91.7,34.4,0
6200,Karachi,Sunday,22,Cloudy,Severe,Rickshaw,Residential,50,26.1,10,100.0,38.2,0
6201,Karachi,Thursday,10,Rain,Medium,Motorcycle,Main Road,60,53.8,9,85.7,54.1,0
6202,Karachi,Saturday,6,Dust,High,Motorcycle,Market,50,38.5,21,73.5,43.3,0
6203,Karachi,Sunday,14,Clear,High,Car,Highway,100,84.2,6,95.0,37.4,0
6204,Rawalpindi,Friday,21,Dust,Medium,Motorcycle,Main Road,60,43.8,9,83.9,41.2,0
6205,Lahore,Thursday,23,Fog,Medium,Motorcycle,Main Road,60,30.9,15,35.4,49.5,1
6206,Rawalpindi,Wednesday,10,Cloudy,Severe,Rickshaw,Residential,50,21.0,10,81.3,60.6,0
6207,Lahore,Friday,21,Rain,Medium,Motorcycle,Market,50,56.1,19,87.5,54.3,0
6208,Rawalpindi,Friday,15,Clear,Medium,Van,Highway,100,94.1,9,86.9,18.1,0
6209,Islamabad,Friday,2,Fog,Medium,Motorcycle,Residential,50,27.5,6,57.1,42.8,0
6210,Peshawar,Saturday,19,Cloudy,Medium,Rickshaw,Residential,50,52.1,10,88.7,26.2,0
6211,Karachi,Sunday,13,Clear,High,Car,School Zone,40,10.0,36,86.7,40.2,0
6212,Peshawar,Monday,2,Clear,Medium,Car,Residential,50,49.7,10,93.9,52.2,0
6213,Peshawar,Friday,0,Cloudy,Low,Motorcycle,Residential,50,54.5,3,90.6,55.7,1
6214,Islamabad,Thursday,20,Clear,Severe,Motorcycle,Residential,50,25.6,5,81.5,50.1,0
6215,Peshawar,Thursday,14,Rain,Severe,Car,Residential,50,29.5,10,75.5,52.9,0
6216,Peshawar,Wednesday,0,Clear,Low,Car,Highway,100,120.0,10,87.3,38.6,0
6217,Islamabad,Tuesday,16,Cloudy,High,Motorcycle,Main Road,60,48.8,7,98.5,42.5,0
6218,Lahore,Tuesday,1,Cloudy,Medium,Car,Residential,50,78.1,9,88.0,34.5,0
6219,Rawalpindi,Monday,19,Dust,Medium,Motorcycle,Main Road,60,50.0,9,49.9,24.7,0
6220,Quetta,Saturday,5,Rain,Medium,Rickshaw,Market,50,39.5,24,72.6,26.6,1
6221,Peshawar,Sunday,7,Rain,Medium,Rickshaw,School Zone,40,31.7,35,79.2,34.9,0
6222,Karachi,Saturday,15,Dust,Medium,Motorcycle,Residential,50,37.0,14,63.7,39.8,0
6223,Islamabad,Sunday,18,Cloudy,Low,Rickshaw,School Zone,40,49.0,37,85.8,68.0,1
6224,Multan,Friday,0,Dust,Medium,Car,Market,50,53.2,22,76.2,51.5,0
6225,Multan,Sunday,2,Clear,High,Rickshaw,Highway,100,103.3,9,83.3,41.8,0
6226,Peshawar,Monday,2,Rain,Low,Motorcycle,Residential,50,60.1,6,75.6,47.9,0
6227,Quetta,Wednesday,4,Clear,Medium,Motorcycle,Main Road,60,40.5,5,85.7,22.1,0
6228,Lahore,Wednesday,11,Fog,Low,Rickshaw,Market,50,46.6,21,56.8,47.2,1
6229,Lahore,Tuesday,11,Clear,Medium,Rickshaw,School Zone,40,34.0,38,78.3,35.1,0
6230,Quetta,Wednesday,19,Clear,Low,Rickshaw,Market,50,56.5,24,91.9,34.6,0
6231,Karachi,Friday,12,Clear,Medium,Motorcycle,Market,50,34.6,22,81.3,20.1,0
6232,Peshawar,Thursday,19,Clear,High,Motorcycle,Residential,50,42.7,8,94.8,53.0,0
6233,Karachi,Wednesday,8,Clear,High,Motorcycle,Highway,100,94.0,5,75.5,79.9,1
6234,Lahore,Monday,6,Cloudy,High,Van,Market,50,51.8,25,98.0,68.0,0
6235,Multan,Friday,3,Dust,Medium,Car,Market,50,39.6,21,75.1,29.7,0
6236,Lahore,Wednesday,18,Clear,Severe,Rickshaw,Main Road,60,23.1,9,88.2,32.5,0
6237,Rawalpindi,Saturday,21,Clear,Medium,Van,School Zone,40,25.6,33,79.4,35.6,0
6238,Lahore,Sunday,18,Rain,Low,Car,Main Road,60,40.7,10,78.8,22.0,0
6239,Islamabad,Wednesday,5,Clear,Severe,Rickshaw,Residential,50,21.0,6,87.4,34.9,0
6240,Rawalpindi,Saturday,12,Dust,Low,Motorcycle,Residential,50,43.7,4,62.5,29.6,0
6241,Karachi,Friday,10,Clear,Severe,Car,Main Road,60,22.0,6,76.8,42.9,0
6242,Lahore,Wednesday,12,Cloudy,Medium,Bus,Main Road,60,64.8,8,84.6,52.1,1
6243,Quetta,Saturday,12,Clear,Low,Motorcycle,Main Road,60,46.2,9,89.1,30.3,0
6244,Islamabad,Thursday,21,Clear,High,Motorcycle,Market,50,26.9,20,90.2,28.2,0
6245,Rawalpindi,Tuesday,19,Rain,Low,Car,School Zone,40,20.5,37,71.6,33.6,0
6246,Islamabad,Friday,14,Clear,Low,Bus,Highway,100,91.2,5,86.9,41.5,1
6247,Rawalpindi,Saturday,20,Fog,Medium,Car,Main Road,60,59.1,14,56.3,46.9,0
6248,Rawalpindi,Monday,12,Cloudy,High,Car,Main Road,60,33.1,14,88.4,44.2,0
6249,Rawalpindi,Wednesday,21,Dust,Low,Motorcycle,Market,50,47.1,16,72.6,50.9,1
6250,Quetta,Saturday,10,Fog,High,Van,Main Road,60,35.5,6,37.5,49.5,0
6251,Karachi,Sunday,18,Clear,High,Car,Highway,100,75.9,11,91.4,20.4,0
6252,Rawalpindi,Saturday,7,Rain,Low,Car,Highway,100,84.6,5,83.7,7.7,0
6253,Rawalpindi,Saturday,19,Clear,High,Motorcycle,Highway,100,65.1,10,91.1,19.0,0
6254,Islamabad,Sunday,7,Cloudy,Severe,Car,Market,50,10.0,22,78.1,24.1,0
6255,Rawalpindi,Tuesday,9,Rain,Severe,Car,School Zone,40,10.0,31,73.2,61.3,0
6256,Karachi,Sunday,15,Clear,Low,Motorcycle,Residential,50,44.4,6,88.5,32.4,0
6257,Multan,Sunday,18,Clear,High,Car,School Zone,40,13.5,45,96.1,34.8,0
6258,Quetta,Monday,22,Cloudy,High,Motorcycle,School Zone,40,28.5,42,78.6,47.7,0
6259,Quetta,Sunday,10,Dust,Severe,Bus,Main Road,60,20.4,5,69.1,45.6,0
6260,Islamabad,Monday,12,Fog,Medium,Van,School Zone,40,27.0,27,46.9,24.5,0
6261,Multan,Thursday,8,Rain,Medium,Motorcycle,Main Road,60,46.4,8,68.8,40.1,0
6262,Rawalpindi,Sunday,19,Clear,Low,Car,Highway,100,106.7,11,97.4,43.5,0
6263,Islamabad,Tuesday,23,Dust,Medium,Rickshaw,Main Road,60,61.1,8,66.8,68.0,1
6264,Quetta,Sunday,18,Dust,Low,Van,Main Road,60,48.4,11,54.5,30.7,0
6265,Karachi,Saturday,15,Clear,High,Car,Highway,100,80.8,9,85.5,36.4,0
6266,Islamabad,Friday,6,Clear,Low,Van,School Zone,40,34.4,35,91.9,41.4,0
6267,Karachi,Tuesday,18,Dust,High,Rickshaw,Main Road,60,36.2,11,64.2,45.1,0
6268,Multan,Sunday,11,Dust,Low,Car,Residential,50,62.8,9,59.5,47.3,0
6269,Multan,Tuesday,14,Clear,Medium,Motorcycle,Market,50,57.6,18,93.9,40.1,0
6270,Lahore,Monday,22,Fog,Medium,Bus,School Zone,40,10.0,36,50.2,59.7,1
6271,Rawalpindi,Thursday,13,Cloudy,High,Motorcycle,Residential,50,41.0,6,83.7,42.4,0
6272,Karachi,Thursday,10,Fog,Medium,Motorcycle,School Zone,40,16.1,33,56.4,59.2,1
6273,Rawalpindi,Tuesday,9,Clear,Medium,Car,School Zone,40,34.1,45,73.5,30.1,0
6274,Multan,Tuesday,10,Cloudy,Low,Car,School Zone,40,40.8,23,79.9,30.9,0
6275,Karachi,Sunday,5,Clear,Low,Motorcycle,Highway,100,92.2,11,88.1,54.4,0
6276,Peshawar,Wednesday,1,Dust,Medium,Bus,Main Road,60,63.2,10,56.1,47.7,1
6277,Multan,Saturday,10,Clear,Low,Van,Market,50,54.5,22,93.6,29.1,0
6278,Peshawar,Monday,18,Rain,Low,Motorcycle,Highway,100,77.0,5,81.1,46.0,0
6279,Peshawar,Saturday,5,Clear,Low,Car,School Zone,40,40.4,44,90.3,44.5,0
6280,Multan,Friday,13,Rain,High,Car,Highway,100,57.8,6,81.0,38.3,0
6281,Karachi,Friday,19,Clear,Medium,Motorcycle,Residential,50,34.3,4,88.1,22.4,0
6282,Quetta,Thursday,5,Clear,Low,Car,Main Road,60,51.1,5,98.1,2.7,0
6283,Quetta,Monday,16,Clear,Low,Rickshaw,Residential,50,45.9,8,95.7,37.3,0
6284,Rawalpindi,Saturday,9,Clear,Medium,Car,Market,50,10.0,18,86.6,26.3,0
6285,Peshawar,Thursday,0,Rain,Medium,Car,Residential,50,42.4,6,70.1,28.3,0
6286,Rawalpindi,Friday,2,Clear,High,Car,Residential,50,51.7,8,91.2,58.7,0
6287,Karachi,Tuesday,7,Clear,Severe,Car,Main Road,60,42.2,11,86.5,35.3,0
6288,Rawalpindi,Monday,7,Clear,Medium,Motorcycle,Highway,100,94.8,6,98.4,49.7,0
6289,Rawalpindi,Monday,19,Cloudy,High,Car,Main Road,60,11.3,8,86.0,36.9,0
6290,Peshawar,Saturday,21,Clear,High,Motorcycle,Residential,50,22.8,7,87.2,22.1,0
6291,Multan,Sunday,14,Clear,Medium,Rickshaw,Residential,50,28.6,9,98.3,14.2,0
6292,Quetta,Wednesday,23,Cloudy,Low,Motorcycle,School Zone,40,66.0,38,93.6,58.2,1
6293,Islamabad,Saturday,6,Cloudy,Medium,Rickshaw,School Zone,40,37.3,46,72.6,45.4,0
6294,Lahore,Tuesday,10,Cloudy,Medium,Rickshaw,Market,50,34.2,25,100.0,7.0,0
6295,Karachi,Sunday,6,Clear,Medium,Motorcycle,Market,50,39.7,25,81.5,35.3,0
6296,Karachi,Sunday,3,Clear,Low,Rickshaw,Residential,50,68.8,8,92.4,39.1,0
6297,Karachi,Sunday,11,Rain,High,Car,Main Road,60,29.3,5,88.3,51.5,0
6298,Lahore,Tuesday,5,Dust,High,Motorcycle,Main Road,60,50.8,4,68.5,50.4,1
6299,Islamabad,Thursday,13,Cloudy,Medium,Van,Highway,100,87.9,10,88.2,5.7,0
6300,Quetta,Monday,11,Clear,Low,Car,Market,50,65.8,23,100.0,27.0,0
6301,Rawalpindi,Thursday,10,Cloudy,High,Car,Highway,100,82.5,15,92.0,47.4,1
6302,Quetta,Tuesday,18,Dust,Severe,Rickshaw,Highway,100,56.4,10,69.8,43.9,0
6303,Karachi,Wednesday,20,Cloudy,High,Motorcycle,Main Road,60,46.6,15,92.6,47.1,0
6304,Rawalpindi,Monday,4,Dust,Low,Bus,Residential,50,33.2,9,77.9,37.3,0
6305,Peshawar,Tuesday,13,Clear,Medium,Motorcycle,Market,50,56.2,25,85.0,41.5,0
6306,Quetta,Wednesday,20,Rain,Severe,Car,Highway,100,69.0,6,79.6,64.3,1
6307,Peshawar,Saturday,23,Cloudy,High,Motorcycle,Highway,100,76.5,7,100.0,36.5,0
6308,Peshawar,Friday,15,Cloudy,Low,Bus,Residential,50,57.8,9,90.7,39.5,0
6309,Multan,Sunday,12,Cloudy,High,Car,School Zone,40,26.0,35,73.0,47.8,0
6310,Quetta,Tuesday,21,Cloudy,Medium,Motorcycle,Main Road,60,66.2,13,83.1,49.3,0
6311,Karachi,Friday,21,Dust,Medium,Motorcycle,Residential,50,62.2,10,63.9,61.6,1
6312,Lahore,Thursday,19,Dust,Medium,Bus,Main Road,60,48.1,9,53.6,15.7,0
6313,Karachi,Friday,21,Clear,High,Car,Main Road,60,46.0,12,94.4,34.9,0
6314,Peshawar,Tuesday,3,Cloudy,Low,Bus,Main Road,60,46.0,5,100.0,11.8,0
6315,Peshawar,Friday,10,Dust,Medium,Car,Main Road,60,65.7,6,84.0,59.3,0
6316,Karachi,Sunday,16,Clear,High,Car,Main Road,60,47.2,9,100.0,23.8,0
6317,Lahore,Monday,6,Clear,High,Rickshaw,Main Road,60,50.6,10,94.7,43.2,0
6318,Lahore,Tuesday,13,Clear,Low,Rickshaw,Residential,50,61.5,9,82.0,19.0,0
6319,Multan,Wednesday,10,Clear,Medium,Van,Main Road,60,36.1,5,86.8,11.9,0
6320,Rawalpindi,Friday,21,Dust,Low,Rickshaw,Highway,100,111.9,7,68.4,38.1,0
6321,Islamabad,Monday,8,Clear,Medium,Motorcycle,Main Road,60,52.0,7,75.0,20.2,0
6322,Peshawar,Sunday,22,Cloudy,Medium,Motorcycle,Highway,100,89.9,7,88.2,28.1,1
6323,Lahore,Thursday,12,Clear,Low,Motorcycle,Main Road,60,72.1,8,83.7,55.9,0
6324,Quetta,Thursday,22,Clear,Medium,Van,Residential,50,32.3,11,77.8,30.9,1
6325,Multan,Sunday,17,Dust,Severe,Car,Highway,100,85.7,8,61.2,51.2,0
6326,Peshawar,Friday,10,Cloudy,Severe,Motorcycle,Market,50,10.0,24,87.2,47.0,0
6327,Islamabad,Thursday,14,Clear,Medium,Car,Market,50,50.1,12,83.5,54.3,0
6328,Quetta,Wednesday,21,Fog,Medium,Bus,Main Road,60,35.0,9,42.0,37.5,0
6329,Peshawar,Tuesday,18,Clear,Low,Motorcycle,Highway,100,74.2,13,95.2,32.9,0
6330,Multan,Monday,0,Clear,Low,Motorcycle,School Zone,40,28.0,40,87.2,48.0,0
6331,Multan,Saturday,3,Cloudy,High,Motorcycle,Main Road,60,57.4,7,95.8,52.9,0
6332,Lahore,Friday,13,Clear,High,Van,School Zone,40,52.9,33,93.6,81.6,0
6333,Rawalpindi,Thursday,13,Cloudy,Severe,Motorcycle,Residential,50,10.0,9,75.1,58.2,0
6334,Karachi,Tuesday,2,Cloudy,Severe,Bus,Market,50,19.5,25,100.0,52.6,0
6335,Multan,Saturday,16,Clear,Severe,Van,Residential,50,10.0,8,77.0,37.5,0
6336,Quetta,Wednesday,2,Rain,Low,Rickshaw,Highway,100,82.0,9,71.5,12.7,0
6337,Karachi,Thursday,15,Clear,Severe,Car,Main Road,60,32.3,8,81.9,35.0,0
6338,Lahore,Thursday,13,Rain,Medium,Motorcycle,Residential,50,19.2,7,63.4,34.2,0
6339,Lahore,Monday,19,Clear,Severe,Rickshaw,Main Road,60,36.3,9,86.0,54.7,0
6340,Quetta,Wednesday,12,Dust,Medium,Motorcycle,School Zone,40,11.2,44,69.1,60.8,1
6341,Islamabad,Wednesday,14,Dust,Medium,Bus,Main Road,60,57.6,10,68.1,37.7,0
6342,Multan,Friday,13,Clear,Low,Rickshaw,Residential,50,54.9,6,98.7,28.0,0
6343,Quetta,Saturday,23,Fog,Low,Rickshaw,Market,50,31.0,23,67.7,26.6,0
6344,Peshawar,Monday,18,Cloudy,High,Motorcycle,Residential,50,35.7,6,89.6,29.7,0
6345,Islamabad,Friday,5,Rain,Severe,Car,Residential,50,10.0,9,77.6,52.4,0
6346,Karachi,Monday,9,Dust,Low,Car,Main Road,60,62.8,11,65.8,44.7,0
6347,Peshawar,Wednesday,14,Clear,Low,Van,Main Road,60,54.5,6,90.9,46.4,1
6348,Islamabad,Monday,20,Clear,Low,Car,Main Road,60,44.7,8,94.7,33.5,0
6349,Karachi,Monday,21,Clear,Low,Car,Main Road,60,58.5,6,87.6,20.8,0
6350,Peshawar,Monday,19,Clear,Medium,Motorcycle,Residential,50,44.6,8,80.6,24.4,0
6351,Rawalpindi,Tuesday,5,Clear,Low,Rickshaw,Main Road,60,62.7,12,81.9,29.3,0
6352,Multan,Tuesday,22,Cloudy,Low,Motorcycle,Main Road,60,50.5,9,89.0,36.1,0
6353,Quetta,Saturday,9,Clear,Severe,Rickshaw,Main Road,60,18.3,9,90.3,43.9,0
6354,Quetta,Saturday,6,Cloudy,Severe,Rickshaw,Market,50,43.6,23,94.2,58.9,1
6355,Quetta,Sunday,21,Clear,Medium,Motorcycle,Main Road,60,44.2,13,100.0,30.5,0
6356,Rawalpindi,Wednesday,16,Clear,Severe,Car,Main Road,60,44.5,5,72.6,40.0,0
6357,Multan,Monday,17,Clear,Medium,Car,Highway,100,97.6,12,92.7,31.5,0
6358,Islamabad,Wednesday,16,Rain,High,Car,Main Road,60,33.6,8,70.9,44.5,1
6359,Multan,Tuesday,8,Dust,High,Car,Main Road,60,42.2,7,62.6,46.3,0
6360,Lahore,Monday,9,Clear,Low,Car,Market,50,51.6,19,98.0,34.0,0
6361,Peshawar,Friday,9,Rain,Medium,Motorcycle,Residential,50,30.3,14,82.1,28.2,0
6362,Islamabad,Tuesday,6,Dust,Severe,Rickshaw,School Zone,40,18.8,25,59.1,37.7,0
6363,Lahore,Tuesday,15,Fog,Low,Car,School Zone,40,21.5,24,44.4,26.3,0
6364,Quetta,Tuesday,17,Cloudy,Low,Motorcycle,Market,50,52.3,24,84.6,49.7,1
6365,Quetta,Sunday,5,Clear,Severe,Motorcycle,Main Road,60,27.8,6,87.5,60.4,0
6366,Quetta,Monday,19,Clear,Low,Car,Residential,50,55.5,6,99.4,44.4,1
6367,Lahore,Saturday,0,Clear,Medium,Rickshaw,Main Road,60,62.4,8,88.2,34.6,0
6368,Peshawar,Thursday,0,Cloudy,Severe,Car,School Zone,40,24.4,31,79.9,60.4,1
6369,Peshawar,Friday,11,Clear,Severe,Van,Market,50,26.4,20,81.6,42.5,0
6370,Lahore,Friday,20,Cloudy,Severe,Car,Market,50,34.2,15,84.9,49.1,0
6371,Karachi,Wednesday,1,Clear,Medium,Van,Residential,50,30.7,9,88.3,13.1,0
6372,Quetta,Monday,3,Clear,Low,Van,Residential,50,44.4,10,96.6,34.8,0
6373,Islamabad,Saturday,16,Fog,High,Car,Residential,50,33.9,9,44.3,53.4,1
6374,Peshawar,Tuesday,3,Fog,High,Car,Main Road,60,50.8,8,30.7,65.9,1
6375,Multan,Thursday,10,Rain,Medium,Motorcycle,Market,50,24.1,19,80.0,32.4,0
6376,Lahore,Monday,21,Clear,Severe,Van,School Zone,40,10.0,35,96.8,58.6,0
6377,Karachi,Monday,3,Fog,Severe,Rickshaw,Main Road,60,35.7,9,39.7,72.6,1
6378,Rawalpindi,Sunday,0,Clear,High,Car,School Zone,40,29.0,25,92.2,16.5,0
6379,Lahore,Saturday,6,Rain,Low,Motorcycle,School Zone,40,24.0,25,82.5,40.6,0
6380,Multan,Thursday,17,Clear,Low,Rickshaw,School Zone,40,69.6,28,86.2,18.7,0
6381,Karachi,Tuesday,8,Cloudy,Medium,Motorcycle,Highway,100,104.4,9,84.2,51.9,0
6382,Rawalpindi,Monday,2,Rain,Medium,Car,School Zone,40,31.2,36,78.3,36.3,0
6383,Karachi,Friday,7,Dust,Low,Motorcycle,Main Road,60,50.7,3,59.1,27.4,0
6384,Peshawar,Friday,23,Rain,High,Rickshaw,Residential,50,27.6,9,69.9,58.1,1
6385,Lahore,Thursday,18,Fog,High,Rickshaw,Residential,50,10.6,7,41.6,59.0,0
6386,Multan,Tuesday,3,Cloudy,High,Motorcycle,Main Road,60,50.8,11,87.8,52.2,0
6387,Rawalpindi,Thursday,17,Cloudy,Low,Motorcycle,School Zone,40,35.1,46,91.0,24.8,0
6388,Karachi,Monday,19,Clear,Medium,Motorcycle,Market,50,40.0,21,100.0,38.0,0
6389,Rawalpindi,Sunday,10,Clear,Low,Car,Residential,50,60.0,5,86.9,41.4,0
6390,Islamabad,Sunday,13,Rain,High,Motorcycle,School Zone,40,19.5,46,67.4,62.4,1
6391,Multan,Friday,17,Dust,Medium,Motorcycle,Main Road,60,47.8,3,60.6,33.7,1
6392,Lahore,Sunday,15,Clear,Medium,Rickshaw,Residential,50,42.0,11,95.2,42.8,0
6393,Peshawar,Wednesday,2,Clear,Medium,Motorcycle,Main Road,60,46.8,10,100.0,0.0,0
6394,Rawalpindi,Thursday,14,Clear,Low,Car,Main Road,60,50.1,11,90.4,25.5,0
6395,Quetta,Sunday,3,Dust,Severe,Car,Main Road,60,34.8,8,61.4,57.9,0
6396,Karachi,Wednesday,4,Clear,Low,Motorcycle,Market,50,82.9,26,98.5,54.7,0
6397,Quetta,Wednesday,16,Clear,High,Car,Main Road,60,56.1,6,98.0,49.7,0
6398,Rawalpindi,Saturday,6,Clear,Low,Car,School Zone,40,58.4,30,83.8,45.3,0
6399,Multan,Friday,15,Clear,Low,Car,Highway,100,117.7,4,95.9,36.6,0
6400,Quetta,Thursday,13,Rain,Medium,Motorcycle,Main Road,60,45.9,5,72.1,41.9,0
6401,Karachi,Wednesday,15,Fog,Severe,Motorcycle,Highway,100,54.9,12,60.8,68.7,1
6402,Rawalpindi,Monday,6,Clear,Low,Car,Residential,50,65.2,3,81.1,20.2,0
6403,Peshawar,Sunday,8,Clear,Severe,Motorcycle,Main Road,60,23.2,6,95.9,50.9,0
6404,Peshawar,Saturday,3,Dust,High,Motorcycle,Highway,100,72.4,10,58.0,52.4,0
6405,Lahore,Tuesday,21,Dust,High,Car,Highway,100,58.4,2,58.5,49.8,1
6406,Peshawar,Sunday,10,Clear,Medium,Car,School Zone,40,20.9,44,95.6,48.0,0
6407,Rawalpindi,Sunday,1,Clear,Severe,Bus,Residential,50,10.0,6,83.0,44.2,0
6408,Multan,Sunday,11,Fog,Medium,Car,Market,50,27.9,27,36.1,40.1,0
6409,Rawalpindi,Saturday,11,Cloudy,Medium,Motorcycle,Market,50,53.3,21,81.6,45.6,0
6410,Peshawar,Tuesday,3,Fog,Medium,Bus,Market,50,33.4,26,43.4,36.0,1
6411,Islamabad,Friday,17,Clear,Low,Car,Residential,50,37.4,5,93.9,22.9,0
6412,Rawalpindi,Thursday,20,Cloudy,Medium,Motorcycle,Main Road,60,54.2,6,72.9,58.1,0
6413,Lahore,Thursday,6,Cloudy,Severe,Motorcycle,Main Road,60,29.7,6,93.8,61.9,0
6414,Islamabad,Tuesday,0,Dust,High,Car,School Zone,40,11.6,28,58.5,55.9,0
6415,Peshawar,Sunday,22,Fog,Medium,Car,Residential,50,28.5,6,52.1,26.4,0
6416,Multan,Monday,12,Clear,Medium,Rickshaw,Main Road,60,54.9,6,92.0,46.0,0
6417,Karachi,Tuesday,5,Cloudy,High,Rickshaw,School Zone,40,29.7,37,84.5,60.6,0
6418,Rawalpindi,Tuesday,5,Clear,Medium,Rickshaw,Highway,100,67.6,6,93.4,30.8,0
6419,Karachi,Thursday,11,Rain,Medium,Motorcycle,School Zone,40,19.7,28,78.0,46.5,0
6420,Quetta,Wednesday,7,Rain,Medium,Car,Main Road,60,57.5,7,81.3,42.2,1
6421,Lahore,Monday,23,Dust,Low,Motorcycle,Residential,50,58.6,11,81.6,62.5,0
6422,Islamabad,Thursday,21,Clear,Low,Car,Highway,100,100.3,8,100.0,29.0,0
6423,Karachi,Saturday,18,Clear,Severe,Motorcycle,Market,50,14.4,26,100.0,50.5,0
6424,Lahore,Tuesday,4,Clear,Severe,Rickshaw,Residential,50,23.8,5,73.6,44.9,0
6425,Karachi,Wednesday,17,Clear,Medium,Bus,Main Road,60,70.2,7,86.3,44.6,0
6426,Karachi,Monday,4,Clear,Medium,Rickshaw,Market,50,64.9,23,92.9,50.7,0
6427,Lahore,Friday,9,Fog,High,Car,Market,50,41.5,21,40.6,48.6,0
6428,Rawalpindi,Monday,0,Clear,High,Car,Highway,100,75.9,9,96.0,21.0,0
6429,Karachi,Monday,9,Cloudy,Low,Motorcycle,Highway,100,98.0,6,92.0,43.9,0
6430,Lahore,Sunday,4,Dust,Medium,Bus,Main Road,60,60.5,7,43.8,50.4,0
6431,Karachi,Tuesday,11,Dust,Medium,Motorcycle,Market,50,18.0,19,57.5,25.9,0
6432,Multan,Tuesday,21,Cloudy,Severe,Motorcycle,Highway,100,72.6,6,95.3,71.9,0
6433,Rawalpindi,Friday,6,Clear,High,Motorcycle,Residential,50,51.7,12,89.5,69.3,1
6434,Multan,Friday,8,Clear,Low,Van,Main Road,60,61.8,7,89.9,48.3,1
6435,Multan,Friday,21,Clear,Severe,Rickshaw,Residential,50,16.9,8,87.7,49.7,0
6436,Lahore,Thursday,20,Rain,Severe,Rickshaw,Main Road,60,30.1,13,63.4,51.7,0
6437,Multan,Thursday,11,Rain,Medium,Van,Residential,50,36.3,15,67.8,19.3,0
6438,Karachi,Tuesday,22,Cloudy,High,Car,Main Road,60,34.7,10,85.1,21.4,0
6439,Peshawar,Tuesday,0,Dust,High,Rickshaw,Residential,50,29.6,8,63.8,49.7,0
6440,Rawalpindi,Friday,10,Rain,High,Motorcycle,School Zone,40,10.0,32,68.1,57.9,0
6441,Karachi,Thursday,20,Fog,High,Car,School Zone,40,10.0,36,54.9,78.5,1
6442,Islamabad,Wednesday,14,Dust,Medium,Car,School Zone,40,50.7,34,63.0,53.6,0
6443,Lahore,Thursday,1,Clear,Severe,Motorcycle,Residential,50,15.2,10,62.2,56.5,1
6444,Karachi,Tuesday,19,Clear,Medium,Rickshaw,Main Road,60,44.7,12,90.6,27.9,0
6445,Rawalpindi,Thursday,6,Clear,Low,Motorcycle,School Zone,40,37.1,33,88.0,73.1,1
6446,Multan,Tuesday,20,Cloudy,Low,Rickshaw,Market,50,46.2,20,89.5,39.7,1
6447,Rawalpindi,Friday,11,Cloudy,Low,Van,Highway,100,110.9,6,79.4,29.5,0
6448,Islamabad,Sunday,21,Clear,Medium,Car,Main Road,60,33.7,9,86.4,28.0,0
6449,Multan,Friday,17,Dust,Medium,Motorcycle,Main Road,60,45.1,4,59.6,35.4,0
6450,Islamabad,Friday,2,Clear,Severe,Car,Main Road,60,23.9,12,100.0,45.2,0
6451,Quetta,Wednesday,6,Dust,High,Motorcycle,Market,50,15.4,18,68.7,61.8,0
6452,Quetta,Sunday,10,Clear,High,Motorcycle,School Zone,40,11.8,35,94.5,63.7,0
6453,Karachi,Wednesday,17,Clear,High,Rickshaw,Market,50,21.5,15,85.7,15.3,0
6454,Peshawar,Tuesday,11,Clear,Medium,Car,Market,50,71.3,17,95.5,25.7,0
6455,Multan,Monday,5,Clear,Medium,Motorcycle,Highway,100,120.0,10,97.1,44.7,0
6456,Rawalpindi,Saturday,4,Clear,Medium,Motorcycle,Residential,50,43.8,7,89.4,27.7,0
6457,Peshawar,Wednesday,0,Rain,Low,Rickshaw,Main Road,60,49.0,5,73.4,28.0,0
6458,Multan,Tuesday,11,Clear,Severe,Car,Highway,100,68.0,4,80.2,66.3,0
6459,Multan,Sunday,10,Dust,High,Rickshaw,School Zone,40,18.6,31,80.8,70.7,1
6460,Multan,Thursday,3,Clear,Low,Motorcycle,Residential,50,46.6,6,100.0,41.4,1
6461,Multan,Sunday,17,Clear,Low,Motorcycle,Main Road,60,58.4,2,80.4,44.9,0
6462,Peshawar,Friday,3,Dust,Medium,Car,Main Road,60,61.1,4,45.5,38.1,0
6463,Karachi,Friday,16,Clear,Low,Bus,Highway,100,116.9,11,77.3,46.7,1
6464,Lahore,Friday,1,Cloudy,Medium,Motorcycle,Main Road,60,53.6,9,78.8,24.9,0
6465,Lahore,Tuesday,23,Clear,High,Van,Highway,100,89.7,7,87.7,28.7,0
6466,Lahore,Friday,21,Clear,Severe,Rickshaw,Market,50,27.1,22,92.8,47.3,0
6467,Islamabad,Wednesday,1,Clear,Severe,Motorcycle,Highway,100,92.1,5,100.0,63.1,1
6468,Multan,Thursday,11,Cloudy,Medium,Motorcycle,Main Road,60,54.2,4,94.9,59.7,1
6469,Multan,Friday,5,Clear,Medium,Rickshaw,Main Road,60,49.1,10,93.2,26.2,0
6470,Rawalpindi,Tuesday,9,Cloudy,Severe,Van,Main Road,60,49.4,7,78.3,28.7,0
6471,Islamabad,Thursday,22,Dust,High,Motorcycle,Highway,100,76.9,6,68.1,60.2,1
6472,Rawalpindi,Friday,20,Clear,Medium,Motorcycle,Market,50,58.3,26,88.0,50.1,0
6473,Quetta,Monday,22,Fog,High,Car,Highway,100,64.2,6,42.6,54.8,1
6474,Rawalpindi,Friday,15,Clear,Medium,Bus,Residential,50,51.7,8,78.6,22.0,0
6475,Rawalpindi,Saturday,13,Dust,Low,Car,Market,50,37.6,15,65.1,8.4,0
6476,Karachi,Sunday,6,Dust,Severe,Rickshaw,Highway,100,81.3,8,84.2,72.4,0
6477,Lahore,Wednesday,18,Clear,Medium,Motorcycle,Residential,50,54.7,6,84.2,46.3,0
6478,Multan,Thursday,22,Fog,High,Car,School Zone,40,10.6,46,40.4,64.8,0
6479,Islamabad,Wednesday,16,Clear,Medium,Car,Highway,100,88.0,4,100.0,12.7,0
6480,Quetta,Monday,8,Clear,Low,Van,Market,50,38.8,23,94.1,16.6,0
6481,Islamabad,Monday,12,Cloudy,Medium,Van,Highway,100,85.1,11,94.4,29.5,0
6482,Multan,Saturday,21,Fog,Low,Rickshaw,Highway,100,99.9,9,21.8,65.4,1
6483,Karachi,Wednesday,4,Dust,Low,Rickshaw,Main Road,60,57.1,8,62.8,54.1,0
6484,Rawalpindi,Thursday,22,Clear,Low,Rickshaw,Main Road,60,74.7,14,87.2,24.7,0
6485,Quetta,Monday,4,Cloudy,Medium,Bus,Market,50,30.3,21,100.0,23.1,0
6486,Lahore,Monday,9,Clear,Severe,Motorcycle,Residential,50,10.0,13,85.0,37.3,0
6487,Multan,Friday,20,Clear,High,Car,Highway,100,80.7,11,100.0,31.3,0
6488,Peshawar,Saturday,9,Cloudy,Low,Van,Main Road,60,63.8,5,86.1,32.8,0
6489,Peshawar,Sunday,6,Clear,High,Rickshaw,Residential,50,13.2,8,95.9,17.4,0
6490,Karachi,Tuesday,14,Clear,Medium,Car,Main Road,60,36.0,7,86.8,32.3,0
6491,Lahore,Sunday,6,Dust,High,Motorcycle,School Zone,40,46.1,30,74.3,57.9,1
6492,Peshawar,Sunday,14,Cloudy,Low,Bus,Main Road,60,54.6,8,85.3,57.8,1
6493,Peshawar,Monday,2,Dust,Medium,Motorcycle,School Zone,40,35.1,31,63.5,23.9,0
6494,Multan,Thursday,18,Clear,Severe,Motorcycle,Market,50,40.6,27,87.3,73.4,1
6495,Quetta,Thursday,9,Fog,Medium,Motorcycle,Main Road,60,21.5,11,43.5,34.4,0
6496,Quetta,Friday,14,Clear,Low,Car,Main Road,60,71.4,9,100.0,44.9,0
6497,Multan,Thursday,2,Cloudy,Medium,Van,Residential,50,31.7,11,93.6,21.5,0
6498,Islamabad,Friday,5,Rain,Low,Rickshaw,Main Road,60,60.1,11,79.2,63.2,1
6499,Multan,Monday,11,Rain,High,Motorcycle,School Zone,40,29.5,38,75.0,59.0,0
6500,Lahore,Monday,14,Clear,Severe,Rickshaw,Market,50,21.4,23,81.6,59.9,0
6501,Peshawar,Sunday,5,Clear,High,Car,Main Road,60,62.3,12,91.8,41.2,0
6502,Quetta,Monday,12,Cloudy,High,Car,Residential,50,10.0,5,88.6,48.4,1
6503,Multan,Monday,18,Clear,High,Rickshaw,School Zone,40,14.8,37,93.0,46.0,0
6504,Quetta,Tuesday,2,Cloudy,Low,Rickshaw,Residential,50,57.7,10,89.4,35.5,1
6505,Quetta,Saturday,7,Clear,Low,Motorcycle,Market,50,52.2,25,86.4,41.4,0
6506,Islamabad,Sunday,7,Clear,Medium,Rickshaw,Highway,100,103.9,7,88.2,31.8,0
6507,Lahore,Sunday,22,Clear,Low,Van,Main Road,60,57.0,13,100.0,47.1,0
6508,Rawalpindi,Saturday,19,Clear,High,Motorcycle,Highway,100,99.3,9,83.7,69.0,1
6509,Quetta,Tuesday,14,Dust,Low,Motorcycle,Residential,50,69.3,5,78.7,56.3,1
6510,Lahore,Monday,3,Clear,Medium,Van,Main Road,60,49.7,7,97.2,18.5,0
6511,Karachi,Thursday,18,Cloudy,Medium,Van,Highway,100,73.6,8,93.5,32.9,0
6512,Islamabad,Friday,20,Clear,Medium,Car,Market,50,53.4,16,88.5,33.7,0
6513,Rawalpindi,Sunday,2,Clear,High,Motorcycle,Main Road,60,51.3,9,88.7,50.5,0
6514,Quetta,Saturday,12,Clear,Severe,Van,Main Road,60,37.7,10,71.5,36.0,0
6515,Multan,Wednesday,7,Clear,Medium,Motorcycle,Market,50,49.5,23,85.4,36.2,0
6516,Quetta,Friday,22,Dust,High,Motorcycle,Residential,50,36.4,5,73.2,49.3,0
6517,Islamabad,Wednesday,15,Fog,Low,Motorcycle,Main Road,60,43.7,7,40.4,35.4,0
6518,Islamabad,Wednesday,12,Dust,Low,Car,Residential,50,54.0,10,65.1,59.8,1
6519,Peshawar,Sunday,2,Cloudy,Low,Motorcycle,Main Road,60,81.1,4,88.9,38.1,0
6520,Quetta,Monday,15,Cloudy,Medium,Motorcycle,Main Road,60,57.1,12,88.6,55.4,0
6521,Lahore,Wednesday,8,Fog,Medium,Car,Highway,100,76.3,9,35.1,40.6,0
6522,Islamabad,Monday,13,Cloudy,Low,Motorcycle,Main Road,60,70.4,5,92.5,57.2,0
6523,Islamabad,Tuesday,12,Cloudy,Medium,Car,Market,50,36.7,16,87.1,12.2,0
6524,Karachi,Thursday,20,Cloudy,Low,Motorcycle,Main Road,60,49.1,4,80.1,29.3,0
6525,Karachi,Wednesday,6,Rain,High,Motorcycle,Main Road,60,31.1,12,67.1,32.7,0
6526,Karachi,Sunday,14,Cloudy,High,Van,Main Road,60,52.6,13,98.4,37.2,0
6527,Islamabad,Thursday,6,Cloudy,High,Bus,Residential,50,15.2,7,99.5,39.3,0
6528,Rawalpindi,Monday,5,Rain,Medium,Van,Main Road,60,31.7,8,74.3,56.6,0
6529,Lahore,Wednesday,1,Rain,High,Car,Main Road,60,31.7,4,68.7,42.9,0
6530,Islamabad,Friday,8,Clear,Medium,Van,Highway,100,97.0,8,98.0,41.4,0
6531,Multan,Sunday,21,Rain,Low,Rickshaw,Main Road,60,40.1,10,85.7,34.5,0
6532,Multan,Tuesday,23,Clear,High,Van,Residential,50,28.6,6,93.4,38.7,0
6533,Peshawar,Saturday,16,Dust,High,Car,Residential,50,20.5,8,66.7,40.2,0
6534,Multan,Tuesday,4,Clear,Severe,Bus,School Zone,40,15.7,34,81.3,59.0,1
6535,Quetta,Wednesday,11,Clear,Severe,Motorcycle,Highway,100,77.4,6,91.7,43.1,0
6536,Rawalpindi,Sunday,0,Rain,High,Van,Residential,50,44.5,9,57.4,29.4,0
6537,Rawalpindi,Tuesday,9,Cloudy,Severe,Car,Residential,50,10.0,11,89.1,44.5,0
6538,Lahore,Saturday,10,Clear,High,Van,Market,50,16.6,21,99.5,30.6,0
6539,Rawalpindi,Friday,15,Clear,Low,Motorcycle,Residential,50,57.7,8,100.0,47.6,0
6540,Lahore,Thursday,13,Fog,Low,Car,Market,50,36.4,21,50.8,50.2,0
6541,Multan,Friday,7,Clear,High,Motorcycle,Market,50,24.0,25,87.5,35.4,0
6542,Rawalpindi,Tuesday,23,Clear,Low,Car,Market,50,42.5,15,92.2,14.1,0
6543,Quetta,Saturday,16,Cloudy,Low,Motorcycle,Main Road,60,56.5,9,88.4,34.6,0
6544,Lahore,Thursday,17,Cloudy,Medium,Car,Main Road,60,57.7,4,98.4,39.8,0
6545,Karachi,Sunday,11,Rain,Medium,Car,Main Road,60,47.8,9,83.2,25.5,0
6546,Karachi,Saturday,16,Rain,Medium,Rickshaw,Market,50,34.0,23,69.0,18.0,0
6547,Rawalpindi,Friday,13,Dust,High,Motorcycle,Residential,50,36.6,17,58.7,39.2,0
6548,Rawalpindi,Monday,15,Fog,High,Car,School Zone,40,10.0,35,52.3,70.7,1
6549,Multan,Monday,13,Rain,Medium,Motorcycle,School Zone,40,25.7,30,71.2,43.1,0
6550,Lahore,Thursday,8,Clear,Medium,Van,Highway,100,93.9,4,72.2,28.2,0
6551,Multan,Thursday,3,Clear,Low,Car,Residential,50,54.0,7,87.1,48.6,0
6552,Lahore,Thursday,22,Cloudy,Severe,Motorcycle,Main Road,60,45.8,8,97.9,41.5,0
6553,Quetta,Monday,10,Cloudy,Medium,Car,Main Road,60,42.0,7,84.6,22.5,0
6554,Islamabad,Friday,5,Clear,Medium,Car,Main Road,60,72.7,8,97.2,56.3,0
6555,Karachi,Thursday,14,Cloudy,Medium,Rickshaw,School Zone,40,27.9,41,72.8,38.7,0
6556,Islamabad,Monday,4,Dust,Medium,Van,Residential,50,57.8,14,60.1,42.5,0
6557,Islamabad,Thursday,10,Clear,Medium,Motorcycle,Main Road,60,46.6,7,84.3,34.9,0
6558,Peshawar,Thursday,17,Cloudy,Medium,Motorcycle,Main Road,60,39.3,6,96.1,21.3,0
6559,Lahore,Saturday,12,Cloudy,Low,Bus,Residential,50,42.6,5,81.3,26.5,0
6560,Peshawar,Thursday,10,Clear,Low,Rickshaw,Residential,50,59.1,7,100.0,30.8,0
6561,Peshawar,Monday,13,Cloudy,Severe,Car,Residential,50,34.0,8,100.0,40.0,0
6562,Islamabad,Friday,17,Clear,Medium,Motorcycle,Highway,100,93.2,7,100.0,38.2,0
6563,Peshawar,Monday,18,Cloudy,Low,Car,Market,50,63.7,29,81.3,44.3,0
6564,Quetta,Monday,23,Rain,Medium,Bus,Main Road,60,53.2,8,71.9,30.5,0
6565,Lahore,Thursday,14,Rain,Low,Motorcycle,Residential,50,47.4,3,95.1,56.7,1
6566,Islamabad,Saturday,8,Clear,Medium,Rickshaw,Market,50,35.2,23,100.0,17.2,0
6567,Lahore,Wednesday,7,Clear,High,Motorcycle,Residential,50,10.0,6,95.2,40.0,0
6568,Quetta,Sunday,19,Rain,Severe,Car,Main Road,60,22.0,10,82.2,61.3,0
6569,Rawalpindi,Wednesday,0,Clear,High,Van,Market,50,39.5,18,91.0,50.6,1
6570,Peshawar,Wednesday,3,Clear,Severe,Car,Market,50,10.0,24,100.0,57.3,0
6571,Islamabad,Monday,13,Clear,Severe,Motorcycle,School Zone,40,10.0,37,84.4,65.0,1
6572,Karachi,Thursday,1,Rain,Medium,Motorcycle,Market,50,24.4,21,82.9,46.4,1
6573,Lahore,Sunday,15,Rain,Severe,Rickshaw,Highway,100,51.4,12,78.3,48.0,0
6574,Multan,Wednesday,2,Fog,Medium,Motorcycle,School Zone,40,10.0,28,41.9,29.7,0
6575,Quetta,Tuesday,7,Clear,Low,Van,Residential,50,79.8,8,81.4,38.5,0
6576,Peshawar,Tuesday,5,Clear,High,Rickshaw,Main Road,60,43.4,8,82.8,33.0,0
6577,Lahore,Tuesday,15,Cloudy,Low,Motorcycle,Main Road,60,73.7,7,80.6,34.4,0
6578,Quetta,Friday,23,Rain,Medium,Rickshaw,Residential,50,27.7,5,80.1,28.4,0
6579,Lahore,Thursday,15,Clear,Medium,Bus,School Zone,40,27.6,30,83.8,12.2,0
6580,Rawalpindi,Monday,6,Clear,High,Car,Market,50,27.4,22,86.7,50.3,0
6581,Multan,Monday,12,Clear,Low,Motorcycle,Main Road,60,65.8,8,96.7,38.7,0
6582,Quetta,Thursday,12,Rain,Medium,Motorcycle,Market,50,30.2,26,75.9,11.1,0
6583,Lahore,Saturday,4,Clear,Medium,Car,School Zone,40,26.2,42,89.1,42.4,0
6584,Multan,Sunday,19,Fog,Medium,Car,Main Road,60,45.0,10,42.6,53.7,1
6585,Rawalpindi,Saturday,21,Cloudy,Medium,Car,Main Road,60,65.0,11,96.3,49.4,0
6586,Rawalpindi,Friday,17,Clear,Medium,Motorcycle,Main Road,60,34.1,8,100.0,34.9,0
6587,Rawalpindi,Thursday,14,Clear,Severe,Motorcycle,Highway,100,62.2,2,89.2,66.5,1
6588,Peshawar,Saturday,17,Clear,Low,Rickshaw,School Zone,40,84.9,32,77.7,39.7,0
6589,Quetta,Sunday,1,Cloudy,High,Van,Market,50,45.8,28,76.6,45.0,0
6590,Lahore,Friday,9,Rain,Medium,Bus,Highway,100,89.2,12,85.5,14.8,0
6591,Lahore,Wednesday,22,Clear,Medium,Motorcycle,Market,50,33.7,18,100.0,33.1,0
6592,Multan,Wednesday,12,Cloudy,High,Motorcycle,Market,50,55.9,25,94.1,65.4,1
6593,Multan,Friday,17,Rain,Severe,Car,Market,50,29.4,22,76.2,66.6,0
6594,Quetta,Thursday,14,Clear,Low,Car,Main Road,60,62.9,4,100.0,30.4,0
6595,Rawalpindi,Wednesday,11,Clear,High,Car,School Zone,40,20.1,47,84.4,61.5,1
6596,Lahore,Thursday,14,Clear,Low,Van,Residential,50,58.2,6,96.9,41.5,0
6597,Lahore,Saturday,12,Clear,Medium,Car,Highway,100,88.3,12,67.3,22.4,0
6598,Rawalpindi,Wednesday,17,Clear,High,Van,Highway,100,88.6,4,97.8,32.6,0
6599,Karachi,Sunday,14,Clear,Low,Motorcycle,School Zone,40,58.3,29,74.5,53.9,0
6600,Karachi,Sunday,22,Clear,High,Bus,Residential,50,28.3,7,63.8,35.8,1
6601,Rawalpindi,Saturday,10,Fog,Medium,Van,School Zone,40,12.1,43,45.8,44.8,0
6602,Multan,Sunday,18,Clear,High,Car,Main Road,60,30.4,7,96.1,41.3,0
6603,Peshawar,Thursday,2,Clear,High,Van,Residential,50,47.0,7,73.1,61.0,0
6604,Multan,Thursday,6,Rain,High,Car,Market,50,17.4,18,70.0,49.4,0
6605,Multan,Sunday,20,Clear,Low,Van,Main Road,60,55.7,12,92.2,36.8,0
6606,Lahore,Tuesday,13,Clear,Low,Rickshaw,Main Road,60,38.1,6,91.8,16.0,0
6607,Multan,Friday,13,Clear,High,Car,Highway,100,94.4,6,87.0,71.8,0
6608,Lahore,Monday,21,Fog,Severe,Motorcycle,School Zone,40,10.0,24,50.3,81.6,1
6609,Karachi,Friday,12,Clear,Medium,Bus,Highway,100,92.5,8,84.8,44.0,0
6610,Multan,Sunday,11,Fog,Medium,Motorcycle,Highway,100,99.7,10,51.1,73.5,1
6611,Rawalpindi,Thursday,23,Rain,High,Motorcycle,Main Road,60,17.6,5,72.2,51.1,1
6612,Quetta,Thursday,8,Cloudy,Medium,Motorcycle,Market,50,52.9,17,81.8,52.3,0
6613,Quetta,Friday,0,Rain,Medium,Car,School Zone,40,34.0,38,77.4,27.2,0
6614,Multan,Thursday,18,Clear,High,Motorcycle,Market,50,34.3,14,96.9,42.2,0
6615,Peshawar,Saturday,10,Clear,Low,Van,Market,50,59.9,25,73.5,46.5,0
6616,Multan,Wednesday,22,Clear,Severe,Rickshaw,Main Road,60,25.0,9,98.2,26.0,0
6617,Rawalpindi,Thursday,21,Clear,Medium,Car,Highway,100,91.9,12,87.6,41.2,0
6618,Karachi,Sunday,22,Fog,Medium,Motorcycle,Highway,100,103.9,11,31.1,63.8,0
6619,Karachi,Sunday,23,Cloudy,High,Bus,Market,50,53.5,22,86.4,71.3,1
6620,Multan,Friday,21,Clear,Medium,Motorcycle,Residential,50,36.3,7,88.1,8.3,0
6621,Lahore,Friday,18,Rain,Medium,Car,Highway,100,92.9,9,68.7,51.9,1
6622,Islamabad,Friday,17,Fog,High,Motorcycle,Residential,50,20.8,9,59.7,71.2,1
6623,Peshawar,Sunday,11,Fog,Low,Motorcycle,Highway,100,84.1,6,45.1,46.8,1
6624,Peshawar,Tuesday,22,Rain,Medium,Motorcycle,Residential,50,47.5,8,69.6,61.1,1
6625,Islamabad,Sunday,0,Clear,Medium,Car,Market,50,57.6,21,73.7,23.4,0
6626,Quetta,Saturday,18,Clear,Medium,Van,Highway,100,84.5,5,100.0,8.0,0
6627,Quetta,Sunday,19,Clear,Low,Motorcycle,Main Road,60,64.9,7,90.3,48.1,1
6628,Quetta,Saturday,16,Clear,High,Car,Main Road,60,27.6,10,85.5,22.3,0
6629,Karachi,Sunday,4,Clear,Low,Motorcycle,Market,50,42.5,21,91.1,27.8,0
6630,Rawalpindi,Sunday,2,Fog,High,Car,School Zone,40,10.0,36,37.7,68.7,1
6631,Peshawar,Tuesday,1,Fog,High,Rickshaw,Residential,50,10.0,5,58.3,33.4,0
6632,Islamabad,Saturday,2,Cloudy,High,Car,School Zone,40,28.8,44,95.1,51.8,0
6633,Lahore,Tuesday,7,Rain,High,Bus,Residential,50,29.7,12,87.2,45.2,0
6634,Multan,Saturday,15,Cloudy,Medium,Van,School Zone,40,24.3,28,84.9,8.5,0
6635,Lahore,Tuesday,5,Clear,Severe,Car,Highway,100,72.6,9,84.0,48.6,0
6636,Multan,Tuesday,12,Dust,Low,Motorcycle,Highway,100,108.5,7,69.6,41.2,0
6637,Karachi,Saturday,22,Clear,Medium,Car,Market,50,49.9,24,92.4,33.3,0
6638,Peshawar,Tuesday,21,Rain,Medium,Bus,Highway,100,99.8,7,81.9,31.9,0
6639,Rawalpindi,Sunday,21,Clear,High,Bus,Market,50,30.8,12,92.1,29.8,0
6640,Peshawar,Saturday,15,Dust,High,Car,Market,50,23.7,18,58.9,49.1,1
6641,Multan,Tuesday,15,Cloudy,High,Bus,Highway,100,82.8,12,80.4,42.3,0
6642,Quetta,Sunday,2,Cloudy,Medium,Car,Main Road,60,42.6,10,80.9,33.1,0
6643,Lahore,Sunday,12,Clear,Medium,Van,Residential,50,42.7,7,87.7,14.4,0
6644,Peshawar,Friday,13,Clear,High,Van,Highway,100,85.5,4,89.0,57.3,0
6645,Lahore,Monday,7,Cloudy,Severe,Rickshaw,Main Road,60,28.2,8,100.0,49.5,0
6646,Islamabad,Saturday,11,Clear,Medium,Motorcycle,School Zone,40,34.9,24,92.3,52.4,0
6647,Islamabad,Tuesday,22,Dust,Severe,Car,Highway,100,72.7,8,70.2,62.2,0
6648,Lahore,Friday,22,Dust,Medium,Car,Highway,100,93.1,14,61.4,35.8,0
6649,Rawalpindi,Monday,21,Clear,High,Car,Market,50,47.7,20,96.9,60.1,0
6650,Rawalpindi,Tuesday,20,Clear,Medium,Rickshaw,Residential,50,38.7,9,80.8,31.2,0
6651,Peshawar,Monday,7,Rain,High,Van,Residential,50,37.6,8,82.0,31.9,0
6652,Lahore,Saturday,20,Clear,Severe,Rickshaw,Highway,100,76.6,9,98.1,48.8,0
6653,Karachi,Sunday,8,Clear,Low,Motorcycle,Main Road,60,34.9,8,82.5,35.2,0
6654,Rawalpindi,Sunday,0,Clear,Medium,Car,Residential,50,28.9,5,87.1,35.9,0
6655,Multan,Monday,5,Clear,High,Car,Main Road,60,50.6,10,86.0,68.7,0
6656,Rawalpindi,Sunday,22,Clear,Low,Rickshaw,School Zone,40,51.6,33,86.5,55.3,0
6657,Quetta,Wednesday,18,Clear,Medium,Rickshaw,Main Road,60,56.5,6,93.3,34.9,0
6658,Islamabad,Thursday,22,Cloudy,Low,Motorcycle,Main Road,60,57.4,9,86.8,32.4,0
6659,Rawalpindi,Sunday,10,Cloudy,High,Car,School Zone,40,43.5,45,94.2,63.0,0
6660,Multan,Wednesday,10,Cloudy,Low,Rickshaw,Market,50,54.8,18,97.6,54.4,0
6661,Rawalpindi,Saturday,22,Clear,Medium,Motorcycle,Main Road,60,37.9,8,74.5,22.7,0
6662,Multan,Saturday,12,Dust,Medium,Van,Residential,50,45.7,9,63.9,50.8,0
6663,Quetta,Monday,10,Rain,Medium,Rickshaw,Residential,50,45.7,9,76.8,29.5,0
6664,Multan,Sunday,17,Clear,High,Car,School Zone,40,36.6,41,80.1,88.5,1
6665,Rawalpindi,Sunday,22,Cloudy,Low,Rickshaw,Market,50,64.8,21,92.4,37.0,0
6666,Quetta,Sunday,14,Clear,High,Rickshaw,Main Road,60,26.7,1,79.7,43.1,0
6667,Lahore,Friday,0,Clear,Medium,Car,Residential,50,39.3,7,91.1,19.4,0
6668,Lahore,Tuesday,20,Fog,Medium,Car,Main Road,60,40.8,9,42.8,33.5,0
6669,Islamabad,Thursday,6,Clear,High,Rickshaw,Market,50,21.8,21,89.1,29.6,0
6670,Peshawar,Sunday,22,Cloudy,Low,Rickshaw,Highway,100,90.3,11,94.0,60.6,1
6671,Quetta,Tuesday,12,Clear,High,Motorcycle,Market,50,33.0,12,78.2,50.6,1
6672,Rawalpindi,Friday,11,Fog,Severe,Van,School Zone,40,10.0,37,37.9,77.4,1
6673,Peshawar,Saturday,17,Clear,Medium,Motorcycle,School Zone,40,47.1,25,90.3,37.0,0
6674,Lahore,Thursday,23,Clear,Medium,Bus,Main Road,60,53.2,9,100.0,35.3,0
6675,Rawalpindi,Wednesday,18,Cloudy,High,Bus,Main Road,60,43.5,12,80.7,35.5,0
6676,Peshawar,Saturday,14,Cloudy,High,Motorcycle,Market,50,48.8,23,93.2,46.7,0
6677,Quetta,Saturday,7,Cloudy,High,Motorcycle,Residential,50,36.7,10,91.2,35.4,0
6678,Quetta,Monday,18,Cloudy,Severe,Bus,Residential,50,10.0,2,82.4,40.9,0
6679,Peshawar,Friday,9,Clear,Medium,Motorcycle,School Zone,40,26.7,27,100.0,26.0,0
6680,Multan,Monday,6,Clear,Low,Rickshaw,School Zone,40,41.2,40,86.2,45.9,0
6681,Quetta,Monday,17,Cloudy,Low,Motorcycle,School Zone,40,53.1,33,100.0,63.6,1
6682,Karachi,Tuesday,15,Cloudy,Medium,Car,Residential,50,21.1,5,97.8,15.3,0
6683,Lahore,Saturday,19,Clear,High,Motorcycle,Market,50,19.9,21,98.6,37.8,1
6684,Islamabad,Friday,5,Rain,Low,Motorcycle,Main Road,60,44.1,8,75.7,21.2,0
6685,Islamabad,Monday,8,Fog,Low,Van,School Zone,40,33.1,37,60.8,52.8,0
6686,Karachi,Wednesday,20,Rain,Severe,Motorcycle,Main Road,60,51.0,9,81.9,49.0,0
6687,Peshawar,Thursday,12,Clear,Medium,Car,Main Road,60,35.9,5,94.1,33.9,0
6688,Quetta,Sunday,20,Clear,Medium,Rickshaw,Main Road,60,35.4,10,80.7,16.5,0
6689,Karachi,Friday,7,Clear,Low,Motorcycle,Market,50,50.1,24,83.9,58.1,1
6690,Karachi,Tuesday,15,Clear,Medium,Rickshaw,School Zone,40,47.8,34,83.4,49.3,0
6691,Quetta,Friday,12,Clear,Medium,Motorcycle,Main Road,60,47.7,6,85.7,21.1,0
6692,Lahore,Saturday,12,Clear,Severe,Car,Main Road,60,34.5,12,86.5,55.7,1
6693,Quetta,Tuesday,16,Clear,High,Car,Main Road,60,23.0,9,76.4,34.9,0
6694,Quetta,Thursday,22,Clear,Low,Car,Market,50,50.3,17,87.9,27.1,0
6695,Multan,Wednesday,19,Clear,Medium,Rickshaw,Market,50,43.5,17,95.5,30.3,0
6696,Rawalpindi,Monday,4,Clear,High,Van,Main Road,60,47.7,6,90.0,23.1,0
6697,Peshawar,Friday,21,Clear,Medium,Van,Residential,50,46.2,7,76.5,49.3,0
6698,Islamabad,Tuesday,20,Clear,Medium,Car,Main Road,60,65.3,7,82.8,40.9,1
6699,Islamabad,Thursday,16,Clear,Severe,Car,Highway,100,59.6,10,95.1,58.4,1
6700,Karachi,Monday,8,Dust,High,Motorcycle,Main Road,60,57.3,6,59.9,74.8,1
6701,Multan,Sunday,1,Rain,Medium,Rickshaw,Residential,50,35.5,7,78.1,25.1,0
6702,Karachi,Thursday,17,Clear,Medium,Rickshaw,Residential,50,38.0,3,69.0,8.5,0
6703,Karachi,Wednesday,8,Dust,High,Motorcycle,Residential,50,51.3,5,57.5,54.1,0
6704,Peshawar,Monday,5,Clear,Medium,Motorcycle,Market,50,48.8,17,98.5,43.4,0
6705,Karachi,Monday,10,Cloudy,Medium,Rickshaw,Market,50,40.0,17,100.0,12.8,0
6706,Karachi,Sunday,5,Clear,Medium,Car,Main Road,60,52.8,6,88.2,12.4,0
6707,Rawalpindi,Monday,5,Dust,Low,Motorcycle,Main Road,60,60.3,9,60.1,37.9,0
6708,Peshawar,Tuesday,12,Clear,Severe,Car,Market,50,38.7,19,88.9,47.6,0
6709,Lahore,Monday,10,Clear,Low,Motorcycle,Main Road,60,74.9,9,87.6,35.3,0
6710,Multan,Thursday,13,Clear,High,Motorcycle,Highway,100,74.5,6,89.0,19.6,0
6711,Lahore,Tuesday,1,Dust,Severe,Car,Market,50,10.3,24,72.4,43.8,1
6712,Quetta,Monday,7,Clear,Medium,Car,School Zone,40,18.2,35,98.0,39.7,0
6713,Rawalpindi,Thursday,2,Clear,Medium,Motorcycle,Highway,100,92.6,4,100.0,33.2,0
6714,Islamabad,Thursday,22,Clear,Severe,Van,Main Road,60,24.8,3,100.0,76.6,1
6715,Quetta,Friday,20,Rain,High,Car,Main Road,60,52.6,4,100.0,40.4,0
6716,Lahore,Thursday,2,Clear,High,Bus,Main Road,60,57.5,8,78.9,58.0,0
6717,Peshawar,Sunday,0,Cloudy,High,Motorcycle,Highway,100,86.4,11,77.1,54.0,0
6718,Islamabad,Saturday,23,Clear,Medium,Car,Main Road,60,53.3,9,80.3,6.4,0
6719,Karachi,Wednesday,18,Cloudy,High,Rickshaw,Market,50,37.5,14,85.2,30.6,0
6720,Peshawar,Monday,17,Clear,High,Rickshaw,Market,50,35.8,20,84.3,26.5,0
6721,Islamabad,Sunday,16,Clear,Low,Motorcycle,Market,50,64.9,24,77.6,53.7,1
6722,Lahore,Monday,19,Dust,Low,Car,Residential,50,57.2,7,67.7,57.1,1
6723,Quetta,Monday,23,Cloudy,Medium,Motorcycle,Main Road,60,68.4,7,87.8,44.7,0
6724,Karachi,Thursday,12,Fog,Medium,Rickshaw,Main Road,60,26.3,9,44.5,36.0,0
6725,Karachi,Thursday,2,Rain,Severe,Rickshaw,School Zone,40,16.8,35,70.9,63.9,1
6726,Multan,Monday,0,Clear,High,Car,School Zone,40,13.9,43,83.2,50.2,0
6727,Peshawar,Saturday,3,Cloudy,Medium,Bus,Main Road,60,52.7,8,90.1,16.1,0
6728,Quetta,Tuesday,12,Rain,High,Van,School Zone,40,10.0,26,67.7,33.9,0
6729,Karachi,Tuesday,16,Clear,Medium,Motorcycle,Market,50,41.4,23,93.9,19.7,0
6730,Islamabad,Wednesday,10,Clear,Severe,Motorcycle,School Zone,40,17.8,40,79.7,58.7,0
6731,Multan,Friday,1,Clear,High,Motorcycle,Residential,50,37.1,9,100.0,56.5,1
6732,Multan,Sunday,15,Clear,High,Motorcycle,Main Road,60,30.5,7,100.0,31.0,0
6733,Rawalpindi,Wednesday,1,Clear,Medium,Motorcycle,Main Road,60,61.1,4,92.4,55.5,0
6734,Lahore,Monday,18,Fog,Low,Car,Market,50,41.5,27,39.7,29.6,0
6735,Peshawar,Sunday,22,Dust,Medium,Van,Highway,100,71.8,8,67.0,30.9,0
6736,Quetta,Monday,18,Cloudy,Medium,Car,Main Road,60,55.6,4,99.2,38.7,0
6737,Rawalpindi,Monday,15,Clear,High,Bus,Residential,50,31.8,4,87.0,31.7,0
6738,Rawalpindi,Friday,21,Clear,Low,Rickshaw,Main Road,60,80.7,7,81.7,53.6,0
6739,Peshawar,Thursday,18,Cloudy,Medium,Rickshaw,Highway,100,95.0,10,80.6,32.2,0
6740,Islamabad,Friday,8,Cloudy,High,Car,Residential,50,33.4,10,91.3,29.0,0
6741,Quetta,Wednesday,0,Rain,Medium,Car,School Zone,40,27.4,26,88.0,24.8,0
6742,Lahore,Thursday,9,Fog,Low,Motorcycle,Main Road,60,42.6,9,45.9,49.1,1
6743,Peshawar,Thursday,18,Clear,Severe,Bus,Residential,50,23.6,12,89.4,50.2,0
6744,Quetta,Wednesday,0,Clear,Low,Car,Market,50,58.9,18,85.3,29.1,0
6745,Rawalpindi,Thursday,1,Clear,Medium,Motorcycle,Main Road,60,57.7,12,99.9,37.5,0
6746,Rawalpindi,Sunday,15,Clear,High,Car,Highway,100,76.7,7,100.0,35.7,0
6747,Peshawar,Tuesday,11,Clear,High,Motorcycle,School Zone,40,37.7,45,80.0,80.4,1
6748,Quetta,Wednesday,7,Dust,High,Car,Main Road,60,45.1,11,61.7,45.6,0
6749,Rawalpindi,Wednesday,22,Fog,High,Bus,Residential,50,18.8,6,65.0,72.8,0
6750,Peshawar,Tuesday,17,Fog,Severe,Rickshaw,School Zone,40,10.0,36,30.0,61.8,0
6751,Multan,Friday,1,Dust,Medium,Car,Residential,50,23.5,5,52.9,3.6,0
6752,Peshawar,Friday,12,Fog,Medium,Car,Market,50,24.1,30,56.9,35.6,0
6753,Lahore,Friday,5,Dust,High,Rickshaw,Highway,100,83.1,4,70.4,41.0,0
6754,Peshawar,Thursday,20,Cloudy,High,Motorcycle,Residential,50,17.5,11,88.3,57.5,0
6755,Multan,Tuesday,5,Clear,Medium,Car,Residential,50,30.3,9,84.2,17.8,0
6756,Quetta,Sunday,8,Clear,Medium,Rickshaw,Residential,50,37.3,7,82.3,3.7,0
6757,Quetta,Wednesday,15,Clear,High,Rickshaw,Highway,100,72.2,3,79.8,62.4,1
6758,Rawalpindi,Wednesday,10,Clear,Medium,Car,Main Road,60,56.6,3,99.3,38.9,0
6759,Karachi,Wednesday,6,Rain,Severe,Car,Residential,50,30.8,8,90.3,64.6,1
6760,Lahore,Thursday,9,Clear,Low,Car,Main Road,60,50.0,6,94.3,40.0,0
6761,Quetta,Thursday,9,Clear,Severe,Motorcycle,Market,50,25.1,22,94.1,50.1,0
6762,Rawalpindi,Saturday,19,Clear,High,Motorcycle,School Zone,40,21.4,28,95.7,45.7,0
6763,Rawalpindi,Sunday,17,Clear,High,Motorcycle,Main Road,60,40.3,4,93.6,48.6,0
6764,Lahore,Friday,23,Clear,Medium,Motorcycle,Main Road,60,40.7,8,88.1,35.8,0
6765,Lahore,Saturday,19,Clear,Low,Motorcycle,Residential,50,58.0,7,82.1,37.3,0
6766,Rawalpindi,Saturday,8,Clear,High,Car,Residential,50,49.5,6,93.4,54.7,0
6767,Multan,Thursday,14,Clear,Low,Motorcycle,Market,50,47.0,18,77.3,41.4,0
6768,Karachi,Friday,3,Cloudy,Medium,Car,Main Road,60,37.7,7,86.2,16.5,0
6769,Multan,Friday,7,Clear,Low,Van,Highway,100,116.7,4,79.5,36.0,0
6770,Islamabad,Wednesday,8,Cloudy,Low,Car,Market,50,47.9,34,90.3,83.7,1
6771,Multan,Thursday,12,Clear,Medium,Rickshaw,Market,50,38.6,21,94.1,1.3,0
6772,Rawalpindi,Friday,8,Clear,Low,Motorcycle,Main Road,60,38.4,11,95.6,33.1,0
6773,Lahore,Saturday,3,Cloudy,Medium,Van,Residential,50,35.6,10,100.0,14.9,0
6774,Peshawar,Tuesday,16,Clear,High,Motorcycle,Main Road,60,55.2,5,68.7,73.6,0
6775,Peshawar,Tuesday,15,Clear,Severe,Car,Highway,100,66.9,13,87.9,44.2,0
6776,Lahore,Thursday,14,Fog,Medium,Van,Market,50,28.4,19,49.5,36.8,0
6777,Multan,Wednesday,2,Cloudy,Medium,Rickshaw,School Zone,40,27.9,31,90.8,40.3,0
6778,Lahore,Wednesday,19,Clear,Low,Van,Residential,50,70.1,3,92.9,35.1,0
6779,Islamabad,Friday,4,Dust,High,Car,Market,50,46.1,20,47.6,49.7,1
6780,Quetta,Sunday,22,Fog,Medium,Motorcycle,School Zone,40,32.5,33,46.3,57.1,0
6781,Lahore,Thursday,4,Clear,Medium,Motorcycle,Market,50,20.0,25,93.5,40.4,0
6782,Peshawar,Sunday,19,Rain,Medium,Van,Main Road,60,43.4,7,85.9,29.0,0
6783,Karachi,Tuesday,14,Dust,Low,Car,Market,50,61.1,16,63.5,37.9,0
6784,Lahore,Saturday,17,Clear,Low,Motorcycle,Market,50,47.0,20,91.3,35.5,0
6785,Islamabad,Friday,14,Rain,High,Car,Residential,50,21.4,6,77.6,44.5,0
6786,Karachi,Saturday,1,Clear,Medium,Car,Market,50,36.8,27,85.9,21.2,0
6787,Islamabad,Sunday,12,Cloudy,Severe,Motorcycle,Residential,50,35.2,12,86.4,57.5,0
6788,Karachi,Friday,3,Cloudy,Severe,Car,Market,50,19.1,22,77.3,41.2,0
6789,Lahore,Monday,9,Clear,Medium,Car,Main Road,60,57.0,6,82.4,36.4,0
6790,Peshawar,Saturday,12,Dust,Severe,Motorcycle,Main Road,60,40.8,4,63.5,62.2,0
6791,Karachi,Thursday,9,Rain,Low,Motorcycle,Residential,50,26.8,7,80.0,19.7,0
6792,Rawalpindi,Saturday,8,Fog,Low,Rickshaw,Residential,50,21.8,9,54.4,54.1,0
6793,Quetta,Saturday,7,Clear,Low,Car,Main Road,60,56.8,10,86.6,27.4,0
6794,Islamabad,Friday,2,Clear,Low,Motorcycle,Highway,100,106.4,7,85.5,22.8,0
6795,Karachi,Tuesday,15,Rain,Medium,Car,School Zone,40,22.7,47,75.4,57.1,1
6796,Islamabad,Sunday,13,Clear,Medium,Rickshaw,Highway,100,120.0,5,92.8,38.0,1
6797,Peshawar,Monday,8,Clear,Low,Car,School Zone,40,22.0,39,82.3,15.8,0
6798,Islamabad,Saturday,20,Rain,Medium,Motorcycle,Highway,100,65.0,15,81.1,27.3,0
6799,Islamabad,Sunday,10,Clear,Medium,Motorcycle,Residential,50,23.5,5,85.5,42.0,0
6800,Rawalpindi,Sunday,2,Clear,Low,Motorcycle,Residential,50,60.2,6,92.9,35.8,0
6801,Islamabad,Tuesday,4,Clear,High,Motorcycle,Main Road,60,42.2,9,93.7,56.6,0
6802,Karachi,Wednesday,9,Clear,High,Motorcycle,Main Road,60,26.7,10,80.4,54.3,1
6803,Islamabad,Monday,12,Clear,High,Rickshaw,Main Road,60,59.2,6,97.2,56.3,0
6804,Lahore,Monday,3,Clear,Severe,Motorcycle,Residential,50,19.3,4,86.9,73.5,1
6805,Islamabad,Sunday,23,Clear,Medium,Car,Main Road,60,57.6,4,84.2,33.3,0
6806,Lahore,Friday,12,Dust,High,Rickshaw,School Zone,40,47.7,39,63.8,77.5,1
6807,Quetta,Saturday,11,Clear,Low,Rickshaw,Main Road,60,53.6,9,90.1,12.8,0
6808,Islamabad,Wednesday,4,Cloudy,Medium,Car,Highway,100,89.6,5,85.8,0.0,0
6809,Multan,Friday,9,Clear,Medium,Car,Highway,100,90.9,6,91.9,30.2,0
6810,Quetta,Thursday,23,Cloudy,Medium,Van,Main Road,60,65.5,8,89.8,34.9,0
6811,Multan,Tuesday,8,Fog,High,Bus,Market,50,10.0,18,48.8,52.5,1
6812,Islamabad,Tuesday,19,Cloudy,High,Van,Highway,100,77.3,7,86.5,35.2,0
6813,Karachi,Friday,6,Cloudy,High,Bus,School Zone,40,16.7,37,80.9,55.3,0
6814,Multan,Sunday,1,Clear,Low,Motorcycle,School Zone,40,28.6,33,91.9,44.6,0
6815,Lahore,Tuesday,21,Clear,Medium,Motorcycle,School Zone,40,25.0,38,89.2,26.9,0
6816,Quetta,Saturday,23,Dust,Medium,Van,Main Road,60,59.7,4,49.3,38.6,0
6817,Quetta,Tuesday,22,Dust,Medium,Rickshaw,Main Road,60,45.9,6,64.1,53.6,0
6818,Lahore,Saturday,6,Cloudy,Low,Car,Residential,50,49.0,8,88.5,47.2,0
6819,Rawalpindi,Thursday,7,Dust,Severe,Motorcycle,Residential,50,21.2,6,63.7,62.5,0
6820,Islamabad,Wednesday,6,Clear,Severe,Motorcycle,Main Road,60,24.8,6,80.7,59.1,0
6821,Islamabad,Monday,20,Cloudy,High,Van,Main Road,60,54.1,4,92.1,44.3,0
6822,Karachi,Friday,22,Clear,Low,Motorcycle,Market,50,80.4,17,97.2,47.1,0
6823,Rawalpindi,Friday,13,Cloudy,Medium,Car,Main Road,60,56.1,11,100.0,40.5,0
6824,Rawalpindi,Saturday,18,Clear,Medium,Van,School Zone,40,51.7,33,90.2,56.4,1
6825,Multan,Thursday,4,Fog,Medium,Motorcycle,Main Road,60,44.6,14,56.4,39.9,0
6826,Karachi,Thursday,22,Rain,Low,Car,Main Road,60,72.2,8,88.7,45.9,0
6827,Quetta,Sunday,17,Clear,Medium,Car,Main Road,60,51.1,7,93.7,23.9,0
6828,Lahore,Monday,19,Cloudy,High,Motorcycle,Main Road,60,43.3,9,80.3,38.9,0
6829,Quetta,Wednesday,11,Rain,Severe,Car,Market,50,15.0,26,73.8,54.1,0
6830,Peshawar,Friday,22,Clear,Medium,Car,School Zone,40,25.2,37,86.3,35.8,0
6831,Karachi,Saturday,16,Clear,Severe,Motorcycle,Residential,50,10.0,4,95.7,72.4,1
6832,Lahore,Thursday,12,Clear,Severe,Motorcycle,Market,50,29.1,25,95.0,40.3,0
6833,Quetta,Friday,1,Clear,Medium,Rickshaw,Highway,100,89.4,10,69.9,21.1,0
6834,Quetta,Saturday,12,Cloudy,High,Rickshaw,Residential,50,29.3,11,93.7,13.2,0
6835,Rawalpindi,Tuesday,6,Clear,Low,Car,Main Road,60,77.6,7,91.6,44.3,0
6836,Karachi,Friday,9,Clear,Medium,Motorcycle,Residential,50,31.3,12,94.9,21.0,0
6837,Peshawar,Wednesday,22,Cloudy,Low,Rickshaw,Main Road,60,71.0,5,96.4,41.7,0
6838,Islamabad,Saturday,5,Fog,Low,Motorcycle,Highway,100,97.1,6,49.0,74.8,1
6839,Karachi,Wednesday,2,Rain,Severe,Bus,School Zone,40,10.0,40,70.2,87.3,1
6840,Peshawar,Friday,2,Cloudy,High,Motorcycle,Market,50,44.6,22,94.0,38.7,0
6841,Peshawar,Tuesday,17,Clear,Medium,Motorcycle,Market,50,52.2,17,83.3,46.5,0
6842,Karachi,Wednesday,10,Clear,Medium,Car,Market,50,36.3,22,88.7,27.3,0
6843,Lahore,Thursday,21,Clear,Medium,Motorcycle,Residential,50,56.3,8,68.3,38.9,0
6844,Karachi,Saturday,19,Rain,Medium,Motorcycle,Market,50,23.0,22,76.2,21.3,0
6845,Quetta,Friday,4,Clear,Low,Motorcycle,Main Road,60,71.4,10,87.9,30.2,0
6846,Multan,Tuesday,18,Clear,High,Van,Residential,50,22.6,6,84.3,33.0,0
6847,Rawalpindi,Thursday,21,Dust,Medium,Rickshaw,Residential,50,36.9,9,71.7,29.2,0
6848,Quetta,Friday,18,Clear,Low,Rickshaw,Main Road,60,72.7,4,99.8,26.7,0
6849,Peshawar,Sunday,14,Dust,High,Bus,Market,50,43.6,27,67.2,47.2,0
6850,Peshawar,Tuesday,15,Dust,High,Motorcycle,Residential,50,25.2,6,65.3,44.6,0
6851,Islamabad,Thursday,23,Clear,Severe,Bus,Market,50,10.0,30,100.0,48.6,0
6852,Peshawar,Wednesday,8,Fog,High,Bus,Residential,50,19.6,12,53.4,67.3,1
6853,Multan,Friday,3,Clear,Low,Car,Main Road,60,46.4,16,79.7,20.4,0
6854,Islamabad,Friday,14,Fog,Medium,Motorcycle,Residential,50,15.7,9,49.6,47.1,0
6855,Peshawar,Wednesday,11,Clear,Severe,Motorcycle,Residential,50,32.5,5,85.3,57.5,1
6856,Peshawar,Sunday,22,Rain,Medium,Motorcycle,School Zone,40,10.0,32,81.7,64.1,0
6857,Karachi,Monday,2,Rain,Severe,Motorcycle,Residential,50,10.0,7,77.4,55.4,0
6858,Karachi,Thursday,22,Cloudy,Low,Motorcycle,Main Road,60,70.1,12,93.0,43.9,0
6859,Rawalpindi,Wednesday,13,Cloudy,High,Rickshaw,Highway,100,89.1,10,83.8,37.9,0
6860,Quetta,Friday,16,Fog,Low,Car,School Zone,40,14.4,57,38.8,58.0,0
6861,Lahore,Thursday,18,Fog,High,Bus,Main Road,60,12.0,11,38.3,40.1,0
6862,Rawalpindi,Sunday,5,Cloudy,Low,Motorcycle,School Zone,40,42.1,36,75.8,41.4,0
6863,Peshawar,Thursday,3,Cloudy,Medium,Car,Market,50,13.7,22,89.7,13.8,0
6864,Rawalpindi,Monday,6,Clear,High,Motorcycle,Highway,100,63.4,7,80.3,52.6,0
6865,Karachi,Friday,18,Dust,Medium,Motorcycle,Residential,50,33.6,5,59.4,39.2,0
6866,Quetta,Tuesday,16,Cloudy,Severe,Car,Market,50,14.9,24,63.6,45.5,0
6867,Peshawar,Monday,15,Dust,Medium,Motorcycle,Highway,100,84.7,8,75.0,42.9,0
6868,Peshawar,Monday,14,Cloudy,Severe,Car,School Zone,40,30.4,42,85.2,50.6,1
6869,Rawalpindi,Tuesday,21,Clear,Low,Van,Main Road,60,67.0,6,100.0,24.7,0
6870,Quetta,Tuesday,7,Clear,High,Motorcycle,School Zone,40,22.3,26,96.8,61.6,0
6871,Multan,Sunday,18,Clear,Severe,Car,Market,50,26.2,24,100.0,44.5,0
6872,Islamabad,Sunday,7,Cloudy,Medium,Motorcycle,School Zone,40,24.1,32,86.4,36.5,0
6873,Multan,Monday,17,Clear,Severe,Car,Main Road,60,29.7,6,88.8,43.4,1
6874,Lahore,Thursday,15,Cloudy,High,Bus,Main Road,60,34.8,9,94.1,27.2,0
6875,Quetta,Wednesday,19,Clear,Medium,Van,Residential,50,44.1,10,98.1,6.8,0
6876,Rawalpindi,Wednesday,18,Clear,Medium,Bus,School Zone,40,15.9,36,88.2,41.9,0
6877,Multan,Monday,9,Clear,High,Rickshaw,Residential,50,29.1,7,95.8,40.0,0
6878,Rawalpindi,Thursday,16,Clear,Severe,Motorcycle,School Zone,40,14.4,31,93.5,74.1,0
6879,Lahore,Tuesday,12,Clear,Medium,Motorcycle,Main Road,60,43.6,8,85.7,43.2,1
6880,Peshawar,Saturday,12,Rain,Medium,Rickshaw,Main Road,60,34.7,12,83.3,51.0,0
6881,Peshawar,Monday,6,Clear,Low,Car,Market,50,48.7,28,83.3,57.8,1
6882,Islamabad,Friday,9,Clear,Medium,Rickshaw,Main Road,60,69.8,10,84.7,28.7,0
6883,Rawalpindi,Thursday,1,Fog,Medium,Motorcycle,Main Road,60,28.0,8,51.5,32.2,0
6884,Lahore,Friday,3,Clear,Medium,Motorcycle,Residential,50,60.9,7,92.9,56.8,0
6885,Rawalpindi,Friday,5,Dust,High,Motorcycle,Main Road,60,57.7,8,45.6,71.3,1
6886,Karachi,Monday,23,Fog,Medium,Rickshaw,Residential,50,28.4,8,51.8,54.2,0
6887,Rawalpindi,Thursday,17,Cloudy,High,Van,Main Road,60,46.9,5,91.5,36.1,0
6888,Rawalpindi,Friday,22,Cloudy,Low,Rickshaw,School Zone,40,38.7,31,72.5,37.1,0
6889,Karachi,Sunday,5,Clear,High,Car,Highway,100,64.0,8,89.2,25.9,0
6890,Karachi,Sunday,22,Clear,Medium,Motorcycle,Highway,100,86.5,6,91.5,20.8,0
6891,Multan,Thursday,16,Clear,Medium,Car,Main Road,60,60.5,10,80.2,41.0,0
6892,Lahore,Wednesday,13,Clear,High,Car,Highway,100,71.2,4,80.5,39.9,0
6893,Multan,Saturday,23,Clear,Low,Car,Market,50,66.2,21,91.6,57.5,0
6894,Peshawar,Friday,10,Rain,Medium,Car,Main Road,60,51.1,6,81.7,21.7,0
6895,Islamabad,Friday,18,Clear,High,Car,Main Road,60,42.1,17,89.3,44.4,0
6896,Multan,Thursday,1,Rain,Medium,Rickshaw,Residential,50,40.6,11,71.8,35.6,0
6897,Karachi,Sunday,2,Cloudy,Severe,Rickshaw,Residential,50,13.3,11,96.1,39.3,0
6898,Peshawar,Saturday,10,Clear,High,Rickshaw,Highway,100,81.1,7,68.0,32.4,0
6899,Lahore,Wednesday,5,Clear,Medium,Motorcycle,Highway,100,88.0,12,79.6,33.8,0
6900,Quetta,Friday,13,Clear,Medium,Motorcycle,Highway,100,90.1,8,81.8,53.1,0
6901,Rawalpindi,Monday,18,Cloudy,High,Motorcycle,Residential,50,20.3,9,100.0,39.8,0
6902,Lahore,Sunday,15,Clear,Medium,Car,Market,50,53.4,26,89.2,32.6,0
6903,Lahore,Thursday,20,Cloudy,High,Bus,Residential,50,51.3,10,96.1,46.5,0
6904,Karachi,Thursday,21,Cloudy,Medium,Rickshaw,School Zone,40,22.7,28,81.1,20.2,0
6905,Islamabad,Sunday,23,Rain,High,Van,School Zone,40,22.2,34,85.1,42.6,0
6906,Multan,Friday,6,Clear,Severe,Car,Main Road,60,43.3,8,80.0,41.3,0
6907,Karachi,Wednesday,7,Cloudy,Medium,Car,Market,50,39.9,30,100.0,31.9,0
6908,Rawalpindi,Friday,18,Clear,Severe,Car,Residential,50,18.8,5,75.9,51.6,0
6909,Karachi,Sunday,19,Clear,Medium,Rickshaw,Highway,100,78.4,8,81.7,43.7,0
6910,Rawalpindi,Tuesday,15,Clear,Low,Bus,Main Road,60,58.3,9,84.7,32.4,0
6911,Karachi,Friday,21,Rain,Medium,Car,Market,50,33.2,30,88.8,31.8,0
6912,Quetta,Saturday,6,Fog,Low,Car,Highway,100,95.7,4,39.1,46.5,0
6913,Islamabad,Sunday,8,Clear,Medium,Car,Main Road,60,33.5,11,95.4,23.4,0
6914,Quetta,Saturday,12,Cloudy,Low,Rickshaw,Residential,50,36.1,10,99.1,12.7,0
6915,Peshawar,Sunday,0,Clear,Low,Motorcycle,School Zone,40,60.7,28,98.0,36.8,0
6916,Islamabad,Tuesday,7,Cloudy,Low,Car,Main Road,60,42.8,16,90.2,38.8,0
6917,Multan,Saturday,23,Clear,Low,Rickshaw,School Zone,40,46.8,29,83.2,30.2,0
6918,Karachi,Saturday,21,Clear,Medium,Motorcycle,Market,50,28.9,17,87.8,23.5,0
6919,Lahore,Monday,3,Cloudy,Severe,Rickshaw,Main Road,60,27.0,7,90.6,49.7,0
6920,Peshawar,Thursday,2,Cloudy,Severe,Rickshaw,Highway,100,60.1,10,89.6,46.7,0
6921,Lahore,Saturday,2,Clear,High,Car,School Zone,40,11.0,39,87.7,56.2,0
6922,Quetta,Thursday,21,Cloudy,Low,Motorcycle,Highway,100,94.4,11,94.4,45.2,0
6923,Multan,Sunday,12,Clear,Low,Rickshaw,Main Road,60,51.4,7,96.9,26.7,0
6924,Islamabad,Wednesday,7,Clear,Low,Motorcycle,Main Road,60,69.9,10,100.0,52.2,0
6925,Multan,Friday,6,Clear,Medium,Car,Residential,50,10.0,10,96.9,20.8,0
6926,Peshawar,Monday,0,Dust,Severe,Rickshaw,Main Road,60,40.3,10,71.0,54.3,0
6927,Quetta,Sunday,15,Dust,Severe,Car,Market,50,17.0,18,61.8,65.1,1
6928,Karachi,Tuesday,5,Clear,Medium,Motorcycle,Main Road,60,50.8,2,86.4,14.4,0
6929,Lahore,Wednesday,6,Cloudy,Medium,Rickshaw,School Zone,40,27.1,40,90.7,39.3,0
6930,Karachi,Monday,11,Cloudy,High,Van,School Zone,40,34.5,41,94.3,71.5,0
6931,Rawalpindi,Monday,22,Fog,High,Car,Highway,100,69.7,5,47.5,42.0,1
6932,Multan,Sunday,8,Dust,Low,Rickshaw,Highway,100,109.7,4,62.9,61.4,0
6933,Peshawar,Tuesday,10,Cloudy,Low,Car,Highway,100,119.9,9,99.6,26.9,0
6934,Lahore,Tuesday,9,Clear,Medium,Car,Residential,50,47.1,13,100.0,19.7,1
6935,Islamabad,Thursday,20,Clear,Low,Motorcycle,Highway,100,78.4,14,78.2,12.0,0
6936,Islamabad,Friday,0,Rain,High,Car,Residential,50,30.5,6,84.1,40.4,0
6937,Islamabad,Sunday,17,Fog,Medium,Bus,Highway,100,74.7,5,31.8,12.5,0
6938,Quetta,Wednesday,3,Clear,Low,Car,Market,50,43.7,25,78.5,31.9,0
6939,Islamabad,Friday,4,Rain,Low,Car,Residential,50,31.3,6,77.2,12.2,0
6940,Lahore,Wednesday,8,Cloudy,Low,Rickshaw,Highway,100,97.7,11,100.0,27.6,0
6941,Multan,Monday,16,Clear,High,Car,Main Road,60,31.6,11,86.5,19.8,0
6942,Multan,Saturday,2,Cloudy,Low,Rickshaw,School Zone,40,34.0,36,68.7,40.5,0
6943,Multan,Saturday,15,Clear,Low,Motorcycle,Market,50,30.8,23,100.0,19.9,0
6944,Quetta,Sunday,4,Cloudy,High,Rickshaw,Residential,50,41.8,6,91.1,30.9,0
6945,Rawalpindi,Tuesday,15,Cloudy,Low,Motorcycle,Market,50,38.1,28,89.4,31.7,0
6946,Islamabad,Tuesday,2,Fog,Low,Motorcycle,Highway,100,83.7,6,50.6,40.7,0
6947,Multan,Monday,19,Fog,Low,Car,Highway,100,94.0,8,31.7,46.0,0
6948,Islamabad,Monday,14,Clear,Low,Bus,School Zone,40,40.2,34,100.0,45.9,0
6949,Quetta,Wednesday,2,Clear,Medium,Van,Main Road,60,30.6,12,86.1,34.4,0
6950,Islamabad,Monday,19,Rain,Low,Motorcycle,Residential,50,42.8,5,76.6,30.9,0
6951,Rawalpindi,Sunday,13,Cloudy,High,Motorcycle,Main Road,60,30.6,9,95.3,40.0,0
6952,Quetta,Wednesday,15,Rain,Medium,Car,Main Road,60,40.5,11,67.3,16.3,0
6953,Quetta,Friday,16,Clear,High,Motorcycle,Main Road,60,25.5,7,87.3,59.7,1
6954,Peshawar,Tuesday,23,Dust,Severe,Car,Main Road,60,33.6,7,53.8,55.6,1
6955,Quetta,Tuesday,19,Clear,Low,Van,Market,50,37.3,16,76.7,18.8,0
6956,Islamabad,Saturday,22,Clear,High,Car,Highway,100,85.6,7,92.0,30.9,0
6957,Quetta,Saturday,17,Clear,High,Car,Residential,50,29.0,4,95.1,45.8,0
6958,Islamabad,Sunday,17,Dust,Severe,Motorcycle,Market,50,36.0,22,73.2,64.4,1
6959,Islamabad,Tuesday,21,Cloudy,High,Motorcycle,Main Road,60,53.5,2,92.4,40.9,0
6960,Multan,Sunday,13,Fog,Low,Car,Highway,100,87.4,9,28.9,45.6,0
6961,Quetta,Friday,17,Rain,Low,Rickshaw,School Zone,40,33.1,31,74.8,55.2,0
6962,Peshawar,Friday,14,Clear,Medium,Car,Residential,50,61.2,4,100.0,68.2,0
6963,Islamabad,Thursday,14,Cloudy,Severe,Car,Main Road,60,28.8,7,88.0,46.2,0
6964,Multan,Wednesday,5,Clear,Medium,Car,Main Road,60,49.9,12,84.8,3.6,0
6965,Peshawar,Saturday,14,Cloudy,Medium,Rickshaw,Residential,50,52.8,6,85.9,30.5,0
6966,Peshawar,Wednesday,17,Clear,High,Bus,Residential,50,19.7,8,81.0,53.8,0
6967,Quetta,Saturday,3,Cloudy,Medium,Van,School Zone,40,31.3,34,92.8,32.2,0
6968,Karachi,Thursday,22,Cloudy,Low,Car,Main Road,60,71.4,13,89.0,31.4,0
6969,Multan,Tuesday,7,Clear,Severe,Motorcycle,Main Road,60,22.6,2,100.0,40.6,0
6970,Karachi,Sunday,14,Clear,High,Motorcycle,Main Road,60,65.2,8,97.4,75.7,1
6971,Islamabad,Wednesday,2,Clear,Medium,Motorcycle,Market,50,61.7,20,77.1,45.0,0
6972,Lahore,Saturday,14,Fog,Medium,Motorcycle,Main Road,60,56.6,11,35.1,55.1,1
6973,Karachi,Wednesday,12,Clear,Medium,Car,Main Road,60,48.9,7,94.3,22.8,0
6974,Multan,Tuesday,8,Rain,Low,Motorcycle,Residential,50,34.4,8,88.6,1.8,0
6975,Quetta,Sunday,1,Clear,Low,Car,Main Road,60,70.1,7,93.8,16.4,0
6976,Multan,Monday,23,Clear,Medium,Car,School Zone,40,27.3,39,96.9,32.4,0
6977,Quetta,Saturday,7,Cloudy,Medium,Motorcycle,Highway,100,75.4,7,89.8,17.2,0
6978,Karachi,Monday,19,Rain,Low,Bus,Main Road,60,59.0,6,95.1,49.6,0
6979,Lahore,Thursday,16,Cloudy,Low,Car,Residential,50,66.7,9,96.0,23.3,0
6980,Rawalpindi,Sunday,12,Cloudy,High,Rickshaw,Main Road,60,13.8,3,100.0,26.3,0
6981,Islamabad,Friday,0,Rain,Severe,Motorcycle,School Zone,40,10.0,31,74.7,75.8,1
6982,Multan,Wednesday,1,Clear,Low,Car,Market,50,64.4,26,66.1,22.1,0
6983,Rawalpindi,Saturday,14,Clear,Low,Rickshaw,Residential,50,56.1,5,92.3,43.9,0
6984,Rawalpindi,Wednesday,11,Clear,High,Car,Residential,50,62.1,9,91.9,65.7,0
6985,Peshawar,Thursday,13,Clear,High,Van,Main Road,60,54.7,9,95.1,52.6,1
6986,Peshawar,Thursday,1,Fog,Medium,Motorcycle,School Zone,40,18.4,32,46.3,51.7,0
6987,Islamabad,Wednesday,17,Cloudy,High,Motorcycle,School Zone,40,18.7,32,93.8,71.5,1
6988,Lahore,Saturday,21,Clear,Low,Motorcycle,School Zone,40,60.7,34,89.3,79.3,0
6989,Peshawar,Sunday,6,Dust,High,Motorcycle,Main Road,60,36.7,9,71.0,65.6,0
6990,Multan,Tuesday,22,Dust,High,Bus,Residential,50,36.8,8,52.9,47.8,0
6991,Multan,Sunday,5,Clear,High,Car,Residential,50,27.9,7,90.9,35.8,0
6992,Karachi,Tuesday,13,Dust,Severe,Motorcycle,Residential,50,10.0,9,85.6,72.8,0
6993,Multan,Friday,7,Clear,Low,Car,Main Road,60,50.7,7,91.6,24.9,0
6994,Islamabad,Sunday,21,Dust,Low,Rickshaw,Highway,100,100.1,9,63.2,44.8,0
6995,Quetta,Wednesday,1,Clear,Medium,Car,Highway,100,96.3,8,99.5,31.2,1
6996,Rawalpindi,Wednesday,16,Cloudy,Low,Motorcycle,Residential,50,61.0,12,100.0,31.0,0
6997,Multan,Saturday,4,Clear,High,Motorcycle,Main Road,60,58.1,11,96.3,41.8,0
6998,Islamabad,Wednesday,13,Fog,High,Car,Market,50,30.3,10,45.4,34.0,0
6999,Quetta,Saturday,23,Clear,High,Car,Main Road,60,32.7,9,99.1,40.1,0
7000,Quetta,Wednesday,19,Clear,Medium,Rickshaw,School Zone,40,35.1,35,85.8,47.5,0
7001,Peshawar,Thursday,20,Cloudy,High,Van,Main Road,60,62.4,6,100.0,48.2,0
7002,Quetta,Monday,20,Cloudy,Low,Van,Main Road,60,67.3,5,93.0,28.8,0
7003,Lahore,Wednesday,21,Rain,Low,Car,Market,50,27.6,17,77.3,17.6,0
7004,Quetta,Monday,2,Rain,Medium,Motorcycle,Residential,50,38.1,7,94.1,47.2,0
7005,Quetta,Tuesday,4,Rain,Low,Motorcycle,Market,50,59.4,33,75.8,64.2,0
7006,Rawalpindi,Friday,15,Clear,Severe,Car,Main Road,60,28.2,10,84.9,47.9,0
7007,Lahore,Sunday,17,Clear,Medium,Rickshaw,Residential,50,40.0,2,97.6,25.9,0
7008,Islamabad,Sunday,16,Clear,Medium,Motorcycle,Residential,50,50.1,3,79.7,34.1,0
7009,Lahore,Tuesday,10,Fog,High,Car,Residential,50,16.1,5,46.0,57.1,0
7010,Lahore,Wednesday,16,Clear,Medium,Bus,Market,50,38.5,25,89.3,32.7,0
7011,Islamabad,Sunday,15,Clear,Medium,Motorcycle,Main Road,60,51.3,4,88.6,36.4,0
7012,Rawalpindi,Saturday,22,Cloudy,Medium,Motorcycle,Residential,50,26.2,9,88.6,16.1,0
7013,Multan,Tuesday,1,Clear,Medium,Car,Market,50,38.8,22,90.0,41.6,0
7014,Quetta,Thursday,3,Clear,Medium,Motorcycle,School Zone,40,32.8,30,74.4,31.6,0
7015,Lahore,Monday,20,Rain,Severe,Car,Market,50,12.4,15,63.2,47.3,0
7016,Lahore,Saturday,6,Clear,Severe,Motorcycle,Market,50,19.4,25,93.6,54.2,0
7017,Multan,Sunday,1,Cloudy,Medium,Motorcycle,Highway,100,87.0,12,88.9,23.9,0
7018,Islamabad,Saturday,5,Clear,Medium,Motorcycle,Main Road,60,52.7,10,84.1,34.7,0
7019,Karachi,Wednesday,16,Clear,High,Car,Market,50,14.2,22,95.6,26.5,0
7020,Multan,Thursday,6,Fog,High,Bus,Highway,100,82.2,6,34.3,43.0,1
7021,Lahore,Monday,4,Clear,Severe,Car,Main Road,60,22.0,12,95.7,35.3,0
7022,Peshawar,Thursday,4,Clear,High,Car,Highway,100,88.1,8,85.8,31.1,0
7023,Quetta,Tuesday,19,Dust,Severe,Car,Highway,100,71.7,12,67.7,45.4,0
7024,Quetta,Wednesday,15,Clear,Severe,Car,Main Road,60,18.3,6,95.1,32.8,0
7025,Multan,Saturday,18,Clear,High,Motorcycle,Main Road,60,34.5,8,80.4,44.6,0
7026,Rawalpindi,Saturday,8,Clear,Medium,Motorcycle,Main Road,60,51.0,8,94.1,16.8,0
7027,Multan,Tuesday,4,Cloudy,Medium,Van,Residential,50,43.1,12,91.0,24.8,0
7028,Lahore,Saturday,7,Clear,High,Car,School Zone,40,35.8,34,100.0,51.7,0
7029,Islamabad,Friday,8,Cloudy,Low,Rickshaw,Market,50,33.9,20,93.4,0.0,0
7030,Peshawar,Wednesday,4,Clear,Medium,Van,Market,50,40.6,25,96.0,14.1,0
7031,Multan,Tuesday,9,Clear,Severe,Car,Main Road,60,26.0,11,93.9,48.4,0
7032,Islamabad,Wednesday,1,Cloudy,Medium,Motorcycle,Market,50,25.7,29,88.3,44.4,0
7033,Multan,Monday,8,Clear,Medium,Bus,School Zone,40,35.7,35,86.2,63.0,0
7034,Lahore,Wednesday,10,Clear,Medium,Car,Residential,50,55.4,8,100.0,30.7,0
7035,Peshawar,Wednesday,3,Cloudy,Medium,Van,Market,50,50.3,18,97.9,37.0,0
7036,Rawalpindi,Monday,21,Fog,High,Rickshaw,Main Road,60,43.7,6,48.6,57.1,1
7037,Rawalpindi,Tuesday,21,Clear,High,Rickshaw,Main Road,60,21.5,9,91.2,47.3,0
7038,Multan,Wednesday,21,Clear,High,Car,Main Road,60,47.6,8,91.9,44.3,0
7039,Rawalpindi,Thursday,1,Clear,Low,Motorcycle,Main Road,60,82.6,6,88.6,46.6,0
7040,Karachi,Wednesday,22,Dust,Medium,Rickshaw,Residential,50,58.9,6,47.5,42.5,0
7041,Islamabad,Tuesday,5,Dust,Low,Motorcycle,Market,50,25.0,25,62.2,45.6,0
7042,Lahore,Saturday,13,Dust,Low,Motorcycle,Highway,100,96.6,15,71.1,50.7,0
7043,Peshawar,Sunday,0,Clear,High,Rickshaw,Main Road,60,31.3,11,87.6,54.8,0
7044,Multan,Monday,17,Clear,Medium,Motorcycle,Main Road,60,67.4,5,89.2,49.9,0
7045,Multan,Saturday,6,Clear,Medium,Rickshaw,Residential,50,29.1,13,70.8,10.9,0
7046,Quetta,Tuesday,0,Clear,Medium,Motorcycle,Highway,100,107.3,7,93.6,69.5,1
7047,Quetta,Friday,0,Rain,Low,Rickshaw,Residential,50,44.9,4,75.3,27.4,0
7048,Islamabad,Sunday,0,Clear,High,Car,School Zone,40,18.5,37,91.7,37.2,0
7049,Lahore,Saturday,23,Cloudy,Low,Bus,Main Road,60,59.8,6,74.9,26.7,0
7050,Karachi,Wednesday,3,Fog,Medium,Rickshaw,Highway,100,77.7,8,49.9,27.1,0
7051,Lahore,Sunday,3,Clear,Low,Van,Residential,50,59.4,6,84.4,38.2,0
7052,Islamabad,Wednesday,17,Cloudy,Medium,Motorcycle,Main Road,60,54.6,10,93.6,62.8,1
7053,Lahore,Monday,10,Clear,Medium,Bus,Main Road,60,65.0,6,86.5,42.2,0
7054,Quetta,Wednesday,0,Clear,High,Van,Highway,100,65.2,8,95.6,16.7,0
7055,Quetta,Sunday,9,Clear,High,Car,Main Road,60,43.4,5,81.4,32.5,0
7056,Peshawar,Thursday,8,Clear,Low,Motorcycle,Highway,100,112.6,10,100.0,50.3,1
7057,Karachi,Thursday,22,Clear,Low,Bus,Highway,100,78.8,4,80.5,19.0,0
7058,Quetta,Saturday,3,Cloudy,Severe,Car,Main Road,60,37.7,8,86.9,44.4,0
7059,Peshawar,Tuesday,5,Rain,High,Motorcycle,School Zone,40,10.0,34,84.7,69.1,0
7060,Karachi,Monday,15,Clear,Medium,Motorcycle,Highway,100,98.1,6,95.1,37.8,1
7061,Quetta,Friday,1,Dust,Low,Motorcycle,Main Road,60,59.0,6,55.2,53.5,0
7062,Karachi,Saturday,22,Dust,Medium,Bus,Main Road,60,43.8,8,59.8,23.7,0
7063,Lahore,Tuesday,17,Rain,High,Van,Highway,100,76.6,9,81.6,29.7,0
7064,Peshawar,Monday,9,Clear,Severe,Rickshaw,Market,50,15.7,23,95.8,51.9,1
7065,Karachi,Sunday,23,Clear,High,Car,School Zone,40,10.0,34,98.5,43.6,0
7066,Multan,Monday,23,Rain,Low,Car,School Zone,40,43.3,37,75.2,65.4,0
7067,Karachi,Sunday,16,Dust,High,Car,Residential,50,52.5,4,63.5,64.1,1
7068,Lahore,Saturday,12,Clear,Severe,Car,Main Road,60,37.1,8,82.0,37.0,0
7069,Quetta,Tuesday,23,Rain,Medium,Van,Market,50,23.2,23,78.1,13.2,0
7070,Quetta,Tuesday,17,Clear,Severe,Rickshaw,School Zone,40,18.2,28,87.5,49.7,0
7071,Multan,Wednesday,21,Rain,High,Motorcycle,Main Road,60,20.0,6,62.7,42.0,0
7072,Islamabad,Friday,12,Clear,Low,Rickshaw,School Zone,40,32.9,42,84.2,42.8,0
7073,Islamabad,Thursday,16,Cloudy,Low,Motorcycle,Main Road,60,52.2,4,84.8,24.0,1
7074,Quetta,Wednesday,4,Cloudy,Low,Bus,Main Road,60,61.6,9,100.0,58.6,0
7075,Multan,Monday,10,Clear,High,Motorcycle,Residential,50,39.7,12,100.0,32.0,0
7076,Rawalpindi,Friday,6,Clear,Medium,Rickshaw,Highway,100,94.4,6,95.5,55.8,0
7077,Rawalpindi,Friday,9,Fog,Medium,Motorcycle,Residential,50,29.8,4,27.7,39.4,0
7078,Multan,Tuesday,16,Cloudy,Medium,Car,Residential,50,42.1,5,82.0,19.5,0
7079,Karachi,Friday,14,Cloudy,Severe,Motorcycle,Main Road,60,30.8,5,84.8,55.0,1
7080,Quetta,Saturday,17,Cloudy,Low,Van,School Zone,40,43.8,40,84.9,45.1,0
7081,Islamabad,Friday,22,Dust,Medium,Motorcycle,Residential,50,46.7,13,76.5,57.6,0
7082,Karachi,Monday,21,Clear,Low,Motorcycle,Market,50,36.6,21,80.8,26.4,0
7083,Peshawar,Saturday,18,Dust,Medium,Car,Main Road,60,63.1,8,63.8,50.5,0
7084,Multan,Saturday,1,Clear,Severe,Car,Residential,50,24.4,7,96.0,43.2,0
7085,Multan,Wednesday,3,Clear,Low,Bus,Highway,100,81.6,8,83.4,23.9,0
7086,Islamabad,Friday,2,Cloudy,Low,Motorcycle,School Zone,40,41.6,31,85.9,61.8,0
7087,Islamabad,Tuesday,6,Fog,Medium,Motorcycle,Main Road,60,29.5,6,35.6,23.2,0
7088,Islamabad,Sunday,23,Clear,Medium,Motorcycle,Main Road,60,58.4,13,93.4,35.8,0
7089,Multan,Wednesday,17,Clear,Low,Motorcycle,School Zone,40,52.2,39,91.6,71.4,0
7090,Rawalpindi,Tuesday,9,Cloudy,Low,Rickshaw,Market,50,28.4,15,93.3,25.7,0
7091,Lahore,Friday,6,Clear,Low,Van,Residential,50,62.1,7,89.8,39.4,0
7092,Lahore,Wednesday,7,Fog,High,Car,School Zone,40,10.0,40,45.9,70.0,0
7093,Multan,Friday,5,Cloudy,High,Motorcycle,Residential,50,13.4,9,87.8,56.3,0
7094,Rawalpindi,Monday,21,Dust,Severe,Motorcycle,Main Road,60,45.7,11,61.9,61.5,0
7095,Quetta,Wednesday,0,Clear,Low,Motorcycle,Highway,100,92.2,6,89.4,55.2,0
7096,Quetta,Tuesday,3,Clear,Medium,Motorcycle,Main Road,60,45.7,9,84.8,43.0,0
7097,Multan,Monday,13,Cloudy,High,Car,Residential,50,31.9,7,90.7,11.1,0
7098,Multan,Thursday,16,Clear,Low,Bus,Residential,50,28.5,7,89.2,22.9,0
7099,Rawalpindi,Tuesday,19,Rain,High,Motorcycle,Market,50,20.8,25,68.2,58.5,0
7100,Rawalpindi,Sunday,17,Clear,Medium,Car,Highway,100,90.6,7,90.5,27.0,0
7101,Quetta,Friday,10,Clear,Medium,Car,Main Road,60,62.1,2,74.7,48.0,0
7102,Lahore,Tuesday,20,Dust,High,Motorcycle,Residential,50,32.7,10,65.6,51.5,0
7103,Karachi,Thursday,13,Rain,Medium,Van,Residential,50,26.7,9,83.1,20.4,0
7104,Rawalpindi,Tuesday,8,Clear,High,Car,Main Road,60,31.8,9,84.0,45.1,0
7105,Karachi,Monday,14,Dust,Severe,Motorcycle,Market,50,13.4,19,69.5,62.9,1
7106,Karachi,Saturday,11,Cloudy,Medium,Motorcycle,Market,50,61.9,22,93.7,52.9,0
7107,Peshawar,Tuesday,9,Cloudy,Medium,Car,Main Road,60,52.5,8,97.7,25.5,0
7108,Lahore,Wednesday,18,Clear,High,Motorcycle,Main Road,60,51.5,14,87.9,41.9,0
7109,Multan,Sunday,23,Clear,Low,Van,School Zone,40,57.5,37,93.8,37.4,0
7110,Karachi,Thursday,18,Rain,Low,Car,Market,50,49.1,31,73.2,57.8,1
7111,Multan,Tuesday,5,Clear,Medium,Van,Residential,50,47.2,4,96.3,42.8,0
7112,Multan,Thursday,19,Clear,High,Bus,Residential,50,43.5,10,100.0,45.1,0
7113,Lahore,Saturday,23,Clear,High,Motorcycle,Main Road,60,41.7,10,80.9,62.2,1
7114,Lahore,Monday,5,Clear,Severe,Van,Market,50,13.1,21,94.9,40.4,0
7115,Peshawar,Wednesday,7,Rain,High,Motorcycle,Main Road,60,28.1,8,76.1,58.0,0
7116,Multan,Friday,0,Clear,Severe,Car,School Zone,40,17.2,43,100.0,63.9,0
7117,Quetta,Tuesday,21,Clear,Medium,Van,Market,50,32.0,14,94.6,13.5,0
7118,Lahore,Monday,16,Dust,Medium,Rickshaw,Main Road,60,59.6,9,64.7,44.6,0
7119,Karachi,Thursday,16,Cloudy,Medium,Car,Main Road,60,33.1,7,90.2,48.5,1
7120,Quetta,Saturday,23,Clear,High,Motorcycle,Market,50,29.5,20,97.5,46.7,0
7121,Quetta,Sunday,14,Cloudy,Medium,Car,Residential,50,31.6,5,93.5,11.7,0
7122,Islamabad,Thursday,6,Clear,High,Car,Market,50,37.6,24,88.8,35.0,0
7123,Karachi,Sunday,18,Clear,Severe,Van,Highway,100,74.8,9,90.5,37.3,0
7124,Karachi,Saturday,21,Cloudy,Low,Rickshaw,Residential,50,48.8,9,84.9,35.7,0
7125,Lahore,Sunday,22,Rain,Low,Rickshaw,Main Road,60,53.4,9,95.4,21.1,0
7126,Karachi,Saturday,2,Dust,Medium,Van,Market,50,46.6,23,81.7,36.4,0
7127,Multan,Monday,21,Rain,Severe,Car,Residential,50,29.8,10,74.7,68.9,1
7128,Islamabad,Tuesday,10,Fog,Low,Car,School Zone,40,35.2,38,46.0,47.6,0
7129,Lahore,Friday,19,Fog,Severe,Car,Highway,100,73.3,7,54.8,70.1,1
7130,Rawalpindi,Tuesday,18,Rain,Severe,Motorcycle,Market,50,34.5,28,77.1,57.3,0
7131,Karachi,Wednesday,8,Dust,Medium,Car,Main Road,60,49.6,4,61.9,29.2,0
7132,Karachi,Tuesday,9,Cloudy,Severe,Car,School Zone,40,21.2,29,80.1,42.5,1
7133,Peshawar,Saturday,1,Clear,Low,Motorcycle,Market,50,35.3,18,89.1,23.5,0
7134,Rawalpindi,Saturday,0,Clear,Medium,Rickshaw,Main Road,60,60.6,6,86.2,25.6,0
7135,Rawalpindi,Wednesday,15,Clear,Medium,Motorcycle,Market,50,52.5,22,91.1,49.8,0
7136,Multan,Thursday,17,Fog,Severe,Car,Highway,100,47.6,4,33.1,59.7,0
7137,Islamabad,Saturday,22,Cloudy,Medium,Bus,Residential,50,35.1,8,95.4,11.8,0
7138,Multan,Wednesday,16,Rain,Medium,Motorcycle,Highway,100,72.2,12,66.9,32.0,0
7139,Rawalpindi,Saturday,5,Clear,High,Rickshaw,Residential,50,35.1,6,91.4,39.7,0
7140,Multan,Friday,13,Clear,Medium,Motorcycle,Market,50,61.5,21,87.3,38.6,1
7141,Multan,Saturday,22,Clear,Medium,Bus,Residential,50,34.6,8,94.3,23.6,0
7142,Peshawar,Monday,14,Dust,Severe,Motorcycle,Residential,50,11.2,9,61.5,54.9,0
7143,Islamabad,Wednesday,13,Dust,Low,Car,Main Road,60,63.5,5,56.1,42.8,0
7144,Multan,Sunday,23,Rain,Medium,Car,Market,50,14.8,24,71.4,31.7,0
7145,Multan,Tuesday,21,Clear,Low,Motorcycle,School Zone,40,33.5,40,82.9,45.0,1
7146,Rawalpindi,Wednesday,2,Clear,High,Car,Highway,100,81.8,7,84.4,44.7,0
7147,Islamabad,Thursday,23,Clear,Low,Bus,Residential,50,42.8,8,85.7,24.1,0
7148,Rawalpindi,Saturday,22,Clear,Low,Car,Highway,100,110.5,6,90.2,18.5,0
7149,Rawalpindi,Wednesday,18,Dust,Severe,Car,School Zone,40,10.6,26,80.6,49.5,0
7150,Multan,Friday,11,Clear,Medium,Rickshaw,Main Road,60,68.0,6,93.6,43.1,1
7151,Quetta,Wednesday,1,Cloudy,High,Bus,Main Road,60,39.9,7,94.5,32.8,0
7152,Rawalpindi,Friday,2,Cloudy,High,Van,Market,50,29.8,24,90.8,31.7,0
7153,Multan,Saturday,17,Clear,Medium,Car,Residential,50,39.5,6,89.8,19.7,0
7154,Karachi,Tuesday,0,Clear,Medium,Motorcycle,Market,50,43.8,21,95.2,17.9,0
7155,Rawalpindi,Saturday,19,Fog,Low,Motorcycle,Main Road,60,59.5,6,38.4,50.9,1
7156,Karachi,Thursday,20,Clear,High,Motorcycle,Residential,50,10.0,10,94.6,63.9,1
7157,Lahore,Monday,5,Rain,Medium,Motorcycle,Main Road,60,55.4,4,69.3,57.1,0
7158,Quetta,Tuesday,4,Clear,High,Car,Main Road,60,55.7,7,93.1,46.3,0
7159,Peshawar,Tuesday,0,Dust,Medium,Motorcycle,Main Road,60,53.1,8,65.4,49.7,0
7160,Islamabad,Monday,18,Clear,Medium,Car,Residential,50,43.5,9,90.0,16.3,0
7161,Islamabad,Wednesday,0,Cloudy,Low,Car,Residential,50,47.6,12,82.6,46.6,0
7162,Lahore,Saturday,20,Cloudy,Medium,Car,Residential,50,33.2,9,92.8,22.8,1
7163,Rawalpindi,Wednesday,20,Clear,Low,Car,Market,50,61.7,23,92.7,52.3,0
7164,Peshawar,Wednesday,15,Clear,Medium,Car,Residential,50,26.2,9,90.8,14.2,0
7165,Lahore,Saturday,11,Fog,High,Car,Residential,50,24.0,4,27.0,56.9,1
7166,Lahore,Thursday,21,Clear,Low,Van,Main Road,60,78.7,3,88.8,39.5,1
7167,Islamabad,Tuesday,7,Rain,Severe,Car,Main Road,60,18.6,10,81.1,51.1,0
7168,Karachi,Friday,15,Cloudy,Medium,Bus,Main Road,60,53.9,2,84.6,15.4,0
7169,Karachi,Monday,0,Clear,Low,Car,Main Road,60,58.2,6,82.7,29.8,0
7170,Rawalpindi,Tuesday,3,Clear,Severe,Motorcycle,Residential,50,11.6,11,99.2,66.1,0
7171,Rawalpindi,Wednesday,9,Clear,Medium,Van,Highway,100,76.8,5,85.0,32.1,0
7172,Multan,Monday,10,Cloudy,Medium,Rickshaw,Residential,50,52.7,6,81.3,43.1,0
7173,Multan,Friday,16,Cloudy,Low,Car,Market,50,77.8,29,92.1,26.1,0
7174,Lahore,Tuesday,22,Dust,Medium,Motorcycle,Main Road,60,56.3,10,63.7,40.0,0
7175,Rawalpindi,Tuesday,6,Cloudy,High,Motorcycle,Highway,100,89.1,13,90.1,52.8,0
7176,Karachi,Thursday,11,Rain,Low,Motorcycle,Main Road,60,54.8,7,77.8,61.3,1
7177,Peshawar,Tuesday,20,Clear,Medium,Car,Main Road,60,70.8,7,84.7,41.5,0
7178,Islamabad,Tuesday,6,Cloudy,High,Rickshaw,Highway,100,86.9,9,78.2,36.2,1
7179,Karachi,Friday,11,Clear,Low,Rickshaw,Main Road,60,69.2,9,97.2,58.5,1
7180,Multan,Friday,14,Clear,High,Rickshaw,Main Road,60,54.4,9,100.0,46.7,1
7181,Quetta,Monday,1,Rain,Low,Car,Market,50,62.5,21,67.7,62.4,1
7182,Rawalpindi,Wednesday,13,Rain,Low,Motorcycle,School Zone,40,37.3,37,79.4,77.5,1
7183,Islamabad,Friday,12,Clear,Severe,Car,Main Road,60,18.2,10,95.8,30.8,0
7184,Quetta,Monday,3,Rain,Low,Bus,Market,50,46.4,22,73.6,44.8,0
7185,Islamabad,Tuesday,13,Clear,High,Car,Market,50,54.7,31,94.3,66.9,1
7186,Lahore,Monday,13,Dust,High,Car,Market,50,12.6,23,71.6,52.3,0
7187,Rawalpindi,Monday,15,Clear,Medium,Car,School Zone,40,53.4,37,93.3,47.8,0
7188,Lahore,Monday,6,Clear,Medium,Rickshaw,Main Road,60,53.3,13,93.9,21.5,0
7189,Islamabad,Saturday,18,Rain,Low,Rickshaw,Market,50,49.6,22,88.1,39.9,0
7190,Lahore,Monday,1,Cloudy,High,Bus,Main Road,60,49.7,8,90.6,37.9,0
7191,Rawalpindi,Friday,9,Cloudy,Severe,Van,Main Road,60,38.8,6,86.0,36.4,0
7192,Karachi,Sunday,17,Cloudy,Low,Rickshaw,Residential,50,43.4,6,94.0,26.7,0
7193,Peshawar,Sunday,16,Fog,Medium,Car,Highway,100,81.3,9,46.7,32.3,0
7194,Quetta,Sunday,4,Cloudy,Medium,Car,Main Road,60,41.7,12,91.9,31.3,0
7195,Karachi,Sunday,11,Cloudy,Low,Car,Highway,100,72.2,11,87.6,17.9,0
7196,Islamabad,Saturday,5,Rain,High,Car,School Zone,40,10.0,32,82.8,79.6,1
7197,Karachi,Wednesday,21,Dust,High,Rickshaw,Main Road,60,34.3,9,72.6,29.7,0
7198,Lahore,Monday,8,Clear,Low,Motorcycle,Highway,100,103.8,6,98.0,50.8,0
7199,Rawalpindi,Thursday,19,Cloudy,Medium,Motorcycle,Main Road,60,41.9,11,81.6,29.9,0
7200,Karachi,Sunday,0,Cloudy,Medium,Bus,School Zone,40,29.3,39,92.4,36.8,0
7201,Karachi,Tuesday,21,Clear,Low,Motorcycle,Highway,100,106.8,10,83.1,38.4,0
7202,Rawalpindi,Sunday,14,Cloudy,High,Motorcycle,Market,50,31.9,24,82.0,57.0,0
7203,Lahore,Sunday,20,Clear,Low,Van,Market,50,55.6,21,84.2,38.6,0
7204,Peshawar,Tuesday,5,Clear,Medium,Motorcycle,School Zone,40,23.6,35,80.8,57.9,1
7205,Karachi,Saturday,18,Dust,Medium,Motorcycle,Main Road,60,69.2,7,58.5,69.9,0
7206,Quetta,Tuesday,17,Clear,Medium,Motorcycle,Main Road,60,52.9,9,81.8,38.4,0
7207,Islamabad,Tuesday,5,Cloudy,Low,Car,Highway,100,90.4,5,82.5,38.7,0
7208,Multan,Saturday,12,Clear,High,Car,Residential,50,17.9,5,99.8,36.1,0
7209,Lahore,Tuesday,0,Cloudy,Severe,Car,Highway,100,75.2,6,83.4,48.7,1
7210,Lahore,Monday,22,Clear,Medium,Motorcycle,Residential,50,33.1,4,100.0,44.4,1
7211,Karachi,Sunday,22,Clear,Medium,Car,Residential,50,28.6,8,67.4,25.3,0
7212,Quetta,Wednesday,12,Dust,High,Car,Residential,50,33.9,8,66.9,36.1,0
7213,Multan,Saturday,6,Clear,Severe,Motorcycle,School Zone,40,10.0,28,91.1,40.8,0
7214,Rawalpindi,Thursday,14,Clear,High,Rickshaw,Residential,50,36.4,9,94.2,33.2,0
7215,Multan,Saturday,11,Clear,Medium,Car,Highway,100,107.8,9,84.7,53.0,0
7216,Karachi,Friday,0,Clear,Low,Bus,Market,50,59.0,28,80.1,27.4,0
7217,Karachi,Thursday,14,Clear,Low,Van,Main Road,60,61.6,9,74.8,54.1,1
7218,Rawalpindi,Friday,3,Clear,Low,Car,School Zone,40,30.6,35,84.8,37.5,0
7219,Islamabad,Saturday,12,Cloudy,Low,Rickshaw,Market,50,66.6,17,79.4,31.6,0
7220,Rawalpindi,Friday,22,Dust,Severe,Motorcycle,Highway,100,71.7,8,63.6,55.0,1
7221,Karachi,Thursday,4,Cloudy,High,Motorcycle,Highway,100,63.9,7,83.0,28.7,0
7222,Peshawar,Monday,1,Cloudy,Low,Bus,Main Road,60,64.1,7,82.6,47.1,0
7223,Rawalpindi,Saturday,22,Clear,Medium,Motorcycle,Market,50,36.5,28,95.3,16.3,0
7224,Islamabad,Saturday,0,Dust,Low,Car,Highway,100,99.7,5,66.9,49.1,0
7225,Rawalpindi,Tuesday,15,Clear,High,Motorcycle,School Zone,40,21.8,35,82.1,56.4,1
7226,Rawalpindi,Saturday,22,Fog,Medium,Car,Residential,50,42.3,15,65.3,15.0,0
7227,Lahore,Sunday,5,Clear,Low,Rickshaw,Highway,100,114.1,14,90.9,38.9,1
7228,Lahore,Sunday,22,Fog,Low,Motorcycle,School Zone,40,26.7,31,39.7,52.2,0
7229,Karachi,Saturday,15,Cloudy,High,Car,Highway,100,75.5,10,81.6,41.6,0
7230,Karachi,Monday,13,Clear,Medium,Rickshaw,Highway,100,85.9,7,85.1,46.5,0
7231,Multan,Tuesday,2,Fog,Medium,Motorcycle,Residential,50,22.0,9,41.8,46.3,0
7232,Rawalpindi,Wednesday,14,Clear,High,Motorcycle,Main Road,60,36.2,7,89.4,37.2,0
7233,Peshawar,Friday,2,Rain,High,Car,School Zone,40,16.2,31,67.4,66.5,1
7234,Quetta,Thursday,22,Dust,Medium,Motorcycle,Market,50,50.1,23,60.7,61.6,0
7235,Karachi,Wednesday,1,Clear,Severe,Car,Main Road,60,21.1,5,84.8,39.8,0
7236,Rawalpindi,Tuesday,0,Clear,Low,Van,School Zone,40,48.0,31,94.6,49.0,0
7237,Rawalpindi,Sunday,8,Cloudy,Medium,Car,Market,50,41.9,22,97.0,26.5,0
7238,Quetta,Sunday,8,Cloudy,Severe,Rickshaw,Main Road,60,55.5,7,87.9,57.9,0
7239,Rawalpindi,Sunday,22,Dust,High,Rickshaw,Main Road,60,23.9,5,67.7,48.3,0
7240,Quetta,Monday,6,Rain,Low,Motorcycle,Highway,100,97.3,7,68.0,71.3,1
7241,Quetta,Sunday,2,Clear,Severe,Car,School Zone,40,34.5,36,84.7,64.2,1
7242,Multan,Thursday,17,Dust,Low,Van,Residential,50,33.6,6,55.9,32.1,0
7243,Rawalpindi,Friday,10,Fog,High,Car,Residential,50,20.5,9,46.0,66.4,0
7244,Multan,Saturday,6,Clear,Medium,Rickshaw,Residential,50,42.6,8,94.5,8.0,0
7245,Rawalpindi,Saturday,8,Clear,Low,Car,Highway,100,80.0,4,71.4,0.0,0
7246,Lahore,Wednesday,0,Clear,Medium,Bus,Residential,50,47.3,7,88.2,30.3,0
7247,Quetta,Friday,13,Dust,Severe,Motorcycle,Residential,50,10.0,11,56.7,55.0,0
7248,Islamabad,Tuesday,19,Clear,High,Rickshaw,Market,50,47.2,18,96.5,49.3,0
7249,Quetta,Friday,5,Dust,Severe,Bus,Residential,50,16.8,7,77.2,37.2,0
7250,Islamabad,Monday,6,Fog,Medium,Car,Residential,50,26.3,6,39.9,30.7,0
7251,Rawalpindi,Wednesday,9,Clear,Medium,Car,Residential,50,33.2,6,77.8,38.6,0
7252,Karachi,Wednesday,6,Clear,Low,Motorcycle,Residential,50,61.8,9,87.2,48.9,0
7253,Peshawar,Monday,1,Clear,Low,Car,Main Road,60,79.1,8,85.9,37.4,0
7254,Multan,Friday,3,Clear,Medium,Motorcycle,School Zone,40,10.0,33,83.6,47.0,0
7255,Rawalpindi,Sunday,20,Clear,High,Rickshaw,Main Road,60,29.8,8,100.0,39.1,0
7256,Peshawar,Monday,16,Rain,High,Car,Highway,100,76.7,8,85.9,37.7,0
7257,Lahore,Sunday,0,Cloudy,Medium,Motorcycle,Main Road,60,45.6,8,82.5,20.4,0
7258,Islamabad,Thursday,9,Fog,High,Car,Main Road,60,37.3,9,35.7,59.5,1
7259,Multan,Monday,18,Clear,High,Van,Market,50,30.9,26,100.0,24.6,0
7260,Lahore,Sunday,14,Cloudy,Medium,Motorcycle,Market,50,51.5,25,100.0,38.9,0
7261,Karachi,Friday,9,Rain,High,Motorcycle,Market,50,25.7,18,67.0,45.5,0
7262,Karachi,Sunday,18,Clear,Medium,Car,Market,50,56.7,21,100.0,50.6,0
7263,Quetta,Monday,11,Clear,Severe,Rickshaw,Residential,50,10.0,13,100.0,45.1,1
7264,Multan,Tuesday,23,Cloudy,Low,Car,Market,50,51.6,23,100.0,38.8,1
7265,Multan,Saturday,15,Dust,Medium,Car,Highway,100,100.1,15,55.2,40.6,0
7266,Multan,Monday,8,Clear,Medium,Van,Main Road,60,63.4,8,83.2,50.5,0
7267,Rawalpindi,Saturday,14,Cloudy,High,Motorcycle,Main Road,60,22.4,8,88.7,29.0,0
7268,Quetta,Monday,16,Fog,Medium,Rickshaw,Highway,100,79.9,5,49.9,43.1,0
7269,Karachi,Friday,13,Clear,Medium,Motorcycle,Main Road,60,34.9,13,94.6,20.8,0
7270,Karachi,Thursday,17,Clear,High,Motorcycle,Highway,100,79.4,8,89.3,44.0,0
7271,Quetta,Thursday,1,Cloudy,Medium,Motorcycle,Residential,50,34.4,7,86.2,35.8,0
7272,Lahore,Saturday,3,Clear,Medium,Rickshaw,School Zone,40,29.2,41,100.0,26.4,0
7273,Peshawar,Friday,17,Cloudy,Low,Car,Main Road,60,74.3,4,83.9,44.3,1
7274,Islamabad,Sunday,6,Clear,Low,Car,Residential,50,34.3,5,86.8,20.1,0
7275,Karachi,Friday,12,Dust,Severe,Car,Main Road,60,28.4,7,73.2,43.9,0
7276,Quetta,Friday,14,Rain,High,Car,Market,50,31.0,30,76.9,54.7,0
7277,Karachi,Tuesday,22,Clear,High,Car,Residential,50,32.1,8,91.7,27.0,0
7278,Lahore,Wednesday,21,Clear,Medium,Van,School Zone,40,27.5,38,95.6,23.7,0
7279,Multan,Monday,0,Rain,Medium,Motorcycle,Main Road,60,48.8,8,82.9,53.5,0
7280,Multan,Friday,10,Clear,Medium,Car,Residential,50,51.8,4,81.3,32.6,0
7281,Islamabad,Friday,9,Cloudy,Low,Car,Main Road,60,72.6,11,79.8,21.5,0
7282,Multan,Friday,4,Clear,High,Bus,Residential,50,35.1,12,97.1,42.2,0
7283,Multan,Thursday,15,Clear,Medium,Van,Residential,50,29.1,5,89.3,29.9,0
7284,Lahore,Friday,10,Clear,Medium,Motorcycle,Main Road,60,59.2,15,100.0,46.8,0
7285,Peshawar,Monday,20,Clear,High,Van,Main Road,60,48.8,3,91.4,33.3,0
7286,Lahore,Sunday,5,Clear,Medium,Rickshaw,Main Road,60,55.5,10,94.7,35.4,0
7287,Islamabad,Sunday,8,Rain,Severe,Rickshaw,Main Road,60,28.2,7,79.3,34.3,0
7288,Multan,Friday,12,Cloudy,Low,Motorcycle,Main Road,60,56.8,9,86.7,47.6,0
7289,Islamabad,Monday,23,Cloudy,Severe,Van,Highway,100,73.5,7,100.0,55.5,0
7290,Karachi,Tuesday,7,Clear,High,Rickshaw,Main Road,60,48.4,8,88.3,28.5,0
7291,Peshawar,Sunday,13,Clear,Medium,Bus,School Zone,40,30.1,37,82.3,25.7,0
7292,Rawalpindi,Wednesday,23,Clear,Medium,Motorcycle,Main Road,60,41.3,8,100.0,17.4,0
7293,Karachi,Thursday,0,Clear,High,Car,Main Road,60,34.0,7,92.2,23.9,0
7294,Multan,Monday,16,Cloudy,Medium,Rickshaw,Main Road,60,56.2,8,100.0,27.4,0
7295,Quetta,Sunday,23,Rain,Low,Car,School Zone,40,24.9,41,69.3,51.2,0
7296,Lahore,Sunday,4,Clear,Severe,Car,School Zone,40,11.9,42,84.1,51.4,0
7297,Lahore,Saturday,1,Cloudy,Medium,Motorcycle,Main Road,60,57.8,3,92.1,33.2,0
7298,Islamabad,Tuesday,23,Clear,Medium,Motorcycle,Main Road,60,73.7,10,82.0,36.3,0
7299,Quetta,Wednesday,8,Dust,Low,Car,Highway,100,96.3,6,83.3,47.0,0
7300,Islamabad,Wednesday,3,Dust,Low,Rickshaw,School Zone,40,41.6,40,67.9,73.9,1
7301,Quetta,Wednesday,16,Clear,High,Motorcycle,Market,50,22.4,24,100.0,60.5,0
7302,Islamabad,Monday,16,Cloudy,Medium,Rickshaw,School Zone,40,10.2,36,90.4,50.2,0
7303,Rawalpindi,Tuesday,20,Cloudy,Severe,Car,School Zone,40,21.7,26,84.7,32.4,0
7304,Rawalpindi,Friday,17,Clear,High,Rickshaw,Highway,100,97.9,7,96.8,71.5,0
7305,Karachi,Saturday,15,Dust,Severe,Bus,Residential,50,35.4,9,72.0,64.5,1
7306,Rawalpindi,Tuesday,7,Rain,Medium,Motorcycle,Main Road,60,39.3,8,66.7,41.4,0
7307,Quetta,Tuesday,10,Cloudy,Low,Van,Residential,50,54.0,11,94.0,22.7,0
7308,Islamabad,Sunday,20,Cloudy,Medium,Bus,Main Road,60,50.3,5,90.3,32.2,0
7309,Quetta,Tuesday,20,Clear,Medium,Motorcycle,Main Road,60,54.1,4,91.1,43.5,0
7310,Karachi,Monday,17,Clear,High,Car,Residential,50,21.1,4,100.0,26.1,0
7311,Karachi,Saturday,22,Clear,High,Car,Residential,50,31.7,6,97.7,35.5,0
7312,Multan,Monday,23,Clear,Medium,Rickshaw,Market,50,55.2,20,96.6,40.6,0
7313,Peshawar,Saturday,9,Fog,Low,Motorcycle,Main Road,60,57.7,9,46.7,57.5,1
7314,Rawalpindi,Saturday,12,Clear,Low,Car,Highway,100,89.2,11,76.5,9.2,0
7315,Lahore,Sunday,16,Dust,Low,Motorcycle,Main Road,60,66.7,12,54.3,67.4,1
7316,Lahore,Monday,17,Rain,High,Motorcycle,School Zone,40,10.0,32,83.3,80.3,0
7317,Peshawar,Saturday,9,Rain,Low,Motorcycle,Market,50,40.9,18,82.5,32.2,0
7318,Islamabad,Tuesday,15,Clear,Severe,Motorcycle,Main Road,60,21.7,6,67.1,70.9,1
7319,Peshawar,Monday,19,Clear,High,Car,Highway,100,65.2,9,79.6,35.3,0
7320,Islamabad,Saturday,4,Clear,High,Car,Main Road,60,50.8,4,96.3,39.4,0
7321,Rawalpindi,Wednesday,12,Fog,Medium,Rickshaw,Main Road,60,26.4,6,41.3,40.7,0
7322,Rawalpindi,Monday,17,Dust,Severe,Car,Main Road,60,43.8,7,67.7,32.6,0
7323,Karachi,Sunday,16,Clear,High,Motorcycle,Market,50,21.7,25,84.3,22.0,0
7324,Karachi,Thursday,8,Clear,Medium,Car,Highway,100,97.5,10,74.7,29.8,0
7325,Karachi,Monday,13,Cloudy,Low,Motorcycle,School Zone,40,65.8,37,73.7,39.3,0
7326,Karachi,Monday,16,Clear,High,Van,Highway,100,57.5,5,93.6,27.7,0
7327,Lahore,Monday,3,Dust,Medium,Motorcycle,Market,50,43.3,17,65.9,33.5,0
7328,Multan,Saturday,17,Rain,Low,Motorcycle,Residential,50,33.0,16,77.2,37.6,0
7329,Karachi,Monday,19,Rain,Medium,Car,Residential,50,37.0,10,86.5,22.8,0
7330,Karachi,Thursday,23,Cloudy,Low,Van,Main Road,60,49.6,5,99.3,19.5,0
7331,Karachi,Friday,23,Cloudy,Medium,Motorcycle,Highway,100,100.8,6,95.4,51.3,0
7332,Islamabad,Monday,14,Clear,High,Car,School Zone,40,27.6,38,72.1,52.2,1
7333,Quetta,Wednesday,10,Dust,Medium,Van,School Zone,40,24.7,31,56.8,49.4,0
7334,Karachi,Thursday,11,Dust,High,Car,School Zone,40,23.3,18,71.7,21.9,0
7335,Peshawar,Friday,8,Clear,Medium,Car,Residential,50,53.4,10,100.0,42.3,0
7336,Karachi,Saturday,12,Clear,Low,Van,Main Road,60,54.8,6,87.0,45.7,0
7337,Karachi,Monday,14,Clear,Low,Car,Highway,100,95.8,9,100.0,21.0,0
7338,Lahore,Friday,14,Dust,High,Motorcycle,Highway,100,83.9,4,62.7,51.7,0
7339,Quetta,Wednesday,4,Clear,Low,Motorcycle,Residential,50,57.7,9,81.2,35.5,0
7340,Karachi,Thursday,22,Cloudy,High,Bus,Highway,100,83.2,7,90.2,37.9,0
7341,Quetta,Thursday,18,Clear,Low,Motorcycle,Main Road,60,50.1,13,87.6,45.8,0
7342,Islamabad,Saturday,19,Rain,High,Car,Market,50,28.2,21,73.4,46.0,0
7343,Rawalpindi,Saturday,13,Cloudy,High,Car,School Zone,40,41.5,32,99.9,73.0,0
7344,Quetta,Saturday,16,Clear,Low,Bus,School Zone,40,42.2,36,79.3,44.3,0
7345,Quetta,Friday,17,Clear,High,Motorcycle,Highway,100,82.5,9,87.5,45.5,0
7346,Karachi,Monday,20,Clear,Medium,Rickshaw,Main Road,60,49.7,6,84.7,17.3,1
7347,Multan,Tuesday,2,Rain,High,Van,Main Road,60,32.0,4,73.5,43.7,0
7348,Karachi,Thursday,1,Rain,High,Motorcycle,Residential,50,16.3,8,70.8,63.7,1
7349,Karachi,Tuesday,0,Clear,Low,Car,Market,50,51.4,19,79.8,31.5,0
7350,Lahore,Sunday,9,Clear,High,Rickshaw,Main Road,60,43.9,3,85.8,37.6,0
7351,Multan,Thursday,18,Clear,Low,Motorcycle,Residential,50,46.9,7,94.3,52.3,0
7352,Rawalpindi,Saturday,16,Dust,Medium,Car,Residential,50,62.5,8,80.2,64.1,0
7353,Lahore,Monday,11,Clear,Low,Bus,Residential,50,55.1,8,100.0,53.8,0
7354,Lahore,Monday,0,Dust,Medium,Rickshaw,School Zone,40,36.9,37,68.1,55.3,0
7355,Lahore,Thursday,11,Cloudy,Low,Motorcycle,Main Road,60,62.5,15,85.9,49.1,0
7356,Multan,Friday,16,Cloudy,Medium,Car,School Zone,40,45.9,25,93.4,60.3,0
7357,Islamabad,Sunday,23,Clear,Medium,Motorcycle,Main Road,60,50.7,9,85.9,24.2,0
7358,Rawalpindi,Saturday,2,Clear,High,Motorcycle,Highway,100,85.3,8,96.4,32.9,0
7359,Islamabad,Monday,10,Cloudy,High,Motorcycle,Highway,100,99.4,8,81.4,41.7,0
7360,Islamabad,Sunday,16,Clear,High,Motorcycle,Market,50,38.7,19,97.9,50.8,0
7361,Rawalpindi,Sunday,22,Clear,Low,Motorcycle,Residential,50,49.3,3,91.1,59.6,0
7362,Islamabad,Monday,2,Dust,Low,Car,Highway,100,86.8,10,62.7,22.7,0
7363,Multan,Wednesday,7,Clear,Severe,Bus,Residential,50,10.0,13,93.2,57.2,0
7364,Rawalpindi,Sunday,19,Clear,Medium,Car,Main Road,60,53.5,5,96.0,32.6,0
7365,Quetta,Monday,3,Rain,Medium,Motorcycle,Main Road,60,30.3,2,85.4,37.0,0
7366,Quetta,Wednesday,20,Dust,Low,Rickshaw,Main Road,60,48.1,3,57.3,38.3,1
7367,Karachi,Monday,21,Clear,Low,Car,Market,50,43.4,25,83.9,14.5,0
7368,Lahore,Monday,6,Rain,Severe,Van,Market,50,24.2,22,74.9,61.8,0
7369,Quetta,Sunday,13,Cloudy,High,Car,Residential,50,24.5,6,85.5,42.4,0
7370,Quetta,Friday,13,Fog,Medium,Car,Main Road,60,48.0,5,45.6,52.1,0
7371,Islamabad,Friday,3,Clear,Severe,Motorcycle,Market,50,11.9,26,100.0,47.6,0
7372,Rawalpindi,Saturday,15,Fog,Medium,Motorcycle,Main Road,60,42.3,5,49.6,55.0,0
7373,Peshawar,Monday,23,Clear,High,Motorcycle,School Zone,40,23.7,36,91.0,57.3,0
7374,Islamabad,Saturday,21,Clear,Medium,Car,School Zone,40,24.7,27,89.5,30.1,0
7375,Islamabad,Saturday,0,Clear,Medium,Motorcycle,Highway,100,72.7,4,89.8,22.5,0
7376,Multan,Saturday,16,Clear,Low,Rickshaw,Residential,50,44.4,14,98.1,7.1,0
7377,Rawalpindi,Saturday,9,Cloudy,High,Rickshaw,Highway,100,59.6,8,90.6,24.9,0
7378,Peshawar,Thursday,21,Cloudy,Low,Bus,Main Road,60,70.2,10,86.9,51.4,1
7379,Peshawar,Sunday,15,Clear,High,Motorcycle,Main Road,60,47.9,9,84.4,53.5,0
7380,Karachi,Sunday,15,Clear,Low,Motorcycle,Residential,50,52.7,8,95.9,40.6,1
7381,Islamabad,Thursday,7,Clear,Low,Car,Market,50,56.2,23,97.2,34.2,0
7382,Multan,Monday,6,Clear,Severe,Rickshaw,Highway,100,61.9,9,87.1,34.1,0
7383,Lahore,Thursday,5,Clear,Medium,Motorcycle,Main Road,60,58.7,6,99.2,29.5,0
7384,Quetta,Monday,15,Clear,Low,Motorcycle,Market,50,56.8,20,90.3,33.8,0
7385,Islamabad,Friday,19,Clear,Severe,Motorcycle,Main Road,60,48.8,8,80.5,53.2,0
7386,Lahore,Sunday,15,Clear,Medium,Motorcycle,Residential,50,42.1,8,91.4,30.5,0
7387,Lahore,Tuesday,6,Dust,Low,Car,Market,50,36.5,28,67.9,28.6,0
7388,Rawalpindi,Wednesday,8,Clear,Medium,Motorcycle,School Zone,40,25.1,48,97.5,31.1,0
7389,Islamabad,Sunday,13,Clear,Medium,Motorcycle,Highway,100,67.5,5,91.2,30.2,0
7390,Rawalpindi,Thursday,10,Clear,Medium,Car,School Zone,40,18.8,43,74.0,31.0,0
7391,Karachi,Thursday,13,Clear,Severe,Car,Residential,50,10.0,9,87.3,43.7,1
7392,Lahore,Friday,6,Cloudy,Medium,Rickshaw,Residential,50,18.9,5,89.1,24.8,0
7393,Peshawar,Thursday,0,Fog,Low,Motorcycle,Highway,100,80.3,8,47.8,67.9,1
7394,Lahore,Monday,12,Rain,Low,Car,Residential,50,56.1,3,83.3,39.2,0
7395,Karachi,Monday,19,Cloudy,Low,Van,Highway,100,92.6,11,91.6,54.4,0
7396,Lahore,Tuesday,2,Clear,Medium,Rickshaw,School Zone,40,25.7,34,91.4,34.7,0
7397,Rawalpindi,Tuesday,19,Clear,High,Car,Highway,100,84.2,5,79.3,50.5,1
7398,Islamabad,Sunday,3,Cloudy,Medium,Rickshaw,Main Road,60,60.9,6,82.3,39.6,0
7399,Peshawar,Tuesday,10,Dust,Medium,Car,Main Road,60,44.0,8,64.4,25.0,0
7400,Rawalpindi,Monday,1,Dust,High,Van,Main Road,60,44.5,7,67.5,41.7,0
7401,Quetta,Saturday,13,Clear,Medium,Car,Highway,100,96.3,14,100.0,42.8,0
7402,Islamabad,Saturday,11,Clear,Medium,Bus,School Zone,40,10.0,36,100.0,49.9,0
7403,Peshawar,Tuesday,16,Clear,Low,Bus,Market,50,33.9,19,92.1,5.5,0
7404,Karachi,Tuesday,11,Clear,Medium,Bus,Main Road,60,69.3,8,90.0,47.4,0
7405,Lahore,Monday,11,Dust,Low,Car,Residential,50,18.9,7,69.8,38.9,0
7406,Peshawar,Friday,0,Clear,Low,Motorcycle,Highway,100,96.5,11,86.2,45.2,0
7407,Multan,Sunday,12,Clear,Medium,Car,Residential,50,32.6,5,74.5,22.3,0
7408,Quetta,Thursday,13,Rain,Medium,Rickshaw,Main Road,60,31.5,6,77.1,39.6,0
7409,Karachi,Sunday,23,Clear,Low,Motorcycle,Highway,100,84.6,9,92.1,32.5,0
7410,Islamabad,Wednesday,1,Clear,Medium,Rickshaw,Market,50,30.8,22,83.6,18.6,0
7411,Multan,Saturday,11,Clear,High,Van,Residential,50,40.0,4,95.8,42.7,0
7412,Peshawar,Saturday,20,Clear,High,Motorcycle,Highway,100,74.3,6,83.6,34.1,0
7413,Karachi,Monday,15,Clear,Medium,Car,Highway,100,78.8,8,82.8,21.0,0
7414,Islamabad,Sunday,3,Cloudy,Medium,Motorcycle,Market,50,27.0,21,81.0,24.1,0
7415,Multan,Monday,7,Rain,High,Motorcycle,School Zone,40,26.2,35,78.5,63.1,1
7416,Multan,Wednesday,1,Cloudy,Medium,Car,Residential,50,32.2,9,90.7,16.7,0
7417,Rawalpindi,Sunday,9,Cloudy,High,Motorcycle,Highway,100,70.8,4,95.0,26.0,0
7418,Lahore,Wednesday,8,Dust,Low,Car,Highway,100,109.1,5,62.6,32.3,1
7419,Karachi,Tuesday,22,Clear,Low,Rickshaw,Market,50,41.8,23,100.0,36.2,0
7420,Multan,Sunday,14,Dust,High,Car,Market,50,34.4,22,55.7,31.6,0
7421,Rawalpindi,Wednesday,12,Clear,High,Car,Highway,100,89.1,5,93.0,35.6,0
7422,Quetta,Thursday,22,Clear,Medium,Motorcycle,Residential,50,52.3,13,90.9,34.3,0
7423,Quetta,Thursday,16,Clear,Severe,Bus,Residential,50,25.0,12,88.0,36.2,0
7424,Islamabad,Saturday,15,Clear,Medium,Car,School Zone,40,22.4,38,94.8,20.6,0
7425,Multan,Thursday,1,Fog,Severe,Rickshaw,Main Road,60,48.5,5,44.0,78.5,0
7426,Multan,Sunday,19,Clear,Medium,Car,Highway,100,106.2,2,90.7,47.8,0
7427,Peshawar,Thursday,19,Clear,Medium,Car,Highway,100,97.8,7,92.2,48.1,0
7428,Multan,Thursday,13,Cloudy,High,Rickshaw,Main Road,60,27.7,13,86.5,35.7,0
7429,Lahore,Tuesday,2,Clear,Low,Car,Market,50,50.8,24,66.1,49.4,0
7430,Islamabad,Saturday,22,Dust,Low,Motorcycle,Main Road,60,44.7,7,64.6,30.8,1
7431,Karachi,Monday,11,Dust,Medium,Motorcycle,Main Road,60,57.0,13,63.0,67.0,0
7432,Multan,Saturday,7,Clear,Low,Car,School Zone,40,58.4,46,93.8,51.5,1
7433,Lahore,Saturday,1,Clear,Medium,Car,Residential,50,59.1,11,83.9,21.1,0
7434,Multan,Saturday,3,Clear,Medium,Car,Main Road,60,58.8,8,83.2,29.1,0
7435,Rawalpindi,Wednesday,13,Clear,Low,Motorcycle,Residential,50,69.5,6,79.2,49.3,1
7436,Lahore,Monday,15,Clear,High,Bus,Main Road,60,40.8,5,90.0,28.3,0
7437,Rawalpindi,Wednesday,18,Clear,Low,Car,Residential,50,27.1,5,100.0,11.5,0
7438,Islamabad,Tuesday,1,Rain,Low,Car,Main Road,60,68.0,9,81.0,39.0,0
7439,Multan,Tuesday,11,Clear,High,Motorcycle,Main Road,60,32.4,10,95.1,37.4,1
7440,Peshawar,Friday,13,Clear,Medium,Car,Residential,50,24.5,4,87.1,24.8,0
7441,Quetta,Friday,5,Clear,Medium,Car,Residential,50,46.8,6,88.9,27.2,0
7442,Lahore,Tuesday,12,Rain,Low,Rickshaw,Main Road,60,55.3,6,85.1,34.5,0
7443,Peshawar,Tuesday,3,Clear,High,Car,Market,50,47.2,31,87.1,59.5,0
7444,Peshawar,Wednesday,21,Clear,Low,Motorcycle,Main Road,60,76.2,8,89.2,42.8,0
7445,Quetta,Tuesday,17,Clear,Severe,Motorcycle,Highway,100,69.7,6,80.5,44.5,1
7446,Lahore,Sunday,11,Clear,High,Bus,Main Road,60,14.5,10,88.2,43.5,0
7447,Multan,Monday,19,Clear,Low,Car,School Zone,40,46.8,39,87.8,34.1,0
7448,Lahore,Wednesday,21,Fog,High,Motorcycle,Highway,100,62.4,11,52.2,44.8,0
7449,Peshawar,Tuesday,20,Rain,Medium,Van,School Zone,40,35.1,32,64.5,45.4,0
7450,Karachi,Wednesday,18,Cloudy,Medium,Car,Residential,50,49.7,8,92.2,44.9,0
7451,Karachi,Wednesday,7,Dust,Low,Rickshaw,Main Road,60,72.5,8,48.0,54.5,0
7452,Lahore,Thursday,6,Cloudy,Low,Car,Main Road,60,68.8,11,82.4,66.6,1
7453,Peshawar,Friday,15,Rain,High,Rickshaw,School Zone,40,12.6,49,85.6,80.6,1
7454,Peshawar,Wednesday,18,Clear,High,Motorcycle,Market,50,52.4,22,86.2,57.1,1
7455,Islamabad,Saturday,5,Cloudy,Medium,Motorcycle,Main Road,60,53.6,10,97.8,23.0,0
7456,Peshawar,Sunday,19,Clear,Low,Car,Residential,50,75.4,5,91.7,56.9,1
7457,Quetta,Sunday,20,Clear,Severe,Motorcycle,Main Road,60,37.8,4,99.2,62.6,1
7458,Karachi,Wednesday,10,Clear,Medium,Rickshaw,Residential,50,56.9,5,92.1,37.1,0
7459,Islamabad,Saturday,4,Cloudy,Medium,Bus,Highway,100,75.1,7,91.7,17.8,0
7460,Multan,Sunday,15,Clear,Medium,Motorcycle,Main Road,60,49.8,4,90.7,30.2,0
7461,Quetta,Thursday,6,Cloudy,Severe,Car,Residential,50,24.4,9,94.8,32.8,0
7462,Multan,Tuesday,4,Rain,Medium,Rickshaw,Residential,50,50.6,11,68.4,38.3,1
7463,Karachi,Wednesday,10,Clear,Low,Motorcycle,Market,50,50.5,16,79.8,34.2,0
7464,Quetta,Thursday,14,Clear,Medium,Motorcycle,Main Road,60,55.4,11,90.2,37.8,0
7465,Rawalpindi,Monday,2,Clear,High,Rickshaw,Main Road,60,39.2,8,91.8,35.5,0
7466,Lahore,Thursday,4,Clear,Medium,Van,Residential,50,44.7,9,77.5,23.6,0
7467,Rawalpindi,Friday,22,Cloudy,High,Bus,Highway,100,91.4,7,89.8,40.2,0
7468,Lahore,Friday,20,Rain,Medium,Rickshaw,Main Road,60,44.3,11,77.2,22.8,0
7469,Karachi,Tuesday,4,Clear,High,Van,School Zone,40,39.7,24,82.7,62.1,1
7470,Karachi,Saturday,8,Dust,High,Car,Residential,50,65.3,2,65.0,61.2,0
7471,Rawalpindi,Tuesday,14,Dust,High,Van,Main Road,60,53.3,6,63.5,36.8,0
7472,Quetta,Sunday,2,Clear,High,Motorcycle,Residential,50,49.2,7,93.2,53.4,1
7473,Multan,Saturday,5,Cloudy,Low,Rickshaw,Market,50,36.1,20,90.1,28.3,0
7474,Lahore,Saturday,16,Clear,Severe,Van,Highway,100,56.8,12,74.3,20.3,0
7475,Lahore,Saturday,20,Rain,Medium,Car,Residential,50,25.5,8,78.1,51.4,0
7476,Islamabad,Saturday,7,Clear,Medium,Car,Highway,100,93.5,12,90.3,34.1,0
7477,Peshawar,Friday,20,Cloudy,Low,Van,Highway,100,112.2,7,92.4,38.6,0
7478,Quetta,Sunday,10,Clear,High,Motorcycle,Main Road,60,42.5,5,90.8,45.7,1
7479,Quetta,Friday,5,Fog,Medium,Car,Highway,100,91.7,11,36.5,65.0,1
7480,Islamabad,Wednesday,7,Clear,Low,Rickshaw,Residential,50,59.5,10,86.3,28.4,0
7481,Karachi,Sunday,9,Clear,Severe,Motorcycle,School Zone,40,21.7,38,87.5,71.2,0
7482,Rawalpindi,Friday,23,Clear,Low,Car,Highway,100,90.1,7,100.0,31.2,0
7483,Quetta,Tuesday,2,Rain,Medium,Motorcycle,Residential,50,37.8,3,77.9,43.1,1
7484,Lahore,Friday,22,Cloudy,High,Car,Market,50,63.3,19,88.1,52.4,0
7485,Islamabad,Sunday,13,Fog,Severe,Car,Main Road,60,30.4,12,41.4,59.7,0
7486,Rawalpindi,Sunday,22,Dust,Low,Motorcycle,Main Road,60,61.7,7,70.3,71.5,1
7487,Multan,Tuesday,13,Cloudy,High,Motorcycle,Main Road,60,40.6,7,82.5,35.5,0
7488,Rawalpindi,Monday,9,Clear,Medium,Car,Highway,100,110.5,9,89.7,41.7,0
7489,Quetta,Sunday,11,Clear,Medium,Rickshaw,Main Road,60,44.5,7,100.0,21.4,0
7490,Peshawar,Friday,5,Fog,Severe,Motorcycle,Residential,50,10.0,6,45.4,74.7,1
7491,Lahore,Tuesday,11,Fog,High,Motorcycle,Highway,100,65.1,3,42.7,56.2,0
7492,Rawalpindi,Saturday,22,Clear,High,Motorcycle,Market,50,31.5,24,87.5,33.1,0
7493,Multan,Sunday,13,Cloudy,Severe,Car,Residential,50,15.7,8,100.0,31.6,0
7494,Lahore,Thursday,1,Rain,High,Car,Market,50,19.5,26,68.7,46.7,0
7495,Quetta,Saturday,8,Cloudy,Medium,Rickshaw,Residential,50,53.7,8,87.9,35.6,0
7496,Islamabad,Wednesday,9,Dust,Medium,Motorcycle,Highway,100,80.4,4,55.9,41.7,0
7497,Multan,Sunday,16,Clear,High,Rickshaw,Market,50,18.9,28,78.1,39.1,0
7498,Rawalpindi,Tuesday,16,Dust,High,Rickshaw,Market,50,53.1,18,70.1,68.8,1
7499,Multan,Saturday,2,Clear,Medium,Motorcycle,School Zone,40,49.9,43,94.2,54.2,1
7500,Quetta,Friday,18,Clear,Medium,Motorcycle,Highway,100,89.3,13,89.0,33.0,0
7501,Rawalpindi,Friday,0,Clear,High,Motorcycle,Main Road,60,38.4,10,89.5,40.6,0
7502,Multan,Sunday,11,Cloudy,Severe,Car,Highway,100,61.2,11,98.7,41.5,0
7503,Islamabad,Monday,6,Cloudy,High,Car,School Zone,40,10.9,29,83.4,34.5,0
7504,Multan,Thursday,3,Rain,Low,Motorcycle,Main Road,60,45.7,7,85.5,61.7,0
7505,Lahore,Sunday,9,Cloudy,Medium,Bus,Highway,100,92.7,5,100.0,36.5,1
7506,Lahore,Tuesday,12,Cloudy,High,Car,Main Road,60,53.4,8,97.1,35.5,0
7507,Rawalpindi,Saturday,1,Clear,Low,Bus,Residential,50,39.3,4,87.7,20.4,0
7508,Quetta,Thursday,9,Fog,Severe,Motorcycle,Market,50,10.0,16,32.2,69.8,1
7509,Islamabad,Monday,20,Clear,Low,Rickshaw,Main Road,60,49.0,2,77.6,18.9,0
7510,Karachi,Sunday,21,Cloudy,High,Car,Main Road,60,57.5,7,85.8,62.2,1
7511,Lahore,Wednesday,3,Clear,Severe,Car,Residential,50,10.0,9,87.9,34.8,0
7512,Multan,Thursday,17,Clear,High,Car,Highway,100,69.1,10,87.4,37.1,0
7513,Karachi,Monday,4,Clear,High,Rickshaw,Market,50,43.4,21,86.8,34.8,0
7514,Multan,Sunday,18,Fog,Severe,Car,Market,50,10.0,20,51.4,61.5,1
7515,Rawalpindi,Sunday,1,Clear,High,Motorcycle,Market,50,26.7,18,89.8,38.9,0
7516,Karachi,Tuesday,11,Clear,Severe,Car,Market,50,10.7,22,98.4,40.8,0
7517,Quetta,Sunday,16,Rain,High,Car,Main Road,60,36.1,5,85.1,47.4,0
7518,Multan,Wednesday,9,Clear,High,Motorcycle,Residential,50,35.3,6,96.9,45.2,0
7519,Quetta,Sunday,1,Rain,High,Car,Residential,50,24.4,8,74.6,49.3,0
7520,Multan,Friday,5,Dust,Low,Motorcycle,Main Road,60,71.3,6,66.1,64.8,0
7521,Karachi,Monday,7,Rain,High,Bus,School Zone,40,13.8,41,88.0,63.1,0
7522,Quetta,Friday,18,Clear,Severe,Bus,Market,50,15.6,21,89.9,57.9,1
7523,Lahore,Sunday,10,Clear,High,Car,Highway,100,74.3,15,100.0,32.9,0
7524,Rawalpindi,Wednesday,11,Clear,Low,Rickshaw,Highway,100,103.3,10,100.0,34.5,0
7525,Karachi,Monday,8,Clear,Low,Motorcycle,Main Road,60,52.1,6,94.3,31.8,0
7526,Multan,Monday,1,Clear,Low,Car,Main Road,60,57.9,11,84.5,59.1,1
7527,Lahore,Sunday,7,Dust,Medium,Motorcycle,School Zone,40,31.8,51,63.4,61.5,1
7528,Multan,Wednesday,10,Cloudy,Medium,Van,Residential,50,18.5,10,87.6,35.8,0
7529,Karachi,Tuesday,20,Clear,Severe,Motorcycle,Highway,100,68.7,7,91.7,33.8,0
7530,Multan,Monday,3,Clear,Severe,Motorcycle,Market,50,23.6,24,80.9,64.8,1
7531,Lahore,Wednesday,9,Cloudy,Medium,Car,Highway,100,90.3,13,81.2,47.2,0
7532,Quetta,Thursday,20,Clear,High,Car,Highway,100,81.8,6,93.5,15.4,0
7533,Quetta,Friday,19,Dust,High,Car,Main Road,60,44.5,7,62.0,45.6,0
7534,Rawalpindi,Monday,15,Clear,Low,Rickshaw,School Zone,40,31.4,28,88.1,5.0,0
7535,Multan,Thursday,7,Dust,Severe,Motorcycle,Residential,50,20.8,6,53.7,36.9,0
7536,Quetta,Monday,3,Cloudy,Medium,Car,Market,50,29.3,25,77.3,24.6,0
7537,Islamabad,Tuesday,9,Fog,High,Motorcycle,Market,50,21.6,20,53.6,59.5,1
7538,Lahore,Sunday,11,Clear,High,Rickshaw,School Zone,40,10.0,38,91.6,53.8,0
7539,Lahore,Wednesday,13,Clear,High,Rickshaw,Main Road,60,42.1,7,85.5,49.6,0
7540,Karachi,Monday,15,Cloudy,High,Car,Main Road,60,41.5,7,85.8,37.6,0
7541,Rawalpindi,Wednesday,21,Dust,Medium,Motorcycle,Residential,50,48.2,18,68.3,62.4,0
7542,Peshawar,Saturday,17,Rain,High,Rickshaw,School Zone,40,10.0,37,88.6,67.5,1
7543,Quetta,Monday,20,Cloudy,Medium,Van,Residential,50,17.7,8,86.6,11.4,0
7544,Peshawar,Tuesday,21,Clear,Severe,Motorcycle,Main Road,60,31.3,9,86.9,59.9,1
7545,Islamabad,Tuesday,20,Clear,High,Car,Market,50,22.1,17,80.8,30.5,0
7546,Rawalpindi,Sunday,11,Clear,Medium,Van,Highway,100,94.2,6,96.6,29.4,0
7547,Lahore,Sunday,17,Cloudy,High,Car,Residential,50,61.6,9,84.8,64.7,1
7548,Peshawar,Thursday,6,Clear,Medium,Rickshaw,Residential,50,22.4,9,97.1,27.1,0
7549,Islamabad,Tuesday,19,Clear,High,Motorcycle,Residential,50,25.8,11,93.5,44.2,0
7550,Rawalpindi,Wednesday,23,Cloudy,High,Motorcycle,Residential,50,10.0,5,100.0,66.8,1
7551,Islamabad,Saturday,22,Fog,High,Car,Highway,100,68.5,9,35.5,66.4,1
7552,Quetta,Tuesday,6,Cloudy,High,Car,Residential,50,34.1,11,88.4,30.6,0
7553,Peshawar,Monday,8,Cloudy,Medium,Rickshaw,Main Road,60,52.2,6,85.4,25.6,0
7554,Karachi,Tuesday,0,Fog,Low,Car,Main Road,60,39.5,5,41.5,35.4,0
7555,Karachi,Saturday,5,Clear,High,Motorcycle,Main Road,60,44.1,13,87.7,45.7,0
7556,Rawalpindi,Wednesday,5,Clear,High,Rickshaw,Residential,50,37.3,11,96.7,26.1,0
7557,Islamabad,Monday,21,Rain,Low,Rickshaw,Market,50,50.9,18,84.7,48.5,1
7558,Lahore,Thursday,11,Clear,High,Bus,Market,50,31.6,20,88.7,27.5,0
7559,Peshawar,Thursday,21,Clear,High,Motorcycle,Main Road,60,30.9,9,84.2,38.4,0
7560,Karachi,Thursday,11,Clear,Low,Motorcycle,Market,50,46.0,16,98.7,52.5,0
7561,Karachi,Sunday,9,Cloudy,Medium,Car,Residential,50,39.9,7,94.5,30.7,0
7562,Islamabad,Monday,22,Clear,Low,Car,Main Road,60,61.2,11,92.3,21.1,0
7563,Karachi,Thursday,5,Clear,Medium,Motorcycle,Residential,50,54.2,8,87.3,41.6,0
7564,Multan,Sunday,16,Clear,High,Motorcycle,Highway,100,76.7,3,88.4,48.7,0
7565,Islamabad,Tuesday,18,Clear,Low,Car,Highway,100,107.3,14,94.2,41.6,0
7566,Peshawar,Monday,17,Fog,Medium,Car,Main Road,60,37.5,6,58.8,40.6,0
7567,Islamabad,Monday,5,Fog,High,Motorcycle,Residential,50,10.0,7,24.2,53.0,1
7568,Karachi,Monday,23,Dust,Severe,Car,Residential,50,24.6,8,66.2,48.3,0
7569,Islamabad,Friday,18,Fog,High,Motorcycle,Main Road,60,41.5,5,43.1,50.4,0
7570,Karachi,Sunday,9,Clear,Low,Motorcycle,Market,50,42.5,28,89.9,30.6,0
7571,Quetta,Wednesday,23,Dust,Severe,Motorcycle,Residential,50,15.1,8,59.2,64.0,1
7572,Rawalpindi,Friday,7,Clear,Medium,Bus,Residential,50,52.7,7,83.8,50.8,0
7573,Karachi,Friday,20,Rain,Medium,Car,Market,50,44.6,29,79.3,39.5,0
7574,Multan,Friday,23,Clear,Low,Rickshaw,Residential,50,45.1,6,83.4,45.4,0
7575,Multan,Wednesday,5,Rain,Severe,Motorcycle,Highway,100,50.8,6,79.1,73.3,1
7576,Multan,Friday,20,Clear,Medium,Motorcycle,Market,50,33.9,19,93.0,19.3,0
7577,Multan,Thursday,6,Clear,Severe,Rickshaw,Main Road,60,38.1,7,89.4,48.1,0
7578,Karachi,Monday,23,Dust,Low,Car,Highway,100,82.9,8,73.6,18.4,0
7579,Karachi,Monday,0,Rain,Medium,Motorcycle,Main Road,60,49.1,7,82.9,21.3,0
7580,Rawalpindi,Sunday,17,Cloudy,Low,Car,Market,50,35.6,22,89.5,7.9,0
7581,Quetta,Tuesday,23,Cloudy,Medium,Car,Highway,100,77.0,10,93.4,37.7,0
7582,Lahore,Saturday,19,Clear,Severe,Car,Market,50,13.6,21,81.0,30.7,0
7583,Karachi,Thursday,11,Cloudy,Low,Motorcycle,Residential,50,58.9,5,88.4,79.8,1
7584,Lahore,Wednesday,15,Clear,Medium,Motorcycle,Highway,100,77.2,6,89.7,24.0,0
7585,Peshawar,Saturday,9,Dust,High,Car,Residential,50,10.0,6,52.7,44.5,0
7586,Quetta,Monday,9,Cloudy,Low,Car,Market,50,35.5,32,100.0,15.7,0
7587,Islamabad,Friday,13,Fog,Medium,Motorcycle,Highway,100,92.5,11,43.4,72.0,1
7588,Lahore,Sunday,19,Clear,Medium,Motorcycle,Main Road,60,66.4,5,98.9,39.6,0
7589,Multan,Sunday,9,Clear,High,Bus,Market,50,26.6,17,95.6,35.3,0
7590,Quetta,Tuesday,9,Clear,Low,Rickshaw,School Zone,40,54.1,33,100.0,56.7,0
7591,Peshawar,Tuesday,10,Clear,High,Motorcycle,Main Road,60,39.4,9,80.9,33.4,0
7592,Quetta,Monday,22,Clear,High,Van,Main Road,60,42.2,10,94.6,49.6,1
7593,Islamabad,Thursday,1,Dust,Medium,Car,Residential,50,51.5,9,68.4,43.1,0
7594,Karachi,Sunday,19,Clear,Low,Car,School Zone,40,29.2,36,88.7,25.8,0
7595,Karachi,Saturday,7,Cloudy,Severe,Car,Main Road,60,43.1,7,88.0,38.7,0
7596,Multan,Tuesday,22,Clear,Medium,Motorcycle,Residential,50,33.0,15,94.2,29.9,0
7597,Karachi,Monday,6,Clear,Medium,Car,Highway,100,93.5,6,89.9,47.0,0
7598,Rawalpindi,Thursday,7,Cloudy,Low,Car,Main Road,60,59.4,10,80.6,34.5,0
7599,Rawalpindi,Monday,0,Dust,Low,Rickshaw,School Zone,40,41.2,44,75.9,54.7,0
7600,Rawalpindi,Monday,20,Clear,Medium,Bus,Highway,100,92.9,6,87.9,35.4,0
7601,Multan,Thursday,1,Clear,Medium,Car,School Zone,40,13.1,40,65.8,20.1,0
7602,Rawalpindi,Thursday,17,Clear,High,Motorcycle,Main Road,60,67.2,4,91.2,57.2,0
7603,Peshawar,Thursday,14,Dust,High,Motorcycle,Main Road,60,25.1,10,66.6,47.0,0
7604,Multan,Monday,0,Rain,Medium,Bus,Residential,50,58.4,5,72.8,51.5,0
7605,Quetta,Tuesday,4,Fog,Low,Car,Main Road,60,34.6,5,32.5,26.8,0
7606,Peshawar,Wednesday,1,Clear,High,Van,Main Road,60,43.3,7,100.0,46.0,0
7607,Karachi,Wednesday,19,Dust,Medium,Motorcycle,School Zone,40,25.5,33,51.5,68.1,1
7608,Islamabad,Monday,2,Dust,Severe,Motorcycle,Main Road,60,33.9,7,55.1,45.7,0
7609,Rawalpindi,Monday,18,Dust,High,Motorcycle,Highway,100,82.9,7,52.3,50.0,0
7610,Quetta,Tuesday,17,Clear,Medium,Car,Market,50,40.9,22,85.5,8.2,0
7611,Islamabad,Thursday,21,Rain,Medium,Motorcycle,Main Road,60,41.4,7,98.3,25.7,0
7612,Multan,Monday,17,Cloudy,Low,Car,Main Road,60,68.8,8,76.3,31.8,0
7613,Multan,Sunday,13,Cloudy,Medium,Motorcycle,Residential,50,57.2,12,97.8,58.0,0
7614,Peshawar,Friday,23,Clear,High,Van,Market,50,63.7,24,91.2,54.7,1
7615,Rawalpindi,Thursday,7,Rain,High,Van,School Zone,40,14.4,33,68.3,66.7,0
7616,Multan,Sunday,11,Fog,Medium,Car,Residential,50,10.0,9,42.6,37.8,0
7617,Peshawar,Monday,20,Rain,High,Rickshaw,School Zone,40,34.1,29,74.9,35.9,0
7618,Peshawar,Friday,9,Cloudy,Low,Motorcycle,Main Road,60,39.7,8,94.8,23.4,0
7619,Lahore,Sunday,22,Cloudy,Low,Motorcycle,Market,50,47.1,24,100.0,53.8,0
7620,Quetta,Saturday,19,Cloudy,Medium,Motorcycle,Highway,100,92.3,9,94.4,35.7,0
7621,Peshawar,Tuesday,16,Clear,High,Motorcycle,Main Road,60,33.6,6,98.3,67.2,0
7622,Karachi,Friday,10,Clear,High,Rickshaw,Highway,100,85.3,10,80.4,37.5,0
7623,Multan,Monday,1,Rain,Medium,Motorcycle,Residential,50,42.0,7,73.4,31.7,0
7624,Peshawar,Wednesday,3,Clear,High,Rickshaw,School Zone,40,40.4,33,91.5,68.8,1
7625,Rawalpindi,Sunday,0,Rain,Low,Rickshaw,Main Road,60,52.0,10,66.5,37.5,0
7626,Multan,Monday,14,Rain,Medium,Motorcycle,Market,50,36.3,26,69.3,49.2,0
7627,Multan,Wednesday,12,Cloudy,High,Motorcycle,Highway,100,86.2,15,78.4,37.7,1
7628,Karachi,Tuesday,7,Dust,Low,Motorcycle,Market,50,38.8,25,62.9,24.5,0
7629,Peshawar,Tuesday,3,Clear,Low,Car,Residential,50,54.0,9,84.7,33.5,0
7630,Karachi,Thursday,9,Clear,Low,Motorcycle,Residential,50,40.1,8,86.1,33.8,0
7631,Peshawar,Sunday,18,Clear,Medium,Motorcycle,Residential,50,57.4,10,83.2,51.8,0
7632,Quetta,Thursday,17,Dust,High,Rickshaw,Residential,50,20.2,9,63.5,37.6,0
7633,Karachi,Wednesday,4,Fog,High,Rickshaw,Market,50,10.0,24,31.8,49.8,0
7634,Islamabad,Wednesday,18,Clear,High,Motorcycle,Highway,100,81.3,4,81.6,40.7,0
7635,Lahore,Tuesday,22,Clear,Low,Car,Main Road,60,59.5,11,93.6,67.5,1
7636,Karachi,Friday,21,Clear,Severe,Motorcycle,School Zone,40,10.0,31,85.5,70.0,1
7637,Rawalpindi,Wednesday,15,Cloudy,Medium,Rickshaw,Residential,50,35.1,5,85.6,12.6,0
7638,Lahore,Wednesday,0,Cloudy,High,Car,Residential,50,37.8,10,96.7,51.2,0
7639,Lahore,Sunday,11,Cloudy,Severe,Rickshaw,Residential,50,20.4,7,94.0,51.7,0
7640,Peshawar,Friday,23,Dust,Medium,Van,Main Road,60,24.6,9,66.8,21.0,0
7641,Karachi,Thursday,1,Rain,Low,Car,Main Road,60,58.4,12,79.3,48.7,0
7642,Quetta,Thursday,20,Clear,Medium,Van,Highway,100,85.2,10,100.0,23.0,0
7643,Multan,Wednesday,7,Clear,Medium,Motorcycle,Residential,50,36.0,8,90.1,48.6,0
7644,Lahore,Sunday,17,Dust,Low,Car,Main Road,60,58.9,2,62.5,33.2,0
7645,Rawalpindi,Thursday,15,Cloudy,Low,Car,Market,50,35.4,16,87.6,23.3,0
7646,Quetta,Thursday,4,Clear,Medium,Car,School Zone,40,11.7,37,100.0,32.3,0
7647,Quetta,Saturday,21,Clear,Low,Motorcycle,School Zone,40,21.6,29,90.8,29.3,0
7648,Rawalpindi,Sunday,12,Rain,High,Bus,Highway,100,63.8,7,84.2,35.5,0
7649,Multan,Thursday,18,Clear,Low,Car,Main Road,60,43.3,5,100.0,29.5,0
7650,Rawalpindi,Tuesday,2,Cloudy,Medium,Motorcycle,Main Road,60,64.4,10,80.8,51.1,0
7651,Peshawar,Monday,7,Cloudy,Low,Van,Highway,100,120.0,10,100.0,29.4,0
7652,Islamabad,Wednesday,11,Clear,High,Rickshaw,School Zone,40,53.7,35,100.0,69.7,0
7653,Multan,Wednesday,1,Cloudy,High,Car,Market,50,38.3,29,95.8,35.3,0
7654,Karachi,Tuesday,10,Clear,Low,Motorcycle,School Zone,40,20.3,36,93.4,33.7,0
7655,Lahore,Monday,11,Clear,High,Car,Highway,100,78.7,11,86.0,48.5,0
7656,Karachi,Monday,17,Clear,Low,Motorcycle,Main Road,60,69.9,11,87.9,48.9,1
7657,Quetta,Tuesday,12,Cloudy,High,Car,Main Road,60,12.9,10,90.4,4.8,0
7658,Lahore,Friday,4,Rain,Medium,Bus,Main Road,60,54.2,6,83.4,48.9,0
7659,Multan,Friday,21,Clear,Low,Car,Residential,50,60.5,10,94.0,44.2,0
7660,Peshawar,Monday,11,Rain,Medium,Van,Residential,50,41.5,10,78.7,13.5,0
7661,Karachi,Friday,1,Clear,Low,Bus,Residential,50,39.9,8,100.0,10.9,0
7662,Peshawar,Friday,4,Cloudy,High,Van,Main Road,60,57.0,8,92.3,35.5,1
7663,Peshawar,Friday,6,Cloudy,High,Van,Highway,100,75.9,7,87.1,38.2,1
7664,Multan,Monday,23,Cloudy,High,Motorcycle,Main Road,60,55.9,10,68.1,76.8,1
7665,Karachi,Friday,11,Clear,Severe,Bus,Residential,50,15.9,9,100.0,79.8,1
7666,Karachi,Wednesday,15,Clear,High,Car,Residential,50,24.3,6,88.9,25.6,0
7667,Multan,Saturday,22,Clear,Medium,Motorcycle,Main Road,60,58.5,7,97.2,41.8,0
7668,Multan,Monday,7,Clear,High,Motorcycle,Residential,50,35.1,7,99.0,29.6,1
7669,Lahore,Tuesday,8,Dust,Severe,Car,School Zone,40,36.9,29,66.6,89.1,1
7670,Quetta,Friday,14,Clear,High,Car,School Zone,40,18.2,36,95.3,61.4,1
7671,Quetta,Thursday,4,Clear,Severe,Rickshaw,Main Road,60,33.4,8,84.4,33.0,0
7672,Multan,Monday,12,Clear,Severe,Car,Main Road,60,44.8,5,91.8,52.4,1
7673,Rawalpindi,Sunday,4,Cloudy,Medium,Car,Market,50,23.5,32,93.2,41.4,1
7674,Peshawar,Tuesday,10,Rain,Low,Rickshaw,Main Road,60,50.3,6,78.2,11.2,0
7675,Quetta,Saturday,9,Clear,Medium,Car,School Zone,40,33.7,40,91.2,51.2,0
7676,Islamabad,Wednesday,19,Clear,Severe,Rickshaw,Residential,50,10.0,9,100.0,50.9,0
7677,Multan,Sunday,12,Rain,Low,Van,Residential,50,65.1,13,89.4,43.5,0
7678,Multan,Tuesday,8,Clear,High,Car,School Zone,40,32.4,40,83.5,50.7,0
7679,Lahore,Friday,20,Cloudy,High,Car,Main Road,60,46.7,9,94.0,42.2,0
7680,Multan,Thursday,13,Rain,Severe,Bus,Residential,50,37.4,10,90.7,47.8,0
7681,Lahore,Friday,17,Clear,High,Bus,Main Road,60,46.5,11,90.2,29.4,0
7682,Rawalpindi,Tuesday,14,Clear,Medium,Bus,Main Road,60,76.3,5,95.1,39.1,0
7683,Rawalpindi,Monday,9,Clear,Low,Car,Highway,100,114.4,9,90.1,30.8,0
7684,Multan,Sunday,23,Rain,Severe,Rickshaw,Highway,100,60.7,4,68.9,47.9,1
7685,Peshawar,Thursday,6,Rain,Severe,Motorcycle,Residential,50,16.9,8,73.5,62.1,0
7686,Lahore,Sunday,7,Clear,High,Rickshaw,Residential,50,29.8,11,94.8,30.2,0
7687,Lahore,Sunday,2,Clear,Severe,Motorcycle,Residential,50,35.9,9,87.2,42.8,1
7688,Islamabad,Thursday,14,Cloudy,Low,Rickshaw,Main Road,60,64.0,10,87.6,42.8,0
7689,Peshawar,Tuesday,15,Clear,High,Motorcycle,Market,50,36.8,24,97.1,53.1,0
7690,Peshawar,Saturday,3,Clear,Medium,Motorcycle,Highway,100,114.4,10,97.4,41.2,0
7691,Quetta,Saturday,20,Cloudy,High,Motorcycle,Main Road,60,33.7,4,92.5,68.2,1
7692,Rawalpindi,Friday,5,Rain,Low,Motorcycle,School Zone,40,15.7,33,81.9,66.5,1
7693,Quetta,Tuesday,0,Clear,Medium,Motorcycle,Main Road,60,38.2,7,83.4,30.6,0
7694,Peshawar,Thursday,3,Clear,High,Car,School Zone,40,43.1,29,79.3,38.1,0
7695,Multan,Tuesday,10,Dust,High,Car,Main Road,60,32.0,10,66.7,68.7,1
7696,Islamabad,Thursday,11,Clear,Severe,Car,School Zone,40,18.0,38,100.0,46.0,0
7697,Multan,Sunday,4,Cloudy,High,Motorcycle,Highway,100,60.2,10,91.5,49.5,1
7698,Multan,Friday,22,Cloudy,Medium,Rickshaw,Main Road,60,53.7,7,78.5,21.9,0
7699,Peshawar,Monday,20,Clear,Medium,Car,Main Road,60,38.6,7,90.9,23.4,0
7700,Quetta,Sunday,15,Cloudy,Severe,Motorcycle,Market,50,36.2,17,98.2,55.3,0
7701,Karachi,Monday,12,Clear,High,Car,Highway,100,81.7,12,94.7,11.6,0
7702,Multan,Tuesday,12,Cloudy,Severe,Bus,Market,50,10.0,27,80.4,54.3,0
7703,Multan,Thursday,16,Cloudy,Low,Bus,Residential,50,66.5,7,88.5,21.4,0
7704,Karachi,Monday,6,Dust,Medium,Car,Main Road,60,49.8,4,65.6,32.7,0
7705,Islamabad,Sunday,7,Cloudy,Severe,Van,Residential,50,13.1,8,90.4,37.4,0
7706,Rawalpindi,Thursday,12,Clear,Low,Motorcycle,Main Road,60,65.4,6,88.1,75.8,1
7707,Lahore,Friday,22,Clear,Medium,Car,Highway,100,101.5,15,87.6,32.1,0
7708,Peshawar,Sunday,15,Clear,Medium,Car,Main Road,60,36.6,10,88.7,7.5,0
7709,Quetta,Tuesday,3,Dust,High,Van,Highway,100,77.9,7,70.7,59.1,0
7710,Rawalpindi,Thursday,7,Fog,Low,Car,Market,50,15.5,22,31.1,41.5,0
7711,Quetta,Tuesday,15,Clear,High,Car,Residential,50,35.6,8,90.3,23.3,0
7712,Rawalpindi,Thursday,20,Clear,Severe,Van,Residential,50,17.8,11,94.4,29.8,0
7713,Peshawar,Sunday,9,Clear,Medium,Car,Residential,50,54.1,11,88.2,48.7,1
7714,Lahore,Saturday,11,Fog,Medium,Van,Market,50,18.4,27,45.7,25.1,1
7715,Peshawar,Saturday,11,Clear,Low,Rickshaw,Main Road,60,70.1,11,100.0,42.1,0
7716,Lahore,Thursday,4,Cloudy,Medium,Motorcycle,School Zone,40,25.0,34,80.5,41.6,1
7717,Quetta,Friday,15,Clear,Medium,Motorcycle,School Zone,40,35.3,32,92.9,36.0,0
7718,Islamabad,Tuesday,0,Clear,Medium,Motorcycle,Residential,50,42.4,16,100.0,16.7,0
7719,Lahore,Wednesday,8,Clear,Medium,Motorcycle,Main Road,60,50.8,10,94.3,42.0,0
7720,Rawalpindi,Thursday,11,Clear,Medium,Car,Main Road,60,51.1,8,89.5,17.3,0
7721,Islamabad,Thursday,4,Clear,High,Rickshaw,School Zone,40,20.8,20,80.8,52.4,0
7722,Quetta,Saturday,21,Clear,Severe,Car,Residential,50,37.6,10,89.4,42.7,0
7723,Karachi,Monday,19,Clear,Low,Car,School Zone,40,35.0,23,100.0,16.6,0
7724,Islamabad,Sunday,21,Clear,High,Van,Main Road,60,48.2,6,85.9,17.2,0
7725,Lahore,Saturday,23,Dust,Medium,Motorcycle,Highway,100,85.8,7,70.9,43.7,0
7726,Islamabad,Tuesday,2,Rain,Low,Car,Highway,100,85.0,7,66.5,21.0,0
7727,Quetta,Saturday,4,Rain,Medium,Motorcycle,Market,50,43.5,20,75.4,39.4,0
7728,Islamabad,Wednesday,1,Clear,High,Motorcycle,Main Road,60,56.5,11,89.4,61.0,1
7729,Quetta,Friday,13,Rain,Medium,Rickshaw,School Zone,40,18.7,35,75.7,60.5,0
7730,Karachi,Sunday,1,Clear,Low,Bus,Main Road,60,60.4,15,89.1,36.3,0
7731,Lahore,Wednesday,12,Clear,High,Rickshaw,Market,50,30.1,20,97.1,31.8,0
7732,Multan,Friday,6,Clear,Low,Car,Highway,100,104.9,5,92.6,38.3,0
7733,Rawalpindi,Wednesday,9,Clear,Low,Rickshaw,Highway,100,103.6,11,85.7,52.8,1
7734,Islamabad,Sunday,12,Clear,High,Car,Highway,100,91.2,8,78.2,42.6,0
7735,Multan,Saturday,15,Clear,Low,Motorcycle,School Zone,40,38.6,30,89.5,70.3,0
7736,Peshawar,Wednesday,13,Clear,Low,Car,Main Road,60,66.5,2,97.5,54.2,0
7737,Rawalpindi,Saturday,10,Clear,Medium,Car,Residential,50,64.9,5,70.3,30.1,0
7738,Islamabad,Sunday,9,Cloudy,High,Van,School Zone,40,21.5,23,92.3,30.4,0
7739,Rawalpindi,Saturday,5,Cloudy,Medium,Van,School Zone,40,30.9,32,92.0,47.9,0
7740,Multan,Tuesday,3,Dust,High,Van,School Zone,40,10.0,36,76.8,67.8,1
7741,Peshawar,Saturday,20,Clear,High,Motorcycle,Market,50,43.1,22,89.8,49.3,0
7742,Rawalpindi,Monday,0,Clear,Severe,Bus,Market,50,22.3,17,80.8,42.9,0
7743,Multan,Wednesday,6,Fog,Low,Rickshaw,Main Road,60,35.2,10,40.6,44.6,0
7744,Rawalpindi,Sunday,23,Clear,High,Rickshaw,Residential,50,29.5,8,91.6,29.5,0
7745,Peshawar,Thursday,8,Rain,Medium,Car,Main Road,60,35.5,7,69.2,27.7,0
7746,Peshawar,Thursday,7,Clear,High,Bus,Market,50,29.4,24,93.4,41.6,1
7747,Peshawar,Thursday,4,Clear,Severe,Car,School Zone,40,11.5,22,99.4,63.2,1
7748,Karachi,Sunday,18,Clear,Medium,Bus,Main Road,60,52.0,10,100.0,32.8,0
7749,Quetta,Monday,9,Dust,High,Rickshaw,Residential,50,27.7,8,66.1,38.4,0
7750,Quetta,Saturday,10,Clear,Severe,Rickshaw,Market,50,10.2,16,79.6,61.3,0
7751,Multan,Wednesday,14,Clear,Medium,Bus,Market,50,23.2,24,100.0,0.0,0
7752,Peshawar,Friday,5,Cloudy,High,Motorcycle,Main Road,60,59.6,12,97.7,69.9,1
7753,Multan,Friday,14,Cloudy,High,Van,Main Road,60,52.4,6,91.4,43.4,1
7754,Quetta,Sunday,4,Dust,High,Motorcycle,School Zone,40,10.0,31,66.9,82.1,1
7755,Rawalpindi,Tuesday,18,Clear,Medium,Car,Main Road,60,40.2,11,100.0,16.5,0
7756,Peshawar,Monday,21,Cloudy,Severe,Car,Main Road,60,30.8,6,100.0,30.1,0
7757,Islamabad,Wednesday,18,Clear,High,Bus,School Zone,40,20.4,36,69.8,66.0,0
7758,Peshawar,Saturday,9,Clear,Low,Bus,Residential,50,44.0,11,85.4,33.4,0
7759,Peshawar,Thursday,11,Rain,High,Van,Highway,100,68.8,6,62.2,59.3,0
7760,Quetta,Monday,21,Clear,Medium,Motorcycle,School Zone,40,38.8,29,82.1,51.0,0
7761,Multan,Monday,3,Cloudy,Medium,Car,School Zone,40,48.7,33,76.6,64.4,0
7762,Lahore,Wednesday,17,Fog,High,Motorcycle,Main Road,60,39.3,8,45.4,83.5,1
7763,Rawalpindi,Sunday,15,Clear,Severe,Bus,Main Road,60,33.6,7,82.8,44.3,0
7764,Quetta,Saturday,7,Dust,High,Motorcycle,Main Road,60,42.0,5,61.0,38.5,0
7765,Multan,Sunday,3,Rain,Medium,Rickshaw,Market,50,41.3,29,79.8,4.6,0
7766,Multan,Sunday,22,Cloudy,Medium,Van,Main Road,60,29.5,6,87.3,32.8,0
7767,Rawalpindi,Tuesday,11,Dust,Severe,Motorcycle,Residential,50,32.6,8,70.8,68.3,0
7768,Multan,Sunday,1,Clear,Severe,Rickshaw,Highway,100,83.1,10,92.0,44.0,0
7769,Islamabad,Saturday,3,Dust,Severe,Car,Main Road,60,34.0,13,63.5,47.3,1
7770,Karachi,Tuesday,4,Clear,Medium,Car,Main Road,60,64.0,10,88.6,44.3,0
7771,Lahore,Tuesday,2,Rain,High,Motorcycle,Highway,100,58.2,7,78.6,65.8,0
7772,Islamabad,Thursday,8,Clear,High,Bus,Main Road,60,42.3,6,91.8,26.2,0
7773,Islamabad,Thursday,20,Dust,Low,Motorcycle,Highway,100,76.4,8,61.1,34.4,0
7774,Rawalpindi,Wednesday,17,Dust,Medium,Motorcycle,Market,50,24.2,13,51.0,53.6,1
7775,Lahore,Saturday,10,Cloudy,Severe,Van,Main Road,60,35.3,3,97.7,66.5,1
7776,Rawalpindi,Sunday,2,Cloudy,Medium,Car,Main Road,60,60.8,10,96.2,33.4,0
7777,Karachi,Tuesday,22,Rain,Medium,Rickshaw,Main Road,60,39.4,7,82.1,25.9,0
7778,Multan,Wednesday,1,Clear,Medium,Rickshaw,Market,50,25.9,20,91.2,4.3,0
7779,Rawalpindi,Tuesday,8,Clear,Medium,Car,Residential,50,55.0,9,96.6,36.9,0
7780,Peshawar,Monday,13,Clear,Low,Motorcycle,Residential,50,73.5,6,76.1,54.3,1
7781,Rawalpindi,Friday,3,Cloudy,Low,Motorcycle,Main Road,60,65.3,15,89.9,38.4,0
7782,Multan,Friday,8,Clear,Low,Van,Residential,50,59.3,8,93.9,32.8,0
7783,Peshawar,Tuesday,12,Clear,Severe,Motorcycle,School Zone,40,10.0,36,87.6,83.1,0
7784,Islamabad,Wednesday,17,Clear,Low,Bus,Main Road,60,72.6,8,92.3,20.5,0
7785,Karachi,Thursday,14,Clear,Medium,Rickshaw,School Zone,40,26.2,31,95.1,28.3,0
7786,Multan,Saturday,9,Clear,Medium,Motorcycle,Highway,100,99.6,10,98.0,36.7,0
7787,Quetta,Tuesday,15,Clear,High,Bus,Main Road,60,51.4,7,93.8,41.4,0
7788,Peshawar,Tuesday,11,Clear,Medium,Motorcycle,Market,50,36.4,25,81.1,16.4,0
7789,Karachi,Saturday,19,Cloudy,Medium,Car,Main Road,60,67.2,8,92.7,36.9,0
7790,Rawalpindi,Sunday,4,Clear,Low,Car,Main Road,60,45.8,6,74.9,21.4,0
7791,Quetta,Thursday,1,Fog,Severe,Van,Residential,50,10.0,11,38.5,62.5,0
7792,Rawalpindi,Tuesday,9,Cloudy,High,Van,Residential,50,42.1,8,92.7,20.9,0
7793,Multan,Monday,0,Clear,Medium,Motorcycle,Highway,100,66.4,9,80.4,41.9,0
7794,Islamabad,Thursday,6,Clear,Severe,Car,School Zone,40,10.0,28,94.2,43.4,0
7795,Multan,Monday,16,Rain,Low,Rickshaw,School Zone,40,54.9,39,74.2,78.8,1
7796,Multan,Friday,15,Clear,Medium,Motorcycle,Main Road,60,56.4,5,99.1,40.9,0
7797,Multan,Saturday,23,Fog,Medium,Bus,Market,50,35.3,18,57.4,45.8,1
7798,Rawalpindi,Thursday,2,Clear,Medium,Motorcycle,Market,50,51.4,24,97.0,51.5,0
7799,Peshawar,Sunday,13,Cloudy,High,Motorcycle,Residential,50,17.5,5,94.5,51.3,0
7800,Islamabad,Thursday,9,Fog,Medium,Rickshaw,School Zone,40,30.2,34,57.9,46.5,1
7801,Karachi,Wednesday,21,Cloudy,High,Car,Residential,50,34.6,6,100.0,22.9,0
7802,Islamabad,Wednesday,6,Fog,Medium,Motorcycle,Market,50,33.1,14,38.5,31.3,0
7803,Karachi,Saturday,16,Dust,Low,Car,Residential,50,77.8,10,65.0,36.5,0
7804,Lahore,Sunday,5,Fog,High,Car,Main Road,60,20.2,4,48.0,54.6,1
7805,Peshawar,Thursday,22,Rain,Severe,Rickshaw,Main Road,60,10.0,4,90.1,67.4,1
7806,Peshawar,Friday,21,Clear,Medium,Rickshaw,Highway,100,101.5,3,85.4,33.2,0
7807,Karachi,Sunday,3,Clear,Medium,Car,Highway,100,86.3,5,98.4,23.6,0
7808,Rawalpindi,Tuesday,16,Clear,High,Motorcycle,Residential,50,30.0,5,88.7,37.0,0
7809,Quetta,Saturday,8,Fog,High,Bus,Main Road,60,21.0,8,48.0,66.7,1
7810,Rawalpindi,Sunday,3,Clear,Low,Van,School Zone,40,21.7,30,92.5,23.2,0
7811,Lahore,Saturday,6,Clear,Medium,Motorcycle,Residential,50,43.1,9,90.8,23.6,0
7812,Karachi,Sunday,22,Rain,High,Rickshaw,Main Road,60,49.7,9,83.6,25.6,0
7813,Lahore,Wednesday,1,Clear,Low,Car,Main Road,60,32.8,7,88.9,13.0,0
7814,Karachi,Friday,16,Cloudy,Medium,Rickshaw,Main Road,60,52.6,8,100.0,9.3,0
7815,Lahore,Saturday,23,Fog,Medium,Car,Market,50,41.8,25,55.4,37.4,0
7816,Karachi,Friday,7,Cloudy,High,Rickshaw,Market,50,36.5,15,94.0,39.6,0
7817,Peshawar,Saturday,22,Cloudy,High,Car,Market,50,33.6,21,90.4,34.8,0
7818,Lahore,Wednesday,14,Cloudy,Low,Motorcycle,Market,50,63.2,17,86.6,38.8,0
7819,Lahore,Tuesday,14,Cloudy,Low,Motorcycle,Residential,50,60.7,8,87.4,49.5,1
7820,Karachi,Wednesday,7,Clear,High,Car,School Zone,40,10.0,44,100.0,59.2,1
7821,Islamabad,Saturday,15,Clear,High,Car,Highway,100,78.6,10,99.0,43.2,0
7822,Islamabad,Friday,18,Clear,Low,Motorcycle,School Zone,40,30.8,36,83.5,42.8,0
7823,Peshawar,Monday,10,Cloudy,Medium,Rickshaw,Main Road,60,44.7,12,89.5,14.0,0
7824,Rawalpindi,Wednesday,1,Cloudy,High,Rickshaw,School Zone,40,34.7,33,93.5,50.0,1
7825,Rawalpindi,Friday,22,Clear,Low,Rickshaw,Main Road,60,60.3,7,79.0,45.9,0
7826,Peshawar,Sunday,23,Cloudy,Medium,Van,Main Road,60,35.5,4,100.0,18.0,0
7827,Rawalpindi,Sunday,16,Clear,High,Car,Main Road,60,41.3,5,100.0,37.6,1
7828,Quetta,Wednesday,15,Clear,High,Bus,Main Road,60,31.4,8,95.0,26.4,0
7829,Quetta,Saturday,14,Clear,High,Van,Residential,50,25.0,10,90.5,53.8,0
7830,Quetta,Sunday,12,Rain,Medium,Car,Residential,50,44.6,8,83.8,29.0,0
7831,Multan,Friday,14,Rain,Severe,Car,Main Road,60,10.7,6,66.3,46.7,0
7832,Multan,Tuesday,3,Clear,Low,Car,Highway,100,83.2,8,88.1,34.8,0
7833,Quetta,Friday,15,Rain,Medium,Van,Residential,50,33.1,10,77.5,33.0,0
7834,Karachi,Sunday,11,Clear,Medium,Car,Main Road,60,39.5,8,84.6,24.3,0
7835,Islamabad,Sunday,3,Dust,Low,Motorcycle,Main Road,60,58.8,7,61.6,64.4,1
7836,Peshawar,Thursday,2,Clear,Medium,Car,Residential,50,41.4,9,89.1,18.7,0
7837,Karachi,Monday,21,Fog,Low,Motorcycle,School Zone,40,31.8,35,62.8,39.8,0
7838,Quetta,Saturday,16,Cloudy,Medium,Rickshaw,Residential,50,54.0,9,95.5,42.1,0
7839,Peshawar,Friday,21,Cloudy,Medium,Rickshaw,Main Road,60,60.2,4,87.5,35.7,0
7840,Islamabad,Sunday,17,Cloudy,High,Motorcycle,Main Road,60,55.0,8,100.0,50.0,0
7841,Rawalpindi,Saturday,17,Clear,Severe,Car,Main Road,60,17.4,12,92.0,46.8,1
7842,Karachi,Wednesday,22,Rain,Low,Motorcycle,Highway,100,91.6,4,82.6,46.4,0
7843,Islamabad,Wednesday,16,Clear,Severe,Motorcycle,School Zone,40,10.0,42,79.8,63.6,1
7844,Peshawar,Friday,11,Clear,Severe,Motorcycle,Main Road,60,57.1,9,100.0,82.3,1
7845,Lahore,Thursday,22,Cloudy,Low,Rickshaw,Main Road,60,72.7,8,67.3,29.1,0
7846,Karachi,Sunday,20,Clear,Severe,Motorcycle,Main Road,60,37.9,5,92.8,44.9,0
7847,Multan,Friday,23,Clear,Medium,Motorcycle,Highway,100,81.2,10,89.5,29.9,0
7848,Peshawar,Tuesday,3,Dust,High,Motorcycle,Highway,100,79.8,4,71.3,45.8,0
7849,Peshawar,Thursday,11,Fog,Severe,Car,Residential,50,10.0,11,50.7,68.4,1
7850,Multan,Sunday,22,Cloudy,High,Car,School Zone,40,41.9,29,100.0,47.7,0
7851,Islamabad,Sunday,21,Rain,Medium,Rickshaw,Main Road,60,34.5,10,74.7,39.1,0
7852,Peshawar,Saturday,20,Fog,High,Motorcycle,Residential,50,20.3,7,45.7,70.3,1
7853,Karachi,Friday,19,Cloudy,Medium,Bus,School Zone,40,10.0,33,93.9,30.0,0
7854,Quetta,Sunday,14,Dust,Medium,Rickshaw,Highway,100,119.2,9,76.5,49.3,0
7855,Multan,Saturday,22,Clear,Medium,Rickshaw,Residential,50,43.5,5,82.0,15.6,0
7856,Karachi,Sunday,15,Rain,Medium,Motorcycle,Main Road,60,57.4,6,84.8,48.0,0
7857,Multan,Monday,4,Clear,High,Motorcycle,School Zone,40,35.9,34,95.3,34.3,0
7858,Peshawar,Thursday,20,Rain,High,Motorcycle,Market,50,31.9,16,75.0,70.9,1
7859,Islamabad,Friday,14,Dust,Severe,Car,Main Road,60,13.2,5,66.9,55.0,0
7860,Karachi,Monday,16,Clear,Medium,Car,Residential,50,41.4,7,90.2,23.3,0
7861,Lahore,Friday,17,Cloudy,High,Car,Main Road,60,45.3,9,91.7,34.4,0
7862,Quetta,Tuesday,4,Dust,High,Car,Market,50,35.0,34,59.2,53.4,1
7863,Multan,Wednesday,12,Dust,Low,Rickshaw,Main Road,60,56.0,6,57.7,53.1,1
7864,Rawalpindi,Saturday,18,Clear,Medium,Bus,Residential,50,47.8,4,90.7,33.8,0
7865,Islamabad,Friday,12,Dust,Medium,Car,Residential,50,38.5,16,61.0,32.9,0
7866,Islamabad,Thursday,17,Clear,Severe,Motorcycle,Market,50,19.4,24,94.0,69.8,1
7867,Rawalpindi,Friday,13,Rain,Severe,Motorcycle,Main Road,60,25.2,8,78.2,45.1,0
7868,Rawalpindi,Friday,3,Clear,High,Motorcycle,Market,50,27.3,25,77.9,40.1,0
7869,Karachi,Friday,3,Clear,Medium,Motorcycle,Market,50,51.1,27,96.8,41.8,1
7870,Peshawar,Sunday,19,Clear,Medium,Motorcycle,Residential,50,44.5,7,92.0,20.6,0
7871,Peshawar,Friday,19,Clear,Severe,Van,Main Road,60,48.1,6,92.1,34.4,0
7872,Lahore,Sunday,18,Rain,Medium,Rickshaw,Highway,100,105.2,10,77.1,39.6,0
7873,Quetta,Thursday,12,Clear,Medium,Rickshaw,Residential,50,26.2,8,85.3,0.0,0
7874,Multan,Thursday,11,Rain,Low,Rickshaw,Main Road,60,43.0,9,94.3,22.3,0
7875,Peshawar,Friday,6,Fog,Severe,Rickshaw,Residential,50,10.0,12,50.4,82.1,1
7876,Lahore,Sunday,11,Rain,Low,Motorcycle,Main Road,60,40.5,6,67.3,47.9,0
7877,Lahore,Wednesday,20,Clear,Low,Motorcycle,Highway,100,108.6,9,80.7,29.8,0
7878,Islamabad,Friday,3,Cloudy,High,Motorcycle,Market,50,57.8,19,88.7,68.3,0
7879,Islamabad,Saturday,1,Clear,Low,Rickshaw,Highway,100,109.0,8,86.5,37.8,0
7880,Quetta,Saturday,1,Clear,Severe,Rickshaw,Highway,100,66.5,3,76.1,36.5,0
7881,Karachi,Thursday,4,Dust,Medium,Motorcycle,Highway,100,91.0,7,61.7,55.6,0
7882,Rawalpindi,Saturday,22,Clear,Severe,Van,Highway,100,71.5,10,94.8,32.5,0
7883,Rawalpindi,Saturday,9,Dust,High,Motorcycle,School Zone,40,26.6,40,77.6,64.0,0
7884,Quetta,Tuesday,9,Clear,High,Car,Residential,50,46.1,7,90.6,34.8,0
7885,Lahore,Friday,8,Clear,Severe,Car,Residential,50,10.0,7,87.1,35.1,0
7886,Quetta,Friday,12,Clear,Medium,Motorcycle,Main Road,60,44.7,8,87.4,7.7,0
7887,Rawalpindi,Friday,6,Rain,Medium,Bus,School Zone,40,17.8,35,80.7,47.5,0
7888,Lahore,Friday,4,Clear,Low,Car,Market,50,68.3,20,100.0,31.1,0
7889,Rawalpindi,Monday,9,Clear,Low,Car,Market,50,52.2,25,84.2,45.2,0
7890,Karachi,Friday,9,Cloudy,High,Car,Residential,50,25.2,8,87.1,29.9,0
7891,Islamabad,Sunday,5,Fog,Low,Rickshaw,Residential,50,14.5,4,35.6,29.7,0
7892,Islamabad,Thursday,18,Cloudy,Medium,Car,Market,50,28.9,26,94.3,10.2,0
7893,Lahore,Sunday,20,Clear,Medium,Motorcycle,Highway,100,96.1,9,86.7,48.2,0
7894,Quetta,Thursday,7,Clear,High,Rickshaw,Market,50,23.7,23,91.2,30.2,0
7895,Rawalpindi,Monday,0,Rain,Medium,Car,Highway,100,79.5,3,75.3,29.8,0
7896,Peshawar,Friday,16,Cloudy,High,Motorcycle,Main Road,60,32.4,11,94.7,54.8,0
7897,Karachi,Wednesday,6,Fog,Low,Car,Main Road,60,51.8,8,61.9,35.8,0
7898,Rawalpindi,Sunday,13,Cloudy,High,Car,Main Road,60,40.1,6,92.5,33.6,0
7899,Multan,Friday,20,Clear,High,Rickshaw,Main Road,60,52.1,4,91.8,18.2,0
7900,Peshawar,Thursday,20,Clear,Low,Motorcycle,Main Road,60,63.8,12,98.4,48.9,1
7901,Karachi,Sunday,16,Cloudy,High,Car,Main Road,60,27.5,5,94.0,56.0,1
7902,Karachi,Tuesday,8,Clear,High,Motorcycle,Residential,50,29.4,6,98.2,35.0,0
7903,Islamabad,Saturday,16,Fog,High,Rickshaw,Main Road,60,46.9,4,53.3,46.8,0
7904,Lahore,Tuesday,4,Clear,Medium,Car,Residential,50,47.5,10,77.5,59.7,1
7905,Rawalpindi,Wednesday,19,Cloudy,Low,Rickshaw,School Zone,40,32.1,28,100.0,22.4,0
7906,Karachi,Friday,7,Clear,Severe,Bus,Residential,50,43.0,8,88.1,43.2,0
7907,Rawalpindi,Monday,5,Clear,High,Motorcycle,School Zone,40,13.0,37,82.7,55.7,0
7908,Karachi,Friday,10,Cloudy,Low,Bus,Market,50,37.3,23,91.4,11.8,0
7909,Quetta,Wednesday,18,Cloudy,Severe,Car,School Zone,40,10.0,36,90.4,60.0,0
7910,Islamabad,Wednesday,3,Clear,Severe,Motorcycle,Market,50,29.3,21,91.3,67.8,1
7911,Lahore,Saturday,17,Clear,Medium,Bus,Highway,100,111.5,9,93.0,46.6,0
7912,Peshawar,Wednesday,0,Cloudy,Low,Rickshaw,Main Road,60,72.7,10,85.5,31.9,0
7913,Peshawar,Tuesday,12,Rain,Medium,Bus,Residential,50,15.1,7,79.5,31.5,0
7914,Quetta,Saturday,13,Clear,Severe,Car,School Zone,40,13.7,47,99.3,74.4,1
7915,Multan,Friday,23,Cloudy,Low,Motorcycle,Main Road,60,45.1,6,83.4,36.7,0
7916,Islamabad,Sunday,0,Clear,Medium,Rickshaw,Residential,50,45.9,9,79.1,32.8,0
7917,Karachi,Friday,10,Cloudy,High,Motorcycle,Market,50,40.5,25,88.8,39.8,0
7918,Islamabad,Monday,16,Cloudy,Low,Car,Residential,50,50.5,9,86.7,39.3,0
7919,Lahore,Wednesday,3,Clear,Medium,Motorcycle,Main Road,60,36.9,5,95.8,28.4,0
7920,Peshawar,Wednesday,11,Cloudy,Low,Rickshaw,Highway,100,93.0,10,93.9,39.0,0
7921,Rawalpindi,Thursday,9,Clear,Medium,Van,Residential,50,54.7,4,100.0,28.7,0
7922,Peshawar,Saturday,5,Clear,Medium,Car,Main Road,60,60.4,9,74.8,44.2,0
7923,Multan,Thursday,0,Cloudy,Medium,Car,Residential,50,58.5,10,96.4,50.1,0
7924,Multan,Saturday,6,Clear,High,Rickshaw,Main Road,60,26.3,14,80.8,36.9,0
7925,Multan,Tuesday,20,Rain,Medium,Rickshaw,Highway,100,81.8,12,72.7,22.5,0
7926,Multan,Saturday,15,Clear,High,Van,Main Road,60,38.6,5,100.0,39.6,0
7927,Lahore,Friday,23,Rain,High,Motorcycle,School Zone,40,10.0,42,77.2,62.8,1
7928,Karachi,Monday,13,Clear,Low,Car,Market,50,50.4,20,84.9,35.6,0
7929,Islamabad,Sunday,22,Clear,Low,Car,Market,50,58.5,25,100.0,34.3,0
7930,Peshawar,Saturday,19,Cloudy,Low,Car,Highway,100,120.0,15,98.7,28.8,0
7931,Multan,Saturday,19,Clear,Medium,Van,School Zone,40,29.9,37,82.4,40.7,0
7932,Peshawar,Saturday,5,Fog,High,Motorcycle,Main Road,60,10.0,15,44.9,59.0,1
7933,Multan,Monday,21,Cloudy,High,Rickshaw,Residential,50,43.5,4,96.7,39.0,0
7934,Rawalpindi,Wednesday,4,Clear,High,Car,Residential,50,53.7,9,89.2,50.0,0
7935,Islamabad,Monday,23,Dust,High,Car,Residential,50,35.6,9,45.6,42.4,0
7936,Rawalpindi,Wednesday,20,Clear,Low,Car,Market,50,45.6,23,88.8,49.2,0
7937,Rawalpindi,Sunday,17,Clear,Medium,Car,Market,50,54.1,18,95.0,43.2,1
7938,Multan,Friday,14,Clear,Low,Rickshaw,Highway,100,107.3,5,81.1,47.9,1
7939,Karachi,Monday,5,Dust,Low,Car,Residential,50,64.9,6,57.1,41.6,0
7940,Peshawar,Wednesday,18,Rain,Medium,Rickshaw,Main Road,60,43.5,6,92.3,25.3,0
7941,Quetta,Friday,0,Cloudy,Medium,Car,Highway,100,87.7,10,100.0,27.4,0
7942,Islamabad,Friday,0,Rain,Medium,Motorcycle,Market,50,38.3,17,99.9,30.4,0
7943,Karachi,Wednesday,12,Cloudy,Low,Car,Main Road,60,70.9,13,94.1,29.0,0
7944,Quetta,Wednesday,2,Rain,Medium,Bus,Main Road,60,36.9,8,66.1,28.4,0
7945,Karachi,Tuesday,9,Clear,Low,Rickshaw,Main Road,60,51.1,6,75.2,17.2,0
7946,Multan,Friday,20,Clear,Medium,Rickshaw,Main Road,60,54.4,12,97.5,48.7,0
7947,Multan,Wednesday,2,Clear,Medium,Car,School Zone,40,27.7,39,98.3,29.1,0
7948,Karachi,Friday,8,Dust,Low,Car,Main Road,60,49.6,9,64.1,14.8,0
7949,Lahore,Monday,7,Rain,Medium,Car,Market,50,44.1,22,90.3,52.9,0
7950,Lahore,Sunday,2,Cloudy,Low,Bus,Market,50,67.2,21,94.0,45.7,0
7951,Karachi,Thursday,12,Clear,Medium,Car,Market,50,32.7,27,92.0,17.8,0
7952,Lahore,Thursday,5,Clear,Low,Rickshaw,Residential,50,26.5,12,94.4,20.0,0
7953,Islamabad,Saturday,12,Rain,Severe,Motorcycle,Highway,100,88.0,9,84.9,71.7,0
7954,Peshawar,Wednesday,22,Clear,Low,Motorcycle,Residential,50,31.0,9,92.7,46.0,0
7955,Quetta,Wednesday,19,Rain,Severe,Rickshaw,Residential,50,14.8,10,59.0,56.1,0
7956,Multan,Friday,19,Clear,Medium,Motorcycle,Highway,100,80.3,6,95.6,21.3,0
7957,Islamabad,Saturday,11,Cloudy,Medium,Car,Residential,50,57.8,7,74.3,49.4,0
7958,Peshawar,Wednesday,12,Cloudy,High,Rickshaw,Market,50,38.6,19,90.8,14.6,0
7959,Lahore,Friday,1,Rain,High,Motorcycle,Residential,50,12.8,5,79.8,55.2,1
7960,Quetta,Wednesday,20,Clear,Low,Motorcycle,Highway,100,88.6,10,88.9,26.0,0
7961,Islamabad,Friday,23,Cloudy,Low,Rickshaw,Residential,50,53.6,11,90.6,41.9,0
7962,Rawalpindi,Wednesday,22,Clear,High,Van,Residential,50,33.1,9,88.1,46.1,0
7963,Multan,Tuesday,15,Fog,Low,Rickshaw,Main Road,60,53.5,10,43.8,31.4,0
7964,Karachi,Sunday,22,Cloudy,Medium,Motorcycle,School Zone,40,47.9,36,90.4,52.7,1
7965,Multan,Friday,5,Clear,Severe,Rickshaw,Highway,100,70.6,10,92.9,39.5,0
7966,Peshawar,Sunday,18,Cloudy,Medium,Car,Residential,50,43.6,5,84.5,16.0,0
7967,Peshawar,Tuesday,20,Cloudy,Medium,Rickshaw,Market,50,46.7,28,95.8,48.1,0
7968,Rawalpindi,Tuesday,12,Rain,Low,Motorcycle,Residential,50,57.9,8,68.9,54.6,0
7969,Rawalpindi,Tuesday,16,Clear,Low,Motorcycle,Main Road,60,63.0,10,78.2,54.6,0
7970,Karachi,Tuesday,22,Clear,High,Van,Residential,50,29.7,5,94.7,29.8,0
7971,Lahore,Monday,8,Fog,Medium,Van,Highway,100,73.0,17,32.9,35.6,0
7972,Multan,Sunday,16,Fog,Medium,Motorcycle,Highway,100,78.1,5,56.0,43.6,0
7973,Islamabad,Saturday,1,Clear,Low,Motorcycle,Main Road,60,78.9,11,100.0,35.9,0
7974,Islamabad,Sunday,18,Clear,Low,Van,Main Road,60,63.3,9,88.1,39.3,0
7975,Islamabad,Thursday,18,Clear,Severe,Motorcycle,Highway,100,60.6,7,89.9,56.4,1
7976,Lahore,Monday,23,Clear,Low,Motorcycle,School Zone,40,46.8,36,77.1,38.8,0
7977,Multan,Wednesday,6,Clear,Medium,Motorcycle,Main Road,60,76.0,9,91.2,30.4,0
7978,Multan,Wednesday,21,Clear,Low,Motorcycle,Residential,50,56.0,7,96.7,48.4,0
7979,Karachi,Saturday,9,Dust,Low,Motorcycle,Residential,50,57.2,13,63.0,54.6,0
7980,Islamabad,Thursday,9,Clear,Severe,Van,Main Road,60,18.9,4,89.2,51.2,1
7981,Peshawar,Thursday,19,Cloudy,Low,Motorcycle,Highway,100,91.9,7,82.8,60.2,1
7982,Peshawar,Thursday,8,Cloudy,High,Motorcycle,Residential,50,10.0,7,84.0,35.0,0
7983,Peshawar,Tuesday,16,Cloudy,Medium,Car,Highway,100,88.5,11,78.5,4.9,0
7984,Rawalpindi,Monday,14,Cloudy,High,Car,Highway,100,51.5,11,100.0,44.2,0
7985,Rawalpindi,Wednesday,1,Cloudy,High,Car,School Zone,40,10.0,44,88.5,34.0,0
7986,Lahore,Monday,3,Rain,Medium,Van,Highway,100,76.7,9,83.4,42.5,1
7987,Islamabad,Monday,18,Rain,Low,Motorcycle,Highway,100,80.6,5,82.9,40.7,1
7988,Rawalpindi,Monday,16,Clear,Low,Van,Residential,50,38.4,6,85.2,11.5,0
7989,Peshawar,Thursday,4,Clear,Medium,Bus,Main Road,60,43.2,3,88.4,25.0,0
7990,Rawalpindi,Saturday,6,Dust,Medium,Bus,Main Road,60,62.6,12,57.9,36.4,0
7991,Multan,Saturday,17,Cloudy,Severe,Motorcycle,Residential,50,24.2,11,93.7,54.7,0
7992,Peshawar,Thursday,20,Fog,Low,Motorcycle,Residential,50,40.6,4,39.5,13.7,0
7993,Islamabad,Wednesday,21,Clear,High,Motorcycle,Highway,100,69.1,7,90.4,42.2,0
7994,Multan,Wednesday,6,Clear,Low,Bus,Market,50,43.3,20,81.9,9.0,0
7995,Lahore,Wednesday,16,Clear,Low,Motorcycle,Main Road,60,57.8,6,92.9,47.4,0
7996,Karachi,Saturday,6,Clear,High,Car,Residential,50,46.7,8,97.3,53.5,1
7997,Karachi,Saturday,3,Cloudy,Severe,Rickshaw,Highway,100,78.2,5,99.5,38.5,0
7998,Multan,Monday,7,Rain,Medium,Car,Highway,100,90.8,7,75.1,41.4,0
7999,Peshawar,Thursday,12,Cloudy,Medium,Motorcycle,Main Road,60,27.5,10,81.6,19.6,0
8000,Rawalpindi,Tuesday,3,Clear,High,Motorcycle,Main Road,60,44.5,11,98.7,55.2,0
8001,Rawalpindi,Monday,5,Rain,High,Rickshaw,Residential,50,34.2,15,71.0,52.9,1
8002,Peshawar,Friday,4,Cloudy,High,Motorcycle,Main Road,60,40.1,8,91.7,42.2,0
8003,Islamabad,Saturday,11,Cloudy,Low,Car,Highway,100,96.6,7,100.0,34.3,0
8004,Multan,Monday,3,Cloudy,High,Motorcycle,Residential,50,33.7,10,87.8,40.3,0
8005,Peshawar,Thursday,23,Cloudy,Medium,Bus,Main Road,60,34.3,13,88.4,14.9,0
8006,Islamabad,Friday,8,Clear,Medium,Car,Main Road,60,37.7,6,82.7,27.5,0
8007,Lahore,Sunday,3,Cloudy,Low,Car,School Zone,40,47.9,38,100.0,53.1,0
8008,Lahore,Monday,18,Rain,Low,Bus,Main Road,60,61.4,7,85.3,52.9,0
8009,Multan,Thursday,23,Clear,Severe,Car,Main Road,60,49.4,9,92.9,38.8,0
8010,Peshawar,Thursday,13,Clear,Medium,Rickshaw,Main Road,60,10.0,10,97.9,23.0,0
8011,Lahore,Saturday,4,Clear,Low,Rickshaw,Main Road,60,67.6,4,81.7,28.2,0
8012,Rawalpindi,Tuesday,17,Clear,High,Car,Market,50,31.9,26,85.2,42.8,0
8013,Islamabad,Monday,9,Dust,High,Motorcycle,Main Road,60,47.5,6,66.2,59.1,0
8014,Karachi,Thursday,18,Clear,Medium,Motorcycle,Residential,50,57.1,9,87.0,23.9,0
8015,Karachi,Wednesday,11,Clear,Medium,Bus,Highway,100,75.9,10,84.2,17.9,0
8016,Lahore,Thursday,17,Clear,Medium,Motorcycle,Highway,100,86.1,10,91.5,27.3,0
8017,Islamabad,Tuesday,16,Clear,Medium,Car,Main Road,60,55.0,11,93.5,37.0,0
8018,Rawalpindi,Thursday,23,Rain,Severe,Motorcycle,Main Road,60,46.0,8,81.8,54.9,1
8019,Karachi,Saturday,10,Cloudy,Medium,Motorcycle,Market,50,43.5,24,85.5,32.0,0
8020,Rawalpindi,Sunday,2,Clear,Severe,Motorcycle,Main Road,60,25.9,11,100.0,50.6,1
8021,Rawalpindi,Monday,22,Fog,Medium,Motorcycle,Highway,100,92.2,10,37.7,60.0,1
8022,Karachi,Saturday,16,Clear,High,Motorcycle,Residential,50,20.8,8,97.3,40.1,0
8023,Karachi,Monday,0,Cloudy,Low,Car,Main Road,60,45.6,6,81.4,4.0,0
8024,Lahore,Friday,14,Rain,Medium,Rickshaw,School Zone,40,18.2,29,82.7,34.9,0
8025,Multan,Monday,8,Cloudy,High,Motorcycle,Main Road,60,53.5,2,89.5,40.6,1
8026,Islamabad,Friday,14,Fog,Low,Car,Main Road,60,55.6,10,28.3,45.9,1
8027,Peshawar,Saturday,23,Dust,High,Car,Highway,100,76.3,7,52.8,43.5,0
8028,Islamabad,Wednesday,2,Fog,Low,Motorcycle,Residential,50,24.2,9,48.4,44.2,0
8029,Peshawar,Tuesday,21,Clear,High,Motorcycle,School Zone,40,27.7,45,97.0,75.2,1
8030,Karachi,Wednesday,18,Cloudy,Severe,Motorcycle,Main Road,60,33.1,6,99.2,57.6,1
8031,Rawalpindi,Friday,12,Dust,High,Rickshaw,Main Road,60,50.1,8,49.9,36.8,0
8032,Islamabad,Thursday,11,Dust,Low,Car,Main Road,60,64.0,6,62.7,23.9,0
8033,Rawalpindi,Thursday,19,Fog,Medium,Rickshaw,Main Road,60,24.4,5,34.6,43.9,0
8034,Islamabad,Wednesday,0,Dust,High,Car,Market,50,32.4,23,68.9,33.8,0
8035,Multan,Thursday,20,Rain,Severe,Rickshaw,Highway,100,76.6,11,78.6,52.8,0
8036,Quetta,Friday,16,Clear,Low,Motorcycle,Residential,50,66.6,3,100.0,48.0,1
8037,Islamabad,Saturday,12,Clear,High,Rickshaw,Main Road,60,44.7,6,91.2,37.2,0
8038,Rawalpindi,Tuesday,0,Clear,Low,Car,Market,50,32.3,25,76.1,4.0,0
8039,Quetta,Sunday,9,Clear,High,Rickshaw,Main Road,60,54.4,7,77.4,37.0,0
8040,Lahore,Monday,14,Clear,Severe,Motorcycle,Highway,100,65.3,8,98.5,46.3,1
8041,Multan,Friday,6,Clear,High,Car,Highway,100,73.4,6,79.7,26.3,0
8042,Karachi,Sunday,21,Clear,High,Rickshaw,Residential,50,47.9,9,86.0,52.6,1
8043,Lahore,Friday,17,Fog,Medium,Car,Main Road,60,51.5,7,44.2,30.2,0
8044,Lahore,Monday,15,Clear,High,Car,Market,50,38.6,26,87.9,14.9,0
8045,Islamabad,Monday,13,Clear,Medium,Rickshaw,Highway,100,85.1,5,83.2,21.5,0
8046,Karachi,Tuesday,17,Rain,Low,Motorcycle,Residential,50,65.6,9,72.5,45.4,0
8047,Multan,Tuesday,6,Dust,Severe,Car,Residential,50,10.0,9,61.1,53.9,1
8048,Quetta,Tuesday,16,Clear,Medium,Rickshaw,School Zone,40,44.1,42,90.1,49.2,0
8049,Islamabad,Thursday,17,Clear,High,Rickshaw,Residential,50,38.4,12,95.4,26.2,0
8050,Peshawar,Friday,11,Clear,Low,Motorcycle,Main Road,60,86.2,12,88.6,38.2,0
8051,Islamabad,Saturday,7,Clear,Low,Rickshaw,Residential,50,57.5,8,86.3,40.5,0
8052,Quetta,Monday,21,Clear,Medium,Motorcycle,Residential,50,22.5,14,92.0,28.5,0
8053,Rawalpindi,Friday,1,Cloudy,Medium,Rickshaw,Main Road,60,64.0,14,82.4,47.7,0
8054,Multan,Sunday,6,Dust,Medium,Motorcycle,Main Road,60,34.5,4,64.6,29.6,0
8055,Multan,Friday,3,Cloudy,Medium,Car,School Zone,40,51.7,38,85.9,43.8,0
8056,Islamabad,Tuesday,17,Clear,Medium,Motorcycle,Main Road,60,63.1,13,90.5,54.5,1
8057,Peshawar,Tuesday,5,Clear,High,Rickshaw,Highway,100,82.0,7,85.7,34.1,0
8058,Islamabad,Friday,8,Clear,Medium,Car,School Zone,40,28.5,28,100.0,14.4,0
8059,Quetta,Tuesday,8,Clear,Severe,Rickshaw,Main Road,60,27.8,3,99.5,35.8,0
8060,Multan,Thursday,13,Cloudy,Low,Car,Main Road,60,77.4,3,73.2,61.9,1
8061,Peshawar,Monday,7,Fog,Severe,Rickshaw,Main Road,60,10.0,8,38.4,75.0,1
8062,Karachi,Sunday,18,Clear,High,Car,Residential,50,34.0,7,82.9,54.3,0
8063,Quetta,Friday,2,Fog,Medium,Rickshaw,School Zone,40,10.0,33,47.8,58.7,0
8064,Multan,Monday,17,Dust,Low,Rickshaw,Residential,50,58.9,13,61.0,36.3,0
8065,Islamabad,Thursday,4,Clear,High,Motorcycle,Main Road,60,37.9,6,99.1,31.4,0
8066,Multan,Sunday,13,Clear,Severe,Car,Main Road,60,36.5,12,83.8,40.2,0
8067,Peshawar,Tuesday,3,Clear,Severe,Rickshaw,Residential,50,10.0,8,100.0,33.2,1
8068,Quetta,Wednesday,6,Cloudy,Medium,Rickshaw,Main Road,60,45.0,7,100.0,10.1,0
8069,Karachi,Thursday,19,Clear,Low,Car,Main Road,60,56.3,7,91.9,34.6,0
8070,Rawalpindi,Wednesday,11,Clear,Medium,Motorcycle,Main Road,60,51.5,11,91.2,25.6,0
8071,Lahore,Monday,1,Dust,Medium,Bus,Main Road,60,72.2,6,73.2,52.8,0
8072,Peshawar,Friday,10,Clear,Low,Rickshaw,Main Road,60,42.0,4,89.5,22.9,0
8073,Rawalpindi,Sunday,13,Clear,Medium,Motorcycle,School Zone,40,10.0,33,97.0,32.6,0
8074,Karachi,Tuesday,21,Rain,High,Motorcycle,Residential,50,21.0,8,80.4,52.4,0
8075,Rawalpindi,Sunday,22,Dust,High,Rickshaw,Market,50,40.3,21,80.7,35.2,0
8076,Islamabad,Thursday,15,Clear,Low,Car,Main Road,60,63.1,6,100.0,40.1,0
8077,Lahore,Tuesday,19,Clear,Medium,Bus,Highway,100,76.8,6,98.5,21.6,0
8078,Peshawar,Wednesday,5,Rain,Medium,Rickshaw,Main Road,60,48.4,6,86.7,32.2,0
8079,Quetta,Wednesday,22,Rain,Severe,Rickshaw,School Zone,40,10.0,27,69.0,72.0,1
8080,Multan,Saturday,3,Fog,Severe,Rickshaw,Highway,100,55.0,6,33.2,69.4,1
8081,Karachi,Sunday,14,Clear,Medium,Car,School Zone,40,43.8,32,80.2,51.6,0
8082,Lahore,Friday,23,Rain,Medium,Motorcycle,Market,50,21.9,20,84.1,19.0,0
8083,Karachi,Wednesday,0,Clear,Medium,Car,Market,50,32.5,16,95.9,20.3,0
8084,Multan,Friday,6,Dust,Medium,Van,Highway,100,100.1,9,63.8,61.6,0
8085,Rawalpindi,Saturday,11,Clear,Medium,Motorcycle,Market,50,39.1,20,98.1,25.9,0
8086,Karachi,Thursday,9,Clear,Medium,Car,Market,50,56.8,17,97.6,47.9,1
8087,Karachi,Saturday,4,Clear,Low,Rickshaw,Residential,50,49.6,10,77.4,34.7,0
8088,Rawalpindi,Friday,11,Clear,High,Motorcycle,Main Road,60,34.8,5,94.8,30.6,0
8089,Rawalpindi,Wednesday,17,Clear,Medium,Rickshaw,Highway,100,99.4,3,99.1,44.3,1
8090,Multan,Monday,9,Clear,Medium,Motorcycle,Residential,50,32.7,4,90.0,21.5,0
8091,Lahore,Friday,5,Clear,High,Motorcycle,Main Road,60,44.0,11,90.2,53.5,0
8092,Peshawar,Tuesday,11,Clear,High,Car,Residential,50,37.9,7,90.6,44.5,0
8093,Rawalpindi,Monday,6,Rain,Low,Motorcycle,Market,50,19.3,16,75.8,56.6,0
8094,Lahore,Sunday,17,Clear,Medium,Car,Main Road,60,39.9,8,81.0,11.3,0
8095,Multan,Friday,1,Rain,Severe,Van,Market,50,43.0,18,83.5,53.8,0
8096,Karachi,Tuesday,9,Rain,Medium,Car,Main Road,60,28.4,7,57.1,27.9,0
8097,Karachi,Sunday,14,Clear,Medium,Van,Main Road,60,51.0,5,91.3,23.3,0
8098,Quetta,Saturday,11,Clear,Low,Van,Market,50,45.7,22,100.0,33.2,0
8099,Islamabad,Monday,16,Dust,High,Motorcycle,Residential,50,37.1,7,67.3,41.7,0
8100,Rawalpindi,Friday,3,Clear,Low,Car,Residential,50,61.6,12,94.2,40.1,0
8101,Multan,Thursday,6,Clear,High,Van,Residential,50,14.3,7,82.7,33.7,0
8102,Lahore,Saturday,8,Clear,Medium,Motorcycle,School Zone,40,35.1,39,100.0,52.4,1
8103,Quetta,Tuesday,18,Clear,Medium,Car,Main Road,60,57.1,5,95.0,19.2,0
8104,Lahore,Thursday,22,Clear,Medium,Car,Residential,50,59.3,9,89.0,60.4,0
8105,Peshawar,Wednesday,6,Fog,Medium,Rickshaw,Highway,100,72.2,6,40.3,54.5,0
8106,Quetta,Saturday,22,Dust,Medium,Motorcycle,Main Road,60,63.9,9,64.5,52.0,0
8107,Multan,Saturday,1,Dust,Medium,Motorcycle,Main Road,60,64.6,15,62.0,53.2,0
8108,Lahore,Friday,5,Clear,Medium,Motorcycle,Main Road,60,40.2,11,91.6,42.8,0
8109,Rawalpindi,Friday,17,Fog,Medium,Motorcycle,Main Road,60,72.5,9,32.3,63.8,0
8110,Lahore,Tuesday,5,Cloudy,Low,Motorcycle,Main Road,60,75.3,13,98.9,58.7,1
8111,Islamabad,Saturday,12,Dust,High,Car,Residential,50,23.7,8,67.1,33.7,0
8112,Karachi,Friday,18,Cloudy,High,Bus,Market,50,18.8,22,93.4,70.7,1
8113,Karachi,Wednesday,1,Clear,Low,Car,Main Road,60,76.5,8,88.6,44.3,0
8114,Quetta,Sunday,11,Dust,Low,Car,Main Road,60,43.3,4,67.8,35.6,0
8115,Lahore,Sunday,14,Clear,Low,Rickshaw,Market,50,41.3,17,89.9,17.6,0
8116,Lahore,Sunday,13,Fog,High,Car,School Zone,40,19.9,35,49.0,66.3,1
8117,Lahore,Friday,5,Clear,High,Car,Main Road,60,33.3,5,79.5,23.0,0
8118,Lahore,Saturday,17,Fog,Medium,Car,Residential,50,27.1,9,46.2,29.2,0
8119,Islamabad,Sunday,4,Clear,High,Rickshaw,Main Road,60,45.5,6,87.8,32.1,0
8120,Rawalpindi,Monday,17,Clear,Severe,Motorcycle,Residential,50,14.7,10,83.3,52.3,0
8121,Islamabad,Thursday,2,Cloudy,Severe,Van,Main Road,60,39.5,11,100.0,50.3,0
8122,Multan,Saturday,2,Cloudy,Severe,Rickshaw,Main Road,60,22.7,9,96.0,58.5,1
8123,Multan,Wednesday,21,Rain,High,Car,Market,50,30.8,21,70.9,54.5,0
8124,Islamabad,Saturday,21,Clear,Low,Car,Highway,100,94.2,5,93.2,38.2,0
8125,Islamabad,Wednesday,9,Clear,Low,Rickshaw,Market,50,58.0,18,85.2,44.7,0
8126,Karachi,Saturday,18,Clear,High,Car,School Zone,40,24.9,31,86.3,44.5,0
8127,Multan,Sunday,2,Clear,Medium,Car,Market,50,54.4,19,88.5,47.4,0
8128,Islamabad,Thursday,11,Cloudy,Medium,Rickshaw,Highway,100,105.9,7,87.8,36.2,0
8129,Lahore,Thursday,15,Clear,Low,Car,Residential,50,35.3,11,87.2,12.3,0
8130,Islamabad,Wednesday,16,Clear,High,Car,Main Road,60,30.5,10,92.2,35.9,0
8131,Lahore,Saturday,6,Fog,Medium,Motorcycle,Market,50,12.8,24,44.1,47.5,0
8132,Quetta,Thursday,12,Clear,Low,Motorcycle,School Zone,40,34.4,34,82.9,47.3,0
8133,Multan,Tuesday,23,Cloudy,High,Car,School Zone,40,10.0,44,99.1,53.2,1
8134,Rawalpindi,Saturday,1,Clear,Severe,Motorcycle,Residential,50,31.7,7,89.0,55.3,0
8135,Karachi,Thursday,3,Clear,Medium,Motorcycle,Residential,50,38.0,8,92.4,21.2,0
8136,Rawalpindi,Monday,9,Cloudy,High,Car,Main Road,60,68.6,10,77.2,48.2,0
8137,Quetta,Monday,6,Clear,Low,Motorcycle,Market,50,46.2,24,95.3,43.2,0
8138,Rawalpindi,Tuesday,23,Cloudy,Low,Motorcycle,Highway,100,112.3,10,100.0,45.5,0
8139,Karachi,Thursday,16,Dust,Medium,Motorcycle,Main Road,60,54.3,4,69.4,54.3,1
8140,Lahore,Monday,19,Rain,High,Car,Highway,100,91.1,6,56.0,70.9,1
8141,Quetta,Sunday,5,Dust,Severe,Motorcycle,Residential,50,31.7,7,78.6,46.7,0
8142,Quetta,Saturday,18,Cloudy,High,Bus,Market,50,10.0,22,89.0,44.0,0
8143,Lahore,Friday,4,Clear,Medium,Car,Main Road,60,43.8,9,97.1,17.5,0
8144,Lahore,Thursday,9,Clear,High,Motorcycle,Main Road,60,55.6,6,82.1,62.4,1
8145,Karachi,Tuesday,8,Rain,Medium,Motorcycle,School Zone,40,24.0,44,69.7,59.1,0
8146,Multan,Thursday,12,Cloudy,Low,Van,School Zone,40,25.8,37,100.0,49.9,0
8147,Islamabad,Wednesday,18,Clear,High,Motorcycle,Highway,100,107.1,5,92.8,49.4,0
8148,Multan,Wednesday,20,Clear,High,Rickshaw,Residential,50,18.7,5,93.4,30.4,0
8149,Peshawar,Monday,23,Clear,Severe,Motorcycle,Main Road,60,33.8,3,86.8,51.2,1
8150,Islamabad,Wednesday,5,Clear,Medium,Motorcycle,Main Road,60,19.9,5,77.8,19.9,0
8151,Multan,Tuesday,3,Clear,Severe,Motorcycle,Main Road,60,42.1,6,100.0,53.0,0
8152,Islamabad,Monday,23,Cloudy,Low,Car,Residential,50,40.5,6,98.0,29.3,0
8153,Rawalpindi,Tuesday,2,Clear,Medium,Car,Highway,100,115.9,6,100.0,19.0,0
8154,Peshawar,Saturday,2,Cloudy,High,Rickshaw,Highway,100,83.8,6,99.0,36.2,0
8155,Lahore,Tuesday,3,Rain,Medium,Van,Highway,100,86.7,9,72.5,24.3,0
8156,Islamabad,Wednesday,4,Clear,Low,Car,Main Road,60,69.6,10,93.4,54.0,0
8157,Multan,Saturday,7,Clear,High,Van,Highway,100,82.6,8,92.6,23.5,0
8158,Karachi,Wednesday,15,Clear,High,Motorcycle,Highway,100,74.6,13,86.8,55.3,1
8159,Islamabad,Tuesday,21,Cloudy,Medium,Motorcycle,Main Road,60,32.2,7,91.9,36.5,0
8160,Lahore,Wednesday,2,Cloudy,Medium,Rickshaw,Residential,50,38.3,7,91.1,15.7,0
8161,Multan,Wednesday,23,Clear,High,Car,Residential,50,32.5,5,93.3,23.3,0
8162,Islamabad,Wednesday,11,Clear,High,Car,Highway,100,79.1,9,75.2,32.6,0
8163,Quetta,Thursday,7,Clear,High,Car,Highway,100,75.9,12,97.8,45.7,0
8164,Rawalpindi,Saturday,12,Rain,High,Motorcycle,Residential,50,23.8,5,73.3,45.4,0
8165,Rawalpindi,Saturday,3,Clear,Low,Motorcycle,Main Road,60,43.3,11,94.7,37.6,0
8166,Islamabad,Sunday,13,Rain,Medium,Motorcycle,Main Road,60,48.1,2,82.0,37.6,0
8167,Rawalpindi,Saturday,13,Cloudy,Medium,Motorcycle,Market,50,60.0,21,91.5,27.2,0
8168,Karachi,Sunday,12,Clear,Low,Motorcycle,Residential,50,53.7,17,94.8,56.0,0
8169,Peshawar,Tuesday,5,Cloudy,Low,Motorcycle,School Zone,40,38.2,32,83.3,71.8,0
8170,Islamabad,Sunday,16,Clear,Low,Car,School Zone,40,36.2,41,91.0,48.9,0
8171,Karachi,Sunday,3,Clear,Low,Motorcycle,School Zone,40,28.7,30,100.0,31.8,0
8172,Quetta,Friday,7,Clear,Medium,Car,Main Road,60,35.4,6,91.0,23.7,0
8173,Karachi,Tuesday,16,Clear,Medium,Motorcycle,Main Road,60,65.8,7,79.9,26.1,1
8174,Karachi,Saturday,2,Clear,Medium,Motorcycle,Main Road,60,52.6,11,80.6,23.1,0
8175,Quetta,Monday,16,Rain,Medium,Van,Main Road,60,22.4,3,65.9,60.3,0
8176,Lahore,Wednesday,8,Fog,Medium,Motorcycle,School Zone,40,35.6,35,34.5,56.7,1
8177,Islamabad,Wednesday,1,Cloudy,Low,Rickshaw,School Zone,40,49.0,34,82.5,53.6,0
8178,Islamabad,Friday,12,Clear,Medium,Rickshaw,Residential,50,37.8,11,93.7,25.7,0
8179,Islamabad,Monday,19,Fog,High,Van,School Zone,40,34.8,39,53.7,69.6,0
8180,Peshawar,Thursday,1,Clear,High,Rickshaw,Market,50,50.7,31,77.2,57.6,1
8181,Karachi,Sunday,19,Clear,Medium,Rickshaw,Residential,50,34.1,6,89.2,12.8,0
8182,Islamabad,Tuesday,10,Clear,High,Motorcycle,Market,50,24.1,20,90.4,50.9,0
8183,Rawalpindi,Thursday,21,Cloudy,High,Rickshaw,Residential,50,24.7,5,90.5,39.6,0
8184,Lahore,Monday,14,Clear,Medium,Car,Main Road,60,48.4,7,100.0,18.3,0
8185,Quetta,Friday,10,Cloudy,Severe,Car,Main Road,60,43.0,4,91.7,44.4,0
8186,Quetta,Monday,22,Clear,High,Motorcycle,Residential,50,32.9,5,85.8,51.6,0
8187,Peshawar,Friday,2,Cloudy,Medium,Motorcycle,Residential,50,29.4,7,83.8,15.1,0
8188,Multan,Thursday,2,Cloudy,High,Car,Highway,100,101.1,5,93.2,56.3,0
8189,Quetta,Thursday,11,Dust,Severe,Bus,Residential,50,10.0,6,72.1,47.3,0
8190,Lahore,Monday,23,Fog,Severe,Car,Highway,100,77.3,16,44.6,59.0,0
8191,Multan,Monday,4,Cloudy,Severe,Motorcycle,School Zone,40,10.0,33,76.9,68.4,1
8192,Karachi,Sunday,19,Clear,Low,Motorcycle,Highway,100,107.9,6,90.2,47.0,0
8193,Quetta,Wednesday,6,Cloudy,Medium,Motorcycle,Main Road,60,57.8,6,91.8,44.4,0
8194,Multan,Friday,6,Clear,Medium,Motorcycle,Residential,50,56.8,7,97.0,41.3,0
8195,Multan,Wednesday,12,Fog,Medium,Car,Highway,100,41.1,6,53.7,34.0,0
8196,Quetta,Tuesday,8,Dust,Low,Car,Residential,50,45.5,8,45.6,69.2,1
8197,Rawalpindi,Tuesday,20,Clear,High,Car,Highway,100,65.8,12,91.3,38.4,0
8198,Karachi,Monday,12,Rain,High,Motorcycle,Highway,100,95.4,2,92.8,91.5,1
8199,Islamabad,Thursday,11,Clear,High,Rickshaw,Main Road,60,31.3,8,94.1,40.8,0
8200,Lahore,Tuesday,12,Clear,Medium,Motorcycle,Residential,50,29.3,5,82.3,15.9,0
8201,Quetta,Tuesday,23,Rain,Medium,Car,Highway,100,83.0,12,78.6,13.2,0
8202,Rawalpindi,Wednesday,9,Clear,High,Motorcycle,Main Road,60,46.9,9,95.7,35.0,0
8203,Lahore,Wednesday,0,Fog,Medium,Car,Residential,50,40.9,6,56.3,38.6,0
8204,Multan,Sunday,7,Clear,High,Motorcycle,Main Road,60,34.3,7,100.0,57.3,1
8205,Peshawar,Sunday,21,Dust,Low,Bus,Main Road,60,70.8,8,63.9,40.3,0
8206,Rawalpindi,Tuesday,15,Cloudy,Medium,Car,Main Road,60,49.1,10,79.5,24.7,0
8207,Multan,Monday,12,Dust,Low,Car,Residential,50,36.6,12,58.5,40.5,0
8208,Peshawar,Wednesday,2,Clear,Low,Motorcycle,School Zone,40,21.7,35,96.1,56.9,1
8209,Quetta,Tuesday,2,Clear,High,Car,Residential,50,26.0,10,84.3,36.4,0
8210,Rawalpindi,Thursday,23,Dust,Medium,Rickshaw,Highway,100,96.1,7,66.6,33.6,0
8211,Islamabad,Wednesday,4,Cloudy,Severe,Motorcycle,Market,50,14.6,21,78.9,59.9,1
8212,Multan,Tuesday,10,Clear,High,Bus,Highway,100,72.5,11,97.1,34.1,0
8213,Lahore,Sunday,6,Cloudy,High,Motorcycle,Highway,100,100.3,5,83.7,52.3,0
8214,Lahore,Friday,20,Fog,Low,Motorcycle,Main Road,60,50.7,5,54.9,41.4,0
8215,Multan,Wednesday,23,Rain,Low,Bus,Main Road,60,60.0,7,78.1,64.3,0
8216,Multan,Friday,9,Cloudy,Medium,Car,School Zone,40,24.1,33,96.3,24.9,0
8217,Karachi,Wednesday,9,Dust,Severe,Bus,Highway,100,100.3,11,77.3,63.1,0
8218,Rawalpindi,Wednesday,19,Clear,Low,Van,Residential,50,53.1,6,83.1,51.9,0
8219,Rawalpindi,Sunday,1,Fog,Medium,Van,Market,50,24.2,22,44.9,35.1,0
8220,Multan,Saturday,2,Cloudy,Low,Van,Highway,100,115.0,6,91.6,13.5,0
8221,Peshawar,Saturday,7,Clear,High,Car,Main Road,60,42.2,11,81.5,31.6,0
8222,Rawalpindi,Friday,10,Clear,High,Motorcycle,Main Road,60,37.5,5,78.9,27.4,0
8223,Lahore,Monday,12,Clear,Low,Motorcycle,Main Road,60,88.1,5,92.4,29.7,1
8224,Rawalpindi,Tuesday,6,Cloudy,High,Car,Main Road,60,42.1,7,90.4,51.3,0
8225,Karachi,Monday,12,Rain,Severe,Car,Main Road,60,33.0,13,68.8,48.1,0
8226,Karachi,Monday,1,Dust,Medium,Van,Residential,50,53.3,6,44.7,43.2,0
8227,Multan,Saturday,5,Fog,Medium,Car,Main Road,60,28.0,8,46.1,58.9,0
8228,Lahore,Tuesday,8,Clear,Low,Motorcycle,Main Road,60,33.8,9,82.1,15.5,0
8229,Lahore,Saturday,19,Cloudy,Severe,Car,Residential,50,13.6,8,95.6,43.8,0
8230,Lahore,Saturday,1,Cloudy,Medium,Motorcycle,Market,50,33.7,30,100.0,19.7,0
8231,Rawalpindi,Sunday,17,Clear,Medium,Motorcycle,Residential,50,62.8,9,93.4,60.5,0
8232,Rawalpindi,Saturday,15,Cloudy,Low,Bus,Main Road,60,66.1,9,79.8,58.2,0
8233,Islamabad,Thursday,11,Clear,Severe,Motorcycle,Residential,50,19.3,10,93.7,52.9,0
8234,Quetta,Monday,6,Clear,High,Rickshaw,Residential,50,41.8,3,85.5,20.5,0
8235,Multan,Sunday,6,Clear,Low,Motorcycle,Residential,50,20.2,11,98.4,35.0,0
8236,Quetta,Sunday,16,Rain,Low,Car,Main Road,60,53.2,9,84.9,39.6,0
8237,Peshawar,Monday,12,Cloudy,Severe,Bus,Residential,50,10.0,5,91.8,41.2,0
8238,Rawalpindi,Sunday,10,Rain,High,Rickshaw,Highway,100,68.0,8,90.7,36.1,0
8239,Islamabad,Monday,5,Cloudy,Low,Rickshaw,Highway,100,94.4,6,94.5,31.7,0
8240,Islamabad,Thursday,22,Clear,High,Motorcycle,Residential,50,27.3,5,97.8,50.3,1
8241,Karachi,Wednesday,13,Clear,Medium,Bus,School Zone,40,10.0,37,85.8,41.3,0
8242,Rawalpindi,Sunday,5,Clear,High,Motorcycle,Highway,100,83.7,6,100.0,50.0,0
8243,Islamabad,Friday,5,Clear,Medium,Rickshaw,Main Road,60,65.0,5,90.7,46.2,0
8244,Karachi,Friday,1,Fog,Medium,Rickshaw,Residential,50,31.5,11,38.8,59.2,0
8245,Peshawar,Thursday,21,Cloudy,Low,Rickshaw,Main Road,60,72.9,7,76.7,31.6,0
8246,Karachi,Monday,19,Clear,Medium,Motorcycle,Market,50,53.5,18,93.7,44.6,0
8247,Peshawar,Friday,14,Clear,Low,Motorcycle,Main Road,60,66.0,5,88.6,42.3,0
8248,Quetta,Thursday,16,Cloudy,Low,Car,Main Road,60,67.8,7,93.7,48.4,1
8249,Quetta,Saturday,7,Cloudy,Low,Motorcycle,School Zone,40,72.7,32,75.5,63.8,1
8250,Lahore,Tuesday,4,Cloudy,High,Car,Residential,50,32.6,9,92.4,45.8,0
8251,Lahore,Friday,16,Clear,High,Car,School Zone,40,14.2,34,88.5,46.8,0
8252,Multan,Tuesday,19,Cloudy,Low,Motorcycle,Main Road,60,63.3,9,84.0,53.3,0
8253,Karachi,Monday,0,Clear,High,Rickshaw,Main Road,60,21.0,7,100.0,22.3,0
8254,Multan,Friday,21,Rain,High,Rickshaw,Main Road,60,26.6,7,65.6,40.8,0
8255,Lahore,Thursday,17,Clear,Low,Rickshaw,Residential,50,40.8,11,88.2,23.7,0
8256,Rawalpindi,Wednesday,14,Clear,Low,Motorcycle,School Zone,40,57.8,34,88.5,60.7,1
8257,Karachi,Friday,4,Cloudy,Medium,Car,Market,50,42.3,18,94.4,36.8,0
8258,Islamabad,Friday,6,Clear,Medium,Motorcycle,Main Road,60,42.2,7,93.2,15.5,0
8259,Rawalpindi,Friday,17,Cloudy,High,Bus,Residential,50,39.8,10,74.6,40.9,0
8260,Multan,Friday,5,Clear,Medium,Rickshaw,Highway,100,66.4,12,100.0,13.0,0
8261,Karachi,Thursday,21,Clear,Low,Car,Residential,50,37.5,8,79.8,8.1,0
8262,Multan,Thursday,20,Dust,High,Car,Residential,50,24.2,7,64.3,46.7,0
8263,Quetta,Wednesday,4,Clear,Low,Bus,Market,50,51.8,22,82.3,42.9,0
8264,Peshawar,Thursday,18,Clear,Medium,Motorcycle,School Zone,40,61.6,37,87.6,48.6,0
8265,Multan,Thursday,9,Clear,High,Motorcycle,Residential,50,21.6,9,100.0,57.4,0
8266,Lahore,Monday,14,Dust,High,Motorcycle,Highway,100,89.4,3,68.2,62.5,1
8267,Lahore,Sunday,9,Cloudy,Medium,Car,Highway,100,100.8,13,100.0,59.4,1
8268,Lahore,Monday,15,Fog,Low,Van,Market,50,42.2,21,51.9,48.2,0
8269,Karachi,Sunday,11,Rain,High,Rickshaw,Highway,100,90.4,6,87.9,53.5,0
8270,Rawalpindi,Tuesday,17,Rain,High,Motorcycle,Residential,50,36.2,14,79.8,47.5,0
8271,Peshawar,Wednesday,22,Clear,Severe,Motorcycle,Market,50,13.1,23,93.8,53.8,1
8272,Lahore,Sunday,0,Dust,Medium,Car,Highway,100,85.6,6,67.9,26.1,0
8273,Rawalpindi,Monday,15,Clear,Low,Van,Residential,50,47.0,5,93.6,41.3,0
8274,Multan,Wednesday,21,Dust,Severe,Motorcycle,Residential,50,41.8,9,58.8,41.8,0
8275,Islamabad,Wednesday,5,Rain,Medium,Van,Market,50,18.6,16,76.6,39.9,0
8276,Quetta,Friday,2,Cloudy,Low,Motorcycle,Highway,100,93.4,14,82.1,46.7,0
8277,Islamabad,Saturday,1,Clear,Medium,Rickshaw,Main Road,60,71.9,6,87.7,22.7,0
8278,Peshawar,Saturday,1,Cloudy,Low,Rickshaw,Highway,100,90.3,10,95.6,32.2,0
8279,Lahore,Saturday,12,Cloudy,Medium,Rickshaw,Main Road,60,58.3,5,88.3,33.6,0
8280,Islamabad,Wednesday,8,Clear,Medium,Rickshaw,Main Road,60,45.4,7,82.6,19.0,0
8281,Quetta,Friday,15,Fog,Severe,Motorcycle,Highway,100,80.1,10,55.6,73.4,1
8282,Rawalpindi,Tuesday,4,Cloudy,High,Rickshaw,Main Road,60,48.4,7,97.8,29.3,0
8283,Rawalpindi,Tuesday,22,Clear,Medium,Bus,Main Road,60,81.3,5,90.5,35.5,0
8284,Islamabad,Saturday,20,Cloudy,Medium,Rickshaw,Market,50,43.2,26,95.5,12.7,0
8285,Multan,Tuesday,6,Rain,High,Car,Market,50,17.2,12,78.7,28.0,0
8286,Multan,Friday,12,Dust,High,Car,School Zone,40,31.0,37,65.2,45.4,0
8287,Lahore,Saturday,19,Cloudy,Low,Bus,School Zone,40,37.8,28,88.1,32.2,0
8288,Quetta,Sunday,23,Clear,Medium,Motorcycle,Main Road,60,67.5,4,81.7,50.7,0
8289,Peshawar,Sunday,12,Clear,Medium,Rickshaw,Residential,50,42.9,2,90.3,20.5,0
8290,Lahore,Friday,6,Clear,Medium,Motorcycle,Main Road,60,35.2,9,88.5,7.0,0
8291,Karachi,Tuesday,9,Clear,Medium,Motorcycle,Residential,50,44.1,10,95.2,37.0,0
8292,Islamabad,Saturday,14,Rain,Low,Car,Residential,50,30.4,5,80.2,34.1,0
8293,Karachi,Sunday,20,Clear,Medium,Rickshaw,Main Road,60,43.9,6,90.2,7.8,0
8294,Islamabad,Friday,5,Clear,High,Bus,Residential,50,20.7,9,71.3,41.7,0
8295,Peshawar,Thursday,4,Rain,Low,Van,Main Road,60,70.5,5,77.9,41.5,0
8296,Lahore,Sunday,22,Clear,Low,Motorcycle,Highway,100,89.9,7,100.0,19.0,0
8297,Quetta,Thursday,1,Clear,Low,Motorcycle,School Zone,40,22.7,42,94.2,50.6,1
8298,Multan,Friday,20,Cloudy,High,Car,Main Road,60,21.7,12,100.0,36.8,0
8299,Multan,Friday,14,Clear,Medium,Motorcycle,Market,50,52.5,20,84.4,56.2,0
8300,Lahore,Monday,15,Cloudy,High,Motorcycle,Main Road,60,41.1,5,90.7,39.4,0
8301,Islamabad,Sunday,18,Rain,Medium,Motorcycle,Residential,50,49.8,12,81.5,57.9,0
8302,Multan,Monday,8,Fog,Medium,Car,Market,50,36.1,23,54.5,42.0,0
8303,Rawalpindi,Wednesday,21,Clear,Medium,Rickshaw,Main Road,60,66.4,8,87.3,45.8,0
8304,Karachi,Sunday,18,Clear,Medium,Bus,Residential,50,29.3,8,100.0,28.3,0
8305,Quetta,Saturday,6,Cloudy,Medium,Car,School Zone,40,19.7,38,100.0,30.9,1
8306,Quetta,Wednesday,3,Clear,Medium,Motorcycle,Main Road,60,44.8,11,77.6,32.9,0
8307,Multan,Wednesday,2,Clear,Low,Motorcycle,Market,50,47.3,13,88.7,54.3,1
8308,Lahore,Tuesday,23,Clear,High,Motorcycle,Highway,100,78.5,7,86.4,47.3,0
8309,Lahore,Thursday,19,Cloudy,Low,Car,Highway,100,101.8,8,80.2,33.8,0
8310,Islamabad,Tuesday,10,Dust,Medium,Car,Highway,100,84.3,8,66.2,54.4,1
8311,Rawalpindi,Saturday,0,Fog,Low,Motorcycle,Main Road,60,34.7,4,48.1,54.5,1
8312,Karachi,Friday,5,Dust,High,Van,School Zone,40,12.7,41,77.3,56.8,1
8313,Rawalpindi,Monday,10,Clear,Medium,Car,Highway,100,76.9,11,93.0,32.0,0
8314,Quetta,Saturday,0,Cloudy,Low,Motorcycle,School Zone,40,10.0,26,88.8,22.8,0
8315,Rawalpindi,Friday,20,Clear,Low,Car,School Zone,40,31.6,28,95.5,16.0,0
8316,Multan,Saturday,6,Fog,Low,Motorcycle,Residential,50,51.2,7,58.2,69.8,1
8317,Islamabad,Friday,5,Dust,High,Car,Market,50,44.4,32,48.5,51.9,0
8318,Rawalpindi,Sunday,13,Fog,High,Motorcycle,Highway,100,83.3,6,56.6,63.4,1
8319,Karachi,Monday,1,Dust,Severe,Motorcycle,Highway,100,74.4,7,74.4,40.9,0
8320,Quetta,Friday,3,Cloudy,Low,Car,School Zone,40,41.3,38,100.0,54.5,0
8321,Peshawar,Wednesday,10,Rain,Low,Car,School Zone,40,31.8,28,56.3,29.2,0
8322,Quetta,Saturday,14,Fog,Medium,Motorcycle,Residential,50,29.8,11,56.8,44.2,0
8323,Peshawar,Monday,17,Cloudy,Low,Rickshaw,Market,50,46.0,29,89.8,36.3,0
8324,Karachi,Friday,0,Dust,High,Motorcycle,Main Road,60,39.9,7,73.5,41.4,0
8325,Quetta,Wednesday,2,Fog,Severe,Rickshaw,Highway,100,42.9,9,42.1,76.6,1
8326,Quetta,Wednesday,2,Cloudy,Medium,Motorcycle,Main Road,60,35.9,6,85.3,35.8,0
8327,Quetta,Sunday,6,Clear,Medium,Motorcycle,School Zone,40,34.5,31,100.0,39.3,0
8328,Quetta,Thursday,0,Clear,Medium,Motorcycle,School Zone,40,28.7,41,82.7,36.2,1
8329,Islamabad,Wednesday,10,Clear,High,Motorcycle,Main Road,60,20.9,7,83.3,41.9,0
8330,Lahore,Tuesday,5,Clear,Medium,Van,Residential,50,48.7,7,91.8,47.3,1
8331,Quetta,Monday,19,Clear,Severe,Motorcycle,Main Road,60,42.6,15,84.8,56.8,0
8332,Islamabad,Monday,2,Cloudy,High,Car,Residential,50,41.1,9,94.5,25.9,0
8333,Karachi,Monday,18,Clear,High,Rickshaw,Main Road,60,58.4,9,79.6,48.2,0
8334,Quetta,Friday,1,Fog,Low,Motorcycle,Main Road,60,55.1,10,48.0,59.0,0
8335,Rawalpindi,Saturday,17,Clear,Severe,Motorcycle,Residential,50,41.6,7,78.0,41.2,0
8336,Quetta,Friday,11,Dust,High,Rickshaw,Main Road,60,51.6,5,71.1,56.0,1
8337,Multan,Tuesday,9,Clear,Medium,Motorcycle,Market,50,24.1,28,78.5,27.2,0
8338,Quetta,Saturday,4,Cloudy,Medium,Rickshaw,Market,50,61.6,31,77.8,47.8,0
8339,Peshawar,Sunday,8,Cloudy,Low,Car,Residential,50,50.9,5,97.7,22.4,0
8340,Rawalpindi,Wednesday,1,Rain,Low,Car,Main Road,60,61.8,9,86.6,59.5,0
8341,Quetta,Friday,1,Cloudy,Low,Van,Main Road,60,58.8,9,90.9,48.3,0
8342,Quetta,Saturday,5,Clear,Severe,Rickshaw,Main Road,60,33.0,9,85.3,49.5,0
8343,Quetta,Wednesday,9,Clear,High,Rickshaw,Market,50,24.3,16,79.6,32.0,0
8344,Islamabad,Saturday,17,Clear,High,Car,Main Road,60,39.7,7,91.4,32.8,0
8345,Karachi,Wednesday,11,Clear,High,Motorcycle,School Zone,40,38.9,26,93.4,58.0,0
8346,Peshawar,Saturday,3,Cloudy,Medium,Rickshaw,Highway,100,91.3,14,80.0,58.0,0
8347,Quetta,Friday,21,Cloudy,Low,Motorcycle,Main Road,60,84.7,6,93.5,53.3,0
8348,Karachi,Friday,20,Dust,Low,Rickshaw,Main Road,60,83.2,10,79.0,32.5,0
8349,Peshawar,Tuesday,16,Dust,Severe,Rickshaw,Market,50,10.0,24,63.8,35.6,0
8350,Peshawar,Sunday,14,Clear,Low,Rickshaw,Highway,100,94.4,9,93.0,41.8,0
8351,Multan,Sunday,5,Clear,High,Car,Market,50,40.5,27,87.9,23.8,0
8352,Peshawar,Thursday,15,Rain,High,Motorcycle,Main Road,60,35.9,5,68.2,50.2,1
8353,Quetta,Monday,16,Clear,Medium,Bus,Highway,100,80.9,9,90.5,17.7,0
8354,Islamabad,Friday,2,Cloudy,Severe,Van,School Zone,40,11.6,39,92.9,46.9,0
8355,Quetta,Friday,9,Cloudy,Low,Rickshaw,Main Road,60,69.6,5,87.7,38.7,0
8356,Quetta,Wednesday,4,Cloudy,High,Rickshaw,Highway,100,92.5,6,84.4,49.1,0
8357,Karachi,Thursday,13,Dust,High,Car,Market,50,52.1,25,67.5,58.2,0
8358,Lahore,Sunday,20,Fog,Severe,Motorcycle,Residential,50,18.5,12,53.1,74.0,1
8359,Lahore,Friday,12,Fog,Severe,Rickshaw,Market,50,25.4,20,59.9,60.3,0
8360,Multan,Saturday,5,Rain,Low,Motorcycle,Main Road,60,43.7,9,79.8,44.8,0
8361,Lahore,Sunday,11,Dust,Medium,Motorcycle,Highway,100,87.8,12,71.9,40.0,0
8362,Karachi,Thursday,7,Clear,High,Rickshaw,Market,50,45.8,14,82.4,52.5,0
8363,Rawalpindi,Monday,4,Dust,Low,Bus,Main Road,60,70.9,9,78.3,70.6,1
8364,Multan,Saturday,14,Clear,Medium,Motorcycle,Highway,100,96.2,5,90.1,47.9,0
8365,Karachi,Wednesday,15,Rain,High,Motorcycle,Main Road,60,40.9,10,93.5,63.9,1
8366,Peshawar,Tuesday,0,Clear,Medium,Rickshaw,Residential,50,28.3,3,91.5,0.0,0
8367,Quetta,Saturday,15,Clear,High,Van,Main Road,60,16.6,13,96.8,22.7,0
8368,Rawalpindi,Sunday,4,Clear,High,Motorcycle,Market,50,44.5,26,87.3,45.3,0
8369,Peshawar,Monday,2,Clear,High,Rickshaw,Highway,100,69.8,3,100.0,16.9,0
8370,Multan,Saturday,19,Clear,High,Car,School Zone,40,25.3,24,86.9,48.6,0
8371,Quetta,Thursday,14,Clear,Severe,Car,Main Road,60,32.5,8,88.7,41.8,0
8372,Quetta,Thursday,12,Dust,Medium,Rickshaw,Residential,50,39.9,8,49.5,17.7,0
8373,Multan,Monday,23,Dust,Low,Car,Residential,50,56.8,8,76.8,51.3,0
8374,Peshawar,Sunday,15,Rain,Medium,Bus,Main Road,60,53.8,6,75.6,25.3,0
8375,Karachi,Thursday,22,Dust,Severe,Car,Highway,100,79.0,13,72.5,61.8,1
8376,Lahore,Saturday,10,Rain,Low,Car,Main Road,60,49.1,9,89.9,26.6,0
8377,Rawalpindi,Tuesday,20,Fog,High,Car,Residential,50,16.2,15,37.3,60.3,0
8378,Multan,Saturday,1,Cloudy,Medium,Car,Main Road,60,27.8,6,90.3,7.0,0
8379,Multan,Tuesday,21,Cloudy,Severe,Rickshaw,Market,50,23.3,28,82.1,44.7,0
8380,Quetta,Thursday,5,Dust,Severe,Motorcycle,School Zone,40,18.5,28,67.1,45.4,0
8381,Islamabad,Saturday,5,Clear,High,Rickshaw,Highway,100,87.8,4,92.5,42.6,0
8382,Quetta,Thursday,13,Clear,Low,Motorcycle,Highway,100,104.2,10,82.5,45.6,0
8383,Lahore,Sunday,10,Rain,Low,Motorcycle,Main Road,60,53.6,6,73.4,22.6,0
8384,Quetta,Tuesday,7,Clear,Low,Van,Highway,100,96.6,7,92.2,28.0,0
8385,Islamabad,Sunday,7,Clear,Medium,Car,Main Road,60,22.7,11,82.8,0.0,0
8386,Multan,Thursday,0,Clear,Low,Bus,Residential,50,51.6,3,89.7,45.6,1
8387,Karachi,Friday,20,Dust,Medium,Rickshaw,Market,50,58.6,22,66.7,37.8,0
8388,Quetta,Wednesday,6,Fog,Low,Rickshaw,Main Road,60,29.9,8,39.6,57.4,1
8389,Rawalpindi,Saturday,5,Clear,High,Motorcycle,Market,50,26.4,30,83.1,39.1,1
8390,Karachi,Friday,20,Clear,High,Bus,School Zone,40,41.8,38,97.2,71.4,1
8391,Islamabad,Sunday,7,Clear,Medium,Rickshaw,Highway,100,89.7,6,92.7,17.5,0
8392,Peshawar,Thursday,18,Cloudy,Severe,Motorcycle,Main Road,60,30.3,14,69.0,74.7,1
8393,Quetta,Thursday,21,Clear,Low,Motorcycle,Main Road,60,50.7,4,92.6,43.8,0
8394,Multan,Wednesday,20,Clear,Low,Car,Market,50,20.6,19,97.2,25.0,0
8395,Multan,Thursday,23,Clear,Low,Motorcycle,Highway,100,100.1,11,86.7,58.9,0
8396,Karachi,Wednesday,19,Clear,Severe,Rickshaw,Residential,50,26.4,10,94.4,42.8,0
8397,Quetta,Saturday,7,Clear,Medium,Car,School Zone,40,30.9,38,100.0,45.0,0
8398,Rawalpindi,Tuesday,13,Cloudy,Severe,Car,Market,50,26.5,13,92.0,30.0,0
8399,Quetta,Wednesday,17,Clear,Low,Motorcycle,Main Road,60,76.5,7,85.2,37.8,0
8400,Karachi,Wednesday,15,Cloudy,High,Motorcycle,Main Road,60,33.5,6,86.1,33.0,0
8401,Lahore,Friday,8,Clear,Medium,Car,Highway,100,118.3,12,81.9,43.4,0
8402,Karachi,Thursday,14,Clear,High,Rickshaw,Main Road,60,58.2,6,93.8,42.5,0
8403,Islamabad,Saturday,9,Clear,Severe,Rickshaw,Main Road,60,49.1,6,80.1,38.5,0
8404,Karachi,Tuesday,21,Cloudy,Severe,Rickshaw,Highway,100,72.4,9,96.1,42.9,0
8405,Multan,Monday,15,Cloudy,High,Car,Main Road,60,49.1,7,100.0,28.2,0
8406,Rawalpindi,Sunday,3,Dust,Low,Motorcycle,Highway,100,89.5,8,48.9,32.0,0
8407,Karachi,Wednesday,19,Clear,High,Motorcycle,Market,50,18.1,22,78.3,44.7,0
8408,Karachi,Monday,12,Clear,High,Van,Market,50,48.0,20,83.8,55.7,0
8409,Rawalpindi,Thursday,21,Clear,Medium,Car,School Zone,40,47.7,41,79.9,67.4,1
8410,Karachi,Sunday,4,Clear,High,Rickshaw,Highway,100,99.7,6,98.6,59.3,1
8411,Multan,Wednesday,21,Clear,Low,Rickshaw,Main Road,60,44.9,13,85.0,8.2,0
8412,Rawalpindi,Monday,6,Clear,Low,Rickshaw,Highway,100,98.7,10,76.5,43.9,0
8413,Multan,Friday,22,Clear,High,Motorcycle,Market,50,42.4,21,90.9,47.7,0
8414,Multan,Monday,8,Cloudy,Medium,Bus,Main Road,60,44.0,6,89.3,27.0,0
8415,Multan,Sunday,7,Rain,Low,Bus,Highway,100,100.1,11,80.3,42.0,0
8416,Islamabad,Friday,15,Clear,Medium,Car,Main Road,60,47.4,7,85.7,18.0,0
8417,Rawalpindi,Sunday,5,Clear,High,Rickshaw,Highway,100,87.1,5,93.2,36.1,0
8418,Islamabad,Tuesday,15,Rain,High,Van,Market,50,38.8,27,64.8,33.3,0
8419,Islamabad,Thursday,5,Clear,Low,Motorcycle,Main Road,60,49.6,5,76.4,22.1,0
8420,Rawalpindi,Saturday,13,Rain,Severe,Car,Main Road,60,28.4,9,81.4,64.7,0
8421,Karachi,Monday,20,Fog,Low,Rickshaw,Residential,50,26.7,5,39.0,20.4,0
8422,Quetta,Wednesday,0,Dust,High,Bus,Residential,50,10.4,7,71.1,32.2,0
8423,Lahore,Sunday,8,Clear,Medium,Car,Highway,100,83.0,7,89.5,5.5,0
8424,Quetta,Sunday,23,Cloudy,Medium,Rickshaw,Highway,100,79.8,11,96.4,9.3,0
8425,Multan,Thursday,12,Rain,Medium,Bus,Market,50,25.0,16,80.0,20.1,0
8426,Rawalpindi,Monday,18,Clear,Medium,Car,Main Road,60,58.0,5,90.7,39.9,0
8427,Karachi,Wednesday,16,Rain,High,Motorcycle,Highway,100,64.9,9,86.6,43.8,0
8428,Islamabad,Wednesday,10,Clear,High,Car,Market,50,32.4,32,97.9,35.8,0
8429,Peshawar,Sunday,7,Dust,Low,Van,Main Road,60,81.0,12,68.2,59.3,0
8430,Lahore,Saturday,22,Clear,High,Van,Highway,100,75.9,8,87.5,35.6,1
8431,Quetta,Sunday,4,Clear,Medium,Bus,Highway,100,83.5,11,96.7,36.0,0
8432,Karachi,Saturday,9,Cloudy,High,Rickshaw,Highway,100,88.9,8,100.0,23.5,0
8433,Multan,Sunday,6,Clear,High,Motorcycle,Main Road,60,61.7,8,80.2,52.3,0
8434,Lahore,Sunday,9,Clear,Low,Motorcycle,Residential,50,30.8,8,82.1,40.1,0
8435,Multan,Wednesday,3,Clear,High,Rickshaw,Residential,50,28.3,6,91.5,31.4,0
8436,Peshawar,Saturday,8,Clear,Severe,Car,School Zone,40,10.0,44,94.8,41.1,0
8437,Peshawar,Wednesday,13,Cloudy,Low,Car,School Zone,40,44.3,39,89.3,53.7,0
8438,Peshawar,Monday,1,Clear,Medium,Rickshaw,Main Road,60,53.9,10,83.1,25.7,0
8439,Quetta,Sunday,8,Clear,High,Car,School Zone,40,34.4,38,88.4,55.5,1
8440,Multan,Tuesday,20,Clear,Low,Car,Highway,100,79.6,9,98.1,9.4,0
8441,Rawalpindi,Saturday,0,Clear,High,Motorcycle,Residential,50,10.0,9,99.3,43.2,0
8442,Lahore,Friday,22,Cloudy,Low,Van,Highway,100,101.7,6,95.0,36.6,0
8443,Rawalpindi,Friday,9,Clear,Severe,Van,Residential,50,19.5,8,100.0,50.8,0
8444,Multan,Friday,9,Dust,High,Motorcycle,School Zone,40,10.0,27,70.7,36.1,0
8445,Peshawar,Tuesday,19,Clear,Severe,Rickshaw,Residential,50,45.3,10,85.2,38.7,0
8446,Karachi,Wednesday,21,Clear,Medium,Rickshaw,Highway,100,59.7,7,97.0,25.6,0
8447,Peshawar,Wednesday,2,Cloudy,Low,Motorcycle,Main Road,60,36.8,9,82.6,42.0,0
8448,Rawalpindi,Thursday,5,Clear,Medium,Motorcycle,Highway,100,105.6,11,80.9,40.1,0
8449,Peshawar,Friday,5,Clear,Medium,Motorcycle,Market,50,54.2,15,90.0,59.5,1
8450,Multan,Friday,20,Clear,Severe,Motorcycle,Highway,100,89.7,13,84.0,72.7,1
8451,Peshawar,Wednesday,1,Clear,Severe,Car,Residential,50,38.8,9,81.3,42.3,0
8452,Rawalpindi,Friday,17,Cloudy,Medium,Car,Residential,50,34.4,7,96.6,18.4,0
8453,Rawalpindi,Wednesday,22,Cloudy,High,Van,Residential,50,42.1,8,79.5,19.4,0
8454,Multan,Sunday,1,Clear,Severe,Motorcycle,Residential,50,17.7,11,94.3,58.4,0
8455,Karachi,Sunday,11,Cloudy,High,Bus,Residential,50,16.2,10,85.9,36.1,0
8456,Rawalpindi,Wednesday,21,Fog,High,Car,Residential,50,10.0,5,45.9,55.1,1
8457,Multan,Saturday,4,Dust,Medium,Motorcycle,Main Road,60,39.9,6,65.1,38.2,0
8458,Karachi,Wednesday,19,Clear,Medium,Rickshaw,School Zone,40,23.2,27,86.2,13.7,0
8459,Islamabad,Monday,6,Clear,High,Car,Main Road,60,28.6,6,83.6,45.9,0
8460,Multan,Monday,23,Clear,High,Van,School Zone,40,21.4,30,88.7,35.0,0
8461,Islamabad,Monday,15,Clear,Low,Van,Highway,100,107.1,8,93.5,58.5,0
8462,Rawalpindi,Monday,19,Clear,Medium,Rickshaw,Residential,50,58.2,12,78.2,32.7,0
8463,Peshawar,Tuesday,0,Clear,High,Motorcycle,Residential,50,21.5,12,100.0,34.6,0
8464,Lahore,Thursday,0,Clear,High,Van,Main Road,60,30.0,8,100.0,24.7,0
8465,Peshawar,Thursday,16,Cloudy,Medium,Motorcycle,Main Road,60,61.1,9,85.0,53.7,1
8466,Rawalpindi,Wednesday,0,Clear,Medium,Van,Market,50,47.3,22,93.5,34.6,0
8467,Karachi,Sunday,20,Clear,High,Car,Main Road,60,42.6,3,88.3,39.4,0
8468,Multan,Friday,19,Clear,High,Car,Residential,50,34.5,7,97.1,33.0,0
8469,Peshawar,Monday,12,Cloudy,Medium,Bus,Highway,100,104.1,8,100.0,27.2,0
8470,Islamabad,Thursday,8,Cloudy,Severe,Car,Highway,100,52.7,9,78.7,37.2,1
8471,Quetta,Thursday,14,Fog,High,Rickshaw,Main Road,60,36.0,3,54.6,48.5,0
8472,Rawalpindi,Monday,2,Fog,High,Car,School Zone,40,10.0,31,37.5,72.9,0
8473,Peshawar,Sunday,13,Cloudy,Low,Car,Main Road,60,66.4,9,92.8,36.5,0
8474,Quetta,Tuesday,22,Dust,High,Car,Market,50,41.0,24,62.5,41.9,0
8475,Peshawar,Tuesday,10,Clear,High,Car,Main Road,60,45.8,6,99.7,42.6,0
8476,Karachi,Thursday,23,Cloudy,Medium,Car,Market,50,53.7,25,86.2,32.2,0
8477,Karachi,Tuesday,21,Cloudy,Low,Motorcycle,Market,50,68.8,18,81.4,33.1,0
8478,Karachi,Saturday,11,Cloudy,Medium,Bus,Main Road,60,54.6,7,90.0,38.1,0
8479,Quetta,Monday,12,Clear,Medium,Motorcycle,Market,50,38.0,19,91.9,20.8,0
8480,Lahore,Sunday,12,Clear,Low,Car,Residential,50,43.4,8,86.9,9.3,0
8481,Quetta,Thursday,0,Clear,High,Car,Market,50,32.7,28,87.1,13.1,0
8482,Rawalpindi,Monday,23,Cloudy,Medium,Rickshaw,Market,50,47.3,23,92.8,42.5,0
8483,Rawalpindi,Tuesday,9,Fog,High,Rickshaw,Highway,100,65.7,8,50.7,55.6,0
8484,Islamabad,Monday,2,Clear,High,Van,Main Road,60,53.3,9,93.6,28.4,0
8485,Islamabad,Tuesday,23,Dust,Medium,Motorcycle,Main Road,60,35.3,7,69.6,67.2,0
8486,Rawalpindi,Sunday,3,Clear,Medium,Motorcycle,Highway,100,92.4,4,82.8,54.2,0
8487,Peshawar,Tuesday,15,Fog,Severe,Car,Residential,50,10.0,10,44.5,59.7,0
8488,Rawalpindi,Monday,7,Dust,Severe,Rickshaw,Highway,100,65.3,10,71.2,68.5,0
8489,Multan,Sunday,15,Clear,Medium,Car,School Zone,40,33.8,26,86.8,24.7,0
8490,Lahore,Tuesday,16,Clear,High,Car,Market,50,29.9,24,94.7,33.5,0
8491,Islamabad,Saturday,18,Clear,Severe,Rickshaw,Main Road,60,45.9,13,91.1,51.4,0
8492,Islamabad,Wednesday,21,Fog,Severe,Bus,Highway,100,56.6,8,42.7,70.6,1
8493,Multan,Monday,14,Clear,Low,Bus,School Zone,40,49.4,39,95.8,59.8,1
8494,Multan,Wednesday,15,Cloudy,Medium,Car,Main Road,60,60.9,6,97.4,29.4,1
8495,Quetta,Monday,14,Clear,High,Car,Market,50,17.9,25,92.1,28.1,0
8496,Multan,Tuesday,1,Fog,Low,Car,Highway,100,95.2,4,43.8,45.5,0
8497,Islamabad,Tuesday,10,Clear,High,Car,Main Road,60,28.5,10,93.9,37.8,0
8498,Rawalpindi,Sunday,0,Clear,Medium,Motorcycle,Market,50,52.1,23,81.9,49.9,0
8499,Islamabad,Thursday,14,Clear,Medium,Motorcycle,Market,50,30.4,28,99.5,27.5,0
8500,Multan,Saturday,18,Clear,Medium,Car,Market,50,52.5,21,78.3,39.4,0
8501,Multan,Thursday,3,Clear,Medium,Rickshaw,Main Road,60,51.8,8,78.9,41.4,0
8502,Multan,Wednesday,10,Cloudy,Low,Car,Main Road,60,57.0,6,86.9,33.0,0
8503,Islamabad,Tuesday,4,Clear,Severe,Van,Main Road,60,26.6,5,87.6,61.5,1
8504,Multan,Thursday,2,Cloudy,Medium,Rickshaw,Residential,50,41.6,10,85.2,6.7,0
8505,Quetta,Tuesday,12,Clear,Low,Rickshaw,Main Road,60,74.6,7,100.0,38.6,0
8506,Rawalpindi,Monday,9,Clear,Low,Motorcycle,Residential,50,69.8,7,78.4,47.5,0
8507,Peshawar,Thursday,10,Clear,Medium,Motorcycle,Main Road,60,52.8,8,98.0,19.6,0
8508,Multan,Wednesday,17,Rain,High,Motorcycle,Residential,50,10.0,8,64.0,36.0,0
8509,Islamabad,Sunday,1,Clear,High,Bus,Main Road,60,47.7,9,95.0,43.9,0
8510,Islamabad,Thursday,6,Clear,Severe,Car,Highway,100,54.8,5,87.7,48.0,1
8511,Multan,Tuesday,8,Cloudy,High,Motorcycle,Highway,100,69.3,6,82.0,41.7,0
8512,Islamabad,Friday,9,Clear,Medium,Rickshaw,Main Road,60,43.1,6,92.7,5.8,0
8513,Multan,Friday,17,Cloudy,Medium,Car,Residential,50,55.9,9,90.0,18.9,0
8514,Lahore,Sunday,22,Clear,Medium,Rickshaw,Highway,100,85.3,7,77.5,6.5,0
8515,Rawalpindi,Sunday,6,Clear,Medium,Van,Highway,100,85.7,8,97.6,18.3,0
8516,Multan,Saturday,6,Rain,High,Van,Market,50,23.8,23,91.0,46.3,0
8517,Islamabad,Sunday,2,Clear,Medium,Motorcycle,Market,50,38.3,25,100.0,38.8,0
8518,Lahore,Tuesday,11,Clear,Low,Motorcycle,Main Road,60,67.2,8,92.3,59.5,0
8519,Peshawar,Monday,6,Rain,Medium,Car,School Zone,40,16.2,36,91.4,26.4,0
8520,Peshawar,Thursday,16,Clear,Low,Motorcycle,Highway,100,87.1,11,85.3,21.5,0
8521,Quetta,Sunday,0,Cloudy,Low,Motorcycle,Main Road,60,84.3,9,86.6,41.7,0
8522,Multan,Friday,4,Dust,Medium,Van,Market,50,41.1,28,76.2,17.4,0
8523,Quetta,Monday,15,Cloudy,Medium,Van,Main Road,60,69.9,9,98.1,53.0,0
8524,Quetta,Tuesday,14,Clear,Low,Car,Market,50,58.6,22,97.0,37.3,0
8525,Lahore,Monday,1,Cloudy,Medium,Rickshaw,Main Road,60,47.9,14,96.4,15.8,0
8526,Peshawar,Tuesday,8,Clear,Medium,Motorcycle,Main Road,60,48.3,5,94.8,26.2,0
8527,Quetta,Saturday,6,Clear,Low,Car,Market,50,56.2,15,95.1,31.7,0
8528,Karachi,Thursday,3,Dust,Severe,Bus,School Zone,40,10.0,44,70.9,64.6,1
8529,Quetta,Monday,19,Clear,High,Car,Main Road,60,39.1,6,98.9,37.9,0
8530,Peshawar,Thursday,17,Clear,High,Rickshaw,School Zone,40,29.2,31,82.4,45.8,0
8531,Karachi,Monday,20,Clear,Medium,Van,Main Road,60,47.8,8,92.5,22.3,0
8532,Lahore,Tuesday,3,Fog,Severe,Motorcycle,Highway,100,80.0,7,50.7,71.8,1
8533,Multan,Tuesday,12,Clear,High,Van,School Zone,40,17.1,46,74.9,42.8,0
8534,Multan,Monday,0,Clear,Medium,Car,Main Road,60,55.6,10,91.2,38.6,1
8535,Karachi,Saturday,23,Cloudy,High,Car,Main Road,60,26.0,11,82.3,25.1,0
8536,Peshawar,Tuesday,2,Cloudy,Medium,Motorcycle,Residential,50,54.9,13,77.7,49.0,0
8537,Islamabad,Wednesday,15,Clear,Medium,Rickshaw,Highway,100,81.6,7,85.2,11.6,0
8538,Karachi,Wednesday,21,Fog,High,Rickshaw,School Zone,40,10.2,25,53.5,73.5,1
8539,Peshawar,Thursday,3,Clear,Medium,Rickshaw,Highway,100,82.1,8,88.8,29.2,0
8540,Quetta,Sunday,22,Clear,High,Motorcycle,Highway,100,69.6,8,91.2,53.6,0
8541,Islamabad,Wednesday,15,Clear,Medium,Motorcycle,Residential,50,36.7,9,93.6,23.9,0
8542,Lahore,Wednesday,18,Cloudy,Severe,Motorcycle,Residential,50,10.1,7,79.9,32.2,0
8543,Multan,Saturday,0,Clear,Low,Car,Residential,50,46.0,9,87.9,57.5,1
8544,Lahore,Saturday,4,Rain,Severe,Motorcycle,Market,50,21.8,28,70.8,56.6,0
8545,Rawalpindi,Sunday,18,Fog,High,Motorcycle,Residential,50,10.0,5,40.6,59.5,0
8546,Lahore,Friday,21,Clear,Medium,Motorcycle,Highway,100,116.5,9,75.1,40.6,0
8547,Rawalpindi,Sunday,23,Fog,Medium,Motorcycle,Main Road,60,54.3,7,53.0,55.3,1
8548,Lahore,Friday,10,Clear,Medium,Car,Residential,50,46.0,7,87.8,34.3,0
8549,Lahore,Saturday,12,Clear,High,Car,Main Road,60,50.8,5,74.9,25.2,0
8550,Lahore,Friday,19,Rain,Low,Rickshaw,Market,50,42.3,19,78.4,35.3,0
8551,Rawalpindi,Saturday,4,Cloudy,Medium,Rickshaw,Highway,100,91.4,5,100.0,34.5,0
8552,Quetta,Friday,20,Rain,Low,Bus,Market,50,50.0,21,80.1,49.3,0
8553,Rawalpindi,Tuesday,3,Clear,Medium,Rickshaw,School Zone,40,26.7,31,100.0,24.9,0
8554,Karachi,Saturday,3,Dust,Medium,Motorcycle,School Zone,40,45.8,34,67.8,65.0,1
8555,Peshawar,Sunday,3,Rain,High,Car,Main Road,60,27.7,8,82.4,43.8,1
8556,Peshawar,Thursday,3,Clear,Severe,Motorcycle,Main Road,60,38.4,7,71.8,47.3,0
8557,Quetta,Thursday,19,Fog,Severe,Motorcycle,Main Road,60,22.2,10,34.3,83.1,1
8558,Peshawar,Saturday,20,Fog,Severe,Bus,Residential,50,23.7,13,50.4,44.8,0
8559,Lahore,Wednesday,17,Clear,High,Rickshaw,Highway,100,54.8,7,88.3,24.4,0
8560,Quetta,Thursday,17,Cloudy,Medium,Motorcycle,Main Road,60,59.8,6,85.2,34.0,0
8561,Peshawar,Sunday,15,Rain,Medium,Motorcycle,Market,50,13.7,21,65.9,43.4,0
8562,Rawalpindi,Wednesday,8,Rain,Medium,Car,Highway,100,96.7,13,75.7,65.7,0
8563,Karachi,Thursday,17,Clear,Low,Motorcycle,Residential,50,55.5,7,81.3,30.0,0
8564,Islamabad,Monday,21,Cloudy,Medium,Rickshaw,Market,50,38.1,28,88.0,20.0,0
8565,Karachi,Monday,1,Fog,Severe,Rickshaw,Highway,100,57.4,5,46.1,69.0,1
8566,Peshawar,Saturday,20,Clear,High,Car,Main Road,60,48.2,8,89.2,51.3,0
8567,Quetta,Sunday,3,Rain,Severe,Van,Highway,100,64.8,6,81.8,39.0,0
8568,Multan,Sunday,11,Cloudy,Low,Motorcycle,Market,50,35.9,17,82.7,11.6,0
8569,Peshawar,Thursday,6,Clear,Medium,Motorcycle,Highway,100,109.1,10,87.4,56.4,1
8570,Rawalpindi,Tuesday,14,Clear,High,Rickshaw,Main Road,60,30.8,7,80.6,41.4,0
8571,Karachi,Wednesday,6,Rain,Medium,Van,Highway,100,80.1,16,65.8,21.7,0
8572,Multan,Thursday,21,Clear,Medium,Van,Main Road,60,46.6,9,97.7,8.6,0
8573,Rawalpindi,Saturday,20,Clear,High,Motorcycle,Market,50,52.3,20,86.3,51.3,1
8574,Rawalpindi,Wednesday,16,Clear,Medium,Car,Main Road,60,42.9,11,97.9,19.3,0
8575,Islamabad,Friday,15,Cloudy,Severe,Motorcycle,Main Road,60,52.4,11,92.6,44.0,0
8576,Rawalpindi,Saturday,18,Clear,Medium,Bus,Residential,50,47.7,7,96.2,38.4,0
8577,Multan,Thursday,8,Cloudy,Severe,Rickshaw,Highway,100,79.3,13,85.1,46.5,0
8578,Rawalpindi,Tuesday,13,Cloudy,Medium,Rickshaw,Market,50,43.1,19,85.2,19.1,0
8579,Islamabad,Friday,16,Clear,Medium,Car,School Zone,40,34.4,48,73.1,29.9,0
8580,Lahore,Saturday,4,Cloudy,Medium,Rickshaw,Main Road,60,55.4,14,95.0,48.1,0
8581,Multan,Thursday,1,Cloudy,Medium,Van,Highway,100,92.9,4,79.9,25.3,0
8582,Lahore,Monday,19,Clear,Medium,Car,Main Road,60,41.1,4,92.2,11.2,0
8583,Multan,Sunday,15,Dust,High,Car,Residential,50,10.0,7,56.5,42.1,0
8584,Quetta,Thursday,13,Clear,High,Car,Residential,50,54.0,7,94.0,53.3,1
8585,Islamabad,Monday,13,Clear,Medium,Car,Main Road,60,62.4,8,100.0,45.0,0
8586,Quetta,Monday,0,Clear,Medium,Rickshaw,Residential,50,42.0,6,99.6,6.4,0
8587,Quetta,Saturday,2,Clear,Medium,Motorcycle,Main Road,60,57.8,7,94.7,54.4,0
8588,Rawalpindi,Thursday,6,Clear,Low,Car,Residential,50,52.4,6,86.4,27.9,0
8589,Quetta,Sunday,14,Clear,High,Car,Highway,100,84.3,6,81.4,36.8,1
8590,Peshawar,Thursday,18,Clear,Low,Motorcycle,Residential,50,46.8,4,94.3,49.0,1
8591,Multan,Monday,19,Cloudy,Severe,Car,School Zone,40,10.0,36,88.5,65.0,0
8592,Karachi,Wednesday,1,Clear,Medium,Car,Main Road,60,34.3,3,74.0,33.7,0
8593,Peshawar,Friday,18,Dust,High,Rickshaw,School Zone,40,32.9,31,80.0,35.2,0
8594,Peshawar,Tuesday,8,Cloudy,High,Car,Residential,50,43.6,10,90.6,39.8,0
8595,Rawalpindi,Thursday,18,Rain,Low,Van,School Zone,40,46.6,42,90.2,59.9,1
8596,Karachi,Friday,4,Cloudy,Medium,Car,Residential,50,58.2,10,98.2,25.6,0
8597,Quetta,Friday,17,Cloudy,Low,Car,Highway,100,120.0,7,81.0,46.0,0
8598,Karachi,Wednesday,15,Rain,Medium,Motorcycle,Residential,50,16.8,11,78.9,38.3,0
8599,Quetta,Friday,3,Cloudy,Medium,Bus,Market,50,31.7,25,87.1,0.0,0
8600,Lahore,Thursday,11,Clear,Low,Car,Main Road,60,66.4,3,100.0,24.1,0
8601,Islamabad,Saturday,6,Clear,Medium,Motorcycle,Market,50,43.7,22,100.0,30.3,0
8602,Rawalpindi,Saturday,13,Dust,Medium,Motorcycle,Main Road,60,62.2,7,58.9,66.3,0
8603,Quetta,Friday,22,Cloudy,Medium,Car,School Zone,40,46.3,30,100.0,39.6,0
8604,Quetta,Thursday,11,Clear,Severe,Car,Highway,100,62.5,11,86.2,39.6,0
8605,Karachi,Thursday,2,Clear,Medium,Motorcycle,Main Road,60,47.5,5,85.8,22.2,0
8606,Rawalpindi,Monday,4,Clear,Medium,Motorcycle,Main Road,60,62.7,9,92.0,46.7,1
8607,Multan,Wednesday,16,Clear,Medium,Van,Market,50,22.1,12,96.2,23.7,0
8608,Quetta,Sunday,9,Fog,High,Motorcycle,Main Road,60,13.4,8,52.8,58.1,1
8609,Lahore,Tuesday,9,Clear,Medium,Car,Main Road,60,65.3,16,90.3,34.0,0
8610,Peshawar,Sunday,10,Clear,High,Motorcycle,Residential,50,48.6,6,89.8,68.2,1
8611,Quetta,Monday,16,Clear,Medium,Rickshaw,Main Road,60,47.4,4,93.2,5.0,0
8612,Karachi,Tuesday,4,Clear,Medium,Bus,Market,50,14.9,24,75.4,5.9,0
8613,Multan,Sunday,12,Clear,Medium,Motorcycle,Main Road,60,62.8,9,82.4,59.5,1
8614,Lahore,Thursday,9,Dust,Medium,Bus,Highway,100,83.0,7,70.2,27.0,0
8615,Rawalpindi,Saturday,8,Dust,Low,Rickshaw,Main Road,60,65.6,13,68.6,46.4,1
8616,Quetta,Monday,16,Fog,Low,Motorcycle,Residential,50,29.8,12,40.4,28.1,0
8617,Lahore,Sunday,0,Rain,Severe,Car,Market,50,39.1,22,73.4,46.6,0
8618,Lahore,Friday,3,Cloudy,Low,Rickshaw,Main Road,60,69.9,12,94.4,42.0,0
8619,Multan,Friday,3,Fog,Low,Motorcycle,Main Road,60,44.6,12,43.8,52.6,1
8620,Lahore,Tuesday,17,Fog,High,Car,Main Road,60,26.3,10,64.0,33.8,0
8621,Lahore,Thursday,8,Dust,Severe,Rickshaw,Main Road,60,56.1,3,87.3,85.2,1
8622,Multan,Saturday,17,Dust,High,Van,Main Road,60,51.9,8,60.4,29.3,0
8623,Multan,Tuesday,13,Cloudy,Severe,Bus,Market,50,29.8,31,91.2,71.6,1
8624,Multan,Sunday,14,Clear,High,Motorcycle,Residential,50,24.2,11,84.0,50.7,0
8625,Lahore,Sunday,5,Clear,Medium,Car,Main Road,60,54.0,7,71.0,19.3,0
8626,Lahore,Saturday,23,Cloudy,Medium,Motorcycle,Main Road,60,47.2,8,84.1,27.3,0
8627,Islamabad,Sunday,9,Cloudy,High,Car,Residential,50,15.5,6,81.4,56.2,0
8628,Rawalpindi,Wednesday,14,Dust,Medium,Bus,Residential,50,44.0,8,56.3,14.1,0
8629,Peshawar,Saturday,3,Rain,Low,Motorcycle,Main Road,60,44.2,9,74.5,31.7,0
8630,Rawalpindi,Friday,17,Cloudy,Severe,Car,Main Road,60,20.1,15,72.9,44.8,1
8631,Karachi,Sunday,17,Clear,Medium,Car,Main Road,60,55.7,9,100.0,42.6,0
8632,Karachi,Sunday,16,Clear,High,Motorcycle,Highway,100,87.6,6,100.0,43.3,0
8633,Multan,Monday,11,Clear,High,Car,Main Road,60,33.3,5,80.6,33.2,0
8634,Rawalpindi,Monday,6,Clear,Medium,Car,Main Road,60,46.8,10,82.4,26.8,0
8635,Lahore,Monday,15,Cloudy,Severe,Car,Residential,50,10.0,10,87.9,54.9,1
8636,Islamabad,Saturday,10,Clear,High,Motorcycle,School Zone,40,16.8,39,84.3,41.4,0
8637,Peshawar,Friday,13,Clear,Medium,Rickshaw,Residential,50,45.3,5,73.8,55.0,1
8638,Quetta,Saturday,2,Clear,High,Car,Main Road,60,39.6,11,99.4,41.3,0
8639,Quetta,Thursday,18,Rain,Medium,Rickshaw,Main Road,60,50.5,7,86.6,19.7,0
8640,Lahore,Friday,17,Clear,High,Motorcycle,Highway,100,106.6,10,91.9,67.8,1
8641,Rawalpindi,Friday,9,Dust,Low,Motorcycle,Highway,100,89.7,11,77.7,32.0,0
8642,Quetta,Saturday,5,Clear,High,Car,Highway,100,95.6,8,100.0,54.2,0
8643,Rawalpindi,Saturday,12,Clear,High,Car,Market,50,27.8,22,85.1,31.0,0
8644,Islamabad,Monday,9,Cloudy,Low,Car,Residential,50,49.5,7,90.2,60.9,0
8645,Islamabad,Friday,17,Fog,Low,Bus,Main Road,60,45.0,8,37.0,27.3,0
8646,Multan,Monday,19,Cloudy,Medium,Car,Market,50,57.6,22,92.3,37.9,0
8647,Rawalpindi,Thursday,15,Cloudy,High,Car,Market,50,49.9,17,75.5,54.9,1
8648,Multan,Wednesday,5,Rain,Medium,Rickshaw,Market,50,34.1,25,81.8,30.0,0
8649,Lahore,Monday,12,Rain,Severe,Motorcycle,Main Road,60,22.7,4,80.0,54.1,0
8650,Multan,Saturday,3,Clear,Severe,Rickshaw,School Zone,40,10.0,50,100.0,55.0,0
8651,Lahore,Sunday,22,Rain,Medium,Rickshaw,Residential,50,42.0,11,76.5,37.5,0
8652,Lahore,Tuesday,13,Fog,Medium,Motorcycle,School Zone,40,33.3,29,51.8,38.6,0
8653,Quetta,Wednesday,0,Rain,Severe,Car,Residential,50,10.0,9,81.7,54.7,0
8654,Peshawar,Thursday,19,Dust,High,Motorcycle,Main Road,60,19.8,9,68.7,58.9,0
8655,Peshawar,Sunday,4,Clear,Low,Van,Highway,100,93.8,19,83.0,45.2,0
8656,Lahore,Saturday,7,Clear,Medium,Car,School Zone,40,20.1,44,100.0,46.9,1
8657,Rawalpindi,Wednesday,11,Cloudy,Severe,Motorcycle,Main Road,60,53.8,8,91.7,70.4,1
8658,Islamabad,Saturday,1,Clear,Medium,Car,Market,50,31.6,17,94.0,34.0,0
8659,Multan,Monday,11,Dust,Severe,Bus,Highway,100,78.9,7,75.8,53.1,1
8660,Karachi,Sunday,4,Fog,Severe,Car,Residential,50,13.5,10,49.9,74.1,0
8661,Islamabad,Saturday,21,Rain,Medium,Motorcycle,Main Road,60,28.0,5,82.7,36.5,0
8662,Islamabad,Sunday,4,Fog,Severe,Rickshaw,Residential,50,15.4,9,52.2,72.6,1
8663,Karachi,Thursday,12,Clear,Low,Van,Market,50,42.4,13,95.4,23.3,0
8664,Lahore,Tuesday,8,Dust,Low,Van,Market,50,54.3,27,69.2,40.2,1
8665,Islamabad,Monday,9,Clear,Medium,Bus,Residential,50,61.7,6,94.7,44.6,0
8666,Karachi,Monday,0,Clear,Medium,Rickshaw,Highway,100,82.7,10,86.0,12.5,0
8667,Multan,Sunday,2,Cloudy,Low,Van,Main Road,60,59.1,4,80.0,42.4,0
8668,Quetta,Thursday,17,Clear,Medium,Motorcycle,Main Road,60,50.1,8,89.2,30.0,0
8669,Rawalpindi,Thursday,11,Fog,Low,Car,Main Road,60,44.2,3,39.1,33.7,1
8670,Rawalpindi,Wednesday,2,Clear,Medium,Motorcycle,Market,50,24.7,27,91.6,11.9,0
8671,Rawalpindi,Tuesday,8,Fog,High,Car,Main Road,60,30.0,7,55.1,38.0,0
8672,Lahore,Saturday,1,Clear,Medium,Van,Residential,50,71.5,9,100.0,49.2,1
8673,Islamabad,Wednesday,2,Dust,High,Van,Highway,100,64.1,5,52.2,60.9,0
8674,Islamabad,Saturday,13,Rain,Low,Van,Main Road,60,48.5,7,81.0,27.0,0
8675,Peshawar,Saturday,3,Rain,Medium,Motorcycle,Residential,50,45.4,12,89.2,50.6,0
8676,Rawalpindi,Saturday,18,Clear,Low,Rickshaw,Residential,50,39.3,10,85.7,16.3,0
8677,Lahore,Wednesday,12,Rain,Medium,Rickshaw,Main Road,60,59.7,3,81.7,63.1,1
8678,Karachi,Monday,6,Clear,High,Car,Main Road,60,68.4,8,83.2,68.0,0
8679,Lahore,Thursday,11,Rain,Medium,Bus,School Zone,40,10.9,39,77.8,38.6,0
8680,Islamabad,Monday,2,Cloudy,Low,Van,School Zone,40,26.1,41,89.5,28.6,0
8681,Multan,Tuesday,22,Clear,Low,Van,Highway,100,85.9,10,89.8,32.8,0
8682,Multan,Wednesday,22,Clear,Medium,Motorcycle,Residential,50,47.5,3,100.0,54.1,0
8683,Multan,Tuesday,8,Clear,High,Motorcycle,Market,50,35.8,23,99.4,61.8,0
8684,Rawalpindi,Thursday,1,Fog,Low,Van,Highway,100,93.4,11,46.7,62.5,1
8685,Peshawar,Thursday,21,Cloudy,High,Motorcycle,Market,50,49.1,24,95.4,66.6,1
8686,Quetta,Friday,8,Rain,Low,Motorcycle,School Zone,40,36.6,40,84.6,77.7,1
8687,Lahore,Tuesday,11,Cloudy,Severe,Motorcycle,Main Road,60,35.8,10,85.0,53.1,0
8688,Peshawar,Monday,11,Fog,Medium,Car,Market,50,44.4,25,38.9,40.6,0
8689,Multan,Sunday,14,Clear,Low,Car,Market,50,32.7,22,87.9,10.3,0
8690,Islamabad,Tuesday,1,Clear,High,Rickshaw,School Zone,40,30.8,31,95.0,55.2,0
8691,Karachi,Wednesday,17,Rain,Medium,Car,Highway,100,65.8,7,69.4,38.7,0
8692,Lahore,Thursday,12,Rain,Severe,Car,Main Road,60,12.9,10,71.0,64.2,0
8693,Quetta,Thursday,13,Cloudy,High,Van,Main Road,60,39.4,4,86.2,33.3,0
8694,Islamabad,Tuesday,4,Clear,High,Rickshaw,Residential,50,48.6,14,79.5,51.0,0
8695,Rawalpindi,Tuesday,9,Clear,High,Rickshaw,Market,50,23.3,30,85.7,40.0,0
8696,Lahore,Saturday,11,Clear,Medium,Car,Highway,100,67.6,7,84.6,20.0,0
8697,Peshawar,Tuesday,9,Cloudy,High,Rickshaw,Main Road,60,49.8,7,83.2,28.7,0
8698,Multan,Saturday,23,Cloudy,Low,Motorcycle,School Zone,40,34.7,42,93.0,32.1,0
8699,Lahore,Wednesday,10,Clear,High,Motorcycle,Market,50,35.9,24,100.0,25.1,0
8700,Islamabad,Wednesday,1,Cloudy,High,Rickshaw,Highway,100,102.9,10,90.6,53.2,0
8701,Islamabad,Monday,4,Clear,Medium,Car,Highway,100,91.3,7,83.7,39.5,0
8702,Multan,Tuesday,6,Cloudy,Medium,Motorcycle,School Zone,40,35.0,36,93.9,42.0,0
8703,Peshawar,Monday,5,Rain,Low,Rickshaw,Market,50,57.5,22,75.5,54.6,0
8704,Quetta,Sunday,21,Clear,High,Car,Highway,100,70.4,10,92.0,26.9,1
8705,Islamabad,Friday,22,Clear,Medium,Car,Highway,100,101.6,6,79.9,24.5,0
8706,Lahore,Wednesday,2,Clear,Low,Motorcycle,Residential,50,57.3,4,99.2,43.8,0
8707,Multan,Thursday,12,Fog,Low,Bus,Residential,50,30.6,8,41.9,34.5,0
8708,Quetta,Saturday,2,Cloudy,Medium,Car,School Zone,40,46.1,31,90.6,57.3,1
8709,Peshawar,Friday,23,Clear,Low,Motorcycle,Main Road,60,50.8,12,98.8,22.6,0
8710,Islamabad,Thursday,20,Clear,Severe,Motorcycle,School Zone,40,10.0,25,89.4,56.8,0
8711,Multan,Friday,5,Fog,Low,Motorcycle,Market,50,34.6,19,36.2,62.9,1
8712,Islamabad,Monday,10,Cloudy,Low,Motorcycle,Main Road,60,45.3,6,89.7,22.1,0
8713,Lahore,Monday,16,Clear,Medium,Rickshaw,Market,50,48.0,15,95.7,43.7,0
8714,Islamabad,Saturday,9,Clear,Low,Car,Market,50,61.3,22,93.7,20.2,0
8715,Multan,Wednesday,11,Rain,High,Bus,Main Road,60,64.8,8,71.3,59.2,1
8716,Lahore,Sunday,16,Clear,Medium,Car,Market,50,51.3,34,83.1,53.1,0
8717,Rawalpindi,Saturday,3,Clear,Low,Car,School Zone,40,42.2,29,90.6,37.1,0
8718,Multan,Sunday,1,Fog,Severe,Rickshaw,School Zone,40,10.0,36,43.9,74.2,1
8719,Quetta,Thursday,10,Fog,Low,Rickshaw,Market,50,34.3,19,53.7,45.8,0
8720,Lahore,Friday,6,Fog,Low,Motorcycle,Residential,50,53.5,4,64.2,62.2,0
8721,Karachi,Saturday,1,Clear,Medium,Car,Market,50,47.0,21,89.6,37.3,0
8722,Islamabad,Sunday,17,Clear,Medium,Bus,Main Road,60,44.4,3,93.2,21.1,0
8723,Rawalpindi,Tuesday,20,Clear,High,Car,School Zone,40,11.2,26,100.0,19.7,0
8724,Quetta,Tuesday,3,Dust,Severe,Motorcycle,Highway,100,53.0,1,55.9,62.4,1
8725,Peshawar,Wednesday,7,Rain,High,Car,Main Road,60,41.0,10,68.2,36.6,0
8726,Karachi,Sunday,19,Dust,High,Car,Market,50,47.0,18,61.7,45.1,0
8727,Peshawar,Saturday,13,Fog,Severe,Bus,Main Road,60,10.0,9,54.3,44.9,0
8728,Multan,Thursday,11,Rain,High,Rickshaw,Main Road,60,32.8,15,65.8,49.7,0
8729,Karachi,Tuesday,21,Clear,Low,Car,Main Road,60,66.3,10,93.4,32.6,0
8730,Rawalpindi,Wednesday,20,Clear,Medium,Car,Main Road,60,64.7,9,77.7,29.3,0
8731,Quetta,Saturday,17,Clear,Medium,Car,Market,50,54.2,20,100.0,42.0,0
8732,Rawalpindi,Wednesday,10,Clear,Medium,Car,School Zone,40,35.9,35,71.0,46.8,0
8733,Rawalpindi,Thursday,7,Clear,Low,Car,Main Road,60,27.9,10,92.7,16.8,0
8734,Karachi,Tuesday,1,Rain,High,Car,Highway,100,73.7,8,68.8,41.6,0
8735,Lahore,Tuesday,14,Clear,Medium,Rickshaw,Main Road,60,41.5,6,100.0,25.8,0
8736,Quetta,Tuesday,8,Rain,High,Van,Main Road,60,46.0,7,79.6,33.9,0
8737,Peshawar,Sunday,18,Dust,Medium,Motorcycle,Market,50,67.9,18,64.1,65.0,0
8738,Lahore,Monday,19,Clear,Medium,Motorcycle,Market,50,34.0,24,92.2,28.2,0
8739,Lahore,Sunday,7,Clear,Medium,Car,Residential,50,54.2,4,94.7,32.5,0
8740,Islamabad,Tuesday,18,Clear,Medium,Car,Residential,50,54.0,6,82.9,32.6,0
8741,Multan,Friday,4,Clear,High,Car,Highway,100,82.1,11,81.6,30.6,0
8742,Peshawar,Monday,10,Cloudy,Severe,Car,Highway,100,54.3,8,78.7,28.2,0
8743,Karachi,Saturday,14,Cloudy,Medium,Rickshaw,Main Road,60,41.1,6,91.4,5.4,0
8744,Multan,Sunday,7,Cloudy,High,Car,Main Road,60,50.2,4,93.2,58.5,1
8745,Islamabad,Monday,18,Clear,High,Car,Main Road,60,38.2,14,89.2,28.5,0
8746,Islamabad,Monday,22,Clear,Low,Car,Main Road,60,54.0,7,100.0,48.5,0
8747,Multan,Sunday,7,Cloudy,Low,Rickshaw,Highway,100,93.6,9,88.6,22.7,1
8748,Rawalpindi,Sunday,18,Clear,Medium,Motorcycle,Main Road,60,55.8,9,86.6,51.8,0
8749,Karachi,Monday,17,Clear,Medium,Motorcycle,Market,50,35.9,22,85.2,53.6,1
8750,Lahore,Wednesday,9,Dust,Severe,Car,School Zone,40,10.0,37,58.0,66.7,0
8751,Quetta,Friday,6,Clear,Medium,Van,Highway,100,87.1,11,83.9,13.8,0
8752,Lahore,Thursday,8,Rain,Medium,Rickshaw,Main Road,60,57.8,9,68.0,49.1,0
8753,Lahore,Tuesday,0,Clear,Medium,Car,School Zone,40,31.9,31,100.0,37.4,0
8754,Rawalpindi,Sunday,18,Clear,High,Motorcycle,School Zone,40,10.7,30,100.0,16.8,0
8755,Lahore,Monday,4,Cloudy,Low,Car,Market,50,76.1,24,78.0,38.6,0
8756,Peshawar,Thursday,18,Dust,Medium,Rickshaw,Market,50,27.4,32,78.1,50.5,0
8757,Lahore,Sunday,0,Rain,Medium,Bus,Market,50,23.7,24,83.9,27.3,0
8758,Lahore,Wednesday,14,Clear,High,Car,Highway,100,77.1,12,86.6,35.7,0
8759,Peshawar,Thursday,15,Dust,High,Rickshaw,Market,50,25.9,16,59.6,20.8,0
8760,Rawalpindi,Monday,22,Clear,Severe,Van,Residential,50,21.9,5,80.0,49.5,0
8761,Islamabad,Saturday,6,Clear,Medium,Car,School Zone,40,43.6,35,98.9,57.6,0
8762,Karachi,Friday,11,Clear,Low,Car,Main Road,60,62.9,4,100.0,26.6,0
8763,Rawalpindi,Thursday,7,Clear,Severe,Car,Market,50,21.5,12,100.0,43.8,0
8764,Lahore,Sunday,4,Cloudy,Severe,Car,Market,50,25.0,24,100.0,68.3,0
8765,Islamabad,Monday,9,Clear,Low,Car,Market,50,45.5,22,85.3,43.3,0
8766,Karachi,Sunday,20,Fog,Medium,Motorcycle,Market,50,25.9,28,47.9,57.2,0
8767,Karachi,Monday,4,Rain,Medium,Car,Main Road,60,43.6,10,93.0,38.1,1
8768,Karachi,Tuesday,16,Rain,Medium,Motorcycle,Main Road,60,37.5,5,72.8,25.8,0
8769,Peshawar,Saturday,4,Cloudy,High,Van,Main Road,60,34.2,11,95.3,11.3,0
8770,Peshawar,Tuesday,21,Cloudy,Low,Motorcycle,School Zone,40,52.7,28,91.9,38.8,0
8771,Islamabad,Saturday,14,Clear,High,Van,Market,50,17.9,33,92.1,54.4,0
8772,Lahore,Friday,12,Cloudy,Medium,Van,Main Road,60,59.6,5,87.1,48.6,0
8773,Multan,Tuesday,0,Fog,Low,Car,Residential,50,33.8,8,33.8,41.1,0
8774,Islamabad,Friday,10,Cloudy,Medium,Motorcycle,Residential,50,44.8,13,97.0,37.5,0
8775,Lahore,Sunday,22,Clear,Medium,Motorcycle,Main Road,60,51.8,9,90.2,21.9,0
8776,Rawalpindi,Wednesday,0,Clear,Severe,Motorcycle,Highway,100,57.2,6,95.7,51.2,0
8777,Multan,Wednesday,10,Fog,High,Motorcycle,Highway,100,72.1,8,33.3,68.5,0
8778,Karachi,Saturday,17,Clear,High,Car,Residential,50,27.6,7,100.0,21.9,0
8779,Karachi,Saturday,17,Rain,Low,Rickshaw,Residential,50,29.3,14,81.2,36.1,0
8780,Peshawar,Tuesday,20,Clear,Low,Car,Residential,50,40.3,6,100.0,27.0,0
8781,Multan,Wednesday,15,Clear,Low,Rickshaw,Market,50,43.9,30,88.5,31.3,0
8782,Rawalpindi,Thursday,12,Rain,Low,Car,Highway,100,66.7,9,84.9,31.5,0
8783,Quetta,Thursday,6,Clear,Medium,Motorcycle,Highway,100,90.9,6,87.4,50.4,0
8784,Rawalpindi,Sunday,0,Clear,Medium,Motorcycle,Market,50,29.6,21,94.5,37.3,0
8785,Lahore,Thursday,15,Clear,Low,Car,Main Road,60,27.8,11,96.7,27.2,0
8786,Rawalpindi,Sunday,0,Cloudy,Medium,Motorcycle,Highway,100,98.8,6,86.2,27.4,0
8787,Multan,Wednesday,16,Clear,Low,Car,Residential,50,30.3,4,87.8,22.5,0
8788,Multan,Thursday,5,Clear,Severe,Car,Market,50,15.9,22,91.9,44.0,0
8789,Peshawar,Friday,1,Dust,Medium,Bus,Main Road,60,31.2,3,77.4,39.9,0
8790,Lahore,Monday,16,Clear,Medium,Motorcycle,Main Road,60,49.8,6,90.1,11.9,0
8791,Islamabad,Saturday,5,Clear,High,Rickshaw,Main Road,60,31.7,6,97.4,39.4,0
8792,Lahore,Tuesday,13,Cloudy,Medium,Car,Main Road,60,68.4,6,86.4,51.2,0
8793,Islamabad,Sunday,17,Cloudy,High,Rickshaw,Market,50,45.9,26,81.8,48.2,1
8794,Quetta,Friday,5,Clear,Severe,Motorcycle,Main Road,60,24.3,9,91.1,48.5,0
8795,Lahore,Thursday,9,Dust,Medium,Car,Main Road,60,43.9,9,55.2,17.7,0
8796,Karachi,Monday,23,Rain,Medium,Motorcycle,School Zone,40,33.3,30,77.5,50.3,0
8797,Quetta,Tuesday,17,Clear,Medium,Car,School Zone,40,23.3,30,80.1,28.1,0
8798,Islamabad,Friday,8,Cloudy,High,Van,Market,50,27.0,16,97.6,39.8,0
8799,Peshawar,Tuesday,7,Clear,High,Motorcycle,Residential,50,25.0,7,80.2,43.7,0
8800,Quetta,Sunday,9,Clear,Medium,Motorcycle,Highway,100,79.1,6,94.4,20.1,0
8801,Quetta,Sunday,16,Dust,Low,Motorcycle,Highway,100,115.9,10,55.4,53.3,0
8802,Quetta,Saturday,22,Clear,High,Motorcycle,Market,50,22.0,31,94.4,49.3,0
8803,Islamabad,Wednesday,5,Dust,Severe,Motorcycle,School Zone,40,10.0,32,72.5,91.5,1
8804,Islamabad,Sunday,13,Clear,High,Bus,Residential,50,40.5,6,88.7,26.4,0
8805,Lahore,Thursday,21,Clear,High,Motorcycle,Main Road,60,56.2,5,92.3,66.7,1
8806,Karachi,Friday,21,Clear,Low,Motorcycle,School Zone,40,45.5,36,76.1,54.5,0
8807,Quetta,Friday,5,Clear,High,Car,Highway,100,86.1,10,83.3,26.8,0
8808,Lahore,Monday,6,Rain,Low,Car,School Zone,40,37.1,36,81.8,57.9,0
8809,Lahore,Monday,11,Cloudy,Medium,Motorcycle,School Zone,40,30.1,33,81.8,51.1,0
8810,Karachi,Monday,2,Cloudy,Medium,Van,Residential,50,28.1,7,89.3,14.8,0
8811,Lahore,Tuesday,13,Cloudy,Severe,Car,Highway,100,67.5,5,91.3,58.1,0
8812,Karachi,Thursday,21,Rain,Low,Car,School Zone,40,44.2,40,69.9,79.2,1
8813,Peshawar,Tuesday,18,Dust,High,Rickshaw,Market,50,27.7,26,66.5,46.1,1
8814,Karachi,Thursday,22,Clear,Low,Van,Market,50,54.1,17,86.2,50.4,0
8815,Rawalpindi,Friday,15,Rain,High,Motorcycle,Market,50,28.7,25,83.5,57.8,0
8816,Karachi,Sunday,6,Clear,Medium,Motorcycle,Main Road,60,58.2,10,91.2,53.1,0
8817,Karachi,Sunday,7,Rain,Severe,Rickshaw,Residential,50,10.8,11,91.6,52.8,0
8818,Multan,Tuesday,17,Dust,High,Bus,Main Road,60,41.0,7,56.1,39.1,0
8819,Rawalpindi,Tuesday,12,Clear,Medium,Motorcycle,Residential,50,49.2,7,99.8,66.2,0
8820,Karachi,Tuesday,20,Cloudy,Low,Motorcycle,Main Road,60,55.5,9,100.0,55.3,1
8821,Islamabad,Wednesday,8,Fog,High,Car,Residential,50,22.1,11,61.1,55.4,0
8822,Multan,Saturday,9,Clear,Medium,Rickshaw,Main Road,60,56.2,9,95.0,32.2,1
8823,Lahore,Thursday,20,Dust,Low,Car,Highway,100,98.2,6,67.8,40.3,0
8824,Lahore,Sunday,22,Clear,High,Rickshaw,Residential,50,34.1,8,82.8,34.5,0
8825,Peshawar,Thursday,8,Cloudy,High,Motorcycle,Residential,50,37.6,8,100.0,61.3,1
8826,Peshawar,Tuesday,14,Dust,Low,Motorcycle,School Zone,40,28.0,39,67.3,44.4,0
8827,Rawalpindi,Wednesday,19,Clear,Medium,Motorcycle,Residential,50,29.5,7,90.2,37.5,0
8828,Islamabad,Tuesday,1,Clear,High,Van,Main Road,60,48.5,8,95.7,30.3,0
8829,Peshawar,Thursday,12,Clear,Severe,Rickshaw,Main Road,60,27.9,9,90.9,45.8,0
8830,Lahore,Saturday,1,Clear,High,Bus,Main Road,60,46.3,6,87.4,22.5,0
8831,Peshawar,Sunday,18,Clear,Medium,Motorcycle,Main Road,60,55.4,8,87.2,34.6,0
8832,Peshawar,Saturday,1,Dust,High,Bus,Highway,100,88.8,7,54.6,49.8,0
8833,Karachi,Friday,2,Fog,Medium,Rickshaw,Highway,100,92.6,5,61.8,62.7,1
8834,Peshawar,Wednesday,5,Cloudy,Low,Rickshaw,Main Road,60,59.9,6,95.8,38.7,0
8835,Rawalpindi,Saturday,2,Dust,Medium,Rickshaw,Main Road,60,54.1,8,69.9,28.5,1
8836,Lahore,Wednesday,9,Rain,High,Car,Residential,50,27.9,6,77.1,63.0,0
8837,Rawalpindi,Tuesday,23,Rain,Severe,Rickshaw,Main Road,60,10.0,11,72.6,53.9,1
8838,Multan,Friday,5,Rain,Severe,Car,Main Road,60,19.8,6,77.3,53.5,0
8839,Rawalpindi,Thursday,22,Cloudy,High,Car,School Zone,40,17.8,34,79.8,29.3,0
8840,Quetta,Saturday,15,Clear,Medium,Van,Market,50,21.7,21,100.0,29.4,0
8841,Islamabad,Saturday,16,Clear,Low,Motorcycle,Highway,100,94.3,6,93.0,38.7,0
8842,Multan,Monday,18,Dust,Low,Rickshaw,Residential,50,25.4,2,70.7,42.2,0
8843,Multan,Sunday,2,Clear,Medium,Motorcycle,Residential,50,46.1,11,92.2,45.8,0
8844,Quetta,Thursday,17,Clear,High,Car,Highway,100,81.7,12,100.0,25.2,0
8845,Quetta,Saturday,6,Cloudy,Medium,Car,Market,50,29.5,15,93.4,25.0,0
8846,Karachi,Saturday,8,Fog,High,Car,Market,50,44.8,24,47.1,44.9,0
8847,Rawalpindi,Thursday,19,Rain,Medium,Rickshaw,Market,50,31.5,28,71.7,19.9,0
8848,Islamabad,Friday,11,Clear,Severe,Motorcycle,Market,50,10.0,19,99.0,54.7,0
8849,Lahore,Wednesday,4,Rain,Low,Rickshaw,School Zone,40,43.4,33,80.3,61.9,0
8850,Lahore,Thursday,2,Fog,Medium,Car,School Zone,40,10.0,40,55.2,51.9,1
8851,Islamabad,Wednesday,10,Cloudy,Medium,Van,Market,50,43.3,13,84.0,30.8,0
8852,Multan,Friday,3,Clear,Medium,Car,Market,50,10.0,22,82.9,19.7,0
8853,Rawalpindi,Friday,4,Cloudy,Medium,Motorcycle,Main Road,60,61.0,7,100.0,39.8,0
8854,Rawalpindi,Tuesday,0,Clear,Medium,Van,Residential,50,50.5,6,93.1,42.1,0
8855,Karachi,Monday,17,Dust,Medium,Van,Residential,50,53.0,8,48.1,32.7,0
8856,Karachi,Friday,11,Rain,Medium,Motorcycle,Main Road,60,41.7,4,88.5,49.3,1
8857,Quetta,Friday,12,Rain,High,Van,Highway,100,78.8,8,86.5,55.9,0
8858,Lahore,Wednesday,8,Cloudy,High,Car,Main Road,60,48.9,11,80.7,36.4,0
8859,Karachi,Friday,1,Fog,Medium,Van,Residential,50,25.8,12,42.9,29.8,1
8860,Islamabad,Thursday,4,Clear,Severe,Car,School Zone,40,10.0,43,80.7,46.6,0
8861,Lahore,Tuesday,12,Clear,High,Motorcycle,Residential,50,56.6,9,89.9,74.2,1
8862,Multan,Tuesday,15,Clear,High,Rickshaw,Market,50,21.2,16,77.1,45.1,0
8863,Multan,Thursday,15,Rain,Low,Rickshaw,Main Road,60,66.5,11,87.6,38.6,0
8864,Rawalpindi,Saturday,23,Rain,Low,Motorcycle,Main Road,60,55.7,7,75.9,66.1,1
8865,Lahore,Friday,2,Cloudy,High,Car,Highway,100,86.3,8,92.0,25.6,0
8866,Peshawar,Sunday,21,Cloudy,Medium,Rickshaw,Main Road,60,47.3,6,94.5,12.1,0
8867,Lahore,Monday,3,Clear,Low,Car,Main Road,60,69.4,13,97.3,27.9,0
8868,Karachi,Friday,10,Clear,Medium,Rickshaw,Residential,50,32.6,6,86.6,0.0,0
8869,Islamabad,Tuesday,22,Clear,Low,Car,Market,50,59.6,12,87.2,43.6,1
8870,Rawalpindi,Monday,13,Cloudy,Severe,Bus,Market,50,10.0,19,99.0,49.1,0
8871,Rawalpindi,Sunday,2,Rain,Severe,Van,Main Road,60,25.8,8,73.1,53.3,0
8872,Karachi,Saturday,15,Rain,Medium,Car,Highway,100,81.9,7,64.1,32.8,0
8873,Karachi,Wednesday,21,Clear,Low,Rickshaw,Main Road,60,47.7,7,98.8,21.2,0
8874,Karachi,Wednesday,14,Clear,Medium,Bus,Market,50,44.1,20,93.4,20.9,0
8875,Peshawar,Sunday,9,Dust,Low,Car,Market,50,23.7,25,81.2,23.2,0
8876,Islamabad,Friday,8,Clear,Medium,Car,School Zone,40,34.3,33,92.0,37.1,0
8877,Peshawar,Friday,10,Clear,High,Rickshaw,Residential,50,29.4,9,88.9,35.3,0
8878,Karachi,Monday,15,Clear,Medium,Motorcycle,Highway,100,72.6,11,89.8,25.8,0
8879,Islamabad,Monday,9,Cloudy,Medium,Motorcycle,Main Road,60,46.0,5,100.0,40.8,0
8880,Multan,Saturday,16,Clear,Low,Van,Market,50,39.2,19,62.9,16.9,0
8881,Multan,Friday,18,Clear,Medium,Motorcycle,Residential,50,46.3,6,89.7,35.8,0
8882,Karachi,Tuesday,1,Cloudy,Low,Rickshaw,Main Road,60,84.4,5,100.0,51.4,0
8883,Islamabad,Wednesday,23,Clear,Medium,Car,Main Road,60,59.1,7,87.2,49.8,0
8884,Rawalpindi,Saturday,22,Clear,Medium,Car,Highway,100,92.4,6,98.7,28.4,0
8885,Peshawar,Monday,1,Rain,High,Car,Residential,50,32.9,7,82.4,41.1,0
8886,Quetta,Tuesday,5,Dust,Medium,Motorcycle,Main Road,60,51.3,12,62.2,22.2,0
8887,Karachi,Friday,18,Clear,Medium,Bus,Main Road,60,69.9,10,85.3,26.2,0
8888,Karachi,Thursday,7,Clear,Severe,Van,Highway,100,71.0,9,84.7,54.4,0
8889,Lahore,Monday,2,Clear,High,Rickshaw,Residential,50,40.7,10,97.6,41.9,0
8890,Quetta,Saturday,13,Cloudy,Medium,Van,Main Road,60,71.6,4,92.7,54.6,1
8891,Rawalpindi,Thursday,15,Dust,Low,Bus,Residential,50,48.6,7,65.5,59.2,1
8892,Karachi,Tuesday,0,Clear,High,Motorcycle,Highway,100,81.7,9,94.6,40.7,0
8893,Peshawar,Sunday,20,Clear,High,Car,Market,50,35.8,14,90.9,46.8,0
8894,Rawalpindi,Wednesday,2,Clear,Low,Car,School Zone,40,51.2,36,74.4,55.6,1
8895,Karachi,Sunday,21,Clear,Low,Motorcycle,School Zone,40,52.4,35,94.5,50.8,0
8896,Peshawar,Sunday,17,Clear,Medium,Rickshaw,School Zone,40,14.2,41,100.0,50.8,0
8897,Lahore,Sunday,8,Dust,Low,Rickshaw,Market,50,41.6,22,62.5,33.1,0
8898,Lahore,Tuesday,5,Cloudy,High,Car,Highway,100,88.9,6,100.0,13.1,0
8899,Multan,Wednesday,22,Clear,Low,Motorcycle,Main Road,60,66.6,18,78.5,39.6,0
8900,Peshawar,Tuesday,20,Dust,Medium,Motorcycle,Market,50,54.6,25,55.1,56.2,0
8901,Rawalpindi,Sunday,0,Clear,Low,Van,Main Road,60,61.7,4,100.0,18.7,0
8902,Peshawar,Monday,20,Clear,Medium,Rickshaw,Main Road,60,37.1,6,92.5,15.7,0
8903,Quetta,Sunday,9,Fog,Low,Bus,Residential,50,32.2,6,50.1,47.2,0
8904,Peshawar,Monday,5,Clear,Medium,Van,Residential,50,31.2,5,72.8,12.6,0
8905,Lahore,Saturday,22,Fog,Severe,Motorcycle,Main Road,60,34.2,9,58.5,75.6,1
8906,Lahore,Sunday,11,Cloudy,High,Rickshaw,Main Road,60,49.0,3,77.7,39.8,0
8907,Lahore,Thursday,3,Fog,Low,Car,Market,50,34.5,24,40.5,50.8,0
8908,Quetta,Tuesday,12,Rain,Medium,Van,Residential,50,60.8,15,73.5,36.8,0
8909,Karachi,Sunday,16,Clear,Medium,Bus,Market,50,49.7,23,89.6,24.9,0
8910,Multan,Tuesday,7,Dust,Severe,Rickshaw,Main Road,60,42.2,8,65.2,42.7,0
8911,Quetta,Sunday,19,Clear,High,Motorcycle,School Zone,40,10.0,40,84.9,59.9,0
8912,Karachi,Thursday,2,Cloudy,Low,Motorcycle,Residential,50,39.6,10,96.2,17.6,0
8913,Quetta,Sunday,11,Cloudy,Low,Motorcycle,Residential,50,44.2,9,97.9,28.1,0
8914,Islamabad,Friday,6,Rain,High,Bus,Market,50,24.5,20,60.7,50.4,0
8915,Karachi,Saturday,11,Rain,Low,Car,Market,50,35.4,23,94.0,37.9,0
8916,Rawalpindi,Tuesday,1,Rain,Severe,Rickshaw,Residential,50,17.1,6,69.3,62.3,1
8917,Rawalpindi,Saturday,23,Dust,Severe,Motorcycle,Main Road,60,20.7,9,64.9,61.6,1
8918,Multan,Tuesday,13,Dust,High,Rickshaw,Highway,100,92.8,6,66.2,68.9,1
8919,Lahore,Tuesday,21,Clear,Low,Rickshaw,Main Road,60,72.8,9,77.3,45.2,0
8920,Quetta,Friday,22,Dust,Medium,Car,Residential,50,42.8,10,69.2,35.5,0
8921,Peshawar,Sunday,4,Rain,Medium,Motorcycle,Market,50,30.9,26,83.8,44.9,0
8922,Lahore,Monday,8,Dust,High,Motorcycle,School Zone,40,10.0,27,62.1,58.2,0
8923,Multan,Saturday,20,Fog,Medium,Car,Main Road,60,49.9,12,35.1,33.0,0
8924,Peshawar,Thursday,10,Clear,Medium,Car,Residential,50,42.5,4,90.1,0.0,0
8925,Quetta,Saturday,4,Clear,Low,Rickshaw,School Zone,40,38.5,28,93.4,36.5,0
8926,Lahore,Sunday,2,Rain,Medium,Motorcycle,Main Road,60,52.0,10,73.4,39.1,0
8927,Lahore,Friday,16,Clear,Severe,Motorcycle,Main Road,60,25.2,10,99.6,48.9,1
8928,Rawalpindi,Wednesday,1,Cloudy,Severe,Rickshaw,Market,50,34.1,18,76.4,43.7,1
8929,Peshawar,Wednesday,23,Dust,High,Car,Main Road,60,43.5,7,62.0,29.3,0
8930,Islamabad,Friday,0,Clear,Severe,Motorcycle,Highway,100,67.3,8,100.0,47.0,0
8931,Islamabad,Sunday,6,Fog,Low,Rickshaw,Highway,100,83.3,7,42.4,28.9,0
8932,Lahore,Friday,13,Fog,High,Rickshaw,Main Road,60,27.3,6,44.2,75.5,1
8933,Quetta,Monday,4,Clear,Medium,Rickshaw,Market,50,56.2,21,84.2,28.7,0
8934,Lahore,Saturday,18,Rain,Medium,Car,Main Road,60,31.2,11,81.4,33.4,0
8935,Multan,Sunday,10,Clear,Medium,Motorcycle,Highway,100,92.5,11,91.6,27.6,0
8936,Rawalpindi,Saturday,22,Rain,High,Bus,Main Road,60,52.4,8,79.8,25.9,0
8937,Multan,Wednesday,1,Clear,Medium,Motorcycle,Highway,100,105.9,6,83.0,54.0,1
8938,Peshawar,Sunday,7,Dust,High,Car,Main Road,60,58.7,4,64.1,58.1,1
8939,Multan,Thursday,8,Clear,High,Rickshaw,Residential,50,45.2,6,94.7,45.2,0
8940,Lahore,Saturday,2,Cloudy,Low,Car,School Zone,40,42.8,39,88.7,68.4,1
8941,Multan,Tuesday,1,Rain,Low,Rickshaw,Main Road,60,80.4,8,82.6,46.0,0
8942,Quetta,Tuesday,6,Clear,High,Car,Main Road,60,32.2,11,89.5,46.1,0
8943,Islamabad,Monday,4,Rain,Medium,Motorcycle,Highway,100,68.9,16,80.5,46.6,0
8944,Peshawar,Sunday,20,Fog,High,Car,Residential,50,10.0,8,54.0,32.0,0
8945,Lahore,Monday,4,Cloudy,Medium,Rickshaw,Market,50,57.4,17,89.9,40.3,0
8946,Peshawar,Sunday,19,Rain,High,Motorcycle,Highway,100,66.7,7,79.8,60.3,0
8947,Rawalpindi,Wednesday,12,Cloudy,High,Van,Highway,100,69.5,6,100.0,37.5,0
8948,Multan,Thursday,20,Cloudy,Medium,Motorcycle,Residential,50,17.8,8,81.4,31.2,0
8949,Islamabad,Thursday,19,Clear,Medium,Motorcycle,Residential,50,57.7,8,92.8,44.4,0
8950,Quetta,Friday,5,Cloudy,Medium,Rickshaw,Market,50,33.4,24,98.6,0.0,0
8951,Peshawar,Monday,19,Cloudy,Low,Van,Main Road,60,63.9,11,100.0,46.1,0
8952,Islamabad,Sunday,17,Cloudy,High,Motorcycle,Highway,100,76.3,7,86.6,39.4,0
8953,Multan,Saturday,1,Clear,Medium,Motorcycle,Main Road,60,58.3,9,100.0,51.0,0
8954,Lahore,Tuesday,5,Clear,Severe,Motorcycle,Main Road,60,27.7,6,78.8,64.0,1
8955,Quetta,Saturday,8,Rain,Severe,Car,School Zone,40,10.0,32,88.9,68.8,1
8956,Quetta,Tuesday,2,Clear,High,Car,Main Road,60,51.9,10,81.3,34.2,0
8957,Karachi,Wednesday,0,Clear,Low,Car,Main Road,60,75.6,9,93.9,53.5,1
8958,Peshawar,Tuesday,0,Clear,Low,Motorcycle,Residential,50,58.0,6,91.9,34.2,0
8959,Islamabad,Saturday,18,Cloudy,High,Motorcycle,Highway,100,75.1,9,89.6,43.4,0
8960,Peshawar,Saturday,4,Fog,Severe,Motorcycle,Residential,50,10.0,13,48.7,75.3,1
8961,Lahore,Thursday,12,Dust,Medium,Bus,Highway,100,114.7,9,57.9,36.9,0
8962,Lahore,Sunday,18,Clear,Medium,Car,Main Road,60,54.6,7,82.8,33.1,0
8963,Multan,Thursday,11,Clear,Medium,Car,Main Road,60,45.2,5,81.1,19.2,0
8964,Quetta,Monday,15,Dust,High,Car,Main Road,60,38.4,3,61.9,49.4,1
8965,Quetta,Saturday,18,Dust,High,Rickshaw,Main Road,60,38.7,11,65.3,58.8,1
8966,Islamabad,Sunday,2,Clear,Low,Van,Main Road,60,43.7,13,89.3,35.1,0
8967,Rawalpindi,Wednesday,11,Dust,High,Bus,Residential,50,34.7,3,64.5,41.7,0
8968,Peshawar,Tuesday,4,Clear,Low,Rickshaw,School Zone,40,35.4,24,80.7,14.3,0
8969,Peshawar,Monday,1,Cloudy,High,Car,Highway,100,94.0,7,100.0,45.5,0
8970,Lahore,Friday,21,Clear,High,Rickshaw,School Zone,40,10.0,41,90.1,52.1,0
8971,Peshawar,Friday,6,Fog,High,Van,Highway,100,84.6,6,41.4,44.6,0
8972,Islamabad,Sunday,12,Rain,High,Car,Main Road,60,40.8,11,74.5,62.7,0
8973,Karachi,Tuesday,14,Clear,Low,Motorcycle,Main Road,60,59.7,7,95.9,44.2,0
8974,Quetta,Tuesday,21,Cloudy,High,Rickshaw,Highway,100,87.2,6,91.7,34.9,0
8975,Lahore,Sunday,2,Clear,Severe,Bus,Market,50,16.3,17,76.0,36.5,0
8976,Quetta,Tuesday,20,Clear,High,Van,Main Road,60,59.2,7,84.2,71.0,0
8977,Quetta,Thursday,19,Clear,Medium,Motorcycle,School Zone,40,53.7,32,73.9,46.8,0
8978,Quetta,Tuesday,4,Cloudy,Low,Van,Residential,50,61.2,6,99.5,29.3,0
8979,Karachi,Friday,23,Clear,Low,Car,Highway,100,86.3,4,84.2,19.1,0
8980,Peshawar,Tuesday,7,Cloudy,Low,Van,Main Road,60,83.0,9,95.0,43.8,0
8981,Rawalpindi,Saturday,21,Cloudy,Low,Rickshaw,Main Road,60,54.2,11,91.6,25.8,0
8982,Quetta,Sunday,0,Cloudy,Medium,Rickshaw,Residential,50,30.5,6,92.6,29.8,0
8983,Islamabad,Wednesday,7,Clear,Severe,Motorcycle,Main Road,60,30.0,4,91.5,52.2,0
8984,Quetta,Friday,23,Clear,High,Motorcycle,School Zone,40,33.5,42,100.0,68.6,1
8985,Quetta,Wednesday,17,Clear,Medium,Car,Highway,100,100.9,10,96.3,28.6,0
8986,Peshawar,Friday,19,Clear,Low,Car,Residential,50,37.3,9,92.9,18.0,0
8987,Multan,Monday,15,Cloudy,Severe,Van,School Zone,40,12.8,43,100.0,57.3,0
8988,Islamabad,Saturday,17,Fog,Medium,Car,Main Road,60,38.4,4,52.2,29.3,0
8989,Peshawar,Friday,19,Clear,Severe,Motorcycle,Market,50,23.4,27,84.1,50.5,0
8990,Quetta,Saturday,11,Cloudy,High,Car,Main Road,60,40.0,8,84.4,35.6,1
8991,Multan,Friday,12,Clear,Low,Car,Residential,50,48.5,14,76.0,35.1,0
8992,Peshawar,Wednesday,12,Clear,High,Motorcycle,Main Road,60,30.8,12,79.4,48.2,1
8993,Peshawar,Wednesday,9,Cloudy,Medium,Motorcycle,Residential,50,48.7,9,100.0,50.4,0
8994,Lahore,Sunday,6,Rain,Medium,Motorcycle,Residential,50,45.7,9,65.9,43.5,0
8995,Karachi,Friday,13,Dust,High,Car,Residential,50,32.1,9,62.1,34.5,0
8996,Multan,Friday,23,Rain,High,Motorcycle,Residential,50,25.4,13,91.5,54.0,0
8997,Rawalpindi,Thursday,15,Clear,High,Motorcycle,Market,50,31.9,24,94.2,46.1,1
8998,Multan,Saturday,14,Cloudy,High,Rickshaw,Main Road,60,18.7,5,100.0,34.0,0
8999,Karachi,Saturday,11,Dust,High,Motorcycle,Main Road,60,50.1,12,65.7,47.9,0
9000,Karachi,Saturday,8,Cloudy,High,Bus,Market,50,22.1,12,83.5,39.7,0
9001,Islamabad,Saturday,7,Fog,High,Car,Residential,50,24.3,11,46.2,59.6,0
9002,Lahore,Monday,17,Clear,High,Rickshaw,Main Road,60,34.0,8,84.4,56.1,0
9003,Lahore,Monday,22,Rain,Low,Motorcycle,Highway,100,90.3,10,80.6,36.3,0
9004,Peshawar,Tuesday,17,Clear,High,Rickshaw,School Zone,40,16.6,34,85.1,63.6,1
9005,Karachi,Friday,12,Cloudy,Low,Motorcycle,Residential,50,42.8,6,100.0,24.3,0
9006,Multan,Friday,17,Cloudy,Low,Motorcycle,Market,50,57.9,27,83.5,49.1,0
9007,Rawalpindi,Friday,14,Clear,Low,Bus,Highway,100,120.0,5,96.4,39.3,0
9008,Islamabad,Friday,3,Fog,Low,Rickshaw,School Zone,40,17.2,21,40.0,52.3,0
9009,Multan,Saturday,16,Clear,Low,Car,School Zone,40,68.9,32,89.3,55.7,1
9010,Lahore,Saturday,4,Clear,Low,Car,School Zone,40,48.0,31,88.7,50.8,0
9011,Peshawar,Monday,21,Dust,Medium,Car,Highway,100,104.2,15,65.0,50.9,0
9012,Rawalpindi,Wednesday,15,Clear,Low,Motorcycle,Residential,50,39.5,5,94.4,33.4,0
9013,Karachi,Thursday,8,Clear,Medium,Rickshaw,Market,50,22.4,23,100.0,29.4,0
9014,Multan,Saturday,9,Rain,High,Van,Highway,100,73.1,8,80.3,32.6,0
9015,Rawalpindi,Saturday,23,Rain,Severe,Car,Main Road,60,29.3,11,64.5,41.7,0
9016,Lahore,Sunday,17,Fog,Medium,Motorcycle,Main Road,60,49.1,4,45.9,59.2,0
9017,Islamabad,Saturday,16,Rain,Severe,Car,Market,50,10.0,22,81.2,38.7,0
9018,Multan,Wednesday,17,Dust,Medium,Van,Market,50,58.9,23,56.5,52.4,0
9019,Karachi,Wednesday,6,Fog,Low,Car,Highway,100,108.7,6,49.1,56.1,0
9020,Islamabad,Monday,3,Cloudy,High,Motorcycle,Main Road,60,52.4,7,89.3,27.7,0
9021,Quetta,Saturday,4,Clear,Severe,Car,School Zone,40,17.6,36,87.4,71.2,1
9022,Rawalpindi,Sunday,22,Rain,High,Motorcycle,Main Road,60,60.1,5,79.4,52.1,0
9023,Rawalpindi,Thursday,15,Clear,Low,Motorcycle,Main Road,60,39.9,11,91.2,34.0,0
9024,Peshawar,Friday,2,Clear,Low,Van,Residential,50,58.0,13,100.0,39.0,1
9025,Karachi,Saturday,17,Rain,Low,Rickshaw,Highway,100,103.5,7,70.5,54.1,0
9026,Rawalpindi,Monday,22,Fog,Medium,Van,Main Road,60,31.3,10,50.3,37.4,0
9027,Lahore,Monday,20,Clear,Medium,Bus,Main Road,60,69.1,4,94.8,35.8,0
9028,Quetta,Thursday,13,Clear,Medium,Car,School Zone,40,36.9,30,100.0,26.2,0
9029,Lahore,Sunday,14,Clear,Medium,Car,Main Road,60,49.4,13,94.9,24.9,0
9030,Islamabad,Tuesday,16,Clear,Medium,Motorcycle,Main Road,60,63.7,11,88.3,44.1,0
9031,Quetta,Monday,0,Clear,Medium,Car,Residential,50,43.7,5,89.5,29.2,0
9032,Quetta,Wednesday,20,Cloudy,Low,Motorcycle,School Zone,40,34.1,40,83.0,19.0,0
9033,Lahore,Wednesday,16,Clear,Medium,Car,Highway,100,98.1,8,92.1,46.7,0
9034,Rawalpindi,Friday,22,Clear,Severe,Car,Residential,50,10.0,9,81.1,53.1,1
9035,Lahore,Monday,10,Dust,High,Motorcycle,Main Road,60,44.6,7,68.7,46.0,0
9036,Karachi,Sunday,16,Rain,Medium,Van,School Zone,40,24.3,39,77.0,41.5,0
9037,Islamabad,Friday,13,Clear,Low,Car,Main Road,60,62.2,9,89.8,32.8,0
9038,Multan,Monday,19,Cloudy,Low,Motorcycle,Residential,50,50.2,4,95.0,45.4,0
9039,Quetta,Thursday,18,Clear,Medium,Motorcycle,Residential,50,48.5,6,94.7,36.3,0
9040,Karachi,Saturday,20,Fog,Medium,Motorcycle,School Zone,40,10.0,28,41.7,54.4,0
9041,Rawalpindi,Sunday,6,Clear,Low,Van,Highway,100,83.7,11,82.9,33.4,0
9042,Rawalpindi,Monday,23,Fog,Low,Motorcycle,Residential,50,31.0,6,45.8,45.1,0
9043,Lahore,Sunday,12,Dust,Medium,Motorcycle,Market,50,41.8,28,66.6,44.4,1
9044,Peshawar,Tuesday,17,Cloudy,Low,Motorcycle,School Zone,40,45.7,44,84.1,60.9,0
9045,Quetta,Sunday,22,Clear,Severe,Motorcycle,Highway,100,77.5,11,94.8,51.9,0
9046,Quetta,Sunday,13,Dust,Low,Car,Market,50,23.6,22,65.8,40.6,0
9047,Peshawar,Wednesday,0,Clear,Severe,Motorcycle,School Zone,40,16.3,32,83.0,58.6,1
9048,Rawalpindi,Thursday,6,Clear,High,Motorcycle,Residential,50,54.7,5,83.5,61.3,1
9049,Rawalpindi,Saturday,7,Clear,Medium,Van,Highway,100,73.2,13,99.9,10.4,0
9050,Multan,Saturday,17,Cloudy,Medium,Car,Main Road,60,70.0,11,75.3,39.2,0
9051,Multan,Wednesday,8,Clear,Medium,Motorcycle,Market,50,55.1,16,86.0,55.0,1
9052,Quetta,Sunday,0,Fog,Medium,Car,Main Road,60,41.1,6,58.1,32.8,0
9053,Multan,Saturday,21,Clear,Low,Motorcycle,Residential,50,50.4,5,94.4,39.0,0
9054,Multan,Friday,16,Rain,Low,Van,Main Road,60,52.7,10,75.3,38.6,0
9055,Islamabad,Thursday,18,Clear,Medium,Car,Residential,50,40.0,6,100.0,12.3,0
9056,Quetta,Tuesday,5,Clear,Low,Motorcycle,Highway,100,108.2,6,95.0,63.4,0
9057,Rawalpindi,Wednesday,2,Clear,Medium,Car,Main Road,60,71.4,8,86.9,33.4,0
9058,Rawalpindi,Monday,23,Fog,Severe,Motorcycle,Residential,50,14.4,6,50.0,62.8,0
9059,Multan,Monday,4,Clear,High,Car,Main Road,60,56.2,4,84.8,45.0,1
9060,Islamabad,Monday,1,Rain,High,Rickshaw,Market,50,14.5,16,76.4,60.4,1
9061,Multan,Thursday,19,Clear,Medium,Motorcycle,Market,50,48.8,20,88.0,37.2,0
9062,Multan,Tuesday,3,Rain,Low,Car,Main Road,60,54.7,8,66.1,44.7,0
9063,Karachi,Saturday,9,Clear,Low,Motorcycle,Main Road,60,43.5,5,83.4,18.2,0
9064,Karachi,Tuesday,9,Clear,Severe,Car,Main Road,60,29.4,8,87.7,36.4,0
9065,Islamabad,Tuesday,23,Cloudy,High,Motorcycle,Market,50,41.9,27,82.5,44.5,0
9066,Islamabad,Wednesday,20,Clear,Medium,Motorcycle,Residential,50,45.8,4,100.0,38.1,0
9067,Karachi,Thursday,10,Clear,High,Rickshaw,Residential,50,31.8,7,96.7,24.0,0
9068,Karachi,Monday,15,Clear,High,Motorcycle,Market,50,24.6,19,77.9,55.1,1
9069,Karachi,Wednesday,16,Rain,High,Rickshaw,Residential,50,24.1,10,84.3,29.1,0
9070,Karachi,Saturday,15,Clear,High,Car,Market,50,42.7,20,83.1,44.9,0
9071,Quetta,Tuesday,6,Clear,Low,Motorcycle,School Zone,40,26.2,39,88.3,39.7,0
9072,Quetta,Sunday,15,Rain,Medium,Motorcycle,Residential,50,48.1,11,83.4,56.7,0
9073,Multan,Monday,2,Clear,Medium,Bus,Market,50,35.1,26,88.0,30.2,0
9074,Lahore,Thursday,15,Cloudy,High,Bus,Market,50,28.5,26,100.0,30.1,0
9075,Multan,Friday,7,Cloudy,Severe,Bus,Residential,50,23.1,6,95.7,33.2,0
9076,Islamabad,Tuesday,11,Fog,High,Bus,Market,50,31.7,21,44.1,47.0,0
9077,Peshawar,Tuesday,2,Clear,Low,Car,Highway,100,120.0,9,98.2,37.2,0
9078,Lahore,Tuesday,16,Cloudy,Low,Motorcycle,Highway,100,119.2,8,89.6,41.1,0
9079,Peshawar,Tuesday,20,Clear,High,Car,Main Road,60,37.5,11,88.2,48.1,0
9080,Peshawar,Monday,17,Clear,Low,Car,School Zone,40,35.0,43,87.7,16.9,0
9081,Rawalpindi,Thursday,10,Cloudy,Low,Bus,Highway,100,81.7,10,92.0,1.8,0
9082,Islamabad,Wednesday,3,Clear,High,Motorcycle,School Zone,40,21.5,39,87.0,69.3,1
9083,Quetta,Monday,15,Clear,Medium,Motorcycle,Main Road,60,51.4,5,86.6,32.5,0
9084,Lahore,Thursday,16,Cloudy,High,Rickshaw,Residential,50,40.4,10,92.5,34.5,0
9085,Multan,Wednesday,8,Clear,Medium,Rickshaw,Residential,50,46.5,9,99.0,52.7,0
9086,Islamabad,Tuesday,5,Clear,Medium,Van,Residential,50,42.0,5,97.3,23.9,0
9087,Karachi,Thursday,23,Clear,Low,Motorcycle,Residential,50,30.0,9,75.7,45.5,0
9088,Islamabad,Tuesday,19,Clear,High,Motorcycle,School Zone,40,17.8,43,89.6,63.0,0
9089,Peshawar,Sunday,1,Clear,High,Car,Market,50,37.0,31,93.2,62.8,0
9090,Quetta,Thursday,8,Clear,Low,Car,Residential,50,58.3,12,91.5,37.6,0
9091,Karachi,Saturday,20,Clear,Medium,Motorcycle,Residential,50,68.1,14,96.9,41.7,0
9092,Islamabad,Friday,5,Cloudy,Low,Car,Residential,50,65.8,9,84.9,49.9,0
9093,Islamabad,Tuesday,2,Clear,High,Motorcycle,Residential,50,36.4,10,87.5,39.5,0
9094,Quetta,Tuesday,19,Rain,Low,Motorcycle,Main Road,60,52.0,9,73.7,37.9,0
9095,Peshawar,Tuesday,5,Fog,Low,Car,Residential,50,48.5,8,45.7,50.2,0
9096,Multan,Saturday,6,Clear,Low,Motorcycle,Main Road,60,46.5,12,89.5,18.5,0
9097,Karachi,Monday,0,Clear,High,Car,Highway,100,72.6,7,86.6,40.4,0
9098,Peshawar,Wednesday,22,Cloudy,Low,Motorcycle,Highway,100,94.7,5,89.7,51.9,0
9099,Quetta,Tuesday,0,Clear,Low,Car,School Zone,40,26.7,34,86.3,35.3,0
9100,Islamabad,Tuesday,4,Rain,Low,Rickshaw,Residential,50,27.5,9,64.7,45.3,0
9101,Multan,Monday,5,Clear,Medium,Bus,Market,50,48.1,22,88.3,37.7,0
9102,Lahore,Monday,12,Clear,Medium,Rickshaw,Highway,100,97.8,11,86.7,47.4,0
9103,Lahore,Friday,1,Clear,Medium,Rickshaw,Main Road,60,53.3,5,86.2,31.2,0
9104,Rawalpindi,Thursday,14,Clear,Medium,Bus,Market,50,46.9,27,84.4,36.0,0
9105,Lahore,Tuesday,14,Clear,Severe,Rickshaw,Residential,50,41.6,14,77.0,43.6,0
9106,Quetta,Thursday,12,Clear,High,Motorcycle,Residential,50,26.6,7,87.4,30.6,0
9107,Quetta,Sunday,13,Clear,Medium,Car,Highway,100,91.7,8,89.4,34.7,0
9108,Quetta,Monday,21,Cloudy,Low,Van,Market,50,36.3,29,82.5,24.9,0
9109,Karachi,Monday,6,Clear,High,Motorcycle,Market,50,48.8,22,95.4,56.4,0
9110,Rawalpindi,Friday,13,Dust,Medium,Bus,Main Road,60,41.7,8,61.1,18.6,0
9111,Karachi,Wednesday,23,Clear,Severe,Rickshaw,Residential,50,10.0,5,95.5,43.4,0
9112,Multan,Saturday,9,Clear,Severe,Van,Highway,100,81.9,4,80.2,58.7,0
9113,Lahore,Saturday,16,Clear,Medium,Rickshaw,Main Road,60,58.7,4,93.9,19.3,0
9114,Multan,Saturday,13,Rain,Low,Bus,School Zone,40,29.7,32,89.8,41.9,0
9115,Lahore,Monday,7,Cloudy,Low,Bus,Highway,100,94.5,11,87.3,33.1,0
9116,Islamabad,Tuesday,3,Clear,High,Motorcycle,Main Road,60,67.5,11,100.0,65.8,1
9117,Karachi,Friday,15,Clear,High,Motorcycle,Main Road,60,31.6,8,79.6,20.4,0
9118,Peshawar,Wednesday,23,Fog,Medium,Van,Main Road,60,61.8,12,43.8,51.1,0
9119,Multan,Sunday,12,Rain,High,Van,Main Road,60,24.2,10,72.1,49.8,0
9120,Islamabad,Saturday,21,Clear,Medium,Car,Main Road,60,74.7,11,98.9,36.4,0
9121,Karachi,Friday,19,Cloudy,Medium,Car,Main Road,60,60.5,11,86.4,51.4,1
9122,Quetta,Monday,17,Clear,Low,Car,Market,50,38.5,21,90.1,20.9,0
9123,Rawalpindi,Saturday,13,Clear,Medium,Car,School Zone,40,40.1,33,84.0,47.8,1
9124,Multan,Wednesday,17,Rain,Low,Rickshaw,Main Road,60,39.3,12,83.7,23.0,0
9125,Karachi,Sunday,4,Rain,High,Car,Main Road,60,33.7,7,81.5,65.1,1
9126,Rawalpindi,Thursday,8,Clear,Medium,Rickshaw,School Zone,40,30.7,50,89.6,24.5,0
9127,Multan,Sunday,2,Dust,High,Bus,Main Road,60,47.7,8,67.9,39.8,0
9128,Rawalpindi,Wednesday,7,Cloudy,Severe,Van,Main Road,60,43.6,9,91.4,55.8,0
9129,Multan,Sunday,19,Clear,Medium,Bus,Main Road,60,30.4,10,91.9,17.2,0
9130,Lahore,Tuesday,21,Clear,Medium,Car,Main Road,60,50.8,4,92.6,0.0,0
9131,Peshawar,Saturday,9,Clear,Low,Van,Highway,100,118.3,9,95.3,39.5,0
9132,Multan,Saturday,21,Clear,Medium,Motorcycle,Main Road,60,45.0,9,85.2,10.6,0
9133,Karachi,Thursday,18,Cloudy,Severe,Van,Residential,50,40.0,8,92.5,38.1,0
9134,Peshawar,Sunday,20,Clear,High,Motorcycle,Residential,50,33.5,6,89.8,44.6,0
9135,Rawalpindi,Thursday,2,Clear,Medium,Car,Highway,100,107.8,5,75.8,23.4,0
9136,Lahore,Sunday,10,Dust,Low,Motorcycle,Residential,50,61.1,9,61.8,51.4,0
9137,Multan,Saturday,10,Fog,High,Motorcycle,Main Road,60,28.2,12,41.5,50.9,1
9138,Peshawar,Tuesday,16,Cloudy,Medium,Car,Residential,50,39.5,7,86.3,26.5,0
9139,Islamabad,Sunday,15,Cloudy,Medium,Motorcycle,School Zone,40,47.5,29,90.5,48.6,1
9140,Rawalpindi,Thursday,6,Rain,Low,Van,Main Road,60,50.5,7,82.1,23.1,0
9141,Islamabad,Monday,3,Cloudy,Low,Rickshaw,Main Road,60,80.8,6,83.6,50.3,0
9142,Quetta,Saturday,22,Clear,Medium,Rickshaw,Highway,100,78.6,7,78.0,24.5,0
9143,Peshawar,Wednesday,18,Clear,High,Van,Highway,100,81.9,5,85.2,29.9,0
9144,Peshawar,Wednesday,11,Cloudy,Low,Bus,Main Road,60,60.3,6,96.5,21.6,0
9145,Peshawar,Tuesday,14,Clear,Low,Motorcycle,Market,50,60.1,23,84.4,53.2,1
9146,Quetta,Monday,10,Clear,Medium,Rickshaw,Main Road,60,61.3,7,99.2,37.6,0
9147,Karachi,Thursday,4,Rain,Medium,Car,Market,50,24.0,13,87.5,23.1,0
9148,Rawalpindi,Sunday,4,Clear,Low,Motorcycle,Highway,100,95.6,10,91.0,47.3,1
9149,Rawalpindi,Saturday,14,Clear,Medium,Car,Highway,100,80.9,6,78.7,14.2,0
9150,Multan,Wednesday,17,Clear,Low,Car,Main Road,60,68.7,10,82.9,47.8,0
9151,Multan,Wednesday,10,Clear,High,Car,Residential,50,34.8,6,97.2,27.7,0
9152,Multan,Wednesday,11,Dust,High,Motorcycle,Residential,50,28.3,9,62.1,61.0,0
9153,Rawalpindi,Wednesday,1,Cloudy,Severe,Car,Market,50,24.7,19,80.8,44.3,0
9154,Karachi,Friday,19,Dust,High,Motorcycle,Main Road,60,36.7,7,61.4,73.0,1
9155,Peshawar,Tuesday,14,Clear,High,Rickshaw,School Zone,40,29.2,44,94.2,68.7,1
9156,Peshawar,Thursday,19,Cloudy,High,Bus,Market,50,46.6,24,88.7,34.3,0
9157,Quetta,Saturday,3,Cloudy,High,Car,Main Road,60,37.3,9,97.5,37.0,0
9158,Islamabad,Saturday,21,Clear,High,Van,Market,50,49.6,21,76.5,50.9,1
9159,Karachi,Saturday,17,Clear,Medium,Car,Main Road,60,27.5,13,87.9,37.3,0
9160,Lahore,Thursday,5,Cloudy,High,Car,Main Road,60,45.9,8,100.0,26.9,0
9161,Karachi,Tuesday,22,Fog,Low,Car,Main Road,60,52.8,12,42.5,33.2,0
9162,Quetta,Monday,18,Dust,High,Motorcycle,Main Road,60,39.4,4,77.3,53.0,0
9163,Islamabad,Sunday,10,Clear,High,Car,Main Road,60,37.1,9,86.4,35.6,0
9164,Islamabad,Sunday,23,Clear,High,Motorcycle,Residential,50,37.9,10,86.2,42.2,1
9165,Multan,Tuesday,1,Cloudy,High,Motorcycle,Residential,50,29.7,9,78.5,37.1,0
9166,Multan,Wednesday,7,Clear,Medium,Rickshaw,Residential,50,48.3,8,100.0,28.5,0
9167,Islamabad,Sunday,10,Clear,Severe,Motorcycle,Residential,50,10.0,8,100.0,48.8,0
9168,Peshawar,Wednesday,4,Clear,Severe,Motorcycle,Market,50,11.9,20,94.1,82.1,1
9169,Lahore,Tuesday,17,Clear,Severe,Bus,Main Road,60,38.2,8,77.8,37.0,0
9170,Islamabad,Tuesday,22,Clear,Medium,Rickshaw,Market,50,47.0,24,70.8,54.5,0
9171,Rawalpindi,Thursday,17,Cloudy,Medium,Car,School Zone,40,38.9,30,89.2,37.9,0
9172,Peshawar,Thursday,13,Fog,Medium,Van,Residential,50,30.8,9,41.6,33.1,0
9173,Lahore,Friday,21,Clear,Medium,Rickshaw,Residential,50,36.2,8,86.3,18.3,0
9174,Rawalpindi,Saturday,9,Clear,Medium,Car,Highway,100,84.0,5,83.2,25.7,0
9175,Lahore,Friday,2,Cloudy,Low,Rickshaw,Residential,50,48.5,4,88.9,22.0,0
9176,Quetta,Saturday,8,Clear,Severe,Motorcycle,Main Road,60,29.6,5,91.4,75.7,0
9177,Lahore,Wednesday,2,Fog,High,Car,Market,50,20.9,21,49.1,46.8,0
9178,Rawalpindi,Friday,10,Clear,Severe,Van,Residential,50,10.8,10,90.0,59.8,0
9179,Karachi,Friday,11,Fog,Medium,Rickshaw,School Zone,40,24.0,33,37.0,67.8,1
9180,Lahore,Monday,11,Clear,Medium,Car,Main Road,60,28.8,9,95.0,17.2,0
9181,Karachi,Tuesday,2,Rain,Low,Van,Residential,50,25.7,5,77.2,20.2,0
9182,Lahore,Thursday,20,Cloudy,Medium,Rickshaw,Market,50,45.4,27,100.0,27.4,0
9183,Quetta,Friday,6,Fog,Severe,Motorcycle,Market,50,11.1,23,31.8,80.5,1
9184,Rawalpindi,Thursday,13,Cloudy,Medium,Rickshaw,Main Road,60,88.2,10,98.7,29.1,0
9185,Lahore,Saturday,23,Cloudy,Medium,Van,Residential,50,56.9,8,74.8,44.2,0
9186,Islamabad,Friday,10,Cloudy,Medium,Motorcycle,Main Road,60,57.4,4,85.2,44.0,1
9187,Quetta,Saturday,6,Rain,Severe,Motorcycle,Market,50,19.0,28,62.6,78.8,1
9188,Islamabad,Friday,20,Dust,Low,Car,Highway,100,93.7,7,60.9,62.4,1
9189,Quetta,Sunday,9,Clear,Severe,Motorcycle,Main Road,60,22.8,5,93.9,34.6,0
9190,Quetta,Wednesday,10,Clear,High,Bus,Highway,100,101.8,15,96.4,45.1,0
9191,Multan,Monday,14,Clear,High,Motorcycle,Residential,50,45.7,7,96.4,58.4,0
9192,Lahore,Saturday,18,Clear,Medium,Car,Main Road,60,68.3,5,100.0,49.4,0
9193,Rawalpindi,Tuesday,15,Dust,Low,Rickshaw,Main Road,60,76.9,5,60.3,55.4,0
9194,Multan,Tuesday,21,Clear,Medium,Rickshaw,Main Road,60,52.3,11,94.6,22.5,0
9195,Rawalpindi,Wednesday,20,Cloudy,Low,Motorcycle,Market,50,38.6,27,100.0,7.6,0
9196,Peshawar,Wednesday,19,Cloudy,High,Rickshaw,Residential,50,16.5,6,91.4,40.7,0
9197,Rawalpindi,Sunday,11,Dust,High,Car,School Zone,40,10.0,32,72.0,49.2,0
9198,Karachi,Tuesday,17,Cloudy,Medium,Van,Main Road,60,74.5,12,100.0,45.0,0
9199,Lahore,Saturday,22,Clear,Medium,Motorcycle,Main Road,60,57.7,7,95.8,26.9,0
9200,Islamabad,Tuesday,12,Fog,Severe,Car,Main Road,60,17.8,9,38.6,43.6,0
9201,Rawalpindi,Monday,4,Clear,High,Motorcycle,Main Road,60,32.9,7,90.4,45.7,0
9202,Islamabad,Friday,3,Rain,High,Car,Main Road,60,64.5,13,77.1,70.2,0
9203,Peshawar,Monday,13,Clear,Medium,Motorcycle,Residential,50,51.3,10,80.4,36.3,1
9204,Lahore,Sunday,7,Clear,High,Van,Residential,50,14.5,7,81.1,34.7,0
9205,Rawalpindi,Sunday,8,Dust,Low,Car,Market,50,51.1,21,73.8,49.0,0
9206,Multan,Tuesday,18,Rain,Low,Van,Main Road,60,35.4,6,82.8,38.5,0
9207,Islamabad,Friday,2,Clear,Medium,Bus,Market,50,33.9,27,95.1,30.2,0
9208,Multan,Tuesday,4,Cloudy,Severe,Motorcycle,Highway,100,79.2,10,92.4,81.9,1
9209,Quetta,Monday,20,Clear,Medium,Motorcycle,Main Road,60,45.7,6,90.4,39.4,0
9210,Multan,Monday,17,Clear,Low,Car,Residential,50,36.9,6,84.9,25.7,0
9211,Rawalpindi,Saturday,0,Rain,High,Van,Main Road,60,38.4,10,91.7,42.2,0
9212,Peshawar,Saturday,7,Rain,High,Rickshaw,Main Road,60,42.4,4,79.2,58.7,0
9213,Multan,Monday,18,Dust,Medium,Rickshaw,Highway,100,104.6,17,52.6,42.0,0
9214,Quetta,Friday,16,Cloudy,High,Car,Main Road,60,31.7,5,86.6,13.0,0
9215,Islamabad,Sunday,16,Cloudy,Medium,Motorcycle,Residential,50,31.2,9,88.8,32.3,0
9216,Islamabad,Saturday,10,Clear,Low,Motorcycle,Main Road,60,70.4,5,89.6,48.8,0
9217,Lahore,Saturday,1,Clear,High,Rickshaw,Main Road,60,57.0,9,98.9,59.2,0
9218,Multan,Thursday,5,Clear,Low,Motorcycle,Highway,100,107.1,10,88.8,50.6,0
9219,Multan,Thursday,21,Dust,Severe,Motorcycle,Market,50,25.0,28,66.3,60.0,0
9220,Lahore,Saturday,13,Clear,Medium,Bus,Residential,50,33.5,6,97.4,10.3,0
9221,Islamabad,Tuesday,2,Clear,High,Motorcycle,Market,50,13.0,21,97.5,43.9,0
9222,Quetta,Friday,11,Cloudy,Severe,Rickshaw,Highway,100,80.2,7,79.0,42.8,1
9223,Multan,Wednesday,3,Clear,Medium,Motorcycle,Market,50,22.2,16,96.0,30.5,0
9224,Lahore,Saturday,11,Dust,Medium,Motorcycle,School Zone,40,45.1,26,70.8,60.4,0
9225,Islamabad,Thursday,12,Clear,High,Motorcycle,Main Road,60,34.3,10,100.0,51.6,1
9226,Quetta,Friday,1,Rain,Low,Rickshaw,School Zone,40,17.0,36,78.1,52.4,0
9227,Karachi,Friday,1,Clear,Low,Car,Market,50,62.1,22,93.4,39.3,1
9228,Rawalpindi,Thursday,14,Clear,High,Motorcycle,Highway,100,95.3,6,93.7,64.4,1
9229,Multan,Friday,22,Dust,Low,Motorcycle,Highway,100,97.7,4,66.8,54.0,0
9230,Karachi,Friday,16,Cloudy,Medium,Van,Main Road,60,38.9,6,77.9,16.9,0
9231,Karachi,Thursday,6,Clear,Severe,Bus,Highway,100,74.1,7,79.9,40.3,0
9232,Rawalpindi,Monday,13,Clear,High,Bus,Residential,50,21.5,2,87.3,33.0,0
9233,Islamabad,Saturday,11,Clear,High,Car,Residential,50,23.9,8,80.4,27.6,0
9234,Islamabad,Tuesday,16,Clear,Severe,Car,Main Road,60,49.6,9,89.3,45.3,0
9235,Lahore,Wednesday,13,Clear,Low,Rickshaw,Highway,100,100.0,7,83.3,30.0,0
9236,Peshawar,Tuesday,5,Cloudy,Severe,Rickshaw,Residential,50,10.0,9,83.0,46.2,0
9237,Islamabad,Monday,18,Clear,High,Motorcycle,School Zone,40,32.9,29,81.2,60.3,1
9238,Rawalpindi,Sunday,23,Clear,Low,Rickshaw,Main Road,60,68.7,6,89.7,47.0,0
9239,Peshawar,Monday,5,Cloudy,Severe,Rickshaw,Residential,50,10.0,4,95.3,54.5,0
9240,Rawalpindi,Friday,17,Clear,Medium,Car,Residential,50,44.0,13,92.6,29.6,0
9241,Rawalpindi,Tuesday,23,Cloudy,Severe,Car,Highway,100,66.7,14,83.0,47.2,1
9242,Rawalpindi,Monday,4,Cloudy,High,Rickshaw,Residential,50,53.0,4,100.0,55.6,0
9243,Multan,Tuesday,23,Clear,Medium,Rickshaw,Residential,50,35.5,7,84.9,14.4,0
9244,Multan,Monday,23,Clear,Medium,Motorcycle,School Zone,40,40.7,34,93.9,66.4,0
9245,Peshawar,Wednesday,5,Clear,Medium,Car,Residential,50,60.9,12,88.3,25.9,0
9246,Karachi,Monday,1,Cloudy,Medium,Van,Residential,50,45.0,14,97.6,15.6,0
9247,Multan,Tuesday,7,Cloudy,Low,Rickshaw,Market,50,40.1,27,87.0,17.1,0
9248,Quetta,Friday,14,Cloudy,Severe,Van,Main Road,60,21.0,13,100.0,51.8,0
9249,Rawalpindi,Tuesday,14,Fog,High,Rickshaw,Residential,50,20.7,5,45.1,47.9,0
9250,Multan,Thursday,10,Cloudy,High,Car,Residential,50,37.9,5,81.3,55.1,1
9251,Lahore,Tuesday,21,Rain,Medium,Car,Market,50,52.1,28,79.1,54.4,0
9252,Islamabad,Wednesday,21,Clear,Low,Bus,Market,50,43.1,29,94.9,19.9,0
9253,Quetta,Saturday,23,Clear,Medium,Bus,Market,50,43.2,18,88.2,10.3,0
9254,Islamabad,Wednesday,0,Clear,Medium,Rickshaw,Residential,50,44.5,8,92.2,16.2,0
9255,Islamabad,Wednesday,17,Cloudy,Low,Van,Main Road,60,64.5,8,98.2,43.1,0
9256,Peshawar,Monday,11,Clear,High,Motorcycle,Residential,50,21.7,8,81.7,64.4,0
9257,Lahore,Wednesday,11,Cloudy,High,Rickshaw,Market,50,23.8,25,84.8,25.0,0
9258,Lahore,Tuesday,10,Cloudy,High,Car,Main Road,60,30.3,11,96.1,31.3,0
9259,Quetta,Saturday,7,Clear,Low,Rickshaw,Market,50,41.5,18,80.7,26.4,0
9260,Lahore,Sunday,6,Cloudy,High,Car,Residential,50,36.6,10,84.5,23.3,0
9261,Lahore,Friday,22,Clear,Medium,Van,Residential,50,48.2,7,90.1,49.7,0
9262,Lahore,Sunday,20,Clear,Low,Car,Main Road,60,61.8,7,99.1,34.4,0
9263,Quetta,Wednesday,1,Rain,Severe,Motorcycle,Residential,50,15.0,4,81.5,73.5,1
9264,Karachi,Tuesday,10,Rain,Low,Car,School Zone,40,22.8,42,73.4,48.2,0
9265,Lahore,Monday,21,Clear,Low,Rickshaw,Highway,100,100.7,6,81.5,43.4,1
9266,Multan,Monday,9,Clear,Medium,Bus,Market,50,43.5,20,90.2,32.9,0
9267,Lahore,Friday,2,Clear,Low,Bus,Market,50,45.6,20,90.4,24.2,0
9268,Peshawar,Friday,19,Clear,Low,Motorcycle,School Zone,40,34.5,44,89.1,47.8,0
9269,Peshawar,Tuesday,9,Fog,High,Van,Residential,50,29.0,7,47.5,56.6,0
9270,Multan,Friday,17,Clear,High,Motorcycle,Residential,50,36.9,12,88.5,40.9,0
9271,Lahore,Friday,13,Fog,High,Car,Highway,100,81.3,8,49.9,56.8,1
9272,Karachi,Monday,17,Dust,Low,Car,Highway,100,107.6,7,60.1,57.8,0
9273,Lahore,Tuesday,23,Clear,Severe,Van,Residential,50,10.0,8,100.0,43.6,0
9274,Multan,Saturday,7,Clear,Severe,Rickshaw,Main Road,60,23.3,13,83.4,57.6,1
9275,Lahore,Friday,9,Rain,Medium,Car,Residential,50,26.5,5,71.1,22.5,0
9276,Lahore,Tuesday,21,Clear,Medium,Motorcycle,Main Road,60,43.0,8,98.1,35.2,0
9277,Rawalpindi,Wednesday,12,Cloudy,Medium,Motorcycle,Market,50,71.6,27,99.8,44.4,0
9278,Karachi,Monday,20,Clear,High,Car,Residential,50,34.7,11,88.8,21.7,0
9279,Islamabad,Saturday,7,Clear,Severe,Motorcycle,Market,50,19.9,24,89.0,55.1,0
9280,Multan,Monday,3,Clear,Severe,Car,Highway,100,82.7,9,95.2,61.0,1
9281,Lahore,Monday,3,Clear,Medium,Motorcycle,Residential,50,61.0,9,98.9,52.7,0
9282,Multan,Thursday,4,Cloudy,Low,Rickshaw,Residential,50,53.5,7,99.9,42.4,0
9283,Islamabad,Tuesday,0,Fog,Medium,Rickshaw,Market,50,22.4,12,39.5,63.0,1
9284,Karachi,Wednesday,16,Clear,Medium,Car,Main Road,60,41.1,11,87.1,14.5,0
9285,Multan,Friday,1,Clear,Medium,Car,Main Road,60,68.3,12,94.7,48.9,0
9286,Lahore,Wednesday,7,Clear,Severe,Motorcycle,Residential,50,18.3,9,90.9,44.5,0
9287,Islamabad,Tuesday,6,Clear,Medium,Car,Main Road,60,68.5,8,89.3,34.5,0
9288,Multan,Monday,14,Cloudy,Medium,Rickshaw,Highway,100,88.1,10,77.7,25.1,0
9289,Quetta,Thursday,4,Rain,Medium,Rickshaw,School Zone,40,33.2,29,88.1,46.8,0
9290,Islamabad,Tuesday,1,Clear,Severe,Car,Main Road,60,25.5,15,85.0,56.0,0
9291,Karachi,Saturday,6,Rain,Severe,Motorcycle,Market,50,10.6,17,65.1,59.2,0
9292,Lahore,Saturday,7,Rain,High,Motorcycle,Main Road,60,13.9,15,75.3,44.9,0
9293,Rawalpindi,Tuesday,6,Clear,Medium,Motorcycle,Main Road,60,52.4,8,85.9,24.2,0
9294,Karachi,Friday,6,Cloudy,Medium,Motorcycle,Highway,100,86.9,4,93.8,12.8,0
9295,Rawalpindi,Wednesday,13,Clear,Medium,Motorcycle,Main Road,60,44.5,14,85.2,27.8,0
9296,Lahore,Wednesday,20,Cloudy,High,Motorcycle,Highway,100,87.8,10,84.9,47.7,0
9297,Islamabad,Friday,17,Clear,Low,Bus,Residential,50,36.8,8,99.0,23.7,0
9298,Quetta,Thursday,5,Clear,Severe,Motorcycle,Residential,50,10.0,6,80.5,53.0,0
9299,Quetta,Monday,3,Rain,Severe,Bus,Main Road,60,27.0,5,78.5,66.7,1
9300,Multan,Sunday,9,Cloudy,Low,Car,Market,50,60.1,23,81.7,52.4,0
9301,Karachi,Sunday,17,Rain,Medium,Rickshaw,Residential,50,62.2,6,74.9,47.3,0
9302,Karachi,Monday,11,Clear,High,Motorcycle,Main Road,60,15.4,7,83.4,35.8,0
9303,Karachi,Saturday,15,Rain,Low,Motorcycle,Main Road,60,39.3,6,78.2,42.7,0
9304,Peshawar,Thursday,6,Clear,Low,Motorcycle,School Zone,40,37.7,44,79.6,55.3,0
9305,Quetta,Friday,5,Rain,High,Van,Residential,50,13.8,10,80.0,54.2,0
9306,Quetta,Sunday,4,Cloudy,Severe,Car,Highway,100,85.9,10,80.1,44.2,0
9307,Lahore,Tuesday,2,Clear,Severe,Car,Residential,50,10.0,3,75.3,44.8,1
9308,Peshawar,Wednesday,11,Clear,Low,Van,Market,50,47.5,27,80.6,53.5,1
9309,Karachi,Tuesday,14,Rain,High,Rickshaw,Highway,100,77.5,7,78.5,47.3,0
9310,Karachi,Wednesday,9,Cloudy,Medium,Motorcycle,Market,50,40.7,29,96.9,18.1,0
9311,Rawalpindi,Tuesday,19,Fog,Low,Car,Main Road,60,58.4,4,23.2,46.4,1
9312,Multan,Friday,18,Clear,High,Rickshaw,Main Road,60,51.4,7,100.0,50.6,0
9313,Peshawar,Friday,15,Cloudy,Severe,Bus,Highway,100,87.1,12,100.0,38.8,0
9314,Multan,Thursday,10,Cloudy,Medium,Motorcycle,Residential,50,39.7,8,90.9,14.7,0
9315,Islamabad,Tuesday,7,Cloudy,Medium,Rickshaw,Market,50,40.3,15,100.0,35.9,1
9316,Multan,Tuesday,2,Rain,High,Car,Main Road,60,56.2,4,68.5,74.0,1
9317,Quetta,Thursday,22,Clear,Low,Rickshaw,Residential,50,68.5,7,89.4,43.7,1
9318,Lahore,Thursday,6,Cloudy,High,Car,Residential,50,20.5,6,93.3,37.9,0
9319,Islamabad,Friday,22,Cloudy,High,Car,Market,50,23.9,30,88.4,51.3,0
9320,Islamabad,Friday,6,Clear,High,Bus,Main Road,60,46.8,9,75.9,46.9,0
9321,Lahore,Saturday,13,Clear,Low,Rickshaw,Highway,100,89.4,10,100.0,29.6,0
9322,Karachi,Tuesday,1,Cloudy,High,Car,Market,50,52.3,24,88.5,51.0,0
9323,Quetta,Friday,9,Clear,Medium,Motorcycle,Residential,50,30.8,8,76.2,7.8,0
9324,Rawalpindi,Sunday,18,Clear,Low,Car,Residential,50,80.5,7,77.8,50.7,0
9325,Karachi,Friday,8,Rain,Severe,Motorcycle,Main Road,60,25.6,12,74.3,56.3,0
9326,Multan,Tuesday,15,Clear,High,Motorcycle,Residential,50,20.2,7,93.6,43.0,0
9327,Karachi,Thursday,18,Clear,Low,Car,Market,50,45.6,20,100.0,35.3,0
9328,Peshawar,Tuesday,17,Cloudy,Low,Motorcycle,Residential,50,35.8,6,89.5,29.8,0
9329,Islamabad,Sunday,8,Clear,Medium,Motorcycle,Residential,50,44.5,7,98.8,20.8,0
9330,Islamabad,Monday,15,Cloudy,Severe,Motorcycle,Highway,100,72.7,7,90.7,27.5,0
9331,Quetta,Tuesday,12,Clear,Severe,Motorcycle,Main Road,60,17.1,10,85.9,41.3,1
9332,Multan,Monday,9,Dust,Medium,Car,Market,50,29.3,23,67.4,42.6,0
9333,Islamabad,Tuesday,19,Clear,Medium,Motorcycle,School Zone,40,36.9,31,90.4,55.0,1
9334,Rawalpindi,Sunday,13,Clear,Medium,Car,Market,50,37.3,21,86.5,27.4,1
9335,Rawalpindi,Monday,11,Cloudy,High,Bus,Residential,50,40.4,11,81.0,41.0,1
9336,Multan,Monday,18,Clear,Low,Rickshaw,Main Road,60,45.1,10,96.7,12.7,0
9337,Rawalpindi,Sunday,6,Rain,Medium,Motorcycle,Highway,100,84.5,7,79.5,50.0,0
9338,Lahore,Tuesday,22,Cloudy,High,Car,Residential,50,27.5,13,100.0,34.0,0
9339,Multan,Saturday,14,Rain,High,Car,Market,50,26.7,20,67.9,44.9,0
9340,Quetta,Friday,15,Clear,High,Motorcycle,Market,50,71.0,26,88.3,66.2,1
9341,Rawalpindi,Wednesday,7,Dust,Severe,Car,Residential,50,33.3,11,74.4,50.6,1
9342,Peshawar,Friday,9,Clear,Severe,Car,School Zone,40,30.1,32,87.8,48.0,1
9343,Peshawar,Monday,3,Clear,High,Car,School Zone,40,18.5,40,100.0,42.0,0
9344,Karachi,Tuesday,18,Clear,Medium,Car,Main Road,60,81.5,8,92.5,31.8,0
9345,Karachi,Tuesday,18,Rain,High,Car,Residential,50,20.6,7,68.9,58.7,1
9346,Quetta,Tuesday,20,Dust,Low,Van,Market,50,62.6,16,73.9,42.8,0
9347,Multan,Tuesday,14,Clear,Medium,Rickshaw,School Zone,40,27.7,31,71.4,33.8,0
9348,Karachi,Saturday,13,Dust,High,Motorcycle,Main Road,60,41.6,14,64.7,57.5,0
9349,Karachi,Wednesday,0,Rain,High,Car,Highway,100,75.3,6,70.9,58.1,0
9350,Peshawar,Thursday,15,Clear,Medium,Motorcycle,Market,50,29.3,23,85.8,21.5,0
9351,Karachi,Monday,9,Cloudy,Medium,Car,Highway,100,79.7,8,89.7,18.4,0
9352,Peshawar,Wednesday,18,Clear,Medium,Bus,Main Road,60,36.4,6,96.4,16.2,0
9353,Rawalpindi,Friday,21,Rain,Medium,Motorcycle,Highway,100,92.7,5,86.7,70.7,1
9354,Rawalpindi,Thursday,2,Cloudy,Medium,Motorcycle,Main Road,60,65.9,11,89.1,41.5,0
9355,Quetta,Thursday,4,Clear,High,Motorcycle,Market,50,19.6,22,82.0,50.9,0
9356,Lahore,Tuesday,8,Dust,High,Car,Highway,100,90.5,9,59.1,54.0,0
9357,Karachi,Wednesday,17,Clear,Severe,Rickshaw,Highway,100,89.2,8,82.4,42.1,0
9358,Rawalpindi,Friday,10,Dust,Medium,Car,Market,50,56.6,18,58.2,54.4,0
9359,Rawalpindi,Tuesday,15,Clear,Low,Car,Residential,50,48.0,4,83.8,44.8,0
9360,Multan,Tuesday,1,Rain,High,Car,Main Road,60,36.7,7,90.1,33.2,0
9361,Quetta,Sunday,11,Cloudy,Medium,Motorcycle,Main Road,60,39.0,7,74.3,29.8,0
9362,Islamabad,Sunday,21,Cloudy,High,Motorcycle,Main Road,60,58.3,8,86.7,56.8,0
9363,Islamabad,Sunday,5,Clear,Low,Van,Residential,50,68.0,8,86.0,20.0,0
9364,Quetta,Saturday,10,Dust,High,Car,Main Road,60,45.2,5,62.1,58.5,1
9365,Peshawar,Monday,7,Clear,Medium,Car,Main Road,60,75.5,10,85.8,28.4,0
9366,Lahore,Thursday,11,Clear,Medium,Rickshaw,Main Road,60,58.0,4,80.0,36.4,0
9367,Multan,Friday,1,Clear,Medium,Motorcycle,Residential,50,31.6,8,94.2,8.8,0
9368,Multan,Thursday,8,Rain,High,Rickshaw,Market,50,10.0,16,83.1,33.7,0
9369,Quetta,Wednesday,14,Clear,High,Bus,Market,50,36.9,19,80.2,40.4,0
9370,Islamabad,Monday,1,Cloudy,Low,Motorcycle,Residential,50,55.9,8,98.9,52.8,1
9371,Lahore,Tuesday,0,Dust,Medium,Motorcycle,Market,50,40.7,24,73.4,46.7,0
9372,Rawalpindi,Monday,9,Dust,Medium,Motorcycle,Highway,100,84.1,9,61.1,31.5,0
9373,Quetta,Tuesday,1,Clear,Medium,Motorcycle,Residential,50,29.2,5,96.7,38.8,0
9374,Peshawar,Sunday,11,Cloudy,Medium,Motorcycle,Market,50,49.8,21,82.8,57.6,0
9375,Lahore,Monday,22,Clear,Low,Motorcycle,Market,50,37.4,17,84.0,50.4,0
9376,Islamabad,Tuesday,7,Dust,Medium,Motorcycle,Market,50,48.2,20,57.4,48.9,0
9377,Rawalpindi,Thursday,4,Dust,Medium,Car,Market,50,22.8,24,66.0,21.3,0
9378,Quetta,Sunday,21,Dust,Severe,Motorcycle,Highway,100,60.7,8,56.0,73.4,1
9379,Multan,Sunday,0,Rain,High,Motorcycle,Highway,100,83.8,7,89.9,55.4,0
9380,Karachi,Sunday,14,Clear,High,Car,Residential,50,30.6,8,72.7,45.7,0
9381,Multan,Thursday,5,Clear,Medium,Bus,Market,50,47.2,26,94.8,42.4,0
9382,Multan,Thursday,11,Clear,Medium,Van,Main Road,60,45.0,7,97.2,23.8,0
9383,Rawalpindi,Thursday,7,Clear,Low,Car,Highway,100,103.5,12,99.5,28.0,0
9384,Islamabad,Sunday,12,Fog,Low,Motorcycle,School Zone,40,36.8,40,51.3,67.1,1
9385,Quetta,Monday,18,Clear,Severe,Car,Highway,100,65.6,6,87.5,33.9,0
9386,Islamabad,Tuesday,0,Fog,Medium,Van,Residential,50,25.9,13,53.8,45.0,0
9387,Karachi,Thursday,10,Dust,Severe,Rickshaw,Main Road,60,47.5,4,54.4,71.4,1
9388,Multan,Monday,19,Dust,Medium,Rickshaw,Highway,100,75.6,10,61.5,34.2,0
9389,Rawalpindi,Tuesday,0,Cloudy,Medium,Rickshaw,Highway,100,81.1,8,79.3,0.0,0
9390,Lahore,Sunday,7,Clear,Medium,Rickshaw,Market,50,32.7,20,100.0,20.6,0
9391,Lahore,Monday,4,Clear,Severe,Motorcycle,Highway,100,74.3,14,84.1,40.9,0
9392,Rawalpindi,Sunday,16,Cloudy,Medium,Car,Residential,50,55.2,6,81.4,14.9,0
9393,Lahore,Saturday,7,Clear,Low,Bus,School Zone,40,25.9,32,87.8,31.0,0
9394,Multan,Thursday,9,Clear,Medium,Motorcycle,Highway,100,100.2,8,90.4,36.2,0
9395,Quetta,Wednesday,1,Cloudy,High,Van,Main Road,60,52.2,9,74.5,51.4,0
9396,Rawalpindi,Monday,8,Dust,Low,Motorcycle,Residential,50,47.8,11,67.7,58.4,0
9397,Rawalpindi,Thursday,23,Dust,Low,Motorcycle,Main Road,60,81.6,4,55.0,49.4,0
9398,Islamabad,Friday,22,Clear,Medium,Motorcycle,Main Road,60,48.5,5,90.9,29.6,0
9399,Peshawar,Tuesday,2,Dust,Low,Car,Residential,50,59.2,6,70.8,53.0,0
9400,Islamabad,Saturday,17,Cloudy,Medium,Car,Residential,50,44.0,5,87.1,12.3,0
9401,Lahore,Thursday,6,Rain,Medium,Motorcycle,School Zone,40,14.4,36,79.2,28.0,0
9402,Peshawar,Friday,14,Clear,Medium,Rickshaw,Main Road,60,36.9,13,78.9,8.2,0
9403,Rawalpindi,Monday,20,Rain,Medium,Motorcycle,Main Road,60,30.8,6,67.2,40.0,0
9404,Lahore,Monday,21,Rain,Low,Car,School Zone,40,15.0,29,91.9,26.7,0
9405,Karachi,Friday,19,Cloudy,Medium,Car,Main Road,60,52.5,9,86.6,21.2,0
9406,Lahore,Saturday,17,Clear,Medium,Van,Main Road,60,80.6,9,79.2,28.0,0
9407,Peshawar,Friday,2,Rain,High,Rickshaw,Residential,50,26.4,11,85.4,55.4,0
9408,Peshawar,Tuesday,22,Fog,High,Motorcycle,Main Road,60,22.1,6,42.8,53.0,0
9409,Rawalpindi,Monday,13,Dust,High,Car,Main Road,60,49.2,7,67.3,33.6,0
9410,Quetta,Friday,23,Clear,High,Van,Residential,50,36.7,11,100.0,40.2,0
9411,Karachi,Wednesday,1,Clear,Low,Motorcycle,Main Road,60,74.7,7,84.5,40.9,0
9412,Rawalpindi,Wednesday,13,Clear,Medium,Motorcycle,Highway,100,83.6,7,98.6,35.6,0
9413,Karachi,Friday,21,Rain,High,Bus,Main Road,60,42.1,13,66.9,42.0,0
9414,Karachi,Tuesday,10,Dust,High,Car,Main Road,60,45.4,6,67.3,52.1,0
9415,Rawalpindi,Monday,15,Clear,Low,Van,Highway,100,93.1,8,76.8,47.3,0
9416,Multan,Wednesday,7,Fog,Low,Car,Highway,100,89.0,7,32.5,45.2,0
9417,Lahore,Friday,6,Cloudy,High,Car,Main Road,60,23.1,2,85.0,29.1,1
9418,Islamabad,Sunday,10,Clear,Medium,Van,Main Road,60,56.6,4,89.9,54.4,0
9419,Karachi,Friday,2,Clear,Medium,Car,Residential,50,63.7,6,81.8,39.4,0
9420,Multan,Thursday,16,Clear,Medium,Car,Market,50,33.7,22,96.2,18.0,0
9421,Peshawar,Friday,13,Cloudy,Low,Rickshaw,Main Road,60,59.7,8,92.9,61.8,1
9422,Rawalpindi,Tuesday,5,Clear,High,Car,Residential,50,23.6,9,86.1,56.2,0
9423,Quetta,Wednesday,7,Cloudy,High,Motorcycle,School Zone,40,27.2,32,84.8,40.4,0
9424,Multan,Thursday,21,Rain,High,Car,Highway,100,70.2,7,91.0,45.9,0
9425,Lahore,Wednesday,4,Clear,Low,Car,Main Road,60,63.1,6,99.4,46.3,0
9426,Multan,Wednesday,7,Clear,High,Van,Main Road,60,60.2,6,86.9,49.2,0
9427,Karachi,Tuesday,1,Cloudy,Low,Motorcycle,Market,50,42.1,26,90.4,30.4,0
9428,Quetta,Friday,14,Clear,Severe,Rickshaw,Main Road,60,25.3,11,90.9,45.8,0
9429,Multan,Tuesday,11,Fog,Medium,Motorcycle,Main Road,60,27.7,12,45.9,64.1,1
9430,Lahore,Friday,16,Cloudy,High,Car,Main Road,60,71.7,6,100.0,63.9,1
9431,Multan,Thursday,0,Clear,High,Car,Main Road,60,42.1,12,91.2,26.7,0
9432,Rawalpindi,Tuesday,14,Cloudy,Severe,Van,Main Road,60,37.5,12,74.6,56.6,0
9433,Quetta,Tuesday,13,Rain,Severe,Car,Market,50,10.0,24,73.1,66.9,1
9434,Peshawar,Sunday,19,Clear,Medium,Rickshaw,Residential,50,40.4,4,74.5,23.6,0
9435,Karachi,Saturday,21,Clear,Medium,Bus,Highway,100,96.5,4,88.4,42.1,0
9436,Karachi,Monday,15,Rain,Medium,Car,Highway,100,64.8,12,79.2,29.3,0
9437,Quetta,Tuesday,8,Clear,Low,Motorcycle,Residential,50,26.6,3,90.3,11.0,0
9438,Lahore,Saturday,0,Clear,Severe,Motorcycle,Main Road,60,13.5,6,94.1,39.3,0
9439,Rawalpindi,Monday,16,Cloudy,Medium,Motorcycle,Highway,100,87.6,10,83.8,23.6,0
9440,Multan,Sunday,12,Rain,Low,Motorcycle,Main Road,60,57.3,6,68.9,78.1,1
9441,Multan,Friday,20,Dust,Low,Motorcycle,Market,50,25.5,21,50.3,37.2,0
9442,Islamabad,Friday,20,Clear,Medium,Car,Main Road,60,35.5,13,78.5,26.0,0
9443,Karachi,Friday,4,Clear,Severe,Van,Residential,50,11.4,4,83.9,48.7,1
9444,Multan,Saturday,9,Cloudy,High,Bus,School Zone,40,26.3,36,95.4,53.4,1
9445,Peshawar,Saturday,5,Rain,Low,Motorcycle,Main Road,60,65.5,9,81.2,44.0,0
9446,Karachi,Monday,23,Cloudy,Medium,Car,Main Road,60,66.5,9,98.0,47.5,0
9447,Karachi,Friday,18,Clear,Severe,Car,Residential,50,21.7,8,89.1,62.4,0
9448,Islamabad,Wednesday,12,Clear,Low,Car,Residential,50,43.4,7,100.0,18.0,0
9449,Islamabad,Tuesday,0,Rain,Severe,Car,Highway,100,87.6,10,78.5,54.4,0
9450,Rawalpindi,Saturday,19,Cloudy,Severe,Motorcycle,Main Road,60,19.9,9,90.4,56.0,0
9451,Multan,Saturday,14,Clear,High,Van,Main Road,60,60.2,5,73.9,44.4,0
9452,Multan,Saturday,13,Clear,Severe,Car,Residential,50,24.8,2,93.4,55.1,0
9453,Karachi,Monday,7,Dust,Low,Bus,Main Road,60,45.0,9,51.9,33.7,0
9454,Karachi,Friday,9,Fog,Severe,Car,School Zone,40,10.0,32,56.4,76.7,0
9455,Lahore,Wednesday,8,Clear,Low,Motorcycle,Residential,50,48.4,3,91.8,48.4,0
9456,Lahore,Tuesday,16,Clear,Medium,Bus,Residential,50,43.7,13,90.8,26.7,0
9457,Multan,Tuesday,8,Clear,Medium,Van,School Zone,40,33.2,45,85.0,35.6,0
9458,Quetta,Friday,2,Clear,Medium,Car,Market,50,43.4,28,92.7,35.3,0
9459,Quetta,Wednesday,10,Clear,Medium,Motorcycle,Residential,50,32.3,8,96.6,25.8,0
9460,Peshawar,Monday,11,Clear,High,Car,Main Road,60,49.1,8,90.9,34.7,0
9461,Multan,Saturday,9,Rain,High,Car,Main Road,60,41.4,12,86.6,65.8,1
9462,Multan,Saturday,16,Cloudy,Severe,Car,Residential,50,29.8,7,72.3,30.7,0
9463,Multan,Sunday,16,Dust,Medium,Van,Highway,100,79.7,9,70.9,19.5,0
9464,Peshawar,Friday,10,Rain,Medium,Rickshaw,Highway,100,78.3,5,67.7,36.2,0
9465,Lahore,Tuesday,21,Clear,Severe,Car,Main Road,60,27.8,11,100.0,28.0,0
9466,Quetta,Saturday,3,Clear,Severe,Car,Highway,100,49.6,7,89.6,39.6,0
9467,Multan,Sunday,6,Dust,High,Motorcycle,Residential,50,24.3,3,54.3,70.3,1
9468,Peshawar,Tuesday,20,Rain,High,Motorcycle,Main Road,60,10.0,13,78.1,52.3,0
9469,Karachi,Tuesday,13,Clear,Medium,Car,Main Road,60,35.5,6,83.2,28.6,0
9470,Quetta,Friday,6,Clear,Medium,Motorcycle,Residential,50,54.4,13,100.0,51.6,0
9471,Islamabad,Thursday,23,Dust,High,Car,Highway,100,69.8,3,53.8,35.2,0
9472,Quetta,Sunday,7,Clear,High,Car,Market,50,14.7,21,84.9,31.1,0
9473,Karachi,Thursday,0,Clear,Low,Car,Residential,50,65.4,7,83.1,44.1,0
9474,Lahore,Thursday,23,Fog,Low,Rickshaw,Main Road,60,40.1,3,47.0,41.1,0
9475,Rawalpindi,Sunday,21,Rain,Medium,Motorcycle,Market,50,51.8,12,82.0,58.1,0
9476,Rawalpindi,Wednesday,3,Cloudy,High,Motorcycle,Market,50,28.4,17,94.6,44.0,0
9477,Lahore,Friday,11,Clear,Low,Motorcycle,Main Road,60,46.4,9,84.5,23.6,0
9478,Karachi,Sunday,23,Cloudy,High,Car,School Zone,40,32.4,26,91.9,40.7,0
9479,Peshawar,Tuesday,2,Cloudy,Medium,Car,Main Road,60,43.5,8,100.0,37.8,0
9480,Quetta,Sunday,12,Rain,Medium,Motorcycle,Market,50,51.9,17,61.7,69.3,1
9481,Quetta,Saturday,19,Clear,Low,Rickshaw,Residential,50,45.8,2,82.2,27.4,0
9482,Peshawar,Sunday,5,Fog,Severe,Bus,School Zone,40,10.0,36,43.0,88.7,1
9483,Rawalpindi,Wednesday,10,Clear,Low,Rickshaw,Residential,50,48.3,7,77.3,34.3,0
9484,Multan,Thursday,22,Clear,Medium,Motorcycle,Residential,50,50.3,10,80.2,48.1,1
9485,Multan,Monday,3,Clear,Medium,Car,Market,50,33.0,21,75.8,30.2,0
9486,Lahore,Wednesday,19,Cloudy,Medium,Car,Highway,100,82.5,8,95.4,21.2,0
9487,Multan,Wednesday,15,Rain,Low,Motorcycle,Highway,100,69.3,9,87.3,21.6,0
9488,Lahore,Friday,6,Rain,Medium,Van,Main Road,60,12.3,11,73.1,34.7,0
9489,Multan,Saturday,21,Clear,Medium,Rickshaw,School Zone,40,44.3,27,84.3,39.4,0
9490,Islamabad,Wednesday,10,Dust,Medium,Motorcycle,Highway,100,99.9,9,71.4,38.9,0
9491,Rawalpindi,Sunday,23,Clear,Low,Car,Main Road,60,64.0,7,93.2,24.4,0
9492,Lahore,Saturday,0,Clear,High,Motorcycle,Main Road,60,41.2,7,83.7,49.6,0
9493,Islamabad,Friday,6,Cloudy,Medium,Rickshaw,Highway,100,93.3,9,100.0,27.1,0
9494,Peshawar,Sunday,11,Clear,Severe,Motorcycle,Market,50,17.4,20,92.7,68.5,1
9495,Rawalpindi,Monday,6,Cloudy,Medium,Van,Main Road,60,61.6,7,80.3,34.9,0
9496,Rawalpindi,Tuesday,22,Clear,High,Rickshaw,Main Road,60,47.6,4,79.5,32.8,0
9497,Lahore,Tuesday,6,Clear,Medium,Car,Main Road,60,81.4,9,79.3,48.4,0
9498,Lahore,Thursday,9,Clear,Medium,Bus,Main Road,60,49.8,11,91.4,29.3,0
9499,Karachi,Thursday,15,Clear,Medium,Motorcycle,School Zone,40,41.1,34,69.4,89.9,1
9500,Multan,Monday,7,Clear,Medium,Car,Residential,50,46.8,7,93.7,30.5,0
9501,Peshawar,Tuesday,8,Clear,High,Motorcycle,Market,50,20.2,26,91.5,45.2,0
9502,Peshawar,Thursday,8,Rain,High,Car,Main Road,60,40.5,10,74.1,38.6,0
9503,Quetta,Saturday,1,Clear,High,Motorcycle,Residential,50,27.9,6,83.0,47.7,0
9504,Islamabad,Wednesday,12,Cloudy,Medium,Car,Residential,50,25.5,9,89.6,21.8,0
9505,Islamabad,Friday,12,Cloudy,Low,Car,Main Road,60,52.5,5,99.9,14.2,0
9506,Karachi,Sunday,22,Rain,Severe,Rickshaw,Highway,100,47.1,6,91.4,60.1,1
9507,Quetta,Thursday,22,Dust,High,Car,Highway,100,61.5,10,71.9,39.6,0
9508,Peshawar,Monday,3,Clear,Medium,Rickshaw,Main Road,60,52.0,7,95.1,10.7,0
9509,Multan,Sunday,23,Clear,Severe,Rickshaw,Market,50,19.7,29,87.3,29.7,0
9510,Multan,Tuesday,11,Cloudy,Severe,Motorcycle,Residential,50,15.2,11,87.3,43.7,0
9511,Multan,Monday,16,Rain,Low,Rickshaw,Main Road,60,67.6,7,74.9,71.5,1
9512,Multan,Friday,1,Clear,Low,Car,Residential,50,42.0,6,97.0,30.2,0
9513,Islamabad,Friday,12,Cloudy,Low,Car,Market,50,39.2,20,90.8,30.8,0
9514,Peshawar,Monday,17,Rain,High,Motorcycle,Main Road,60,53.4,8,70.6,57.4,1
9515,Multan,Thursday,14,Rain,High,Car,School Zone,40,22.8,32,85.6,59.0,1
9516,Peshawar,Thursday,7,Cloudy,High,Motorcycle,Market,50,47.6,16,72.5,64.2,0
9517,Quetta,Tuesday,14,Clear,High,Rickshaw,Residential,50,25.9,5,94.6,27.5,0
9518,Islamabad,Saturday,0,Clear,Medium,Van,Highway,100,100.2,6,84.0,46.5,0
9519,Lahore,Tuesday,19,Clear,Low,Car,Residential,50,33.2,10,100.0,17.6,0
9520,Lahore,Wednesday,9,Clear,Severe,Car,Main Road,60,22.2,10,98.2,46.3,0
9521,Quetta,Saturday,11,Dust,Severe,Car,Main Road,60,12.1,8,39.4,45.6,0
9522,Islamabad,Sunday,4,Clear,Low,Motorcycle,Main Road,60,64.7,4,87.1,34.3,0
9523,Karachi,Wednesday,8,Clear,Low,Motorcycle,Main Road,60,34.6,7,86.7,42.4,0
9524,Rawalpindi,Tuesday,22,Clear,Medium,Van,Residential,50,68.7,7,100.0,54.9,0
9525,Quetta,Saturday,7,Cloudy,Low,Motorcycle,Highway,100,94.2,0,89.4,31.5,0
9526,Peshawar,Saturday,15,Cloudy,Low,Car,Main Road,60,56.4,8,90.2,38.6,1
9527,Quetta,Wednesday,13,Cloudy,Medium,Car,Market,50,30.0,26,100.0,11.8,0
9528,Rawalpindi,Monday,12,Dust,Low,Rickshaw,School Zone,40,44.8,34,62.9,67.6,0
9529,Quetta,Thursday,22,Clear,High,Motorcycle,Market,50,20.6,18,97.3,50.0,1
9530,Islamabad,Saturday,20,Clear,Severe,Rickshaw,Market,50,33.0,30,89.5,52.6,0
9531,Peshawar,Sunday,12,Rain,Severe,Car,Highway,100,69.5,9,78.5,64.3,0
9532,Rawalpindi,Sunday,4,Rain,High,Van,Residential,50,23.0,3,77.7,33.2,0
9533,Multan,Saturday,15,Clear,High,Car,Main Road,60,34.1,5,85.4,23.0,0
9534,Lahore,Wednesday,10,Clear,Medium,Motorcycle,Highway,100,107.9,8,85.3,41.0,0
9535,Karachi,Saturday,21,Rain,Low,Motorcycle,Main Road,60,47.1,7,80.6,31.4,0
9536,Quetta,Wednesday,4,Clear,High,Van,Residential,50,48.1,8,91.0,69.1,0
9537,Quetta,Monday,12,Clear,Medium,Motorcycle,Main Road,60,63.6,11,86.1,51.2,1
9538,Rawalpindi,Sunday,10,Dust,Low,Car,School Zone,40,24.3,45,61.9,41.9,0
9539,Karachi,Saturday,18,Clear,Medium,Car,Residential,50,29.7,12,83.8,41.1,0
9540,Quetta,Friday,2,Cloudy,Low,Car,Market,50,33.5,18,90.6,36.5,0
9541,Lahore,Tuesday,14,Clear,Severe,Car,Main Road,60,43.2,9,95.5,42.5,1
9542,Rawalpindi,Sunday,6,Clear,Severe,Car,School Zone,40,22.0,32,93.6,52.5,1
9543,Islamabad,Monday,6,Cloudy,Low,Motorcycle,Main Road,60,68.8,7,82.3,48.9,0
9544,Peshawar,Friday,5,Clear,Low,Rickshaw,School Zone,40,36.5,33,98.2,51.4,1
9545,Lahore,Sunday,2,Rain,Low,Car,Residential,50,24.1,6,84.5,27.8,0
9546,Karachi,Monday,12,Clear,Severe,Motorcycle,Residential,50,21.3,8,90.5,61.2,0
9547,Karachi,Thursday,6,Clear,Low,Motorcycle,Market,50,72.0,15,92.1,45.1,0
9548,Lahore,Monday,4,Clear,Medium,Car,Main Road,60,50.9,9,97.7,19.1,0
9549,Multan,Monday,22,Dust,Low,Rickshaw,Market,50,50.7,30,62.4,45.6,1
9550,Islamabad,Thursday,17,Clear,Medium,Motorcycle,Main Road,60,37.0,4,85.5,35.4,0
9551,Quetta,Saturday,21,Clear,High,Car,Main Road,60,37.6,13,93.0,35.4,0
9552,Islamabad,Tuesday,7,Clear,Medium,Car,Highway,100,88.0,9,100.0,5.8,0
9553,Quetta,Friday,16,Cloudy,High,Rickshaw,School Zone,40,20.7,37,92.1,44.3,0
9554,Quetta,Sunday,19,Clear,High,Van,School Zone,40,34.4,28,93.9,46.9,0
9555,Karachi,Wednesday,0,Dust,Medium,Bus,Highway,100,92.6,9,66.0,37.4,0
9556,Quetta,Tuesday,13,Fog,High,Car,School Zone,40,10.0,45,48.8,74.7,1
9557,Lahore,Sunday,16,Clear,High,Rickshaw,School Zone,40,20.6,32,75.5,63.2,1
9558,Multan,Monday,9,Clear,High,Car,Main Road,60,64.0,9,82.8,53.7,1
9559,Quetta,Wednesday,11,Dust,High,Motorcycle,Main Road,60,30.9,10,71.5,54.9,0
9560,Lahore,Thursday,15,Clear,High,Bus,Main Road,60,38.8,14,76.9,53.5,1
9561,Peshawar,Tuesday,13,Dust,Low,Car,Main Road,60,46.3,6,66.6,35.4,0
9562,Karachi,Saturday,15,Clear,Severe,Motorcycle,Highway,100,74.2,7,93.3,63.3,1
9563,Islamabad,Friday,7,Clear,Low,Motorcycle,School Zone,40,36.0,43,91.7,36.5,0
9564,Rawalpindi,Tuesday,22,Fog,Medium,Motorcycle,Residential,50,49.9,7,35.4,54.5,0
9565,Islamabad,Tuesday,9,Clear,Medium,Rickshaw,Main Road,60,55.6,11,94.0,56.8,0
9566,Islamabad,Saturday,16,Clear,Low,Car,Main Road,60,42.5,8,78.8,14.7,0
9567,Multan,Wednesday,17,Cloudy,Medium,Motorcycle,Market,50,31.8,16,88.0,28.6,0
9568,Rawalpindi,Thursday,19,Fog,Low,Rickshaw,School Zone,40,35.3,41,40.9,52.7,0
9569,Multan,Saturday,15,Clear,Severe,Car,Residential,50,29.4,6,85.4,39.9,0
9570,Karachi,Sunday,16,Fog,Severe,Rickshaw,Residential,50,10.0,13,36.1,67.6,1
9571,Quetta,Thursday,15,Cloudy,Medium,Van,Market,50,59.2,15,91.4,32.6,0
9572,Peshawar,Saturday,18,Fog,Medium,Motorcycle,Main Road,60,32.9,6,49.9,35.3,0
9573,Islamabad,Tuesday,23,Rain,Low,Car,Highway,100,73.5,10,80.0,32.9,0
9574,Multan,Thursday,23,Cloudy,High,Rickshaw,Residential,50,46.5,8,97.0,54.4,1
9575,Quetta,Wednesday,7,Rain,Medium,Car,School Zone,40,20.0,33,67.8,37.3,0
9576,Islamabad,Wednesday,5,Clear,Low,Car,School Zone,40,35.1,36,100.0,27.2,0
9577,Karachi,Friday,5,Fog,Severe,Van,Market,50,10.0,23,38.4,53.0,0
9578,Karachi,Thursday,20,Clear,High,Motorcycle,Market,50,29.4,19,89.2,44.0,0
9579,Lahore,Friday,8,Clear,Low,Bus,Main Road,60,45.1,7,90.0,24.7,0
9580,Karachi,Sunday,3,Cloudy,High,Van,Main Road,60,51.3,4,75.5,42.3,0
9581,Karachi,Saturday,11,Clear,High,Motorcycle,Highway,100,89.5,9,82.5,39.6,0
9582,Islamabad,Monday,11,Rain,Medium,Car,Residential,50,53.4,4,85.8,49.8,0
9583,Peshawar,Sunday,22,Rain,Low,Van,Residential,50,43.7,5,64.9,27.2,0
9584,Multan,Wednesday,16,Clear,Medium,Motorcycle,Highway,100,79.5,11,84.4,18.6,0
9585,Islamabad,Tuesday,14,Clear,High,Car,Residential,50,30.5,9,89.2,44.4,0
9586,Multan,Wednesday,8,Cloudy,Low,Car,Highway,100,88.0,10,89.4,39.6,0
9587,Quetta,Monday,6,Dust,Low,Rickshaw,Main Road,60,61.2,3,67.1,47.8,0
9588,Multan,Tuesday,9,Dust,High,Motorcycle,Market,50,52.7,29,68.1,85.0,1
9589,Karachi,Thursday,15,Clear,Medium,Car,Main Road,60,52.6,8,79.1,30.8,0
9590,Lahore,Thursday,11,Fog,Severe,Car,Highway,100,70.6,11,44.0,63.6,0
9591,Peshawar,Sunday,6,Clear,High,Motorcycle,Market,50,37.1,25,81.6,37.3,0
9592,Lahore,Wednesday,17,Clear,Severe,Motorcycle,Market,50,39.7,25,100.0,61.2,1
9593,Rawalpindi,Tuesday,14,Clear,Medium,Car,Residential,50,32.4,11,90.4,21.9,0
9594,Lahore,Saturday,5,Clear,High,Van,School Zone,40,12.1,32,100.0,65.1,0
9595,Lahore,Tuesday,11,Cloudy,Low,Motorcycle,Residential,50,44.6,11,88.0,15.2,0
9596,Quetta,Friday,10,Cloudy,Medium,Rickshaw,Main Road,60,63.1,14,84.8,37.4,0
9597,Karachi,Monday,19,Dust,High,Motorcycle,Highway,100,86.0,9,77.7,33.1,0
9598,Quetta,Sunday,2,Cloudy,High,Bus,School Zone,40,36.9,34,87.0,51.7,0
9599,Karachi,Thursday,1,Clear,Medium,Rickshaw,Main Road,60,71.9,6,85.6,42.2,0
9600,Quetta,Wednesday,5,Cloudy,Medium,Motorcycle,Market,50,38.8,22,88.6,27.3,0
9601,Karachi,Tuesday,23,Clear,Low,Car,Market,50,40.3,29,91.6,21.3,0
9602,Multan,Thursday,21,Cloudy,Low,Motorcycle,Market,50,44.8,21,85.2,55.6,1
9603,Karachi,Wednesday,4,Clear,High,Van,Market,50,44.1,26,100.0,23.1,0
9604,Karachi,Thursday,17,Clear,Low,Car,Main Road,60,48.6,15,84.6,20.6,0
9605,Lahore,Wednesday,15,Clear,Medium,Motorcycle,Residential,50,22.5,9,87.9,29.7,0
9606,Rawalpindi,Thursday,7,Dust,Severe,Bus,School Zone,40,10.3,31,57.8,66.7,1
9607,Karachi,Saturday,19,Cloudy,Low,Rickshaw,Main Road,60,46.3,7,97.9,6.1,0
9608,Rawalpindi,Friday,21,Dust,Low,Rickshaw,Market,50,57.5,23,52.3,52.2,1
9609,Rawalpindi,Monday,10,Clear,High,Motorcycle,School Zone,40,33.3,40,88.4,53.8,0
9610,Islamabad,Thursday,9,Fog,Medium,Car,Main Road,60,71.5,3,53.0,67.2,1
9611,Islamabad,Monday,23,Clear,Medium,Rickshaw,Highway,100,86.8,11,81.1,26.6,0
9612,Peshawar,Thursday,11,Rain,High,Rickshaw,Main Road,60,30.0,13,85.3,31.9,0
9613,Multan,Sunday,20,Clear,Medium,Motorcycle,Main Road,60,57.1,8,84.1,58.9,1
9614,Quetta,Tuesday,5,Clear,High,Motorcycle,Residential,50,31.9,7,82.8,50.9,1
9615,Islamabad,Friday,19,Dust,Severe,Rickshaw,Market,50,40.2,25,63.1,43.4,1
9616,Karachi,Sunday,4,Rain,Severe,Motorcycle,Main Road,60,26.8,14,95.5,61.2,0
9617,Rawalpindi,Saturday,22,Dust,Medium,Car,Main Road,60,55.3,5,88.1,39.7,0
9618,Quetta,Friday,8,Clear,Medium,Bus,Market,50,50.4,15,94.2,33.7,0
9619,Peshawar,Monday,15,Rain,Medium,Van,Main Road,60,41.3,11,87.3,32.0,0
9620,Islamabad,Tuesday,21,Clear,Medium,Car,Main Road,60,52.6,10,100.0,25.9,0
9621,Lahore,Wednesday,13,Clear,Medium,Car,Market,50,36.0,19,91.9,12.3,0
9622,Multan,Sunday,21,Dust,Low,Car,Market,50,50.6,24,73.0,54.9,0
9623,Quetta,Friday,7,Cloudy,Low,Motorcycle,School Zone,40,50.9,39,98.3,66.0,1
9624,Peshawar,Saturday,19,Fog,High,Car,Residential,50,10.0,9,42.2,61.7,0
9625,Karachi,Sunday,18,Clear,Medium,Car,Main Road,60,61.3,7,91.7,31.7,0
9626,Quetta,Tuesday,13,Fog,High,Motorcycle,Market,50,10.0,27,61.2,49.8,1
9627,Rawalpindi,Tuesday,6,Cloudy,Medium,Motorcycle,School Zone,40,24.4,40,90.2,51.7,0
9628,Karachi,Monday,4,Cloudy,High,Motorcycle,Market,50,10.0,29,81.2,54.3,1
9629,Karachi,Saturday,17,Clear,High,Car,Main Road,60,51.8,8,100.0,44.1,0
9630,Quetta,Tuesday,1,Dust,Low,Van,School Zone,40,41.3,36,68.7,64.0,0
9631,Lahore,Tuesday,10,Dust,Medium,Van,Market,50,45.1,19,68.3,32.2,0
9632,Lahore,Wednesday,21,Clear,High,Car,Main Road,60,43.8,12,87.6,21.0,0
9633,Quetta,Monday,7,Rain,Medium,Rickshaw,School Zone,40,26.1,42,88.5,41.1,0
9634,Quetta,Monday,0,Clear,Low,Van,Main Road,60,55.1,7,84.3,43.3,0
9635,Quetta,Saturday,21,Rain,Medium,Rickshaw,School Zone,40,15.5,27,81.7,17.7,0
9636,Multan,Tuesday,11,Fog,Medium,Car,Market,50,20.4,17,44.8,30.5,0
9637,Multan,Wednesday,1,Clear,Medium,Bus,Residential,50,28.7,4,87.5,15.3,0
9638,Rawalpindi,Thursday,17,Cloudy,Medium,Motorcycle,Residential,50,65.6,7,81.8,39.5,1
9639,Islamabad,Friday,6,Clear,Severe,Car,Main Road,60,14.3,9,86.8,52.6,1
9640,Karachi,Sunday,16,Cloudy,Medium,Car,Main Road,60,56.9,10,95.9,33.6,0
9641,Quetta,Monday,21,Dust,Severe,Car,Residential,50,10.0,5,48.9,55.5,0
9642,Multan,Wednesday,22,Clear,Medium,Bus,Main Road,60,50.8,8,93.9,15.7,0
9643,Islamabad,Saturday,13,Clear,High,Motorcycle,Main Road,60,22.3,10,93.0,42.2,0
9644,Rawalpindi,Wednesday,23,Rain,Low,Rickshaw,Market,50,22.3,17,84.6,18.2,1
9645,Karachi,Tuesday,6,Cloudy,High,Motorcycle,Residential,50,19.2,10,84.3,25.6,0
9646,Islamabad,Friday,21,Clear,Low,Motorcycle,Main Road,60,40.2,5,81.4,34.0,0
9647,Karachi,Monday,2,Clear,High,Car,Residential,50,43.6,10,89.4,37.3,0
9648,Lahore,Thursday,5,Clear,Medium,Motorcycle,Main Road,60,26.1,8,79.9,20.0,0
9649,Quetta,Tuesday,19,Clear,Low,Van,School Zone,40,42.8,34,84.2,56.8,0
9650,Lahore,Monday,1,Rain,Medium,Motorcycle,Main Road,60,52.9,4,81.7,45.4,1
9651,Peshawar,Sunday,16,Clear,High,Motorcycle,Highway,100,99.0,13,100.0,65.5,1
9652,Rawalpindi,Saturday,11,Cloudy,Low,Motorcycle,Main Road,60,63.8,5,98.3,59.3,1
9653,Quetta,Monday,11,Clear,High,Motorcycle,Residential,50,60.5,3,92.3,44.6,1
9654,Islamabad,Wednesday,16,Clear,Medium,Motorcycle,School Zone,40,35.5,42,83.7,28.6,0
9655,Karachi,Sunday,9,Clear,Medium,Car,Highway,100,92.6,7,75.3,47.2,0
9656,Multan,Friday,2,Cloudy,High,Motorcycle,Highway,100,75.2,6,82.6,43.1,0
9657,Peshawar,Thursday,19,Clear,Low,Rickshaw,Highway,100,106.2,7,100.0,36.4,0
9658,Rawalpindi,Friday,17,Fog,Medium,Rickshaw,Highway,100,92.8,9,30.2,59.0,1
9659,Rawalpindi,Wednesday,12,Clear,Medium,Car,Highway,100,90.8,7,84.4,49.0,0
9660,Rawalpindi,Thursday,11,Clear,Low,Van,School Zone,40,30.5,36,91.7,22.8,0
9661,Islamabad,Thursday,16,Clear,Low,Rickshaw,Residential,50,47.2,11,91.9,39.4,0
9662,Quetta,Tuesday,3,Clear,Medium,Motorcycle,Residential,50,66.2,13,93.6,63.1,1
9663,Lahore,Thursday,22,Rain,Medium,Van,Market,50,25.1,35,76.4,54.7,0
9664,Peshawar,Monday,9,Dust,Low,Rickshaw,Main Road,60,42.7,10,64.5,35.1,0
9665,Islamabad,Friday,10,Clear,Low,Bus,Residential,50,38.4,9,74.0,8.3,0
9666,Karachi,Saturday,5,Cloudy,Low,Bus,Main Road,60,45.0,9,93.2,24.5,0
9667,Islamabad,Saturday,5,Cloudy,Medium,Car,Market,50,29.1,27,82.3,18.7,0
9668,Karachi,Friday,8,Fog,Low,Van,Main Road,60,48.0,7,28.5,17.2,0
9669,Karachi,Tuesday,14,Clear,High,Car,Residential,50,34.2,10,96.5,30.6,0
9670,Rawalpindi,Thursday,1,Clear,Low,Motorcycle,Residential,50,42.7,9,82.0,35.2,0
9671,Islamabad,Wednesday,3,Cloudy,High,Motorcycle,Main Road,60,38.7,8,89.4,53.1,0
9672,Lahore,Sunday,4,Clear,Low,Car,Residential,50,41.7,2,94.0,18.5,0
9673,Karachi,Sunday,16,Rain,Medium,Motorcycle,Market,50,41.3,22,64.6,26.1,0
9674,Multan,Monday,7,Dust,Medium,Motorcycle,Market,50,43.2,18,53.0,37.2,0
9675,Rawalpindi,Tuesday,7,Clear,Medium,Motorcycle,Residential,50,36.2,20,100.0,17.5,1
9676,Lahore,Sunday,21,Dust,Low,Motorcycle,Residential,50,46.5,9,71.8,65.2,1
9677,Islamabad,Thursday,11,Dust,Severe,Bus,Main Road,60,53.4,6,58.7,39.4,0
9678,Lahore,Saturday,20,Fog,Medium,Bus,School Zone,40,10.0,22,41.5,33.9,0
9679,Islamabad,Wednesday,7,Rain,Low,Motorcycle,Residential,50,20.4,7,75.7,40.1,0
9680,Karachi,Thursday,18,Rain,Low,Motorcycle,Residential,50,47.0,13,83.6,71.2,0
9681,Peshawar,Tuesday,2,Clear,Severe,Motorcycle,Main Road,60,38.9,5,90.8,70.5,0
9682,Peshawar,Wednesday,17,Fog,Low,Car,Residential,50,45.0,12,40.2,62.4,1
9683,Quetta,Sunday,20,Clear,Medium,Car,School Zone,40,34.4,39,89.8,38.1,0
9684,Quetta,Wednesday,18,Clear,Low,Rickshaw,Main Road,60,60.8,8,72.3,44.0,0
9685,Karachi,Wednesday,18,Clear,High,Rickshaw,Main Road,60,49.2,6,87.8,46.5,0
9686,Lahore,Wednesday,14,Rain,Medium,Motorcycle,Main Road,60,20.6,5,73.6,35.8,0
9687,Islamabad,Sunday,5,Clear,Medium,Motorcycle,Highway,100,88.5,8,95.2,27.1,0
9688,Peshawar,Thursday,15,Rain,High,Rickshaw,Residential,50,14.6,7,76.8,46.1,0
9689,Islamabad,Wednesday,7,Cloudy,Medium,Car,Highway,100,79.8,3,79.5,27.6,0
9690,Karachi,Thursday,15,Clear,Severe,Motorcycle,Highway,100,57.5,2,100.0,43.7,0
9691,Lahore,Wednesday,17,Clear,High,Motorcycle,Highway,100,73.6,6,90.4,57.1,0
9692,Multan,Wednesday,19,Clear,Medium,Car,Main Road,60,53.6,7,85.3,20.8,0
9693,Islamabad,Tuesday,15,Clear,Low,Motorcycle,Main Road,60,60.4,7,92.4,52.2,0
9694,Lahore,Thursday,10,Clear,High,Motorcycle,Main Road,60,31.6,3,93.4,49.3,0
9695,Multan,Saturday,6,Clear,Medium,Car,Market,50,28.7,20,100.0,18.6,0
9696,Peshawar,Thursday,16,Dust,Medium,Car,Highway,100,110.0,4,67.6,36.7,0
9697,Islamabad,Friday,16,Cloudy,High,Motorcycle,Highway,100,65.6,8,84.8,53.3,1
9698,Rawalpindi,Sunday,11,Cloudy,Low,Bus,Main Road,60,32.0,9,84.1,11.1,0
9699,Peshawar,Saturday,12,Clear,High,Motorcycle,Main Road,60,47.5,11,70.1,29.9,0
9700,Lahore,Tuesday,9,Clear,Medium,Motorcycle,School Zone,40,31.8,42,85.5,34.5,0
9701,Karachi,Thursday,6,Rain,Low,Motorcycle,Market,50,28.9,24,80.1,33.7,0
9702,Rawalpindi,Tuesday,13,Cloudy,Medium,Car,Highway,100,106.3,9,88.3,33.1,0
9703,Quetta,Saturday,22,Clear,Medium,Car,Main Road,60,46.0,9,78.1,13.9,0
9704,Islamabad,Tuesday,0,Clear,High,Rickshaw,Residential,50,27.3,6,95.6,24.8,0
9705,Quetta,Tuesday,16,Fog,Medium,Motorcycle,Main Road,60,60.0,7,42.7,60.2,0
9706,Peshawar,Monday,3,Clear,High,Van,Market,50,48.6,24,89.6,60.3,1
9707,Islamabad,Thursday,20,Clear,Medium,Car,Residential,50,17.0,7,77.4,12.9,0
9708,Islamabad,Tuesday,4,Clear,Medium,Motorcycle,Residential,50,36.6,9,93.8,42.6,0
9709,Rawalpindi,Monday,19,Rain,Medium,Car,School Zone,40,20.6,32,75.8,43.3,0
9710,Rawalpindi,Monday,23,Rain,Low,Motorcycle,Highway,100,72.5,9,84.3,38.7,0
9711,Rawalpindi,Wednesday,22,Clear,Medium,Motorcycle,School Zone,40,12.6,24,92.2,34.2,0
9712,Rawalpindi,Wednesday,6,Clear,Medium,Rickshaw,Main Road,60,66.6,6,77.1,46.3,0
9713,Karachi,Sunday,9,Clear,Severe,Motorcycle,Market,50,27.7,24,85.2,52.7,1
9714,Lahore,Saturday,16,Clear,Medium,Motorcycle,Market,50,44.4,22,94.6,39.6,0
9715,Rawalpindi,Thursday,6,Clear,Medium,Car,Main Road,60,45.9,10,99.3,13.3,0
9716,Peshawar,Wednesday,0,Clear,Low,Car,Highway,100,109.2,6,92.7,35.0,0
9717,Islamabad,Saturday,6,Clear,Medium,Car,Main Road,60,25.6,7,85.3,36.4,0
9718,Quetta,Thursday,23,Rain,High,Motorcycle,Market,50,48.1,24,69.5,71.6,1
9719,Rawalpindi,Saturday,10,Cloudy,Low,Motorcycle,Main Road,60,79.2,6,95.6,53.5,0
9720,Peshawar,Sunday,8,Dust,Low,Rickshaw,Market,50,55.1,16,76.2,49.1,0
9721,Karachi,Sunday,11,Cloudy,High,Car,Residential,50,29.3,6,92.9,23.8,0
9722,Peshawar,Monday,2,Fog,Low,Motorcycle,Residential,50,10.0,8,43.1,48.2,0
9723,Quetta,Monday,3,Fog,Medium,Motorcycle,Residential,50,25.8,7,50.4,67.4,0
9724,Quetta,Thursday,3,Clear,High,Motorcycle,Residential,50,28.0,7,88.4,45.7,0
9725,Peshawar,Saturday,12,Clear,Medium,Car,Residential,50,31.3,7,98.4,19.8,0
9726,Karachi,Saturday,22,Rain,Medium,Rickshaw,Main Road,60,43.0,15,79.6,19.2,0
9727,Quetta,Wednesday,18,Rain,High,Car,School Zone,40,16.0,41,75.6,63.6,1
9728,Karachi,Wednesday,9,Dust,Medium,Car,School Zone,40,38.0,32,65.2,48.1,0
9729,Islamabad,Thursday,4,Cloudy,Low,Bus,Main Road,60,59.8,13,100.0,15.7,0
9730,Rawalpindi,Friday,6,Clear,Medium,Bus,Highway,100,75.3,5,100.0,22.4,0
9731,Quetta,Wednesday,23,Clear,Low,Car,Highway,100,103.2,9,99.6,28.3,0
9732,Peshawar,Tuesday,15,Clear,High,Car,Highway,100,83.5,7,83.1,34.7,0
9733,Lahore,Wednesday,0,Dust,High,Car,Main Road,60,47.3,6,64.3,48.5,0
9734,Lahore,Friday,11,Fog,Low,Car,Residential,50,39.2,10,46.1,48.2,0
9735,Multan,Saturday,1,Clear,High,Motorcycle,Main Road,60,36.2,9,84.3,41.8,0
9736,Islamabad,Monday,6,Cloudy,Medium,Car,Residential,50,54.6,11,90.0,24.6,1
9737,Lahore,Monday,10,Cloudy,High,Car,Market,50,22.9,28,82.9,38.2,0
9738,Islamabad,Saturday,12,Clear,High,Motorcycle,School Zone,40,19.8,38,79.9,44.0,1
9739,Rawalpindi,Monday,1,Dust,Medium,Motorcycle,Highway,100,83.8,8,64.8,32.4,0
9740,Multan,Wednesday,6,Cloudy,Low,Car,Residential,50,41.6,4,100.0,30.2,0
9741,Islamabad,Sunday,14,Clear,High,Rickshaw,Main Road,60,51.4,7,90.3,30.5,0
9742,Karachi,Monday,10,Clear,High,Motorcycle,Main Road,60,46.4,10,89.8,43.9,0
9743,Karachi,Sunday,1,Clear,High,Rickshaw,Main Road,60,56.6,9,90.3,48.0,0
9744,Multan,Friday,6,Clear,Medium,Bus,Market,50,48.6,18,90.4,40.3,0
9745,Karachi,Sunday,3,Clear,Medium,Motorcycle,Market,50,45.7,28,78.9,22.1,0
9746,Quetta,Friday,10,Clear,Medium,Motorcycle,Market,50,21.3,16,100.0,28.4,0
9747,Karachi,Wednesday,1,Cloudy,Medium,Motorcycle,Main Road,60,43.6,4,98.0,26.7,0
9748,Karachi,Saturday,15,Cloudy,High,Rickshaw,School Zone,40,36.2,26,77.0,64.6,1
9749,Karachi,Tuesday,6,Cloudy,High,Rickshaw,Market,50,46.1,29,95.1,53.2,1
9750,Karachi,Wednesday,12,Rain,Low,Car,Market,50,13.6,28,79.3,31.1,0
9751,Quetta,Monday,4,Fog,Medium,Motorcycle,Highway,100,76.3,7,52.2,38.4,0
9752,Karachi,Wednesday,16,Dust,Medium,Rickshaw,Main Road,60,71.3,2,59.2,52.6,1
9753,Karachi,Friday,20,Clear,Medium,Motorcycle,Main Road,60,61.2,10,91.7,48.4,0
9754,Rawalpindi,Wednesday,11,Clear,Medium,Van,Market,50,60.6,26,86.1,33.5,0
9755,Quetta,Wednesday,18,Clear,High,Car,Market,50,33.6,30,96.3,42.1,0
9756,Karachi,Tuesday,6,Cloudy,Severe,Bus,Residential,50,20.0,7,92.3,44.1,0
9757,Islamabad,Friday,5,Dust,Low,Car,Highway,100,84.3,9,71.9,27.5,0
9758,Multan,Thursday,7,Rain,High,Motorcycle,Residential,50,39.3,12,76.4,62.5,1
9759,Rawalpindi,Thursday,12,Cloudy,Medium,Motorcycle,Main Road,60,59.0,9,81.7,53.3,0
9760,Quetta,Friday,4,Cloudy,Medium,Van,Residential,50,37.9,8,100.0,23.0,0
9761,Lahore,Thursday,1,Cloudy,Low,Car,School Zone,40,31.6,31,94.9,39.0,0
9762,Peshawar,Monday,8,Fog,Low,Motorcycle,Highway,100,74.2,8,37.9,44.9,0
9763,Quetta,Thursday,10,Rain,Severe,Bus,Main Road,60,46.1,4,84.4,73.2,0
9764,Multan,Monday,23,Rain,High,Rickshaw,Main Road,60,31.7,7,76.2,51.2,1
9765,Rawalpindi,Friday,5,Cloudy,Medium,Motorcycle,Highway,100,86.1,8,87.2,22.7,0
9766,Karachi,Thursday,6,Clear,High,Car,Main Road,60,31.9,14,75.9,19.6,0
9767,Rawalpindi,Thursday,6,Clear,Low,Motorcycle,Market,50,50.6,26,96.9,35.3,0
9768,Peshawar,Saturday,18,Clear,High,Rickshaw,Residential,50,26.1,11,97.3,36.6,0
9769,Peshawar,Sunday,5,Clear,High,Motorcycle,Residential,50,14.5,8,90.3,39.5,0
9770,Quetta,Monday,10,Fog,Medium,Car,Residential,50,31.8,12,43.3,46.2,0
9771,Karachi,Monday,10,Clear,Medium,Car,Market,50,40.2,20,84.8,27.0,0
9772,Karachi,Wednesday,6,Clear,Severe,Car,Main Road,60,32.8,5,81.2,46.0,0
9773,Islamabad,Tuesday,1,Clear,Medium,Motorcycle,Residential,50,46.1,9,99.4,41.1,0
9774,Peshawar,Thursday,18,Clear,Low,Car,School Zone,40,55.9,37,84.8,45.3,0
9775,Karachi,Saturday,3,Dust,High,Car,Highway,100,86.1,10,73.3,39.0,0
9776,Peshawar,Tuesday,5,Clear,Medium,Rickshaw,Main Road,60,43.6,3,93.5,9.4,0
9777,Islamabad,Sunday,16,Fog,High,Car,Residential,50,12.3,10,39.2,38.6,0
9778,Lahore,Sunday,4,Clear,High,Motorcycle,Main Road,60,42.8,8,86.5,35.0,0
9779,Peshawar,Saturday,6,Fog,High,Motorcycle,Residential,50,19.9,10,39.4,57.9,0
9780,Islamabad,Tuesday,8,Cloudy,Low,Van,Main Road,60,81.4,6,78.4,53.4,0
9781,Islamabad,Thursday,0,Cloudy,Severe,Van,Residential,50,10.0,6,95.8,55.5,0
9782,Multan,Sunday,0,Clear,Low,Motorcycle,Market,50,74.2,20,79.8,32.3,0
9783,Islamabad,Saturday,18,Cloudy,Low,Rickshaw,Residential,50,65.8,8,93.1,36.1,0
9784,Rawalpindi,Monday,5,Rain,Medium,Motorcycle,Market,50,33.9,20,76.9,37.6,0
9785,Quetta,Wednesday,17,Clear,Medium,Rickshaw,School Zone,40,25.1,34,77.6,32.2,0
9786,Karachi,Saturday,9,Clear,Low,Motorcycle,Main Road,60,42.1,6,91.7,21.6,0
9787,Peshawar,Friday,10,Fog,Medium,Car,Market,50,18.3,21,38.7,14.0,0
9788,Quetta,Sunday,0,Clear,Medium,Car,Residential,50,33.3,6,100.0,31.5,0
9789,Rawalpindi,Sunday,0,Fog,Medium,Rickshaw,Highway,100,74.9,9,45.0,39.7,0
9790,Peshawar,Thursday,12,Rain,Low,Rickshaw,Main Road,60,84.8,13,76.2,46.6,0
9791,Quetta,Thursday,4,Clear,Low,Motorcycle,Market,50,44.4,18,93.2,26.0,0
9792,Rawalpindi,Friday,19,Clear,High,Van,Market,50,18.9,20,71.4,35.0,0
9793,Karachi,Sunday,0,Fog,Severe,Car,School Zone,40,18.1,36,37.7,84.3,1
9794,Islamabad,Tuesday,19,Cloudy,Low,Bus,Main Road,60,57.7,12,87.3,28.0,0
9795,Quetta,Wednesday,2,Clear,High,Rickshaw,School Zone,40,40.8,44,85.3,80.0,1
9796,Quetta,Tuesday,17,Cloudy,Severe,Motorcycle,Highway,100,62.7,12,100.0,54.7,0
9797,Peshawar,Friday,8,Clear,Medium,Car,Residential,50,53.4,9,83.0,35.5,0
9798,Islamabad,Friday,13,Dust,High,Van,Main Road,60,13.5,10,69.4,41.1,0
9799,Multan,Wednesday,16,Clear,Severe,Motorcycle,Market,50,11.6,24,85.5,57.0,1
9800,Karachi,Friday,22,Clear,Medium,Rickshaw,Main Road,60,49.9,4,97.6,17.7,0
9801,Peshawar,Friday,13,Clear,Low,Rickshaw,School Zone,40,39.6,42,81.6,50.0,0
9802,Lahore,Sunday,3,Clear,Severe,Motorcycle,Main Road,60,22.5,13,92.1,38.4,0
9803,Lahore,Saturday,4,Cloudy,Medium,Rickshaw,Highway,100,83.7,12,91.5,34.3,0
9804,Lahore,Sunday,20,Cloudy,Low,Motorcycle,Residential,50,46.3,7,94.1,55.4,0
9805,Karachi,Wednesday,16,Rain,Medium,Car,Main Road,60,57.4,8,87.0,67.7,1
9806,Lahore,Thursday,21,Cloudy,Low,Car,Highway,100,90.6,6,74.8,32.5,0
9807,Quetta,Tuesday,1,Clear,Severe,Motorcycle,School Zone,40,18.3,35,80.3,51.5,0
9808,Multan,Thursday,22,Cloudy,Low,Rickshaw,Main Road,60,78.7,16,93.1,35.0,0
9809,Peshawar,Thursday,21,Fog,Medium,Car,School Zone,40,21.3,39,47.4,52.9,0
9810,Multan,Saturday,4,Clear,High,Car,Residential,50,36.7,8,76.4,32.8,0
9811,Multan,Tuesday,3,Clear,High,Rickshaw,Main Road,60,39.1,6,86.5,52.2,1
9812,Multan,Thursday,3,Cloudy,Severe,Motorcycle,Residential,50,25.2,6,75.6,47.2,0
9813,Quetta,Wednesday,5,Clear,Medium,Car,Main Road,60,59.0,9,95.0,47.1,0
9814,Lahore,Tuesday,19,Clear,Severe,Rickshaw,Main Road,60,25.9,5,82.5,37.0,0
9815,Multan,Monday,20,Rain,Medium,Motorcycle,Market,50,27.4,16,82.8,57.1,1
9816,Multan,Saturday,12,Dust,High,Rickshaw,Residential,50,52.3,7,62.4,73.6,1
9817,Peshawar,Thursday,21,Cloudy,Medium,Car,Main Road,60,55.2,11,98.6,46.0,0
9818,Quetta,Friday,4,Rain,Severe,Motorcycle,Main Road,60,21.9,5,73.3,75.2,1
9819,Karachi,Tuesday,22,Clear,High,Motorcycle,Market,50,42.5,15,100.0,51.6,0
9820,Islamabad,Monday,22,Cloudy,Low,Bus,School Zone,40,34.7,36,94.2,40.5,0
9821,Quetta,Friday,6,Cloudy,Low,Motorcycle,Main Road,60,59.7,8,82.0,43.7,0
9822,Rawalpindi,Monday,19,Clear,Severe,Rickshaw,Main Road,60,34.1,11,88.3,48.2,0
9823,Lahore,Thursday,0,Clear,High,Motorcycle,Market,50,40.2,20,80.8,34.8,0
9824,Rawalpindi,Friday,13,Rain,Medium,Car,School Zone,40,28.8,38,82.0,50.6,0
9825,Islamabad,Thursday,23,Dust,Medium,Motorcycle,Market,50,29.2,20,65.8,51.8,0
9826,Karachi,Friday,3,Cloudy,High,Rickshaw,Main Road,60,25.5,5,100.0,32.7,0
9827,Quetta,Tuesday,16,Clear,Low,Rickshaw,Main Road,60,69.7,4,79.9,33.1,0
9828,Karachi,Sunday,20,Clear,Low,Van,Residential,50,52.1,9,90.9,47.3,0
9829,Islamabad,Wednesday,13,Clear,High,Car,Main Road,60,53.5,6,100.0,44.9,0
9830,Rawalpindi,Sunday,15,Clear,Low,Motorcycle,Main Road,60,61.0,4,92.4,49.9,0
9831,Quetta,Wednesday,13,Dust,Medium,Rickshaw,Main Road,60,48.9,6,56.3,42.8,0
9832,Lahore,Sunday,15,Rain,Medium,Motorcycle,Residential,50,33.2,7,87.5,56.4,1
9833,Peshawar,Monday,23,Cloudy,High,Rickshaw,Residential,50,63.6,10,88.2,45.1,0
9834,Multan,Saturday,19,Dust,Low,Van,Residential,50,35.4,6,61.3,30.1,0
9835,Karachi,Friday,7,Clear,Low,Motorcycle,School Zone,40,45.8,32,83.9,83.0,1
9836,Islamabad,Thursday,23,Rain,Low,Motorcycle,School Zone,40,46.7,32,81.6,61.9,1
9837,Quetta,Saturday,2,Clear,Medium,Rickshaw,Main Road,60,62.1,9,93.4,14.1,0
9838,Rawalpindi,Tuesday,18,Clear,Low,Rickshaw,Residential,50,37.3,9,86.7,16.4,0
9839,Lahore,Tuesday,0,Clear,Low,Car,Highway,100,91.5,5,89.2,41.4,0
9840,Rawalpindi,Tuesday,1,Fog,Medium,Rickshaw,Main Road,60,40.6,9,53.1,45.4,0
9841,Lahore,Wednesday,14,Clear,Low,Van,School Zone,40,40.8,28,89.8,27.6,0
9842,Quetta,Thursday,21,Clear,Low,Car,School Zone,40,55.2,32,92.6,37.5,0
9843,Peshawar,Tuesday,9,Cloudy,Medium,Bus,Main Road,60,40.0,5,99.6,21.6,0
9844,Peshawar,Tuesday,17,Clear,Severe,Car,Highway,100,61.0,7,98.8,53.2,1
9845,Multan,Sunday,21,Clear,High,Motorcycle,Market,50,16.4,25,92.9,33.1,0
9846,Islamabad,Monday,13,Rain,High,Car,Main Road,60,31.6,9,82.2,35.6,0
9847,Islamabad,Friday,16,Clear,Severe,Bus,Main Road,60,17.7,8,85.1,30.8,0
9848,Lahore,Friday,12,Fog,Low,Car,Main Road,60,58.8,10,41.3,70.8,0
9849,Lahore,Friday,0,Cloudy,Medium,Motorcycle,Highway,100,91.2,1,84.9,48.6,0
9850,Lahore,Saturday,4,Clear,Medium,Van,School Zone,40,20.9,36,92.9,35.7,0
9851,Lahore,Sunday,12,Clear,Medium,Rickshaw,Main Road,60,43.2,8,75.7,0.0,0
9852,Multan,Sunday,13,Cloudy,High,Motorcycle,Highway,100,62.7,6,84.8,29.3,0
9853,Quetta,Monday,23,Clear,High,Motorcycle,Main Road,60,49.4,8,76.8,41.9,0
9854,Quetta,Wednesday,2,Cloudy,High,Van,Highway,100,71.7,5,94.9,34.6,0
9855,Peshawar,Saturday,14,Rain,High,Car,Highway,100,88.4,7,90.9,38.1,0
9856,Islamabad,Monday,18,Rain,Low,Bus,Main Road,60,73.9,4,78.3,52.2,1
9857,Multan,Tuesday,16,Cloudy,Low,Motorcycle,Residential,50,45.6,7,85.7,42.2,0
9858,Islamabad,Thursday,2,Dust,Low,Motorcycle,Residential,50,28.6,9,54.2,31.5,0
9859,Karachi,Saturday,15,Clear,Medium,Rickshaw,School Zone,40,14.3,29,84.4,20.2,0
9860,Islamabad,Saturday,13,Clear,Medium,Car,Residential,50,52.4,8,88.3,37.5,0
9861,Islamabad,Tuesday,11,Rain,Medium,Rickshaw,Main Road,60,44.0,8,87.4,19.5,0
9862,Rawalpindi,Tuesday,11,Clear,Severe,Motorcycle,Market,50,35.4,19,94.8,43.6,1
9863,Rawalpindi,Thursday,10,Cloudy,Low,Bus,Main Road,60,58.3,4,77.8,35.1,0
9864,Multan,Friday,16,Rain,Low,Motorcycle,Market,50,34.3,27,80.3,50.3,0
9865,Karachi,Saturday,7,Clear,High,Rickshaw,Residential,50,36.6,5,84.6,35.9,0
9866,Lahore,Monday,16,Clear,Medium,Van,Highway,100,89.0,7,98.8,27.2,0
9867,Karachi,Wednesday,20,Cloudy,Medium,Bus,Market,50,50.3,20,89.1,38.1,0
9868,Karachi,Tuesday,22,Rain,Medium,Motorcycle,Main Road,60,51.1,14,87.1,38.7,0
9869,Peshawar,Tuesday,19,Clear,Medium,Car,School Zone,40,43.3,34,81.9,51.3,0
9870,Quetta,Wednesday,10,Cloudy,High,Car,Residential,50,42.5,8,95.7,23.8,0
9871,Islamabad,Monday,1,Clear,Medium,Rickshaw,Highway,100,70.9,7,91.0,19.1,0
9872,Peshawar,Tuesday,9,Clear,Low,Car,Residential,50,43.5,7,100.0,32.3,0
9873,Multan,Wednesday,9,Clear,Low,Motorcycle,Highway,100,120.0,14,81.7,31.0,1
9874,Quetta,Sunday,10,Clear,High,Car,Residential,50,26.7,6,100.0,33.4,0
9875,Multan,Tuesday,5,Rain,Medium,Car,Market,50,28.1,17,80.3,28.0,0
9876,Islamabad,Friday,3,Cloudy,High,Rickshaw,Main Road,60,19.9,7,96.8,38.6,0
9877,Multan,Friday,23,Fog,High,Van,Main Road,60,44.5,8,48.5,41.2,0
9878,Karachi,Tuesday,11,Clear,Medium,Rickshaw,Highway,100,85.1,7,100.0,4.8,0
9879,Islamabad,Sunday,10,Fog,Low,Car,Highway,100,89.1,3,38.2,29.7,0
9880,Lahore,Tuesday,22,Cloudy,High,Car,Residential,50,28.9,7,81.0,26.6,0
9881,Lahore,Friday,22,Clear,High,Rickshaw,Market,50,23.9,17,96.0,45.8,0
9882,Karachi,Sunday,12,Clear,Medium,Motorcycle,Highway,100,118.1,5,89.0,64.3,0
9883,Multan,Tuesday,4,Cloudy,Medium,Rickshaw,Main Road,60,45.6,5,81.3,18.9,0
9884,Rawalpindi,Sunday,5,Dust,High,Car,School Zone,40,15.2,37,68.4,61.3,0
9885,Lahore,Monday,0,Rain,Low,Motorcycle,School Zone,40,28.8,46,84.2,66.4,1
9886,Karachi,Monday,5,Cloudy,High,Rickshaw,Market,50,44.8,25,92.4,53.9,0
9887,Peshawar,Thursday,17,Clear,High,Car,Market,50,33.7,24,85.5,35.3,0
9888,Rawalpindi,Monday,21,Clear,Low,Motorcycle,School Zone,40,23.0,33,89.2,56.7,0
9889,Lahore,Saturday,8,Clear,High,Car,Highway,100,82.5,10,93.0,30.9,0
9890,Karachi,Sunday,23,Clear,High,Car,Market,50,22.5,31,83.4,51.8,0
9891,Karachi,Saturday,14,Rain,Medium,Bus,School Zone,40,17.8,28,69.3,25.2,0
9892,Peshawar,Saturday,7,Dust,Low,Bus,Main Road,60,46.3,7,70.2,36.3,0
9893,Peshawar,Tuesday,18,Clear,High,Motorcycle,Main Road,60,22.4,10,92.3,58.5,1
9894,Rawalpindi,Tuesday,23,Rain,Low,Motorcycle,School Zone,40,56.8,27,74.3,66.6,1
9895,Quetta,Wednesday,15,Clear,High,Rickshaw,Main Road,60,49.8,8,98.5,25.8,0
9896,Lahore,Sunday,5,Clear,Medium,Van,Main Road,60,51.5,8,100.0,11.1,0
9897,Karachi,Saturday,5,Clear,Severe,Van,Highway,100,46.6,13,68.6,29.9,0
9898,Rawalpindi,Saturday,21,Clear,High,Car,Residential,50,18.8,6,98.4,32.0,0
9899,Multan,Monday,2,Clear,Medium,Car,School Zone,40,25.4,33,100.0,32.8,0
9900,Rawalpindi,Friday,9,Clear,Medium,Van,Main Road,60,45.2,9,90.0,7.6,0
9901,Multan,Sunday,0,Clear,Medium,Car,Main Road,60,63.5,8,94.5,35.2,0
9902,Peshawar,Friday,13,Clear,High,Motorcycle,School Zone,40,15.3,40,92.9,56.3,0
9903,Karachi,Sunday,3,Cloudy,High,Bus,Market,50,50.8,27,90.6,50.7,1
9904,Islamabad,Sunday,11,Clear,High,Car,Market,50,30.0,20,100.0,59.7,1
9905,Quetta,Thursday,5,Fog,Medium,Rickshaw,School Zone,40,14.0,28,52.7,24.7,0
9906,Quetta,Wednesday,10,Rain,Medium,Rickshaw,Residential,50,23.0,10,84.2,31.2,0
9907,Peshawar,Friday,11,Fog,Low,Van,Main Road,60,65.6,4,56.6,59.8,1
9908,Multan,Thursday,9,Cloudy,Low,Motorcycle,Market,50,54.1,29,81.3,30.7,0
9909,Karachi,Monday,17,Cloudy,Medium,Car,Residential,50,56.9,9,100.0,34.1,0
9910,Rawalpindi,Wednesday,6,Clear,Low,Rickshaw,Main Road,60,44.0,7,86.5,28.4,0
9911,Quetta,Wednesday,6,Rain,Severe,Car,Main Road,60,10.0,3,86.9,46.6,0
9912,Rawalpindi,Saturday,10,Clear,Low,Car,Highway,100,89.0,7,80.0,26.6,0
9913,Lahore,Sunday,3,Clear,High,Rickshaw,Main Road,60,56.8,4,67.7,49.3,0
9914,Islamabad,Sunday,19,Clear,Medium,Car,Residential,50,42.3,4,89.7,24.9,0
9915,Peshawar,Tuesday,0,Clear,High,Car,Residential,50,25.2,8,82.9,24.9,0
9916,Multan,Sunday,12,Clear,High,Motorcycle,Main Road,60,38.6,11,100.0,35.7,0
9917,Quetta,Sunday,17,Fog,High,Rickshaw,School Zone,40,10.0,40,43.9,67.3,0
9918,Lahore,Sunday,8,Clear,Medium,Rickshaw,Highway,100,89.4,7,80.7,11.0,0
9919,Lahore,Saturday,23,Dust,High,Rickshaw,Highway,100,78.7,6,57.9,47.7,0
9920,Islamabad,Monday,23,Clear,Low,Car,Residential,50,62.0,10,77.6,42.3,0
9921,Peshawar,Sunday,8,Rain,Medium,Car,Market,50,23.6,31,82.3,59.7,0
9922,Peshawar,Saturday,22,Cloudy,Severe,Motorcycle,Main Road,60,53.1,5,92.0,61.9,1
9923,Rawalpindi,Wednesday,8,Cloudy,Severe,Motorcycle,Main Road,60,20.9,12,85.9,50.0,0
9924,Peshawar,Saturday,9,Clear,Low,Car,Residential,50,78.0,8,100.0,39.4,0
9925,Lahore,Sunday,1,Cloudy,Medium,Motorcycle,Residential,50,27.7,7,88.7,23.3,0
9926,Rawalpindi,Thursday,5,Clear,Medium,Motorcycle,Main Road,60,51.9,6,72.4,26.4,0
9927,Peshawar,Saturday,14,Cloudy,High,Rickshaw,Market,50,36.6,19,100.0,23.0,0
9928,Multan,Friday,2,Cloudy,High,Van,Main Road,60,27.9,10,100.0,44.9,0
9929,Multan,Monday,10,Clear,Low,Motorcycle,Highway,100,91.1,17,82.2,32.1,1
9930,Islamabad,Monday,5,Clear,High,Motorcycle,Main Road,60,47.5,8,75.2,36.0,0
9931,Lahore,Wednesday,2,Clear,Low,Van,Highway,100,81.2,9,89.8,16.7,0
9932,Karachi,Saturday,23,Dust,Severe,Van,Highway,100,71.9,11,74.2,49.9,0
9933,Islamabad,Wednesday,10,Rain,Severe,Bus,Market,50,13.8,21,77.5,71.6,0
9934,Islamabad,Wednesday,14,Clear,Low,Motorcycle,Highway,100,96.1,14,87.2,31.7,0
9935,Peshawar,Thursday,12,Clear,High,Motorcycle,Residential,50,28.3,8,100.0,41.3,0
9936,Rawalpindi,Tuesday,19,Clear,Medium,Van,Main Road,60,50.1,10,82.4,16.8,0
9937,Rawalpindi,Wednesday,9,Clear,Low,Van,Main Road,60,49.5,7,100.0,15.1,0
9938,Multan,Tuesday,5,Rain,High,Rickshaw,Market,50,27.4,23,84.2,39.7,0
9939,Lahore,Tuesday,14,Rain,Low,Van,Main Road,60,41.1,6,78.5,27.2,0
9940,Peshawar,Monday,17,Rain,Medium,Motorcycle,Main Road,60,55.3,10,80.0,61.2,0
9941,Rawalpindi,Friday,17,Dust,Severe,Motorcycle,Highway,100,70.5,9,67.7,64.7,0
9942,Multan,Friday,6,Cloudy,Low,Motorcycle,Highway,100,95.3,5,87.4,34.1,0
9943,Quetta,Saturday,14,Cloudy,Medium,Motorcycle,School Zone,40,40.2,40,92.3,63.6,1
9944,Karachi,Thursday,17,Rain,Medium,Rickshaw,Market,50,36.4,23,87.7,13.4,0
9945,Quetta,Thursday,17,Cloudy,High,Van,School Zone,40,14.2,33,90.2,41.2,0
9946,Peshawar,Friday,19,Dust,High,Motorcycle,Main Road,60,52.1,5,65.9,30.6,0
9947,Peshawar,Saturday,8,Rain,Medium,Car,Highway,100,74.9,8,76.5,26.0,0
9948,Rawalpindi,Sunday,23,Clear,High,Car,Main Road,60,35.5,12,84.9,31.9,0
9949,Islamabad,Friday,1,Fog,Severe,Motorcycle,Main Road,60,21.2,3,49.5,68.7,0
9950,Peshawar,Saturday,7,Cloudy,Severe,Rickshaw,Highway,100,77.1,4,100.0,49.1,0
9951,Islamabad,Saturday,19,Clear,Medium,Car,Residential,50,52.3,6,85.5,22.7,0
9952,Lahore,Saturday,1,Rain,High,Car,Main Road,60,12.8,8,70.1,49.8,0
9953,Multan,Saturday,10,Clear,High,Motorcycle,Main Road,60,46.7,8,89.0,26.1,0
9954,Lahore,Monday,6,Rain,High,Car,Residential,50,41.0,5,76.7,45.5,0
9955,Rawalpindi,Monday,5,Fog,Medium,Rickshaw,Main Road,60,54.2,8,46.7,54.7,1
9956,Lahore,Friday,9,Clear,Low,Motorcycle,Residential,50,46.9,5,92.2,41.5,0
9957,Quetta,Saturday,4,Dust,Medium,Motorcycle,Market,50,49.1,25,82.5,48.9,0
9958,Quetta,Wednesday,10,Rain,High,Car,Market,50,41.3,23,94.0,56.1,0
9959,Quetta,Saturday,0,Cloudy,High,Car,Residential,50,43.2,3,97.2,40.9,0
9960,Rawalpindi,Wednesday,1,Clear,High,Motorcycle,Market,50,19.0,20,86.1,39.6,1
9961,Rawalpindi,Monday,23,Clear,Medium,Motorcycle,Main Road,60,41.1,8,89.3,20.7,0
9962,Quetta,Saturday,0,Clear,Low,Motorcycle,Highway,100,117.5,7,67.7,45.6,0
9963,Islamabad,Tuesday,18,Clear,Low,Van,Main Road,60,86.2,18,90.9,34.9,1
9964,Quetta,Friday,1,Cloudy,Medium,Motorcycle,School Zone,40,13.1,24,96.7,15.0,0
9965,Islamabad,Saturday,20,Dust,Low,Motorcycle,Residential,50,66.1,9,63.7,53.1,0
9966,Lahore,Thursday,19,Fog,Severe,Rickshaw,Residential,50,16.2,10,40.2,68.1,1
9967,Islamabad,Wednesday,22,Clear,Low,Rickshaw,Market,50,50.0,18,94.2,46.6,0
9968,Peshawar,Sunday,20,Clear,Medium,Car,Highway,100,111.4,11,83.5,44.3,1
9969,Karachi,Sunday,23,Rain,Low,Rickshaw,Residential,50,38.4,3,53.5,36.6,0
9970,Peshawar,Saturday,3,Clear,Medium,Car,Main Road,60,68.2,9,75.0,33.8,0
9971,Peshawar,Tuesday,11,Dust,Medium,Motorcycle,Residential,50,49.0,8,63.9,50.1,1
9972,Rawalpindi,Wednesday,21,Rain,High,Car,Main Road,60,10.0,8,85.2,48.3,0
9973,Karachi,Tuesday,19,Rain,Medium,Car,Main Road,60,47.9,7,78.0,23.7,0
9974,Rawalpindi,Sunday,17,Clear,Low,Motorcycle,Main Road,60,61.1,9,76.8,51.0,0
9975,Islamabad,Friday,0,Clear,Medium,Motorcycle,Residential,50,58.0,12,92.6,40.9,0
9976,Quetta,Sunday,0,Clear,High,Rickshaw,Main Road,60,71.2,10,79.9,49.5,0
9977,Multan,Friday,23,Clear,High,Car,School Zone,40,10.0,36,89.4,73.7,1
9978,Multan,Friday,13,Rain,Low,Motorcycle,Highway,100,81.1,8,80.4,41.9,0
9979,Multan,Monday,3,Clear,Severe,Rickshaw,Residential,50,17.6,8,100.0,39.2,0
9980,Islamabad,Sunday,4,Cloudy,Low,Motorcycle,Highway,100,100.7,7,83.9,60.5,0
9981,Karachi,Sunday,10,Rain,Severe,Motorcycle,Residential,50,11.7,12,82.9,49.4,0
9982,Lahore,Tuesday,23,Clear,Low,Rickshaw,Market,50,31.4,20,90.4,29.5,0
9983,Islamabad,Saturday,22,Cloudy,Medium,Motorcycle,Highway,100,82.7,7,86.4,40.9,0
9984,Peshawar,Thursday,12,Dust,Medium,Car,Market,50,32.3,18,46.0,43.8,0
9985,Karachi,Thursday,15,Clear,Medium,Rickshaw,Main Road,60,50.5,5,98.8,29.2,0
9986,Karachi,Friday,23,Clear,Medium,Motorcycle,Main Road,60,67.1,8,99.0,44.7,0
9987,Islamabad,Thursday,12,Cloudy,Low,Motorcycle,Market,50,58.0,19,100.0,50.9,1
9988,Islamabad,Wednesday,23,Cloudy,Medium,Car,Main Road,60,91.5,8,100.0,39.3,0
9989,Rawalpindi,Tuesday,21,Cloudy,Low,Rickshaw,School Zone,40,44.7,43,85.2,61.3,1
9990,Rawalpindi,Tuesday,1,Clear,High,Car,Main Road,60,55.5,11,85.8,41.3,0
9991,Peshawar,Tuesday,15,Clear,High,Motorcycle,Highway,100,58.2,9,91.1,30.6,0
9992,Karachi,Wednesday,5,Clear,Medium,Car,Main Road,60,49.6,11,92.6,10.2,0
9993,Multan,Saturday,13,Clear,Medium,Motorcycle,Market,50,19.7,35,95.6,46.2,0
9994,Lahore,Monday,0,Cloudy,Low,Rickshaw,Residential,50,61.7,4,81.6,42.8,0
9995,Lahore,Wednesday,16,Cloudy,Medium,Motorcycle,Market,50,27.7,22,94.2,35.6,0
9996,Karachi,Tuesday,10,Cloudy,Low,Van,Highway,100,94.6,12,85.9,72.0,1
9997,Peshawar,Tuesday,18,Clear,Low,Motorcycle,Main Road,60,47.9,14,84.7,17.0,0
9998,Multan,Sunday,2,Clear,Low,Motorcycle,Residential,50,52.8,8,99.4,60.5,1
9999,Rawalpindi,Tuesday,10,Rain,High,Car,School Zone,40,15.3,27,72.4,44.2,0
10000,Rawalpindi,Saturday,4,Cloudy,Severe,Car,Main Road,60,25.2,6,85.9,47.0,0
10001,Rawalpindi,Thursday,16,Dust,High,Car,Main Road,60,40.0,8,65.1,24.2,0
10002,Lahore,Monday,21,Clear,Severe,Van,Highway,100,77.8,4,93.3,50.8,0
10003,Lahore,Wednesday,6,Cloudy,High,Van,Highway,100,98.4,2,91.1,58.9,1
10004,Peshawar,Tuesday,9,Rain,Low,Motorcycle,Residential,50,23.9,11,67.2,31.9,0
10005,Lahore,Sunday,10,Fog,Medium,Motorcycle,Highway,100,101.0,5,35.0,60.5,0
10006,Islamabad,Sunday,2,Fog,High,Van,Market,50,15.4,23,41.0,43.2,1
10007,Lahore,Friday,19,Fog,Medium,Rickshaw,Residential,50,28.8,9,41.5,35.1,0
10008,Rawalpindi,Monday,9,Dust,Medium,Motorcycle,Highway,100,120.0,8,78.6,44.7,0
10009,Peshawar,Sunday,9,Cloudy,Medium,Rickshaw,Main Road,60,49.4,8,90.0,37.9,0
10010,Karachi,Friday,13,Clear,Medium,Rickshaw,Main Road,60,52.0,9,76.2,15.1,0
10011,Karachi,Monday,11,Cloudy,Medium,Motorcycle,Residential,50,41.1,7,83.2,40.7,0
10012,Peshawar,Tuesday,14,Clear,High,Van,Main Road,60,35.7,6,87.3,33.4,0
10013,Islamabad,Monday,9,Clear,Low,Motorcycle,School Zone,40,58.0,35,93.5,51.3,1
10014,Karachi,Monday,9,Cloudy,Low,Car,Main Road,60,51.2,9,97.7,0.0,0
10015,Rawalpindi,Tuesday,18,Rain,Severe,Car,School Zone,40,13.3,29,86.5,73.4,1
10016,Karachi,Saturday,0,Cloudy,Medium,Motorcycle,Residential,50,47.0,9,86.3,67.7,1
10017,Karachi,Sunday,23,Clear,High,Car,School Zone,40,22.8,34,100.0,54.1,0
10018,Rawalpindi,Friday,9,Cloudy,High,Bus,Residential,50,16.6,11,80.3,26.1,0
10019,Lahore,Saturday,1,Fog,Medium,Motorcycle,Highway,100,81.5,6,34.2,60.0,1
10020,Islamabad,Friday,16,Rain,High,Car,Highway,100,84.8,10,93.0,45.7,0
10021,Multan,Thursday,23,Cloudy,Low,Car,School Zone,40,24.6,36,84.9,43.5,0
10022,Rawalpindi,Sunday,6,Cloudy,High,Van,Market,50,44.9,27,94.4,41.7,1
10023,Rawalpindi,Friday,6,Fog,High,Rickshaw,Main Road,60,36.1,4,34.8,46.4,0
10024,Quetta,Friday,19,Clear,Severe,Motorcycle,Market,50,10.0,26,79.3,60.0,1
10025,Peshawar,Monday,8,Clear,Severe,Car,Main Road,60,25.1,2,100.0,65.5,1
10026,Islamabad,Thursday,21,Clear,Medium,Motorcycle,Residential,50,50.1,7,84.3,30.9,0
10027,Lahore,Tuesday,1,Clear,High,Motorcycle,Highway,100,94.3,10,78.2,62.2,0
10028,Quetta,Tuesday,13,Clear,Medium,Car,Main Road,60,44.6,7,93.2,15.3,0
10029,Multan,Wednesday,16,Cloudy,Low,Motorcycle,Market,50,66.2,21,82.5,37.0,1
10030,Rawalpindi,Thursday,0,Clear,High,Rickshaw,Market,50,16.0,20,100.0,30.8,0
10031,Multan,Monday,8,Clear,Severe,Rickshaw,School Zone,40,10.0,32,90.3,69.1,1
10032,Multan,Wednesday,19,Clear,Low,Car,Highway,100,109.4,9,92.0,38.3,0
10033,Multan,Wednesday,20,Dust,Severe,Car,Residential,50,15.1,15,74.9,41.8,0
10034,Quetta,Tuesday,18,Cloudy,High,Rickshaw,Highway,100,56.7,11,100.0,49.5,0
10035,Lahore,Friday,3,Clear,Low,Motorcycle,Market,50,42.0,16,98.0,42.4,0
10036,Quetta,Monday,7,Clear,Medium,Motorcycle,Market,50,44.9,20,82.7,39.3,0
10037,Quetta,Thursday,12,Clear,High,Motorcycle,Main Road,60,35.1,6,88.0,47.4,1
10038,Quetta,Wednesday,3,Cloudy,Medium,Car,Residential,50,19.3,6,92.7,7.5,0
10039,Rawalpindi,Monday,8,Cloudy,High,Van,Highway,100,67.3,6,86.9,37.9,0
10040,Rawalpindi,Tuesday,8,Fog,High,Motorcycle,Residential,50,20.8,8,44.5,53.2,0
10041,Peshawar,Wednesday,21,Cloudy,High,Motorcycle,Market,50,31.2,24,78.9,42.5,0
10042,Karachi,Wednesday,17,Dust,Low,Rickshaw,School Zone,40,33.6,44,64.2,50.1,0
10043,Islamabad,Saturday,11,Clear,Medium,Rickshaw,Residential,50,42.2,13,94.7,21.5,0
10044,Peshawar,Tuesday,9,Dust,Low,Bus,Main Road,60,67.7,8,62.5,55.3,0
10045,Lahore,Saturday,10,Rain,Medium,Motorcycle,Main Road,60,30.9,11,91.3,31.5,0
10046,Quetta,Tuesday,6,Clear,Severe,Motorcycle,Highway,100,66.0,5,85.4,58.9,0
10047,Rawalpindi,Tuesday,8,Clear,Low,Van,Main Road,60,46.7,9,90.8,32.0,0
10048,Quetta,Saturday,5,Cloudy,Medium,Motorcycle,School Zone,40,46.2,32,86.0,74.4,1
10049,Rawalpindi,Sunday,18,Clear,Severe,Rickshaw,Main Road,60,33.6,5,97.3,56.2,1
10050,Multan,Monday,15,Rain,High,Rickshaw,Highway,100,78.9,12,78.6,55.2,0
10051,Islamabad,Monday,14,Rain,Low,Car,Highway,100,98.2,13,85.4,65.2,1
10052,Peshawar,Sunday,6,Clear,Medium,Rickshaw,Main Road,60,55.0,5,99.6,25.2,0
10053,Peshawar,Monday,15,Clear,Severe,Motorcycle,Market,50,33.2,16,96.9,43.7,0
10054,Lahore,Friday,4,Fog,Medium,Rickshaw,School Zone,40,10.0,40,49.8,51.7,1
10055,Multan,Wednesday,15,Clear,High,Car,School Zone,40,28.0,33,98.1,45.1,0
10056,Peshawar,Monday,0,Clear,High,Motorcycle,School Zone,40,26.8,35,100.0,51.2,0
10057,Peshawar,Friday,18,Clear,High,Rickshaw,Main Road,60,41.3,11,78.1,26.1,0
10058,Karachi,Wednesday,4,Fog,Medium,Van,Main Road,60,26.6,10,39.3,46.4,0
10059,Islamabad,Monday,6,Rain,Low,Car,Main Road,60,74.7,7,62.3,55.1,0
10060,Quetta,Tuesday,18,Clear,High,Rickshaw,Main Road,60,35.4,6,100.0,36.3,0
10061,Peshawar,Sunday,21,Clear,Severe,Rickshaw,Market,50,32.8,16,89.5,37.9,0
10062,Lahore,Thursday,4,Clear,Severe,Rickshaw,Highway,100,85.7,9,93.5,46.8,0
10063,Quetta,Monday,16,Clear,Medium,Car,Main Road,60,60.3,12,97.9,32.1,0
10064,Rawalpindi,Thursday,21,Rain,Medium,Rickshaw,School Zone,40,33.3,30,88.4,35.9,0
10065,Multan,Monday,7,Clear,Medium,Car,Highway,100,87.2,8,76.2,17.4,0
10066,Multan,Tuesday,0,Cloudy,Low,Car,Residential,50,78.0,5,88.4,41.5,0
10067,Peshawar,Sunday,1,Cloudy,Severe,Motorcycle,School Zone,40,23.3,33,80.8,63.2,1
10068,Peshawar,Sunday,14,Clear,Low,Van,Main Road,60,47.1,12,89.2,19.8,0
10069,Quetta,Thursday,19,Fog,Medium,Car,Main Road,60,25.2,5,31.0,32.0,0
10070,Rawalpindi,Friday,17,Clear,High,Motorcycle,Residential,50,38.5,8,87.6,48.4,0
10071,Karachi,Tuesday,10,Clear,High,Motorcycle,Residential,50,45.2,6,92.7,56.6,0
10072,Islamabad,Thursday,9,Dust,High,Motorcycle,Residential,50,40.0,14,67.7,61.8,1
10073,Karachi,Thursday,23,Clear,High,Motorcycle,Highway,100,78.9,7,100.0,37.8,0
10074,Lahore,Saturday,23,Clear,Medium,Car,School Zone,40,24.2,41,82.0,29.6,0
10075,Quetta,Saturday,3,Clear,Low,Rickshaw,School Zone,40,39.4,28,74.9,31.7,0
10076,Peshawar,Tuesday,4,Clear,Severe,Motorcycle,Highway,100,67.1,12,93.0,54.8,0
10077,Karachi,Tuesday,3,Fog,Severe,Van,Market,50,10.0,24,23.8,62.5,1
10078,Islamabad,Tuesday,12,Clear,Medium,Motorcycle,Market,50,41.5,20,100.0,39.8,0
10079,Lahore,Wednesday,12,Clear,Medium,Bus,Main Road,60,48.1,11,93.0,30.1,0
10080,Multan,Friday,17,Dust,Medium,Rickshaw,Main Road,60,22.9,7,62.4,27.4,0
10081,Karachi,Monday,23,Clear,High,Rickshaw,School Zone,40,29.3,23,76.1,38.5,0
10082,Peshawar,Saturday,1,Dust,High,Motorcycle,Main Road,60,58.4,9,62.7,39.1,0
10083,Islamabad,Sunday,15,Clear,Low,Bus,Residential,50,27.3,6,72.1,26.7,0
10084,Peshawar,Sunday,0,Clear,Medium,Car,Residential,50,20.1,7,98.8,20.3,0
10085,Peshawar,Thursday,18,Clear,High,Motorcycle,Market,50,10.0,18,87.4,38.2,0
10086,Lahore,Saturday,8,Clear,Severe,Motorcycle,Residential,50,27.3,8,95.6,66.0,1
10087,Islamabad,Monday,2,Clear,Medium,Motorcycle,Market,50,32.9,21,92.8,7.5,0
10088,Rawalpindi,Tuesday,6,Clear,High,Motorcycle,School Zone,40,15.4,53,89.7,47.6,0
10089,Multan,Sunday,9,Cloudy,Medium,Bus,Main Road,60,74.2,7,79.6,47.8,0
10090,Peshawar,Saturday,0,Clear,Low,Van,Residential,50,55.6,5,79.2,39.8,0
10091,Islamabad,Friday,9,Clear,High,Motorcycle,Residential,50,40.1,18,76.0,46.0,1
10092,Peshawar,Friday,20,Clear,High,Car,Main Road,60,47.8,5,90.3,45.3,0
10093,Karachi,Wednesday,8,Cloudy,Medium,Motorcycle,Main Road,60,42.0,11,79.8,44.7,1
10094,Karachi,Saturday,14,Clear,High,Rickshaw,Market,50,41.4,25,100.0,42.3,0
10095,Islamabad,Tuesday,14,Clear,High,Van,Market,50,35.1,17,96.3,17.7,0
10096,Multan,Thursday,2,Dust,High,Motorcycle,Residential,50,23.5,10,77.4,45.6,0
10097,Lahore,Wednesday,4,Clear,High,Van,Highway,100,94.0,6,84.9,40.6,1
10098,Rawalpindi,Tuesday,8,Clear,Medium,Motorcycle,Main Road,60,64.4,6,90.1,44.3,0
10099,Karachi,Wednesday,21,Clear,High,Motorcycle,Main Road,60,49.3,7,84.4,62.4,0
10100,Lahore,Saturday,8,Clear,Medium,Motorcycle,Residential,50,41.4,9,83.4,13.8,0
10101,Rawalpindi,Monday,22,Rain,Low,Motorcycle,Residential,50,32.6,7,87.8,35.6,0
10102,Karachi,Sunday,6,Clear,Low,Motorcycle,Main Road,60,58.3,11,86.5,43.8,0
10103,Rawalpindi,Saturday,23,Clear,High,Car,Market,50,62.2,20,95.6,61.0,0
10104,Quetta,Tuesday,22,Clear,Medium,Bus,Residential,50,44.2,13,90.8,1.8,0
10105,Peshawar,Thursday,11,Fog,Medium,Motorcycle,Main Road,60,39.3,9,45.8,55.2,1
10106,Islamabad,Thursday,8,Clear,High,Motorcycle,Main Road,60,48.6,6,90.9,42.8,0
10107,Karachi,Tuesday,5,Cloudy,High,Motorcycle,Highway,100,83.4,9,96.3,32.1,0
10108,Karachi,Wednesday,22,Clear,Medium,Rickshaw,Residential,50,55.4,10,82.5,40.2,0
10109,Peshawar,Friday,1,Cloudy,High,Motorcycle,Main Road,60,55.1,11,86.6,71.9,1
10110,Karachi,Tuesday,8,Cloudy,Severe,Motorcycle,School Zone,40,22.5,32,86.3,65.8,0
10111,Karachi,Sunday,16,Clear,High,Motorcycle,Main Road,60,46.3,12,91.4,45.4,0
10112,Quetta,Saturday,0,Clear,Low,Motorcycle,Main Road,60,68.9,6,90.7,42.3,1
10113,Karachi,Thursday,18,Clear,Severe,Car,Market,50,11.5,19,84.2,71.2,1
10114,Karachi,Monday,5,Clear,Medium,Motorcycle,Residential,50,35.4,3,95.7,31.1,0
10115,Karachi,Thursday,4,Clear,High,Motorcycle,Highway,100,70.8,6,98.0,48.3,0
10116,Lahore,Friday,1,Clear,High,Rickshaw,Market,50,31.3,19,100.0,45.0,0
10117,Karachi,Thursday,8,Clear,High,Van,Main Road,60,49.7,4,86.3,30.2,0
10118,Peshawar,Friday,13,Clear,High,Rickshaw,Market,50,34.5,25,91.0,34.2,0
10119,Quetta,Sunday,3,Cloudy,Severe,Van,Highway,100,73.5,12,87.8,34.1,0
10120,Karachi,Tuesday,3,Clear,Severe,Bus,Market,50,14.3,28,92.4,40.9,1
10121,Rawalpindi,Thursday,20,Clear,Medium,Van,Main Road,60,56.3,10,99.5,28.8,0
10122,Quetta,Wednesday,14,Cloudy,Severe,Car,Main Road,60,34.6,5,97.0,45.8,0
10123,Quetta,Saturday,7,Cloudy,Medium,Rickshaw,School Zone,40,37.6,41,100.0,38.9,0
10124,Rawalpindi,Wednesday,3,Dust,Medium,Van,Market,50,34.5,24,65.6,40.3,0
10125,Peshawar,Saturday,15,Dust,High,Bus,Main Road,60,15.3,8,66.4,55.0,0
10126,Lahore,Thursday,20,Rain,Severe,Van,Highway,100,53.7,10,64.5,47.8,1
10127,Multan,Sunday,3,Clear,Low,Motorcycle,Main Road,60,61.6,8,98.3,51.4,0
10128,Multan,Thursday,15,Cloudy,Severe,Motorcycle,Market,50,15.0,22,88.3,63.2,1
10129,Peshawar,Saturday,21,Cloudy,Severe,Car,Market,50,45.1,18,85.0,71.5,1
10130,Lahore,Sunday,11,Rain,Severe,Car,School Zone,40,10.0,30,77.8,55.0,1
10131,Islamabad,Monday,15,Clear,Low,Rickshaw,Main Road,60,62.6,17,100.0,41.3,0
10132,Rawalpindi,Sunday,18,Cloudy,High,Rickshaw,Market,50,32.2,21,98.0,57.8,1
10133,Quetta,Thursday,7,Cloudy,High,Bus,Market,50,22.1,22,94.2,21.1,0
10134,Quetta,Monday,5,Clear,Low,Motorcycle,Main Road,60,71.5,7,86.3,42.2,0
10135,Quetta,Monday,9,Cloudy,Severe,Motorcycle,Market,50,10.0,18,87.0,63.4,1
10136,Rawalpindi,Saturday,4,Clear,Low,Car,Main Road,60,51.3,9,100.0,19.5,0
10137,Rawalpindi,Monday,17,Cloudy,Medium,Car,Residential,50,32.6,7,84.0,15.0,0
10138,Multan,Monday,9,Cloudy,Low,Motorcycle,Main Road,60,59.9,10,87.0,44.7,0
10139,Multan,Tuesday,9,Clear,Medium,Motorcycle,Main Road,60,54.8,12,84.8,55.6,1
10140,Multan,Sunday,6,Rain,Medium,Bus,Main Road,60,45.1,9,94.0,40.1,0
10141,Lahore,Wednesday,17,Dust,Severe,Rickshaw,Main Road,60,34.7,6,62.2,49.2,0
10142,Quetta,Monday,0,Clear,Severe,Motorcycle,Market,50,21.7,31,85.8,76.1,1
10143,Peshawar,Wednesday,6,Clear,Medium,Car,Main Road,60,47.6,8,92.4,0.1,0
10144,Lahore,Monday,20,Cloudy,Medium,Bus,School Zone,40,16.7,33,93.0,50.6,0
10145,Quetta,Wednesday,0,Clear,Low,Car,Main Road,60,67.1,12,76.9,39.3,0
10146,Rawalpindi,Thursday,14,Clear,Medium,Van,Market,50,40.1,21,82.8,30.5,0
10147,Rawalpindi,Thursday,3,Rain,Severe,Motorcycle,Main Road,60,38.9,9,92.3,65.7,1
10148,Rawalpindi,Wednesday,19,Fog,Low,Rickshaw,Highway,100,84.0,8,24.1,30.3,0
10149,Quetta,Sunday,9,Clear,Medium,Motorcycle,Main Road,60,71.9,6,81.3,50.2,0
10150,Multan,Monday,22,Clear,Severe,Bus,Highway,100,82.7,7,91.2,44.9,0
10151,Rawalpindi,Tuesday,8,Cloudy,High,Motorcycle,Residential,50,36.0,6,93.8,35.2,0
10152,Islamabad,Sunday,1,Cloudy,Medium,Van,Residential,50,61.0,5,86.8,32.0,0
10153,Rawalpindi,Wednesday,13,Dust,High,Motorcycle,Residential,50,41.2,7,70.7,33.9,0
10154,Quetta,Sunday,15,Clear,Low,Car,Residential,50,40.9,10,85.4,14.7,0
10155,Multan,Friday,0,Cloudy,High,Van,Main Road,60,68.7,2,97.8,67.0,0
10156,Lahore,Tuesday,1,Clear,Medium,Car,Main Road,60,50.0,7,83.2,14.1,0
10157,Rawalpindi,Friday,6,Cloudy,High,Rickshaw,Highway,100,72.0,10,91.9,27.2,0
10158,Multan,Wednesday,9,Clear,Medium,Van,Main Road,60,29.0,8,83.7,20.2,0
10159,Multan,Monday,21,Dust,Low,Motorcycle,Market,50,61.5,28,63.2,38.0,0
10160,Karachi,Sunday,19,Cloudy,High,Car,Market,50,31.8,29,100.0,37.8,0
10161,Islamabad,Sunday,0,Dust,Low,Bus,Market,50,34.2,19,70.6,22.6,0
10162,Quetta,Friday,12,Clear,Low,Rickshaw,Market,50,60.4,26,91.7,46.9,1
10163,Rawalpindi,Sunday,0,Cloudy,Medium,Motorcycle,Market,50,38.2,24,100.0,33.7,0
10164,Karachi,Wednesday,4,Fog,Medium,Car,Market,50,16.3,15,25.4,29.1,0
10165,Quetta,Tuesday,15,Fog,High,Motorcycle,School Zone,40,10.0,27,47.4,44.7,0
10166,Lahore,Monday,14,Fog,Medium,Rickshaw,Market,50,30.8,27,49.7,53.5,0
10167,Islamabad,Friday,16,Clear,Medium,Motorcycle,Residential,50,43.9,9,100.0,45.2,0
10168,Multan,Sunday,22,Clear,Medium,Motorcycle,Residential,50,46.8,8,89.1,43.3,0
10169,Rawalpindi,Wednesday,15,Clear,Severe,Rickshaw,Main Road,60,32.5,11,71.6,70.8,0
10170,Lahore,Monday,12,Clear,Low,Rickshaw,School Zone,40,18.9,32,86.4,44.6,1
10171,Quetta,Monday,10,Clear,High,Motorcycle,School Zone,40,17.4,30,97.1,32.0,0
10172,Karachi,Thursday,16,Cloudy,Medium,Car,Main Road,60,75.1,10,87.0,41.5,0
10173,Quetta,Monday,16,Rain,Medium,Bus,Highway,100,87.5,9,71.3,17.4,0
10174,Quetta,Wednesday,1,Cloudy,High,Rickshaw,Main Road,60,15.4,7,87.4,36.1,0
10175,Islamabad,Tuesday,12,Rain,High,Rickshaw,Main Road,60,30.1,9,86.9,36.2,0
10176,Rawalpindi,Saturday,13,Clear,High,Car,Market,50,37.2,21,97.2,38.1,0
10177,Lahore,Thursday,10,Dust,High,Car,Highway,100,106.7,10,54.8,43.3,0
10178,Islamabad,Wednesday,9,Clear,Medium,Motorcycle,Residential,50,26.1,5,88.9,19.6,0
10179,Karachi,Wednesday,2,Clear,Medium,Van,School Zone,40,10.0,37,79.4,35.9,0
10180,Multan,Wednesday,16,Clear,Medium,Bus,Residential,50,30.7,8,97.8,22.5,0
10181,Rawalpindi,Friday,14,Dust,Low,Car,Main Road,60,60.0,7,76.7,56.4,0
10182,Multan,Sunday,8,Fog,Medium,Car,Main Road,60,48.2,6,45.5,38.1,0
10183,Islamabad,Friday,9,Clear,Medium,Motorcycle,Highway,100,92.7,11,88.5,63.4,0
10184,Karachi,Tuesday,7,Clear,High,Car,Residential,50,35.4,14,93.9,32.4,0
10185,Karachi,Wednesday,20,Cloudy,Medium,Bus,Highway,100,81.8,4,100.0,34.5,0
10186,Lahore,Sunday,12,Cloudy,Severe,Van,Highway,100,63.6,11,81.6,35.2,0
10187,Quetta,Friday,17,Cloudy,Medium,Car,Main Road,60,48.4,4,83.5,16.6,0
10188,Karachi,Friday,4,Clear,High,Bus,Highway,100,77.0,9,80.9,25.0,0
10189,Karachi,Friday,5,Rain,Medium,Rickshaw,Main Road,60,54.3,4,65.8,31.9,0
10190,Quetta,Tuesday,16,Clear,High,Car,Highway,100,61.9,10,89.6,45.6,0
10191,Peshawar,Tuesday,10,Clear,Medium,Motorcycle,Residential,50,53.2,8,82.8,54.3,0
10192,Karachi,Wednesday,19,Clear,Medium,Rickshaw,Market,50,49.3,20,85.3,48.8,0
10193,Rawalpindi,Thursday,15,Fog,Medium,Car,Main Road,60,30.1,8,43.8,46.2,0
10194,Multan,Wednesday,8,Clear,High,Van,Residential,50,36.1,7,85.2,27.7,0
10195,Multan,Friday,1,Rain,High,Car,School Zone,40,13.3,31,94.1,47.4,1
10196,Islamabad,Saturday,4,Clear,Medium,Bus,School Zone,40,33.4,37,85.8,26.6,0
10197,Quetta,Sunday,0,Clear,Medium,Car,School Zone,40,24.7,35,93.2,58.4,0
10198,Quetta,Friday,3,Fog,High,Motorcycle,Residential,50,32.6,2,42.7,81.3,0
10199,Quetta,Monday,3,Clear,Severe,Van,Highway,100,64.2,5,94.5,39.5,0
10200,Rawalpindi,Saturday,21,Dust,Low,Car,Residential,50,65.4,6,65.5,34.2,0
10201,Quetta,Saturday,2,Fog,High,Car,School Zone,40,10.0,39,34.4,71.0,1
10202,Rawalpindi,Sunday,8,Cloudy,Low,Motorcycle,School Zone,40,48.4,35,93.5,59.8,0
10203,Multan,Wednesday,21,Clear,Severe,Van,Highway,100,73.7,12,79.1,32.5,0
10204,Lahore,Friday,22,Dust,High,Rickshaw,Market,50,46.6,26,56.7,54.0,1
10205,Peshawar,Friday,11,Dust,Low,Car,School Zone,40,49.2,37,49.7,62.2,0
10206,Quetta,Thursday,9,Fog,Low,Motorcycle,School Zone,40,51.1,40,49.9,66.2,0
10207,Multan,Monday,1,Dust,High,Motorcycle,Residential,50,41.2,12,74.2,75.1,0
10208,Peshawar,Wednesday,10,Clear,High,Motorcycle,Main Road,60,47.3,6,93.9,52.2,0
10209,Multan,Tuesday,9,Cloudy,High,Car,Main Road,60,27.3,9,85.7,23.9,0
10210,Quetta,Wednesday,21,Clear,Medium,Rickshaw,Market,50,27.5,17,100.0,0.0,0
10211,Rawalpindi,Saturday,5,Clear,High,Car,Main Road,60,35.7,12,94.9,39.0,0
10212,Multan,Wednesday,17,Cloudy,High,Car,Highway,100,101.1,7,84.8,59.9,1
10213,Islamabad,Thursday,1,Rain,Severe,Car,Main Road,60,23.5,10,80.8,80.9,1
10214,Peshawar,Wednesday,1,Cloudy,Medium,Motorcycle,Main Road,60,45.4,6,93.0,21.4,0
10215,Peshawar,Thursday,9,Dust,Medium,Motorcycle,Residential,50,55.6,12,76.2,41.6,0
10216,Rawalpindi,Saturday,15,Clear,Medium,Car,Main Road,60,65.2,7,92.8,33.0,0
10217,Peshawar,Thursday,11,Clear,Medium,Motorcycle,Main Road,60,52.5,7,91.1,25.1,0
10218,Lahore,Sunday,0,Clear,High,Car,Residential,50,16.6,17,97.6,34.5,0
10219,Rawalpindi,Sunday,20,Clear,Medium,Motorcycle,School Zone,40,22.9,35,100.0,37.2,0
10220,Peshawar,Friday,7,Clear,Medium,Rickshaw,Residential,50,58.5,4,85.9,38.8,0
10221,Peshawar,Tuesday,15,Fog,High,Rickshaw,Main Road,60,25.1,6,45.1,33.2,0
10222,Peshawar,Saturday,17,Cloudy,Low,Bus,Residential,50,42.1,7,92.5,18.4,0
10223,Rawalpindi,Thursday,12,Clear,High,Car,Highway,100,85.0,10,90.7,22.0,0
10224,Islamabad,Monday,14,Clear,Low,Car,Main Road,60,67.8,9,89.4,52.2,0
10225,Karachi,Saturday,20,Cloudy,Medium,Bus,Main Road,60,56.0,13,88.3,24.2,0
10226,Multan,Monday,11,Clear,Medium,Rickshaw,Residential,50,26.7,7,91.1,7.0,0
10227,Quetta,Tuesday,7,Cloudy,Severe,Rickshaw,Market,50,23.1,20,84.0,45.5,0
10228,Multan,Thursday,9,Clear,Severe,Motorcycle,Market,50,11.3,12,84.2,47.9,0
10229,Peshawar,Saturday,13,Clear,High,Motorcycle,Market,50,33.5,18,87.1,37.2,0
10230,Multan,Saturday,4,Rain,Medium,Motorcycle,Main Road,60,35.8,6,78.5,32.6,1
10231,Karachi,Tuesday,17,Cloudy,Medium,Motorcycle,Residential,50,13.4,8,98.8,49.6,0
10232,Karachi,Friday,18,Clear,Medium,Car,Residential,50,64.1,7,93.2,31.8,0
10233,Peshawar,Monday,14,Fog,Severe,Motorcycle,Main Road,60,25.3,8,57.0,51.2,0
10234,Peshawar,Saturday,5,Clear,Severe,Rickshaw,Main Road,60,24.0,8,77.5,41.8,0
10235,Quetta,Wednesday,10,Clear,High,Bus,Market,50,48.6,17,94.2,75.4,1
10236,Karachi,Monday,20,Rain,Medium,Motorcycle,School Zone,40,15.2,25,69.0,34.5,0
10237,Islamabad,Thursday,10,Rain,Medium,Motorcycle,Main Road,60,30.1,7,73.0,44.2,1
10238,Karachi,Tuesday,19,Clear,Low,Car,Residential,50,69.8,4,100.0,31.9,0
10239,Islamabad,Monday,19,Cloudy,Medium,Car,Main Road,60,37.0,12,87.1,19.6,0
10240,Multan,Wednesday,20,Clear,Medium,Rickshaw,Main Road,60,62.7,10,80.6,45.1,0
10241,Lahore,Sunday,17,Fog,Low,Van,Main Road,60,28.5,7,47.8,37.3,0
10242,Islamabad,Wednesday,17,Cloudy,Medium,Bus,Market,50,40.7,17,82.9,16.2,0
10243,Quetta,Tuesday,9,Clear,Medium,Car,Main Road,60,44.8,12,93.5,29.8,0
10244,Rawalpindi,Tuesday,1,Clear,High,Car,Highway,100,96.3,11,88.3,41.8,0
10245,Multan,Sunday,8,Cloudy,Low,Rickshaw,Market,50,62.8,26,100.0,43.5,0
10246,Peshawar,Monday,13,Cloudy,Medium,Van,Residential,50,58.3,7,99.0,43.6,0
10247,Lahore,Thursday,18,Dust,High,Car,Main Road,60,45.1,5,50.8,32.1,0
10248,Karachi,Friday,9,Dust,Severe,Car,Residential,50,24.6,5,67.6,70.4,1
10249,Islamabad,Wednesday,22,Clear,Low,Motorcycle,School Zone,40,23.3,37,93.5,37.6,0
10250,Lahore,Tuesday,3,Dust,High,Rickshaw,Market,50,38.8,25,73.4,40.7,1
10251,Multan,Friday,5,Cloudy,Low,Bus,Main Road,60,64.6,5,93.8,34.4,0
10252,Rawalpindi,Friday,13,Clear,Low,Car,Highway,100,96.1,10,82.0,28.0,0
10253,Islamabad,Friday,3,Cloudy,Low,Rickshaw,Residential,50,40.2,6,96.1,20.5,0
10254,Quetta,Thursday,14,Clear,Medium,Van,Main Road,60,55.7,12,81.1,50.1,0
10255,Karachi,Tuesday,15,Clear,High,Motorcycle,Market,50,17.7,18,83.8,40.5,0
10256,Karachi,Wednesday,6,Rain,High,Motorcycle,Main Road,60,39.7,7,86.3,46.6,0
10257,Islamabad,Tuesday,16,Cloudy,Medium,Rickshaw,Residential,50,51.1,10,93.3,24.3,0
10258,Rawalpindi,Monday,18,Dust,Medium,Car,Residential,50,34.5,5,74.8,25.0,0
10259,Peshawar,Wednesday,18,Clear,Low,Rickshaw,Highway,100,120.0,14,95.4,39.6,0
10260,Peshawar,Tuesday,16,Clear,Medium,Motorcycle,Market,50,35.5,21,90.3,17.6,0
10261,Karachi,Wednesday,5,Clear,Medium,Car,Residential,50,36.7,12,96.9,12.7,0
10262,Multan,Monday,10,Clear,Low,Car,Market,50,44.3,28,86.4,31.3,0
10263,Multan,Saturday,15,Fog,Low,Motorcycle,Main Road,60,46.7,12,40.6,56.0,1
10264,Rawalpindi,Wednesday,7,Clear,High,Van,Highway,100,65.5,7,85.7,48.6,1
10265,Karachi,Saturday,10,Cloudy,Low,Bus,Main Road,60,52.6,4,91.4,0.0,0
10266,Peshawar,Friday,6,Cloudy,High,Bus,Market,50,22.3,25,89.8,30.3,0
10267,Karachi,Sunday,23,Rain,Low,Motorcycle,Main Road,60,33.5,9,90.6,28.7,0
10268,Islamabad,Thursday,21,Cloudy,High,Bus,Residential,50,30.3,7,82.5,36.6,0
10269,Multan,Monday,18,Cloudy,Medium,Rickshaw,Residential,50,26.6,7,82.0,12.0,0
10270,Multan,Wednesday,9,Rain,Low,Rickshaw,Residential,50,48.8,8,72.7,52.3,0
10271,Quetta,Monday,8,Clear,Medium,Van,School Zone,40,20.2,25,94.5,53.0,0
10272,Islamabad,Friday,3,Fog,Severe,Motorcycle,Main Road,60,16.0,9,49.9,68.4,1
10273,Quetta,Saturday,22,Dust,High,Motorcycle,Main Road,60,45.0,11,60.8,47.5,0
10274,Rawalpindi,Thursday,14,Clear,Medium,Bus,Residential,50,31.6,2,81.8,16.2,0
10275,Peshawar,Monday,12,Rain,Low,Rickshaw,School Zone,40,44.1,40,82.3,75.7,0
10276,Rawalpindi,Saturday,1,Rain,Low,Bus,Residential,50,53.7,16,67.3,42.4,0
10277,Rawalpindi,Friday,1,Dust,High,Motorcycle,School Zone,40,26.3,39,72.5,65.0,0
10278,Peshawar,Friday,15,Clear,High,Car,Main Road,60,43.7,12,76.4,31.9,0
10279,Lahore,Friday,8,Rain,Medium,Rickshaw,Main Road,60,44.4,7,74.3,33.5,0
10280,Lahore,Sunday,12,Clear,Medium,Motorcycle,Main Road,60,39.3,3,84.9,51.8,0
10281,Karachi,Saturday,2,Clear,High,Motorcycle,Market,50,36.2,18,97.4,29.6,0
10282,Lahore,Wednesday,8,Rain,Medium,Motorcycle,Market,50,19.4,15,75.1,35.5,0
10283,Islamabad,Tuesday,12,Rain,Medium,Motorcycle,Main Road,60,38.6,8,81.2,40.5,0
10284,Multan,Monday,20,Cloudy,Medium,Motorcycle,Market,50,43.0,16,82.9,15.0,0
10285,Quetta,Sunday,21,Cloudy,Low,Motorcycle,Highway,100,111.4,7,74.0,37.5,0
10286,Multan,Tuesday,1,Rain,Medium,Car,Market,50,55.0,18,82.2,35.7,0
10287,Rawalpindi,Friday,7,Dust,High,Motorcycle,Highway,100,80.5,5,65.2,51.9,0
10288,Multan,Tuesday,8,Clear,High,Car,Main Road,60,64.3,11,84.6,29.7,1
10289,Karachi,Saturday,15,Clear,High,Motorcycle,Residential,50,12.8,8,96.3,35.4,0
10290,Rawalpindi,Friday,1,Dust,Severe,Motorcycle,Main Road,60,19.0,7,75.8,52.7,0
10291,Peshawar,Sunday,5,Clear,Medium,Van,Residential,50,47.3,6,99.1,38.7,0
10292,Multan,Friday,21,Clear,Low,Rickshaw,Highway,100,111.8,8,86.3,68.0,1
10293,Lahore,Thursday,7,Cloudy,Low,Car,Highway,100,114.9,12,100.0,48.2,0
10294,Peshawar,Thursday,4,Cloudy,Severe,Car,School Zone,40,18.6,45,78.5,56.8,0
10295,Karachi,Sunday,8,Clear,Medium,Motorcycle,School Zone,40,35.2,28,100.0,32.9,0
10296,Quetta,Saturday,0,Dust,High,Rickshaw,School Zone,40,43.5,35,64.9,93.0,1
10297,Islamabad,Saturday,8,Clear,Medium,Motorcycle,Main Road,60,58.6,8,85.6,56.0,0
10298,Lahore,Tuesday,9,Clear,Medium,Motorcycle,Main Road,60,56.7,9,91.2,48.1,1
10299,Peshawar,Sunday,22,Clear,Low,Car,Highway,100,88.5,6,100.0,31.6,0
10300,Quetta,Monday,3,Clear,High,Motorcycle,Residential,50,28.8,11,70.8,42.9,0
10301,Multan,Sunday,2,Cloudy,Low,Car,Residential,50,56.8,7,97.2,43.0,1
10302,Lahore,Tuesday,9,Clear,Severe,Motorcycle,Residential,50,28.7,7,85.0,49.9,1
10303,Rawalpindi,Saturday,14,Rain,Low,Motorcycle,Residential,50,55.8,4,80.0,59.2,0
10304,Islamabad,Monday,10,Rain,Low,Rickshaw,Main Road,60,39.5,5,95.4,34.4,0
10305,Multan,Sunday,13,Clear,Low,Car,Highway,100,100.4,8,82.6,40.4,0
10306,Quetta,Tuesday,5,Clear,Severe,Motorcycle,School Zone,40,12.9,44,95.3,50.4,0
10307,Lahore,Wednesday,11,Clear,Low,Motorcycle,Highway,100,107.7,6,84.6,30.7,0
10308,Multan,Wednesday,12,Cloudy,Medium,Motorcycle,Main Road,60,65.0,8,73.9,54.4,0
10309,Islamabad,Monday,16,Clear,Medium,Rickshaw,Main Road,60,45.3,12,100.0,44.6,0
10310,Quetta,Thursday,15,Rain,Low,Car,Residential,50,29.9,6,87.0,36.6,0
10311,Rawalpindi,Monday,2,Clear,Medium,Car,Market,50,49.9,27,85.9,32.7,0
10312,Rawalpindi,Tuesday,1,Fog,Severe,Motorcycle,Market,50,29.1,21,44.5,83.8,1
10313,Peshawar,Friday,10,Cloudy,High,Bus,Main Road,60,38.7,7,87.3,28.9,0
10314,Karachi,Wednesday,8,Dust,Low,Motorcycle,School Zone,40,57.4,37,58.5,63.1,0
10315,Peshawar,Friday,2,Cloudy,Severe,Car,Residential,50,10.9,5,82.8,62.3,0
10316,Islamabad,Wednesday,17,Cloudy,Medium,Car,Residential,50,54.1,7,88.7,43.2,0
10317,Peshawar,Tuesday,19,Cloudy,Medium,Rickshaw,Main Road,60,41.5,18,100.0,33.0,0
10318,Quetta,Wednesday,14,Rain,High,Rickshaw,School Zone,40,16.8,42,71.4,46.2,0
10319,Lahore,Monday,13,Cloudy,Low,Motorcycle,Residential,50,36.8,8,94.9,14.6,0
10320,Quetta,Friday,1,Rain,High,Van,Main Road,60,48.5,15,80.8,50.2,1
10321,Peshawar,Saturday,16,Clear,High,Motorcycle,Market,50,51.9,25,87.9,62.6,0
10322,Karachi,Friday,21,Clear,Low,Motorcycle,Residential,50,48.7,8,86.5,62.5,0
10323,Quetta,Tuesday,7,Clear,Medium,Motorcycle,Highway,100,77.5,6,93.6,24.5,0
10324,Quetta,Saturday,9,Rain,Medium,Bus,Market,50,28.1,21,83.2,27.4,0
10325,Quetta,Friday,17,Clear,Medium,Car,Main Road,60,53.4,11,72.7,15.6,0
10326,Karachi,Sunday,18,Rain,Medium,Motorcycle,Highway,100,79.4,6,75.0,39.9,1
10327,Quetta,Tuesday,7,Clear,Medium,Motorcycle,Main Road,60,70.8,12,88.7,54.3,1
10328,Islamabad,Sunday,7,Clear,Medium,Motorcycle,Residential,50,36.7,9,87.2,33.2,0
10329,Rawalpindi,Thursday,2,Clear,High,Van,Highway,100,81.8,8,100.0,41.4,0
10330,Karachi,Monday,2,Clear,Severe,Bus,Main Road,60,38.3,15,86.2,32.3,0
10331,Islamabad,Wednesday,11,Cloudy,Low,Motorcycle,School Zone,40,58.9,38,97.9,58.8,0
10332,Karachi,Sunday,21,Clear,Medium,Rickshaw,Market,50,34.4,24,87.3,19.4,0
10333,Karachi,Wednesday,16,Clear,High,Motorcycle,Main Road,60,51.2,6,94.9,33.9,0
10334,Rawalpindi,Wednesday,3,Dust,Low,Bus,Main Road,60,71.3,7,68.6,51.6,1
10335,Lahore,Thursday,16,Clear,Severe,Car,Market,50,10.0,29,88.8,38.7,1
10336,Islamabad,Monday,13,Clear,Low,Motorcycle,Residential,50,46.8,10,100.0,62.2,1
10337,Karachi,Friday,18,Dust,High,Motorcycle,Main Road,60,53.6,6,67.3,59.8,0
10338,Multan,Sunday,8,Clear,High,Car,Market,50,20.5,26,87.3,33.9,0
10339,Karachi,Friday,20,Clear,Medium,Van,Main Road,60,52.6,8,85.6,4.9,0
10340,Peshawar,Monday,11,Clear,High,Rickshaw,Residential,50,18.1,12,93.1,44.5,0
10341,Quetta,Saturday,4,Clear,Severe,Bus,Main Road,60,50.2,6,98.7,47.9,0
10342,Lahore,Monday,10,Clear,Severe,Rickshaw,Main Road,60,28.8,6,100.0,47.1,0
10343,Rawalpindi,Wednesday,19,Clear,High,Car,Main Road,60,48.4,8,81.1,49.8,0
10344,Multan,Friday,2,Clear,Medium,Motorcycle,School Zone,40,33.7,34,86.5,62.7,1
10345,Islamabad,Monday,20,Clear,High,Van,Residential,50,13.5,9,87.1,30.4,0
10346,Karachi,Friday,14,Clear,High,Car,Residential,50,26.3,1,84.6,44.3,0
10347,Quetta,Monday,13,Clear,Medium,Motorcycle,Market,50,65.6,27,99.3,45.3,0
10348,Islamabad,Tuesday,10,Clear,Severe,Rickshaw,Main Road,60,26.1,8,85.9,38.0,0
10349,Rawalpindi,Sunday,19,Clear,High,Car,Highway,100,99.2,7,85.6,55.2,0
10350,Lahore,Wednesday,7,Cloudy,Medium,Motorcycle,Main Road,60,59.4,8,90.2,62.5,0
10351,Peshawar,Monday,3,Dust,Medium,Motorcycle,Highway,100,98.4,11,49.5,47.7,0
10352,Lahore,Thursday,11,Rain,Severe,Car,Main Road,60,21.2,13,74.4,54.7,0
10353,Peshawar,Monday,7,Rain,Medium,Car,Main Road,60,43.3,10,90.4,38.6,0
10354,Islamabad,Tuesday,5,Cloudy,Low,Car,School Zone,40,46.0,38,100.0,48.2,1
10355,Lahore,Thursday,14,Cloudy,Medium,Motorcycle,Main Road,60,54.6,11,97.4,32.2,0
10356,Lahore,Thursday,11,Clear,Severe,Car,Main Road,60,12.1,9,87.9,39.3,0
10357,Lahore,Monday,15,Clear,Medium,Van,Main Road,60,52.1,9,78.8,7.2,0
10358,Rawalpindi,Tuesday,15,Clear,High,Rickshaw,Market,50,53.8,24,100.0,64.6,0
10359,Islamabad,Thursday,20,Clear,Low,Bus,Residential,50,65.2,10,100.0,45.3,0
10360,Multan,Sunday,19,Dust,High,Motorcycle,Market,50,44.1,30,40.1,47.3,0
10361,Peshawar,Wednesday,19,Dust,Low,Car,Main Road,60,34.4,13,73.1,35.3,0
10362,Lahore,Saturday,3,Clear,Medium,Rickshaw,Residential,50,53.9,4,89.1,37.7,0
10363,Islamabad,Wednesday,10,Cloudy,Medium,Motorcycle,Residential,50,53.1,6,100.0,60.7,1
10364,Multan,Friday,12,Clear,Severe,Motorcycle,Residential,50,19.8,7,91.3,61.2,1
10365,Quetta,Friday,8,Cloudy,Low,Bus,Main Road,60,42.0,6,85.9,33.3,0
10366,Rawalpindi,Tuesday,3,Cloudy,Low,Bus,School Zone,40,44.1,30,93.0,27.6,1
10367,Rawalpindi,Thursday,11,Clear,Low,Rickshaw,Main Road,60,68.2,6,83.0,31.5,0
10368,Quetta,Wednesday,8,Cloudy,Low,Car,Market,50,33.6,19,72.5,20.0,0
10369,Islamabad,Wednesday,12,Cloudy,Medium,Rickshaw,Residential,50,41.2,10,88.9,12.6,0
10370,Peshawar,Saturday,15,Cloudy,High,Motorcycle,Residential,50,29.4,14,77.0,22.1,0
10371,Islamabad,Tuesday,5,Clear,Medium,Motorcycle,Main Road,60,41.6,14,89.9,22.1,0
10372,Islamabad,Sunday,9,Fog,High,Rickshaw,Main Road,60,28.5,3,30.6,48.4,0
10373,Karachi,Thursday,12,Dust,Medium,Car,School Zone,40,23.3,34,70.0,56.3,1
10374,Multan,Tuesday,6,Cloudy,High,Motorcycle,Market,50,37.4,28,81.4,41.3,0
10375,Rawalpindi,Monday,18,Clear,Low,Motorcycle,Residential,50,57.4,10,90.6,45.8,0
10376,Peshawar,Wednesday,23,Clear,Severe,Rickshaw,Market,50,18.2,18,78.3,56.7,0
10377,Karachi,Tuesday,18,Rain,High,Rickshaw,Main Road,60,22.6,11,66.0,45.0,0
10378,Quetta,Tuesday,16,Clear,Medium,Car,Highway,100,95.4,8,84.6,43.9,1
10379,Islamabad,Saturday,12,Clear,Medium,Rickshaw,Main Road,60,59.2,13,93.1,51.2,0
10380,Quetta,Sunday,12,Clear,Severe,Car,Market,50,10.0,18,79.3,31.7,0
10381,Rawalpindi,Monday,20,Clear,Medium,Van,Main Road,60,44.6,17,98.6,28.8,0
10382,Karachi,Friday,1,Clear,Low,Van,Market,50,48.1,23,85.0,23.3,0
10383,Multan,Wednesday,9,Clear,Medium,Rickshaw,Residential,50,58.7,6,92.7,48.6,1
10384,Karachi,Saturday,21,Clear,High,Motorcycle,Main Road,60,36.0,10,90.4,45.7,0
10385,Peshawar,Sunday,12,Dust,Severe,Car,Main Road,60,46.4,6,68.5,41.7,0
10386,Multan,Sunday,8,Clear,Medium,Car,Main Road,60,41.6,8,81.5,25.5,0
10387,Islamabad,Tuesday,0,Clear,Low,Motorcycle,Main Road,60,41.6,10,85.1,15.8,0
10388,Peshawar,Wednesday,13,Rain,High,Rickshaw,Market,50,10.0,22,73.8,32.6,0
10389,Karachi,Friday,15,Clear,Severe,Van,Market,50,10.0,30,86.4,44.6,0
10390,Multan,Sunday,19,Clear,Medium,Van,Market,50,51.2,15,82.9,42.7,0
10391,Karachi,Tuesday,14,Clear,Medium,Motorcycle,Main Road,60,41.0,6,79.2,37.5,0
10392,Peshawar,Sunday,0,Rain,Medium,Motorcycle,School Zone,40,28.5,31,94.8,45.6,0
10393,Karachi,Monday,16,Cloudy,Low,Motorcycle,Market,50,36.4,28,91.6,16.2,0
10394,Multan,Sunday,23,Clear,Severe,Motorcycle,Main Road,60,29.0,8,86.2,33.4,0
10395,Lahore,Wednesday,12,Cloudy,High,Motorcycle,Market,50,34.9,21,85.3,24.6,0
10396,Rawalpindi,Sunday,14,Fog,Low,Motorcycle,Main Road,60,51.6,5,61.2,57.2,1
10397,Islamabad,Sunday,15,Clear,Severe,Car,Highway,100,66.5,5,97.0,44.8,0
10398,Rawalpindi,Saturday,15,Cloudy,Severe,Motorcycle,Residential,50,28.5,8,85.9,64.1,1
10399,Islamabad,Monday,1,Clear,Medium,Rickshaw,Residential,50,61.0,6,90.8,33.8,0
10400,Multan,Friday,16,Cloudy,High,Car,Main Road,60,28.9,3,91.3,33.6,0
10401,Karachi,Friday,10,Cloudy,Low,Car,Market,50,54.0,25,89.5,54.3,0
10402,Multan,Wednesday,7,Rain,Low,Car,Highway,100,74.6,4,77.5,41.1,0
10403,Peshawar,Friday,19,Cloudy,Medium,Motorcycle,Main Road,60,39.7,3,97.3,19.9,0
10404,Peshawar,Thursday,2,Cloudy,Low,Van,Main Road,60,56.0,5,96.4,43.8,0
10405,Karachi,Saturday,11,Clear,High,Motorcycle,Highway,100,63.6,9,100.0,60.1,1
10406,Islamabad,Wednesday,19,Clear,Severe,Bus,Market,50,27.5,18,92.5,38.2,1
10407,Karachi,Sunday,15,Cloudy,Low,Motorcycle,Highway,100,89.6,9,81.9,43.2,0
10408,Islamabad,Thursday,13,Clear,Low,Van,Residential,50,48.3,10,100.0,32.8,0
10409,Karachi,Friday,15,Clear,Low,Van,Residential,50,72.1,4,81.4,12.4,0
10410,Karachi,Sunday,20,Clear,Severe,Motorcycle,Main Road,60,36.9,5,100.0,46.7,0
10411,Karachi,Wednesday,16,Clear,High,Van,Main Road,60,51.8,12,79.4,31.0,0
10412,Peshawar,Thursday,10,Clear,High,Car,Residential,50,39.3,11,81.9,17.4,0
10413,Islamabad,Friday,16,Rain,High,Bus,Highway,100,84.7,8,59.8,30.3,0
10414,Quetta,Tuesday,18,Clear,Low,Motorcycle,Main Road,60,83.4,10,99.0,46.1,0
10415,Karachi,Tuesday,21,Cloudy,Medium,Motorcycle,School Zone,40,27.1,34,96.3,45.7,0
10416,Rawalpindi,Monday,0,Clear,Medium,Rickshaw,School Zone,40,39.6,39,84.3,49.3,0
10417,Rawalpindi,Tuesday,11,Rain,High,Motorcycle,Market,50,25.6,23,77.1,57.2,0
10418,Multan,Thursday,14,Clear,High,Van,School Zone,40,14.1,26,83.2,29.4,0
10419,Multan,Saturday,17,Dust,Low,Car,Market,50,51.7,15,62.2,45.1,0
10420,Peshawar,Tuesday,22,Clear,Medium,Motorcycle,Residential,50,33.0,9,100.0,36.8,0
10421,Lahore,Wednesday,13,Cloudy,High,Car,Market,50,26.2,23,90.6,35.3,0
10422,Quetta,Wednesday,0,Clear,Medium,Car,Highway,100,96.5,6,80.6,17.2,0
10423,Peshawar,Wednesday,12,Rain,Low,Van,School Zone,40,28.8,28,73.4,22.9,0
10424,Lahore,Tuesday,14,Clear,Low,Car,Highway,100,90.8,5,80.6,30.9,0
10425,Peshawar,Sunday,6,Clear,Low,Motorcycle,Main Road,60,62.7,11,90.0,40.6,0
10426,Multan,Tuesday,14,Clear,High,Car,Market,50,24.6,24,77.6,47.3,0
10427,Rawalpindi,Monday,19,Dust,Low,Bus,Residential,50,39.8,6,70.4,32.4,0
10428,Karachi,Saturday,9,Clear,Severe,Van,Residential,50,27.2,7,80.9,44.7,0
10429,Islamabad,Sunday,13,Cloudy,Low,Motorcycle,Residential,50,41.8,10,84.7,25.4,0
10430,Multan,Saturday,5,Fog,Medium,Car,Main Road,60,44.9,8,73.2,33.2,0
10431,Karachi,Sunday,13,Clear,Severe,Bus,Highway,100,62.6,5,87.3,46.9,0
10432,Rawalpindi,Sunday,23,Fog,Low,Motorcycle,School Zone,40,40.6,44,55.7,99.5,1
10433,Islamabad,Friday,21,Clear,Medium,Car,Main Road,60,49.0,18,80.6,27.5,0
10434,Lahore,Monday,11,Dust,Medium,Rickshaw,Market,50,39.4,25,70.8,11.4,0
10435,Lahore,Thursday,10,Fog,Medium,Motorcycle,Residential,50,23.0,4,45.0,43.7,0
10436,Rawalpindi,Wednesday,19,Fog,High,Motorcycle,School Zone,40,10.0,35,39.7,96.2,1
10437,Islamabad,Tuesday,21,Clear,Medium,Car,Market,50,44.4,21,89.4,16.9,0
10438,Karachi,Friday,23,Dust,Low,Bus,Highway,100,113.8,8,73.2,33.4,0
10439,Rawalpindi,Friday,18,Clear,Severe,Motorcycle,School Zone,40,14.9,29,99.7,56.0,0
10440,Lahore,Sunday,1,Clear,High,Motorcycle,Market,50,39.5,21,76.9,48.2,0
10441,Rawalpindi,Tuesday,21,Clear,Low,Motorcycle,Residential,50,38.6,11,77.4,26.0,0
10442,Karachi,Monday,19,Clear,Medium,Van,Main Road,60,45.0,6,92.6,25.2,0
10443,Peshawar,Friday,0,Rain,Low,Car,School Zone,40,54.8,42,75.1,74.2,1
10444,Quetta,Saturday,7,Clear,Low,Motorcycle,Market,50,28.1,17,84.7,37.4,0
10445,Quetta,Monday,13,Fog,Low,Motorcycle,Market,50,29.7,23,44.1,52.8,0
10446,Multan,Tuesday,8,Cloudy,High,Motorcycle,Residential,50,35.2,7,83.9,36.3,0
10447,Quetta,Sunday,1,Dust,Medium,Motorcycle,Residential,50,34.7,5,60.4,40.3,0
10448,Peshawar,Monday,22,Dust,High,Rickshaw,Residential,50,44.0,4,64.4,42.5,0
10449,Karachi,Sunday,4,Rain,Medium,Car,Main Road,60,54.3,5,79.7,29.2,0
10450,Multan,Saturday,22,Clear,High,Rickshaw,Highway,100,99.1,7,100.0,29.9,0
10451,Islamabad,Wednesday,7,Cloudy,Low,Motorcycle,Main Road,60,60.8,8,80.6,44.7,0
10452,Rawalpindi,Sunday,15,Clear,High,Motorcycle,Residential,50,20.0,13,91.6,42.9,1
10453,Karachi,Sunday,21,Clear,Medium,Car,Main Road,60,46.1,15,87.7,0.0,0
10454,Peshawar,Tuesday,15,Clear,Medium,Car,Highway,100,90.6,11,87.0,30.5,0
10455,Multan,Saturday,12,Cloudy,High,Motorcycle,Main Road,60,40.1,8,86.6,33.8,0
10456,Lahore,Tuesday,19,Clear,Low,Car,Residential,50,26.9,11,94.9,0.0,0
10457,Quetta,Saturday,14,Clear,Severe,Motorcycle,Residential,50,10.0,7,75.6,61.0,0
10458,Quetta,Saturday,0,Clear,High,Motorcycle,Main Road,60,51.8,6,93.6,45.8,0
10459,Karachi,Friday,21,Clear,Medium,Bus,Highway,100,107.3,7,92.5,27.3,0
10460,Quetta,Friday,2,Cloudy,Severe,Motorcycle,Highway,100,71.8,10,87.8,50.4,0
10461,Quetta,Friday,5,Cloudy,Low,Rickshaw,Highway,100,103.9,2,88.2,44.4,0
10462,Karachi,Wednesday,21,Fog,Medium,Rickshaw,Main Road,60,28.0,9,38.9,45.7,0
10463,Karachi,Wednesday,13,Clear,Severe,Motorcycle,Main Road,60,40.2,12,82.0,35.6,0
10464,Multan,Saturday,3,Clear,Severe,Van,Main Road,60,17.5,7,88.2,43.5,0
10465,Peshawar,Thursday,17,Clear,Low,Car,Residential,50,45.8,4,91.1,22.6,0
10466,Peshawar,Tuesday,14,Dust,High,Van,Residential,50,41.5,6,65.5,38.9,1
10467,Quetta,Friday,8,Clear,Medium,Van,Main Road,60,66.1,9,99.2,28.8,0
10468,Multan,Tuesday,17,Clear,High,Rickshaw,Residential,50,30.2,4,89.2,35.1,0
10469,Karachi,Sunday,2,Clear,Low,Motorcycle,Main Road,60,66.3,2,88.5,53.4,0
10470,Karachi,Saturday,9,Clear,Medium,Car,Main Road,60,41.4,5,96.7,8.0,0
10471,Quetta,Monday,16,Clear,Low,Rickshaw,Main Road,60,62.0,6,93.5,41.9,0
10472,Islamabad,Saturday,6,Rain,Medium,Motorcycle,Highway,100,119.3,6,58.2,47.7,0
10473,Lahore,Wednesday,14,Cloudy,High,Rickshaw,Residential,50,31.8,8,87.5,15.9,0
10474,Rawalpindi,Thursday,0,Clear,Medium,Rickshaw,Market,50,61.8,34,88.9,79.0,1
10475,Rawalpindi,Monday,10,Clear,High,Van,Market,50,42.2,26,90.8,30.7,0
10476,Quetta,Tuesday,16,Clear,Medium,Car,Main Road,60,68.2,7,88.6,50.9,0
10477,Multan,Wednesday,4,Rain,Medium,Motorcycle,Highway,100,86.3,11,66.6,44.0,0
10478,Rawalpindi,Friday,6,Dust,Medium,Car,Main Road,60,71.7,4,79.4,41.0,0
10479,Peshawar,Monday,18,Dust,Low,Bus,Residential,50,65.1,9,61.0,55.4,0
10480,Multan,Wednesday,23,Clear,Medium,Car,Residential,50,26.5,13,99.9,10.0,0
10481,Multan,Tuesday,14,Cloudy,Medium,Car,Highway,100,90.7,9,78.9,21.1,0
10482,Peshawar,Saturday,2,Fog,Low,Motorcycle,Main Road,60,52.5,11,62.1,55.9,1
10483,Islamabad,Tuesday,14,Cloudy,Medium,Car,School Zone,40,40.5,34,100.0,28.1,0
10484,Quetta,Monday,4,Clear,High,Car,Residential,50,43.7,8,78.7,34.9,0
10485,Peshawar,Monday,22,Cloudy,Medium,Bus,Market,50,19.8,25,83.8,36.1,0
10486,Quetta,Saturday,11,Cloudy,High,Car,Market,50,36.9,22,98.6,31.3,0
10487,Quetta,Monday,19,Clear,Medium,Motorcycle,Highway,100,115.5,7,91.6,52.8,0
10488,Multan,Thursday,4,Clear,High,Car,Market,50,43.7,27,93.8,48.9,0
10489,Karachi,Friday,2,Cloudy,Medium,Rickshaw,Residential,50,29.0,5,81.0,10.7,0
10490,Lahore,Wednesday,8,Rain,Medium,Van,Main Road,60,27.6,13,74.9,23.9,0
10491,Lahore,Saturday,8,Fog,High,Motorcycle,Residential,50,42.0,10,55.5,50.3,0
10492,Quetta,Tuesday,6,Clear,Low,Car,Main Road,60,70.4,5,87.3,37.2,0
10493,Lahore,Tuesday,1,Rain,Medium,Rickshaw,Main Road,60,60.2,10,77.5,41.5,0
10494,Lahore,Friday,22,Clear,Medium,Motorcycle,Market,50,62.4,28,99.4,48.1,0
10495,Rawalpindi,Monday,22,Fog,High,Motorcycle,Residential,50,13.4,8,49.1,64.4,1
10496,Multan,Monday,20,Clear,Low,Car,Residential,50,47.6,13,94.0,37.8,1
10497,Rawalpindi,Tuesday,15,Clear,Low,Motorcycle,Main Road,60,63.1,7,92.6,52.4,0
10498,Karachi,Friday,8,Clear,Medium,Car,Highway,100,97.1,4,85.8,50.9,0
10499,Islamabad,Tuesday,12,Cloudy,Medium,Van,Main Road,60,45.8,6,88.3,12.1,0
10500,Multan,Monday,18,Clear,High,Motorcycle,Market,50,26.6,18,87.4,47.5,0
10501,Peshawar,Saturday,19,Rain,Severe,Motorcycle,Highway,100,61.5,9,74.7,63.6,1
10502,Peshawar,Wednesday,16,Clear,Low,Motorcycle,Highway,100,96.5,8,88.5,63.5,0
10503,Rawalpindi,Monday,5,Clear,Low,Car,Main Road,60,32.1,9,93.7,22.2,0
10504,Quetta,Saturday,3,Clear,High,Car,Main Road,60,58.8,7,100.0,57.1,0
10505,Lahore,Wednesday,0,Clear,Low,Motorcycle,Market,50,63.3,19,100.0,50.2,0
10506,Karachi,Sunday,17,Clear,Medium,Rickshaw,Highway,100,82.3,2,83.6,30.0,0
10507,Islamabad,Thursday,18,Cloudy,Medium,Rickshaw,Residential,50,30.6,6,94.4,4.4,0
10508,Rawalpindi,Friday,8,Clear,Medium,Motorcycle,Main Road,60,17.0,5,87.2,29.0,0
10509,Quetta,Saturday,12,Clear,Medium,Motorcycle,Main Road,60,61.0,12,76.9,44.3,0
10510,Karachi,Thursday,7,Cloudy,Medium,Motorcycle,Highway,100,82.9,7,85.4,22.9,0
10511,Quetta,Monday,22,Clear,High,Car,Main Road,60,44.3,5,83.0,31.9,0
10512,Karachi,Sunday,12,Cloudy,High,Motorcycle,School Zone,40,13.4,34,91.4,58.4,1
10513,Rawalpindi,Friday,14,Fog,Medium,Car,Residential,50,55.2,10,45.5,69.7,1
10514,Karachi,Saturday,10,Clear,High,Car,Main Road,60,42.9,11,100.0,17.9,0
10515,Multan,Sunday,11,Rain,High,Van,Residential,50,25.7,14,78.1,34.3,0
10516,Lahore,Monday,13,Rain,Low,Rickshaw,Main Road,60,63.9,15,83.4,53.6,1
10517,Karachi,Friday,3,Clear,Medium,Motorcycle,Residential,50,38.2,2,71.5,17.3,0
10518,Islamabad,Friday,0,Cloudy,High,Bus,Main Road,60,54.0,9,90.8,42.1,0
10519,Karachi,Monday,23,Clear,High,Motorcycle,Highway,100,81.4,6,87.1,34.5,0
10520,Multan,Monday,3,Clear,Medium,Motorcycle,School Zone,40,36.8,35,81.5,64.2,0
10521,Peshawar,Sunday,18,Rain,Medium,Car,Market,50,40.4,28,90.9,37.9,0
10522,Multan,Sunday,8,Rain,Medium,Car,Highway,100,81.1,10,77.7,34.5,0
10523,Karachi,Saturday,9,Dust,High,Bus,Main Road,60,37.0,6,62.2,33.9,0
10524,Quetta,Friday,3,Cloudy,Medium,Rickshaw,Main Road,60,58.4,5,78.7,42.4,0
10525,Rawalpindi,Saturday,19,Clear,Medium,Rickshaw,Market,50,52.1,25,80.0,38.8,0
10526,Peshawar,Sunday,8,Rain,High,Motorcycle,Highway,100,76.0,10,97.7,39.6,0
10527,Rawalpindi,Friday,12,Cloudy,Medium,Car,Highway,100,87.0,4,79.7,7.5,0
10528,Quetta,Saturday,11,Cloudy,Low,Van,Residential,50,42.4,7,95.8,11.9,0
10529,Islamabad,Monday,10,Dust,Severe,Rickshaw,Market,50,28.3,25,60.1,69.3,1
10530,Lahore,Monday,11,Dust,Low,Car,Residential,50,63.0,9,71.1,58.8,1
10531,Islamabad,Tuesday,17,Clear,Low,Van,Highway,100,104.4,8,84.4,46.1,0
10532,Peshawar,Sunday,11,Clear,High,Motorcycle,Market,50,31.4,19,93.6,44.0,0
10533,Quetta,Saturday,15,Cloudy,Medium,Motorcycle,Main Road,60,77.6,12,84.6,61.5,1
10534,Quetta,Tuesday,4,Cloudy,Medium,Rickshaw,Main Road,60,53.6,10,77.2,20.6,0
10535,Lahore,Tuesday,19,Cloudy,High,Car,Main Road,60,55.6,6,100.0,43.0,0
10536,Karachi,Thursday,11,Clear,Low,Motorcycle,Residential,50,54.1,6,74.7,47.0,1
10537,Peshawar,Friday,20,Clear,Low,Car,Main Road,60,64.7,10,80.6,36.7,0
10538,Lahore,Wednesday,10,Clear,Low,Motorcycle,Main Road,60,67.9,6,100.0,46.8,0
10539,Multan,Thursday,8,Cloudy,Medium,Car,Main Road,60,57.4,2,89.0,38.8,1
10540,Multan,Sunday,17,Clear,High,Motorcycle,Main Road,60,28.1,12,88.6,44.7,1
10541,Rawalpindi,Friday,2,Cloudy,Severe,Motorcycle,Highway,100,75.7,7,98.1,51.5,1
10542,Lahore,Wednesday,19,Fog,Medium,Motorcycle,School Zone,40,10.0,32,59.6,68.3,1
10543,Rawalpindi,Tuesday,16,Clear,Low,Motorcycle,School Zone,40,46.8,44,87.5,57.3,1
10544,Multan,Wednesday,13,Clear,Low,Car,Main Road,60,74.5,6,95.6,37.4,0
10545,Multan,Monday,0,Clear,Medium,Car,Market,50,29.8,18,94.8,6.6,0
10546,Rawalpindi,Sunday,16,Clear,High,Car,Main Road,60,54.2,6,86.7,45.2,0
10547,Quetta,Monday,7,Clear,High,Bus,School Zone,40,28.1,33,87.2,54.3,0
10548,Lahore,Saturday,4,Clear,Low,Motorcycle,School Zone,40,66.7,39,91.6,50.1,0
10549,Quetta,Friday,4,Cloudy,Low,Car,School Zone,40,42.8,51,93.6,65.6,0
10550,Multan,Thursday,8,Clear,Low,Rickshaw,Main Road,60,34.5,3,90.6,11.4,0
10551,Quetta,Sunday,2,Rain,High,Motorcycle,Main Road,60,28.1,6,76.5,64.5,0
10552,Islamabad,Tuesday,18,Dust,Medium,Van,Market,50,44.0,24,61.2,29.3,0
10553,Islamabad,Sunday,22,Clear,Medium,Motorcycle,Main Road,60,59.6,4,80.8,45.4,0
10554,Quetta,Friday,8,Dust,Severe,Motorcycle,Highway,100,89.2,7,52.0,59.7,1
10555,Quetta,Tuesday,21,Clear,Severe,Motorcycle,Market,50,10.0,16,85.2,60.6,1
10556,Rawalpindi,Monday,17,Clear,Medium,Car,Main Road,60,76.8,11,95.6,48.3,0
10557,Quetta,Sunday,15,Cloudy,Low,Motorcycle,Highway,100,90.0,12,74.1,29.1,0
10558,Peshawar,Thursday,0,Clear,Low,Car,Residential,50,50.7,7,82.5,39.4,0
10559,Lahore,Thursday,1,Clear,Low,Van,Market,50,46.5,20,87.6,53.2,0
10560,Peshawar,Monday,13,Clear,High,Motorcycle,Main Road,60,22.1,6,94.1,33.6,0
10561,Islamabad,Wednesday,13,Dust,Medium,Rickshaw,Residential,50,56.0,7,72.1,29.3,0
10562,Peshawar,Thursday,0,Clear,Medium,Motorcycle,Highway,100,86.1,17,97.2,33.1,0
10563,Karachi,Wednesday,15,Rain,Low,Rickshaw,Residential,50,58.5,7,87.9,54.2,0
10564,Karachi,Tuesday,14,Rain,High,Van,Main Road,60,10.0,6,71.5,29.6,0
10565,Islamabad,Thursday,14,Clear,Medium,Motorcycle,Market,50,43.8,16,88.6,20.0,0
10566,Peshawar,Saturday,11,Clear,Low,Car,Market,50,66.1,20,79.4,40.0,0
10567,Lahore,Monday,15,Clear,High,Motorcycle,Main Road,60,45.2,4,86.7,30.5,0
10568,Islamabad,Sunday,13,Clear,Severe,Motorcycle,Main Road,60,27.5,4,85.1,61.5,0
10569,Karachi,Wednesday,23,Clear,Medium,Rickshaw,Main Road,60,31.1,8,83.4,22.2,0
10570,Islamabad,Saturday,14,Clear,Low,Car,Main Road,60,64.1,8,83.3,42.0,0
10571,Peshawar,Tuesday,22,Clear,Low,Rickshaw,Main Road,60,68.7,6,99.5,32.4,0
10572,Peshawar,Tuesday,14,Clear,Low,Car,School Zone,40,27.4,39,83.6,35.0,0
10573,Peshawar,Thursday,18,Cloudy,High,Motorcycle,Main Road,60,41.8,2,96.4,56.0,0
10574,Rawalpindi,Thursday,7,Clear,High,Car,Highway,100,82.6,8,94.3,38.9,0
10575,Peshawar,Saturday,1,Dust,Medium,Motorcycle,Residential,50,39.1,9,60.1,29.1,0
10576,Quetta,Friday,1,Clear,High,Motorcycle,Residential,50,56.2,9,79.9,58.5,0
10577,Karachi,Friday,9,Cloudy,Severe,Motorcycle,Residential,50,23.9,9,88.8,62.0,0
10578,Multan,Thursday,2,Dust,Medium,Bus,Highway,100,99.7,6,73.0,23.6,0
10579,Karachi,Friday,22,Clear,High,Motorcycle,Highway,100,90.4,8,88.0,72.9,1
10580,Rawalpindi,Monday,16,Cloudy,Medium,Motorcycle,Main Road,60,49.4,7,90.5,10.5,0
10581,Karachi,Saturday,7,Clear,Medium,Motorcycle,Main Road,60,83.1,9,88.1,56.0,0
10582,Karachi,Monday,22,Fog,High,Car,Market,50,33.3,21,52.5,56.9,0
10583,Islamabad,Friday,3,Cloudy,Medium,Motorcycle,Residential,50,42.1,8,96.6,3.1,0
10584,Multan,Thursday,13,Clear,Low,Motorcycle,Main Road,60,54.5,10,75.2,54.8,0
10585,Multan,Monday,20,Rain,Medium,Motorcycle,Residential,50,35.8,7,76.0,31.4,0
10586,Peshawar,Tuesday,9,Cloudy,High,Car,Main Road,60,58.3,8,100.0,53.0,0
10587,Quetta,Sunday,0,Clear,Severe,Car,Main Road,60,37.1,10,100.0,59.3,0
10588,Quetta,Thursday,3,Rain,High,Motorcycle,Main Road,60,22.6,11,65.0,34.0,0
10589,Islamabad,Saturday,0,Cloudy,Medium,Motorcycle,Main Road,60,39.1,13,92.0,23.8,0
10590,Quetta,Wednesday,16,Clear,Medium,Rickshaw,Main Road,60,58.6,6,94.4,31.3,0
10591,Islamabad,Wednesday,16,Dust,Medium,Car,Market,50,57.3,16,65.0,54.7,0
10592,Multan,Thursday,6,Clear,Medium,Car,Main Road,60,31.4,9,90.9,20.4,0
10593,Multan,Friday,22,Cloudy,Low,Car,Main Road,60,29.8,9,76.8,9.7,0
10594,Multan,Monday,19,Clear,Medium,Car,Highway,100,86.0,8,99.8,35.0,0
10595,Quetta,Monday,14,Dust,High,Motorcycle,Main Road,60,43.0,7,67.1,43.4,0
10596,Karachi,Thursday,12,Cloudy,High,Car,Residential,50,46.9,6,87.2,51.1,1
10597,Multan,Tuesday,1,Cloudy,High,Rickshaw,Residential,50,29.8,7,89.7,19.4,0
10598,Lahore,Saturday,18,Fog,Severe,Car,Market,50,10.0,27,41.9,47.0,1
10599,Peshawar,Friday,23,Clear,Medium,Bus,Residential,50,52.1,4,78.3,55.8,1
10600,Lahore,Tuesday,12,Clear,Medium,Rickshaw,Residential,50,51.9,3,94.0,34.2,0
10601,Karachi,Thursday,23,Cloudy,High,Car,School Zone,40,30.9,35,86.3,50.1,0
10602,Rawalpindi,Thursday,10,Clear,Medium,Rickshaw,Main Road,60,37.9,9,89.5,18.3,0
10603,Islamabad,Tuesday,21,Clear,Low,Van,Main Road,60,54.9,8,83.6,44.2,0
10604,Quetta,Wednesday,14,Cloudy,Medium,Car,Highway,100,77.5,14,77.4,15.0,0
10605,Quetta,Thursday,9,Cloudy,Medium,Car,Highway,100,94.3,10,100.0,24.7,0
10606,Karachi,Saturday,8,Clear,Medium,Rickshaw,School Zone,40,29.1,40,93.7,24.3,0
10607,Quetta,Sunday,8,Dust,High,Car,School Zone,40,24.9,32,78.0,68.8,1
10608,Karachi,Friday,19,Cloudy,Severe,Car,Residential,50,37.9,8,81.0,57.1,0
10609,Lahore,Tuesday,0,Dust,High,Rickshaw,Residential,50,26.8,15,56.7,33.6,0
10610,Rawalpindi,Wednesday,16,Dust,Medium,Car,School Zone,40,40.6,38,72.6,59.4,1
10611,Islamabad,Tuesday,11,Clear,Low,Car,Highway,100,95.6,7,90.5,54.4,0
10612,Quetta,Wednesday,9,Cloudy,Medium,Motorcycle,Residential,50,61.6,9,95.5,43.7,0
10613,Rawalpindi,Wednesday,4,Clear,Low,Bus,Main Road,60,50.5,3,98.6,13.0,0
10614,Rawalpindi,Saturday,17,Dust,Medium,Van,Market,50,36.0,33,53.3,25.7,0
10615,Rawalpindi,Friday,14,Rain,High,Car,Main Road,60,45.0,8,63.9,28.3,0
10616,Peshawar,Thursday,5,Clear,Medium,Van,School Zone,40,30.4,25,85.8,12.6,0
10617,Rawalpindi,Wednesday,6,Fog,High,Motorcycle,Highway,100,69.9,7,46.6,54.7,0
10618,Multan,Thursday,16,Cloudy,Medium,Motorcycle,School Zone,40,10.0,40,85.6,45.6,0
10619,Karachi,Friday,5,Fog,Medium,Car,Main Road,60,44.0,7,63.1,41.3,0
10620,Peshawar,Thursday,7,Clear,Medium,Motorcycle,Highway,100,90.2,6,73.0,34.9,0
10621,Multan,Saturday,11,Dust,High,Motorcycle,Market,50,47.2,17,62.6,61.5,0
10622,Peshawar,Saturday,20,Cloudy,Severe,Motorcycle,Main Road,60,28.8,10,89.2,47.4,1
10623,Rawalpindi,Monday,13,Cloudy,Severe,Car,Main Road,60,19.4,7,74.8,55.8,0
10624,Quetta,Saturday,11,Dust,Severe,Van,Residential,50,10.0,15,61.1,58.7,1
10625,Quetta,Wednesday,22,Cloudy,Severe,Motorcycle,Market,50,20.5,14,98.3,30.6,0
10626,Quetta,Friday,9,Cloudy,High,Motorcycle,Main Road,60,39.7,8,90.0,31.2,0
10627,Quetta,Saturday,21,Clear,Medium,Van,Main Road,60,48.3,16,77.5,25.6,0
10628,Karachi,Tuesday,19,Rain,Low,Rickshaw,School Zone,40,28.3,29,71.5,30.2,0
10629,Quetta,Friday,14,Cloudy,High,Rickshaw,Highway,100,79.6,7,88.2,48.8,0
10630,Islamabad,Wednesday,6,Dust,High,Motorcycle,Highway,100,104.4,8,77.4,68.3,0
10631,Rawalpindi,Friday,8,Clear,High,Car,Highway,100,72.8,8,85.3,25.1,0
10632,Peshawar,Saturday,9,Clear,Medium,Motorcycle,Highway,100,91.0,5,79.0,64.9,1
10633,Islamabad,Tuesday,9,Clear,Severe,Bus,School Zone,40,15.3,37,88.4,64.7,0
10634,Quetta,Monday,15,Rain,High,Car,Highway,100,90.8,4,73.7,58.3,0
10635,Islamabad,Wednesday,6,Clear,Low,Car,Residential,50,40.1,7,93.5,13.1,0
10636,Peshawar,Sunday,4,Clear,Low,Car,Residential,50,26.4,5,96.7,20.9,0
10637,Quetta,Wednesday,22,Cloudy,High,Van,Market,50,17.4,21,92.9,42.6,0
10638,Islamabad,Friday,2,Clear,Medium,Motorcycle,Residential,50,48.9,9,95.1,59.6,0
10639,Karachi,Sunday,17,Dust,Low,Motorcycle,Main Road,60,80.9,9,69.0,58.3,0
10640,Karachi,Sunday,10,Cloudy,Medium,Rickshaw,Highway,100,108.6,6,88.3,31.3,0
10641,Rawalpindi,Thursday,14,Fog,Low,Rickshaw,Highway,100,88.1,7,40.4,40.6,0
10642,Rawalpindi,Sunday,20,Clear,Severe,Motorcycle,Residential,50,16.1,9,86.5,35.0,0
10643,Multan,Thursday,19,Clear,Low,Motorcycle,Main Road,60,48.5,5,90.1,30.0,0
10644,Islamabad,Sunday,4,Clear,Medium,Motorcycle,Main Road,60,49.6,9,95.6,18.5,0
10645,Peshawar,Tuesday,23,Rain,Medium,Car,Main Road,60,53.4,10,82.6,50.1,0
10646,Karachi,Monday,11,Clear,High,Motorcycle,Main Road,60,41.5,7,100.0,56.5,1
10647,Lahore,Monday,3,Clear,High,Rickshaw,Market,50,39.6,23,100.0,40.2,0
10648,Rawalpindi,Sunday,14,Dust,Low,Car,Main Road,60,55.0,4,72.6,50.8,0
10649,Multan,Friday,8,Clear,High,Van,Market,50,20.5,26,93.4,39.9,0
10650,Karachi,Friday,6,Rain,High,Motorcycle,Residential,50,29.3,14,65.7,38.9,0
10651,Multan,Thursday,9,Rain,Low,Motorcycle,School Zone,40,28.7,31,74.8,66.8,1
10652,Quetta,Saturday,22,Clear,High,Rickshaw,Residential,50,33.7,8,87.5,36.3,0
10653,Islamabad,Monday,12,Cloudy,High,Motorcycle,Market,50,35.8,13,76.9,54.1,0
10654,Multan,Saturday,7,Cloudy,High,Motorcycle,Residential,50,39.2,11,92.3,36.6,0
10655,Karachi,Monday,11,Clear,Severe,Car,School Zone,40,10.0,45,95.0,71.0,1
10656,Karachi,Saturday,21,Clear,Medium,Car,Market,50,29.1,24,92.9,32.7,0
10657,Islamabad,Saturday,23,Dust,High,Motorcycle,Market,50,26.1,19,52.9,28.1,0
10658,Rawalpindi,Monday,18,Clear,Low,Car,Market,50,45.8,24,84.3,34.1,0
10659,Rawalpindi,Tuesday,0,Cloudy,High,Motorcycle,School Zone,40,20.3,35,72.9,57.6,0
10660,Lahore,Tuesday,15,Cloudy,High,Motorcycle,Market,50,43.5,20,87.9,46.2,0
10661,Lahore,Friday,21,Clear,Medium,Van,Highway,100,74.8,6,95.4,18.6,0
10662,Rawalpindi,Saturday,16,Fog,High,Motorcycle,Main Road,60,30.8,6,30.0,58.6,0
10663,Rawalpindi,Saturday,17,Clear,Medium,Rickshaw,Highway,100,93.8,10,93.7,45.5,1
10664,Multan,Saturday,10,Clear,High,Car,Market,50,22.5,28,99.8,57.9,1
10665,Rawalpindi,Saturday,17,Cloudy,Medium,Motorcycle,Residential,50,42.2,9,81.9,17.0,0
10666,Rawalpindi,Saturday,6,Clear,Medium,Bus,Market,50,42.8,24,79.5,24.7,0
10667,Karachi,Thursday,17,Cloudy,Low,Car,Market,50,62.7,15,83.8,34.4,0
10668,Lahore,Wednesday,7,Dust,Medium,Car,Main Road,60,61.9,11,63.5,37.1,0
10669,Islamabad,Saturday,5,Clear,Medium,Motorcycle,Residential,50,44.2,9,94.0,33.1,0
10670,Peshawar,Thursday,6,Clear,High,Motorcycle,Highway,100,66.8,12,81.1,49.5,0
10671,Islamabad,Tuesday,22,Clear,Medium,Rickshaw,Main Road,60,65.3,7,94.7,49.0,0
10672,Quetta,Saturday,21,Rain,Low,Rickshaw,Highway,100,105.4,6,75.0,49.3,0
10673,Peshawar,Tuesday,9,Clear,Low,Rickshaw,Main Road,60,70.5,7,79.1,44.2,0
10674,Karachi,Friday,10,Clear,High,Motorcycle,Market,50,23.7,25,94.8,62.5,1
10675,Quetta,Wednesday,12,Cloudy,High,Motorcycle,Residential,50,35.3,7,100.0,42.6,0
10676,Lahore,Monday,8,Clear,Medium,Van,Main Road,60,62.5,8,76.6,37.0,0
10677,Peshawar,Wednesday,6,Clear,Medium,Motorcycle,Highway,100,84.0,6,91.6,25.4,0
10678,Rawalpindi,Saturday,8,Fog,Medium,Motorcycle,Market,50,41.6,19,51.8,25.5,0
10679,Quetta,Saturday,12,Clear,Low,Rickshaw,Market,50,48.9,17,90.0,53.2,1
10680,Karachi,Wednesday,2,Clear,Medium,Car,Residential,50,57.6,8,96.4,43.0,0
10681,Peshawar,Wednesday,2,Clear,Medium,Motorcycle,Highway,100,75.0,12,90.1,10.4,0
10682,Rawalpindi,Friday,0,Dust,Low,Motorcycle,Main Road,60,46.2,11,66.1,24.0,0
10683,Quetta,Sunday,20,Clear,Medium,Motorcycle,Main Road,60,51.8,5,89.4,24.5,0
10684,Karachi,Tuesday,19,Clear,Medium,Motorcycle,Highway,100,72.9,8,93.3,21.4,0
10685,Quetta,Monday,1,Clear,High,Car,School Zone,40,29.5,33,85.6,45.8,1
10686,Peshawar,Sunday,2,Fog,High,Motorcycle,Highway,100,83.5,10,59.1,62.1,1
10687,Rawalpindi,Wednesday,14,Clear,Medium,Motorcycle,Main Road,60,33.8,12,100.0,23.1,0
10688,Lahore,Monday,23,Clear,Medium,Van,Residential,50,53.7,11,81.5,31.4,0
10689,Multan,Wednesday,5,Cloudy,Medium,Rickshaw,Highway,100,93.1,8,69.5,34.3,0
10690,Karachi,Tuesday,12,Clear,Severe,Rickshaw,School Zone,40,10.0,30,88.5,36.4,0
10691,Peshawar,Monday,20,Rain,Severe,Bus,Main Road,60,32.5,7,70.5,61.5,0
10692,Rawalpindi,Sunday,0,Rain,High,Bus,Residential,50,24.5,10,79.9,34.2,0
10693,Lahore,Thursday,19,Clear,Medium,Motorcycle,Main Road,60,40.2,14,84.8,45.2,0
10694,Quetta,Tuesday,18,Cloudy,Severe,Motorcycle,Residential,50,14.7,9,92.1,53.0,1
10695,Rawalpindi,Sunday,0,Clear,Low,Motorcycle,Main Road,60,74.9,9,93.1,42.7,0
10696,Multan,Monday,20,Clear,High,Van,Main Road,60,31.0,12,74.6,29.5,0
10697,Lahore,Wednesday,21,Rain,Medium,Car,Highway,100,87.6,8,91.7,35.5,0
10698,Peshawar,Sunday,1,Clear,Low,Van,Residential,50,40.7,3,84.1,29.0,0
10699,Rawalpindi,Wednesday,14,Clear,Low,Motorcycle,School Zone,40,57.9,26,91.8,42.7,0
10700,Multan,Tuesday,13,Clear,Medium,Car,Market,50,17.4,22,95.0,17.9,0
10701,Rawalpindi,Tuesday,18,Dust,Low,Rickshaw,Main Road,60,63.9,11,60.0,38.7,0
10702,Islamabad,Sunday,10,Dust,Medium,Motorcycle,Market,50,35.8,19,53.5,40.9,0
10703,Karachi,Wednesday,14,Clear,Medium,Bus,Highway,100,103.2,7,95.6,30.6,0
10704,Rawalpindi,Monday,5,Clear,High,Motorcycle,Residential,50,52.6,13,100.0,48.2,0
10705,Multan,Sunday,19,Fog,Low,Motorcycle,Market,50,43.2,16,42.7,66.5,1
10706,Lahore,Thursday,8,Cloudy,High,Bus,Main Road,60,31.8,3,78.9,27.3,0
10707,Karachi,Friday,4,Clear,High,Car,Residential,50,21.0,8,82.2,16.9,0
10708,Peshawar,Tuesday,19,Rain,Medium,Van,Market,50,41.9,18,73.1,24.4,0
10709,Multan,Wednesday,1,Clear,Low,Motorcycle,Market,50,31.0,20,93.8,38.3,0
10710,Karachi,Monday,5,Cloudy,Low,Motorcycle,Highway,100,112.9,6,82.0,29.7,0
10711,Islamabad,Tuesday,17,Dust,Medium,Motorcycle,School Zone,40,35.8,34,71.4,59.5,1
10712,Peshawar,Monday,22,Clear,High,Rickshaw,Highway,100,76.8,6,85.6,19.8,0
10713,Rawalpindi,Tuesday,18,Cloudy,Low,Rickshaw,Highway,100,113.2,4,77.5,49.1,0
10714,Multan,Wednesday,8,Cloudy,High,Car,Market,50,68.2,20,89.8,46.8,0
10715,Quetta,Monday,20,Fog,Medium,Rickshaw,Main Road,60,30.4,1,47.8,40.8,0
10716,Peshawar,Wednesday,23,Clear,Severe,Motorcycle,Market,50,20.4,25,86.5,70.1,0
10717,Multan,Monday,5,Dust,Medium,Motorcycle,Residential,50,41.0,2,70.4,43.4,0
10718,Peshawar,Tuesday,13,Clear,High,Rickshaw,Main Road,60,54.3,7,72.9,60.8,1
10719,Islamabad,Friday,23,Clear,High,Rickshaw,Main Road,60,41.8,7,86.4,31.7,0
10720,Lahore,Friday,12,Clear,Low,Motorcycle,Highway,100,107.2,5,95.4,50.1,0
10721,Peshawar,Sunday,10,Dust,Low,Motorcycle,Market,50,59.9,17,67.6,49.8,0
10722,Multan,Thursday,11,Clear,Low,Rickshaw,School Zone,40,27.4,38,87.9,29.6,0
10723,Lahore,Thursday,18,Dust,High,Motorcycle,School Zone,40,33.0,34,63.1,70.5,0
10724,Karachi,Sunday,18,Clear,Medium,Rickshaw,Market,50,42.8,28,99.0,26.8,0
10725,Quetta,Sunday,20,Dust,Low,Car,Main Road,60,59.3,9,60.4,51.3,0
10726,Islamabad,Saturday,18,Clear,Medium,Bus,Residential,50,51.1,9,88.0,22.7,0
10727,Rawalpindi,Wednesday,23,Clear,Low,Car,Main Road,60,65.1,9,88.1,27.2,0
10728,Multan,Monday,12,Cloudy,Low,Car,Residential,50,43.5,8,90.4,5.7,0
10729,Multan,Thursday,13,Cloudy,Medium,Motorcycle,Highway,100,77.7,17,72.7,18.3,0
10730,Multan,Tuesday,23,Clear,Low,Motorcycle,Highway,100,100.8,13,95.2,44.6,0
10731,Peshawar,Sunday,17,Cloudy,Medium,Car,Main Road,60,46.4,4,79.6,34.8,0
10732,Quetta,Friday,11,Clear,Medium,Car,Market,50,49.0,22,95.5,36.0,0
10733,Quetta,Monday,3,Cloudy,Medium,Car,Market,50,48.2,17,92.4,47.7,0
10734,Lahore,Saturday,9,Clear,Low,Motorcycle,Residential,50,60.6,5,70.7,23.1,0
10735,Peshawar,Friday,16,Clear,Low,Car,School Zone,40,35.7,30,96.2,26.1,0
10736,Multan,Sunday,3,Dust,High,Motorcycle,Residential,50,41.3,11,70.0,54.5,1
10737,Quetta,Monday,11,Clear,Low,Motorcycle,Residential,50,56.1,12,89.3,31.9,0
10738,Multan,Sunday,12,Rain,Low,Van,Market,50,45.7,20,73.2,46.7,0
10739,Multan,Thursday,3,Clear,Low,Bus,Residential,50,67.0,12,100.0,34.7,1
10740,Multan,Thursday,9,Clear,Medium,Car,School Zone,40,41.7,38,86.1,35.9,0
10741,Islamabad,Wednesday,2,Clear,Low,Car,Highway,100,97.3,8,100.0,17.2,0
10742,Rawalpindi,Saturday,14,Clear,Severe,Car,Highway,100,79.3,5,86.3,51.0,1
10743,Karachi,Monday,1,Clear,Low,Rickshaw,Highway,100,77.2,8,89.9,16.3,0
10744,Karachi,Saturday,16,Clear,Low,Rickshaw,Market,50,38.7,22,94.8,32.0,1
10745,Lahore,Tuesday,5,Clear,High,Motorcycle,Main Road,60,29.6,5,96.5,48.9,0
10746,Quetta,Saturday,7,Clear,Low,Motorcycle,Highway,100,114.7,9,80.2,42.5,0
10747,Karachi,Sunday,2,Dust,Medium,Motorcycle,Market,50,50.3,26,72.3,48.4,0
10748,Lahore,Sunday,17,Clear,Medium,Motorcycle,Main Road,60,57.1,7,78.4,37.2,0
10749,Rawalpindi,Thursday,21,Cloudy,Low,Car,Main Road,60,61.4,7,79.0,42.4,0
10750,Multan,Wednesday,0,Clear,High,Motorcycle,Residential,50,11.6,9,89.6,38.6,1
10751,Peshawar,Sunday,15,Rain,Medium,Motorcycle,Highway,100,103.9,9,72.7,58.3,0
10752,Islamabad,Thursday,6,Clear,Medium,Motorcycle,Market,50,43.6,22,84.8,30.6,0
10753,Rawalpindi,Friday,2,Clear,Medium,Van,School Zone,40,39.2,43,91.6,50.9,0
10754,Rawalpindi,Thursday,22,Clear,Low,Motorcycle,Highway,100,99.9,10,89.5,39.9,0
10755,Karachi,Monday,3,Clear,High,Car,Market,50,31.5,26,77.3,20.7,0
10756,Karachi,Wednesday,8,Dust,Medium,Motorcycle,Main Road,60,58.8,9,71.6,31.6,0
10757,Islamabad,Sunday,4,Clear,Severe,Motorcycle,Highway,100,73.0,9,100.0,58.9,0
10758,Peshawar,Monday,18,Dust,Medium,Van,Market,50,42.3,30,71.6,24.5,0
10759,Rawalpindi,Tuesday,14,Dust,High,Motorcycle,Market,50,45.1,15,73.2,71.8,1
10760,Quetta,Tuesday,7,Clear,Low,Car,Residential,50,24.7,3,85.0,17.8,0
10761,Karachi,Thursday,5,Clear,Low,Car,Main Road,60,61.9,9,91.9,50.3,1
10762,Rawalpindi,Wednesday,17,Dust,Severe,Car,Main Road,60,11.0,10,63.6,61.3,1
10763,Peshawar,Saturday,18,Clear,Medium,Car,Market,50,33.4,28,93.6,22.7,0
10764,Lahore,Wednesday,23,Rain,High,Car,School Zone,40,14.3,36,71.5,56.4,0
10765,Peshawar,Wednesday,14,Dust,Medium,Rickshaw,Main Road,60,57.1,8,69.2,43.6,0
10766,Rawalpindi,Wednesday,6,Rain,Low,Van,School Zone,40,29.1,32,87.9,40.6,0
10767,Rawalpindi,Thursday,9,Rain,High,Bus,Main Road,60,57.7,9,71.7,46.9,0
10768,Islamabad,Monday,5,Dust,High,Car,Market,50,50.5,19,66.2,83.9,1
10769,Rawalpindi,Thursday,13,Cloudy,High,Car,Main Road,60,51.9,5,79.6,40.0,0
10770,Karachi,Saturday,16,Clear,High,Bus,School Zone,40,39.2,31,86.6,67.4,0
10771,Quetta,Monday,8,Clear,Medium,Car,Main Road,60,52.7,6,84.8,25.4,0
10772,Islamabad,Saturday,18,Rain,Medium,Car,Main Road,60,43.5,8,72.4,18.4,0
10773,Rawalpindi,Friday,4,Dust,High,Motorcycle,Highway,100,60.6,5,70.6,70.4,1
10774,Peshawar,Friday,22,Cloudy,Medium,Van,Market,50,38.0,24,91.5,34.8,0
10775,Rawalpindi,Sunday,6,Cloudy,Severe,Rickshaw,Residential,50,20.4,7,76.7,44.7,0
10776,Peshawar,Sunday,18,Clear,Medium,Motorcycle,Highway,100,90.7,7,84.2,41.8,0
10777,Peshawar,Monday,19,Dust,Low,Motorcycle,Market,50,47.3,26,67.5,44.9,0
10778,Rawalpindi,Thursday,6,Clear,Medium,Rickshaw,Main Road,60,56.7,4,71.6,28.5,0
10779,Peshawar,Saturday,23,Cloudy,Medium,Bus,Highway,100,94.4,4,92.0,31.9,0
10780,Quetta,Saturday,1,Dust,Medium,Motorcycle,Residential,50,52.2,9,65.7,52.7,0
10781,Lahore,Sunday,22,Clear,Medium,Car,Highway,100,113.1,10,92.2,25.5,0
10782,Islamabad,Sunday,15,Fog,Severe,Car,Highway,100,65.3,7,34.1,59.4,0
10783,Rawalpindi,Tuesday,12,Fog,Medium,Motorcycle,Main Road,60,37.0,7,51.3,42.2,0
10784,Multan,Saturday,7,Fog,Medium,Car,Main Road,60,27.4,5,49.0,44.4,0
10785,Lahore,Thursday,5,Clear,Severe,Rickshaw,Highway,100,76.2,6,96.9,23.3,0
10786,Peshawar,Tuesday,5,Clear,Severe,Car,Residential,50,33.8,7,79.6,28.7,0
10787,Peshawar,Thursday,8,Rain,Low,Bus,Residential,50,42.1,13,71.6,19.2,0
10788,Islamabad,Wednesday,3,Clear,High,Car,Main Road,60,51.9,6,69.0,28.3,0
10789,Lahore,Saturday,10,Clear,Medium,Motorcycle,Highway,100,108.4,5,81.0,59.8,1
10790,Lahore,Wednesday,4,Dust,Severe,Motorcycle,Main Road,60,45.4,8,65.9,58.1,0
10791,Rawalpindi,Friday,16,Cloudy,High,Car,Residential,50,29.6,5,94.4,49.2,1
10792,Peshawar,Friday,19,Clear,Medium,Rickshaw,School Zone,40,29.6,50,82.4,28.0,0
10793,Multan,Monday,6,Clear,High,Motorcycle,Main Road,60,35.3,7,100.0,35.0,0
10794,Karachi,Saturday,14,Rain,Severe,Motorcycle,Main Road,60,21.1,11,78.2,54.6,1
10795,Multan,Sunday,14,Dust,Medium,Motorcycle,Market,50,27.8,16,58.4,45.9,0
10796,Rawalpindi,Tuesday,13,Clear,Medium,Van,Market,50,23.6,24,89.3,22.3,0
10797,Rawalpindi,Wednesday,12,Clear,High,Rickshaw,Residential,50,24.4,9,91.9,34.9,0
10798,Rawalpindi,Thursday,10,Cloudy,High,Rickshaw,Residential,50,39.7,14,85.2,39.2,0
10799,Islamabad,Saturday,12,Clear,High,Car,Residential,50,27.9,9,93.9,16.0,0
10800,Islamabad,Monday,21,Clear,Medium,Motorcycle,Main Road,60,56.1,11,73.9,44.6,0
10801,Rawalpindi,Thursday,23,Cloudy,Medium,Motorcycle,Main Road,60,49.2,7,76.3,34.4,0
10802,Quetta,Wednesday,8,Clear,High,Rickshaw,Highway,100,82.7,3,100.0,10.8,0
10803,Karachi,Saturday,9,Cloudy,Severe,Motorcycle,Residential,50,23.2,5,96.5,56.5,1
10804,Lahore,Sunday,3,Dust,High,Rickshaw,School Zone,40,18.7,38,61.9,65.9,1
10805,Lahore,Wednesday,16,Clear,High,Car,Main Road,60,19.6,5,98.6,10.2,0
10806,Peshawar,Saturday,13,Dust,Medium,Bus,Residential,50,34.5,10,72.5,23.2,0
10807,Lahore,Saturday,23,Dust,High,Car,Market,50,29.8,15,67.8,53.1,0
10808,Multan,Wednesday,17,Cloudy,Low,Van,Main Road,60,59.4,9,84.9,57.0,0
10809,Lahore,Wednesday,10,Clear,Medium,Motorcycle,Main Road,60,35.8,12,100.0,24.9,0
10810,Karachi,Thursday,15,Dust,High,Car,Main Road,60,52.1,13,52.5,45.3,1
10811,Lahore,Monday,0,Dust,Medium,Motorcycle,School Zone,40,24.1,47,61.7,57.9,0
10812,Multan,Wednesday,6,Clear,Medium,Car,Main Road,60,20.9,4,83.7,32.1,0
10813,Karachi,Friday,9,Cloudy,Low,Van,School Zone,40,34.7,35,100.0,27.9,0
10814,Islamabad,Monday,8,Clear,High,Motorcycle,Residential,50,39.4,11,87.6,52.0,0
10815,Karachi,Friday,2,Clear,Medium,Car,School Zone,40,43.8,35,88.5,54.2,0
10816,Islamabad,Thursday,21,Clear,Medium,Car,Main Road,60,55.3,11,79.6,29.6,0
10817,Karachi,Wednesday,22,Clear,Medium,Van,Market,50,29.0,26,80.1,33.2,0
10818,Rawalpindi,Monday,13,Clear,Medium,Motorcycle,Market,50,32.0,18,83.9,40.9,0
10819,Multan,Sunday,14,Clear,High,Car,Residential,50,34.5,8,86.3,36.3,0
10820,Quetta,Wednesday,1,Dust,Medium,Van,Market,50,31.3,22,62.2,37.1,0
10821,Islamabad,Saturday,23,Dust,Medium,Rickshaw,Residential,50,29.3,4,67.3,42.9,0
10822,Islamabad,Wednesday,13,Fog,High,Rickshaw,Main Road,60,29.0,14,44.4,30.9,0
10823,Lahore,Sunday,15,Clear,High,Rickshaw,Residential,50,38.4,9,84.5,35.7,0
10824,Islamabad,Monday,6,Cloudy,Low,Car,Market,50,23.4,18,89.2,9.9,0
10825,Karachi,Wednesday,3,Dust,Medium,Car,Residential,50,59.0,15,63.9,48.2,0
10826,Rawalpindi,Wednesday,17,Cloudy,Medium,Motorcycle,Market,50,39.8,28,100.0,29.9,0
10827,Rawalpindi,Tuesday,23,Clear,High,Car,Residential,50,35.8,6,91.8,43.2,0
10828,Lahore,Tuesday,4,Clear,Low,Motorcycle,Highway,100,93.0,11,80.5,51.6,0
10829,Karachi,Monday,5,Fog,Medium,Motorcycle,Main Road,60,34.9,8,58.5,48.4,0
10830,Karachi,Monday,6,Clear,Low,Motorcycle,Main Road,60,68.9,9,84.4,37.7,0
10831,Peshawar,Saturday,14,Clear,Severe,Motorcycle,Residential,50,30.8,7,84.8,82.2,1
10832,Islamabad,Saturday,0,Clear,High,Bus,School Zone,40,22.6,38,90.9,38.6,0
10833,Lahore,Wednesday,23,Fog,Severe,Motorcycle,Residential,50,10.0,6,25.6,86.6,1
10834,Rawalpindi,Friday,3,Clear,High,Rickshaw,Main Road,60,48.9,10,86.6,20.9,0
10835,Multan,Monday,0,Cloudy,High,Rickshaw,Main Road,60,45.7,5,77.1,34.2,0
10836,Quetta,Sunday,10,Clear,High,Car,Residential,50,26.7,7,97.5,38.2,0
10837,Peshawar,Wednesday,17,Cloudy,Medium,Car,School Zone,40,14.5,37,100.0,25.9,0
10838,Karachi,Friday,13,Cloudy,High,Car,Main Road,60,39.1,11,71.8,39.8,0
10839,Islamabad,Tuesday,21,Clear,High,Car,School Zone,40,46.3,37,100.0,61.0,0
10840,Rawalpindi,Saturday,10,Fog,High,Motorcycle,School Zone,40,27.2,31,47.0,80.2,0
10841,Multan,Sunday,9,Rain,Severe,Bus,Market,50,26.1,18,73.3,42.7,1
10842,Peshawar,Monday,16,Clear,Severe,Car,Main Road,60,45.9,3,96.5,36.5,0
10843,Karachi,Wednesday,3,Clear,Medium,Motorcycle,Residential,50,25.4,9,87.0,20.8,0
10844,Rawalpindi,Tuesday,23,Clear,Medium,Motorcycle,Highway,100,90.0,7,92.1,27.1,0
10845,Rawalpindi,Thursday,14,Dust,Medium,Car,Residential,50,30.6,10,79.3,38.2,0
10846,Karachi,Tuesday,15,Clear,Low,Van,School Zone,40,43.3,39,77.6,51.4,0
10847,Karachi,Wednesday,20,Clear,Severe,Van,Main Road,60,34.3,8,85.7,31.9,0
10848,Lahore,Saturday,12,Clear,Severe,Rickshaw,Main Road,60,38.7,6,94.3,47.6,0
10849,Rawalpindi,Friday,8,Clear,High,Rickshaw,School Zone,40,23.4,24,89.9,32.8,0
10850,Karachi,Sunday,10,Clear,High,Car,Market,50,35.6,28,88.2,39.2,0
10851,Quetta,Sunday,10,Cloudy,Medium,Car,Market,50,36.3,23,89.3,28.3,0
10852,Multan,Thursday,5,Clear,High,Motorcycle,Main Road,60,45.0,9,97.3,42.9,0
10853,Multan,Sunday,0,Dust,Severe,Rickshaw,Highway,100,70.4,12,75.3,43.6,0
10854,Quetta,Thursday,21,Fog,Low,Motorcycle,Residential,50,34.3,10,38.8,47.0,0
10855,Multan,Saturday,5,Clear,Low,Car,Highway,100,100.1,11,96.8,51.1,0
10856,Peshawar,Thursday,12,Cloudy,Medium,Rickshaw,Highway,100,67.1,5,95.8,20.0,0
10857,Multan,Monday,21,Cloudy,High,Van,Main Road,60,48.6,6,93.8,32.7,0
10858,Islamabad,Wednesday,23,Cloudy,Low,Bus,Residential,50,55.9,4,86.5,40.9,0
10859,Multan,Sunday,21,Clear,Low,Motorcycle,Residential,50,62.7,13,98.4,46.9,0
10860,Quetta,Thursday,4,Clear,Medium,Car,Main Road,60,49.9,9,92.1,17.3,0
10861,Lahore,Tuesday,14,Dust,High,Car,Main Road,60,32.0,12,54.4,53.8,0
10862,Karachi,Friday,17,Clear,Severe,Van,Main Road,60,30.8,7,82.0,48.8,1
10863,Islamabad,Wednesday,19,Cloudy,High,Rickshaw,Market,50,10.0,22,97.2,44.7,0
10864,Lahore,Saturday,13,Cloudy,Medium,Motorcycle,Highway,100,97.2,10,93.3,43.1,0
10865,Rawalpindi,Sunday,14,Clear,Low,Motorcycle,Residential,50,65.8,4,97.9,52.2,1
10866,Islamabad,Tuesday,4,Rain,Medium,Rickshaw,Market,50,37.1,27,65.8,20.1,0
10867,Quetta,Monday,3,Dust,Low,Van,Main Road,60,78.8,7,53.8,49.3,0
10868,Lahore,Thursday,1,Clear,Medium,Motorcycle,Market,50,36.3,27,86.3,20.7,0
10869,Karachi,Tuesday,6,Dust,Medium,Bus,Market,50,58.8,16,61.0,36.6,0
10870,Karachi,Wednesday,9,Clear,Medium,Motorcycle,School Zone,40,35.7,39,83.6,41.0,0
10871,Multan,Sunday,15,Rain,Low,Motorcycle,Highway,100,101.5,9,90.1,71.2,1
10872,Lahore,Tuesday,9,Cloudy,Medium,Rickshaw,Main Road,60,54.6,6,97.0,33.4,0
10873,Rawalpindi,Monday,17,Cloudy,Low,Rickshaw,Highway,100,111.7,12,88.0,53.3,1
10874,Multan,Friday,16,Clear,High,Motorcycle,Main Road,60,52.0,4,98.4,37.4,0
10875,Quetta,Thursday,20,Clear,High,Motorcycle,Highway,100,80.5,6,93.1,39.0,0
10876,Lahore,Wednesday,12,Dust,Medium,Van,School Zone,40,25.0,33,72.6,46.2,0
10877,Peshawar,Sunday,0,Clear,High,Bus,Residential,50,48.4,12,84.7,49.3,0
10878,Lahore,Thursday,0,Cloudy,Severe,Rickshaw,Main Road,60,17.5,6,100.0,42.6,0
10879,Lahore,Thursday,14,Fog,Medium,Car,Main Road,60,43.7,5,47.9,37.1,1
10880,Quetta,Saturday,0,Clear,High,Car,Main Road,60,43.1,9,93.8,50.7,1
10881,Karachi,Thursday,5,Clear,Medium,Car,Residential,50,39.7,5,78.4,0.0,0
10882,Multan,Tuesday,12,Dust,Medium,Rickshaw,Highway,100,97.4,8,65.6,38.0,0
10883,Rawalpindi,Tuesday,0,Dust,Low,Motorcycle,Highway,100,83.8,13,68.8,36.5,0
10884,Multan,Friday,4,Clear,Low,Bus,Market,50,52.7,24,78.6,29.6,0
10885,Lahore,Monday,8,Cloudy,High,Rickshaw,Main Road,60,57.2,11,83.5,52.6,0
10886,Islamabad,Sunday,16,Fog,Low,Rickshaw,School Zone,40,10.0,34,50.3,77.1,1
10887,Karachi,Sunday,15,Clear,High,Car,Highway,100,58.7,9,94.6,6.5,0
10888,Karachi,Wednesday,7,Clear,High,Car,Residential,50,41.8,9,97.5,28.1,0
10889,Lahore,Tuesday,16,Cloudy,Severe,Motorcycle,Highway,100,63.2,5,87.9,60.8,1
10890,Quetta,Thursday,14,Clear,High,Car,Market,50,10.0,26,85.5,23.8,0
10891,Islamabad,Monday,23,Cloudy,Low,Bus,Market,50,46.8,24,96.2,38.1,0
10892,Lahore,Wednesday,0,Rain,High,Van,School Zone,40,10.0,38,84.5,73.3,1
10893,Islamabad,Sunday,11,Clear,Medium,Motorcycle,Highway,100,78.3,14,88.5,19.4,0
10894,Karachi,Wednesday,4,Dust,Severe,Van,Main Road,60,16.1,9,65.4,46.9,0
10895,Islamabad,Wednesday,23,Clear,High,Motorcycle,Main Road,60,33.8,6,98.8,41.8,0
10896,Multan,Sunday,5,Clear,Medium,Motorcycle,Main Road,60,68.3,10,84.2,47.7,0
10897,Lahore,Wednesday,0,Clear,High,Motorcycle,Residential,50,45.7,9,83.5,71.8,1
10898,Peshawar,Friday,0,Dust,Medium,Van,Residential,50,45.1,8,65.4,46.6,0
10899,Peshawar,Wednesday,9,Clear,Medium,Car,Residential,50,25.3,8,96.9,36.6,0
10900,Islamabad,Monday,9,Clear,High,Motorcycle,Main Road,60,56.4,7,75.9,75.4,1
10901,Quetta,Tuesday,2,Fog,Low,Motorcycle,Main Road,60,50.0,8,44.0,57.5,1
10902,Lahore,Monday,16,Fog,High,Van,Highway,100,57.6,5,46.8,48.5,0
10903,Rawalpindi,Thursday,18,Clear,Low,Rickshaw,Highway,100,109.7,7,97.2,41.6,0
10904,Peshawar,Saturday,10,Clear,High,Motorcycle,Residential,50,38.0,7,93.0,50.1,1
10905,Karachi,Friday,17,Cloudy,Severe,Motorcycle,Residential,50,40.9,6,89.5,45.9,0
10906,Multan,Friday,1,Cloudy,High,Rickshaw,School Zone,40,30.5,39,88.5,62.6,1
10907,Lahore,Thursday,8,Fog,High,Van,Main Road,60,41.1,5,54.3,45.5,0
10908,Lahore,Sunday,23,Clear,Severe,Rickshaw,Residential,50,23.5,7,100.0,50.5,0
10909,Multan,Monday,16,Clear,Low,Van,Highway,100,112.8,5,85.2,53.6,0
10910,Peshawar,Monday,13,Cloudy,Low,Car,Market,50,36.8,22,80.9,21.7,0
10911,Multan,Thursday,3,Cloudy,Medium,Rickshaw,Main Road,60,64.8,5,93.2,26.9,1
10912,Multan,Sunday,16,Rain,Low,Van,Main Road,60,57.5,8,77.7,33.7,1
10913,Rawalpindi,Saturday,16,Dust,Severe,Rickshaw,Main Road,60,40.9,4,60.2,69.3,0
10914,Multan,Wednesday,11,Cloudy,Low,Car,Market,50,55.4,26,87.0,31.1,0
10915,Karachi,Sunday,19,Clear,Medium,Rickshaw,Market,50,10.0,23,93.6,15.8,0
10916,Rawalpindi,Wednesday,17,Cloudy,Medium,Bus,Main Road,60,61.8,9,80.1,40.8,0
10917,Karachi,Tuesday,2,Clear,Low,Rickshaw,Main Road,60,53.2,6,100.0,31.8,0
10918,Peshawar,Monday,10,Clear,Low,Motorcycle,Highway,100,113.2,6,87.4,43.6,0
10919,Lahore,Monday,17,Fog,Medium,Motorcycle,Main Road,60,25.6,9,53.2,34.9,0
10920,Karachi,Thursday,3,Cloudy,Low,Car,School Zone,40,37.8,29,87.3,39.0,0
10921,Lahore,Thursday,16,Clear,Severe,Rickshaw,Main Road,60,28.7,11,87.3,61.0,0
10922,Islamabad,Wednesday,17,Clear,Low,Motorcycle,Residential,50,43.0,9,99.1,24.5,0
10923,Islamabad,Sunday,4,Clear,Low,Car,Residential,50,34.2,11,81.3,20.0,0
10924,Peshawar,Monday,13,Clear,High,Motorcycle,Highway,100,62.5,11,85.3,66.3,1
10925,Peshawar,Monday,9,Rain,Medium,Rickshaw,Market,50,17.3,21,66.7,30.0,0
10926,Quetta,Friday,14,Cloudy,High,Motorcycle,Highway,100,94.2,9,89.8,74.1,1
10927,Peshawar,Tuesday,0,Clear,High,Rickshaw,Residential,50,21.2,3,96.9,29.3,0
10928,Islamabad,Tuesday,15,Clear,Severe,Car,Market,50,23.6,25,95.4,58.0,0
10929,Karachi,Wednesday,10,Clear,High,Van,Main Road,60,25.9,6,91.5,37.0,0
10930,Multan,Saturday,22,Clear,Low,Van,Market,50,74.8,22,77.6,36.5,0
10931,Multan,Sunday,19,Clear,Medium,Rickshaw,Main Road,60,49.2,8,90.3,33.1,0
10932,Multan,Monday,5,Dust,Medium,Car,Main Road,60,68.0,12,57.4,23.0,0
10933,Rawalpindi,Friday,23,Rain,Medium,Motorcycle,School Zone,40,16.9,32,74.0,42.0,0
10934,Multan,Sunday,21,Fog,Medium,Motorcycle,Market,50,37.2,21,57.2,30.1,0
10935,Peshawar,Monday,15,Cloudy,Low,Car,Highway,100,112.9,8,87.6,32.1,0
10936,Multan,Thursday,1,Cloudy,High,Bus,Main Road,60,64.7,15,86.0,50.3,0
10937,Rawalpindi,Sunday,0,Clear,Low,Car,Residential,50,58.3,14,97.4,29.1,0
10938,Rawalpindi,Wednesday,23,Clear,Low,Car,Highway,100,97.2,5,79.3,49.5,0
10939,Islamabad,Sunday,23,Cloudy,Medium,Car,Residential,50,36.6,7,76.3,18.5,0
10940,Quetta,Saturday,8,Clear,High,Rickshaw,Main Road,60,44.3,8,96.7,32.4,0
10941,Karachi,Sunday,21,Rain,High,Motorcycle,Residential,50,28.6,10,68.5,55.6,1
10942,Islamabad,Sunday,11,Clear,Medium,Car,Residential,50,35.8,9,72.6,11.9,0
10943,Peshawar,Sunday,16,Fog,High,Car,School Zone,40,10.0,27,29.1,70.5,1
10944,Islamabad,Tuesday,14,Clear,Low,Car,Residential,50,45.1,9,94.5,33.3,0
10945,Islamabad,Monday,18,Clear,Medium,Car,School Zone,40,44.2,37,90.1,51.4,0
10946,Islamabad,Saturday,21,Dust,Low,Motorcycle,School Zone,40,55.8,41,74.6,68.7,1
10947,Peshawar,Wednesday,9,Clear,Medium,Car,Residential,50,45.0,7,94.1,14.2,0
10948,Peshawar,Tuesday,11,Dust,Severe,Car,School Zone,40,10.0,26,66.2,46.0,0
10949,Islamabad,Monday,13,Clear,Low,Rickshaw,Highway,100,109.5,3,95.7,33.3,1
10950,Islamabad,Friday,8,Cloudy,High,Rickshaw,School Zone,40,32.4,46,79.0,52.2,1
10951,Rawalpindi,Wednesday,12,Clear,High,Motorcycle,School Zone,40,33.9,33,99.5,51.8,0
10952,Karachi,Monday,2,Clear,High,Car,Main Road,60,54.1,11,84.6,49.1,0
10953,Rawalpindi,Tuesday,20,Rain,Low,Bus,School Zone,40,24.0,27,68.6,37.2,0
10954,Quetta,Tuesday,13,Clear,Low,Car,Residential,50,55.8,11,100.0,32.3,0
10955,Karachi,Friday,20,Clear,Low,Bus,Market,50,42.2,20,100.0,23.8,0
10956,Quetta,Wednesday,9,Rain,Low,Motorcycle,Main Road,60,57.0,8,77.9,59.6,1
10957,Karachi,Wednesday,15,Fog,High,Motorcycle,Market,50,38.2,17,39.1,64.2,1
10958,Islamabad,Saturday,6,Clear,Medium,Car,Main Road,60,24.9,9,90.4,27.8,0
10959,Rawalpindi,Monday,3,Clear,High,Rickshaw,Residential,50,37.6,9,91.0,23.4,0
10960,Karachi,Saturday,19,Rain,Medium,Motorcycle,Market,50,23.9,17,82.0,42.7,0
10961,Quetta,Tuesday,22,Rain,Low,Car,Main Road,60,53.7,12,70.2,33.7,1
10962,Karachi,Tuesday,10,Fog,High,Van,Market,50,10.0,19,55.1,38.9,0
10963,Peshawar,Sunday,15,Clear,High,Rickshaw,Highway,100,68.8,6,87.3,46.9,0
10964,Karachi,Friday,19,Cloudy,Low,Car,Main Road,60,37.4,7,89.6,26.5,0
10965,Multan,Friday,3,Clear,Severe,Motorcycle,Market,50,20.4,16,88.2,63.2,1
10966,Islamabad,Wednesday,21,Clear,Medium,Car,Market,50,49.9,25,76.5,40.1,0
10967,Lahore,Saturday,21,Clear,High,Motorcycle,Highway,100,88.5,8,84.4,49.2,0
10968,Peshawar,Tuesday,22,Clear,Low,Van,Market,50,39.9,16,85.9,11.1,0
10969,Lahore,Sunday,16,Cloudy,Medium,Bus,Residential,50,57.7,6,86.9,35.7,0
10970,Islamabad,Monday,12,Clear,Severe,Rickshaw,Residential,50,27.2,7,90.1,28.1,0
10971,Multan,Sunday,10,Dust,Severe,Rickshaw,School Zone,40,20.0,25,60.5,34.9,0
10972,Lahore,Thursday,2,Rain,Low,Car,Residential,50,54.0,8,87.8,53.1,0
10973,Karachi,Monday,8,Clear,High,Motorcycle,Residential,50,33.5,8,94.0,46.4,0
10974,Lahore,Friday,5,Dust,Medium,Car,School Zone,40,12.3,41,62.4,41.1,0
10975,Rawalpindi,Monday,21,Fog,High,Rickshaw,Main Road,60,25.1,5,50.7,52.4,0
10976,Islamabad,Tuesday,20,Cloudy,High,Motorcycle,Main Road,60,39.8,9,87.5,48.3,0
10977,Rawalpindi,Saturday,10,Clear,Medium,Van,School Zone,40,41.3,30,98.0,48.9,1
10978,Lahore,Sunday,15,Clear,Severe,Van,Market,50,10.0,24,84.7,45.3,0
10979,Multan,Wednesday,18,Clear,Medium,Car,Residential,50,63.6,9,98.5,31.6,0
10980,Rawalpindi,Saturday,4,Clear,Medium,Car,Main Road,60,51.0,10,87.4,10.9,0
10981,Peshawar,Thursday,13,Clear,Medium,Bus,Residential,50,39.7,9,100.0,44.8,0
10982,Lahore,Wednesday,16,Cloudy,Severe,Car,Residential,50,28.0,8,96.4,42.6,0
10983,Quetta,Thursday,2,Clear,High,Motorcycle,Residential,50,21.2,12,90.4,59.0,0
10984,Rawalpindi,Thursday,3,Clear,Medium,Motorcycle,Residential,50,37.1,8,100.0,35.4,0
10985,Karachi,Tuesday,15,Clear,Medium,Motorcycle,Residential,50,44.6,6,87.2,38.1,0
10986,Lahore,Tuesday,15,Clear,Low,Motorcycle,School Zone,40,38.0,32,100.0,40.3,0
10987,Multan,Friday,20,Clear,Low,Motorcycle,School Zone,40,44.0,26,87.3,55.1,1
10988,Quetta,Friday,3,Clear,Low,Van,Main Road,60,43.5,9,98.5,16.3,0
10989,Multan,Thursday,18,Dust,Medium,Car,Main Road,60,47.1,7,64.1,25.1,0
10990,Peshawar,Saturday,16,Cloudy,Low,Motorcycle,School Zone,40,32.1,41,94.0,26.6,0
10991,Karachi,Friday,12,Clear,Low,Bus,Main Road,60,70.3,9,83.1,37.2,0
10992,Lahore,Tuesday,21,Dust,High,Car,Market,50,33.7,25,76.0,59.1,0
10993,Multan,Friday,22,Rain,Low,Motorcycle,Highway,100,105.2,6,81.7,58.0,1
10994,Karachi,Thursday,23,Clear,High,Van,Residential,50,22.0,14,91.2,38.9,0
10995,Lahore,Sunday,0,Clear,Low,Motorcycle,Main Road,60,71.3,9,100.0,61.8,1
10996,Lahore,Wednesday,11,Clear,Medium,Motorcycle,Highway,100,85.6,5,88.7,32.7,0
10997,Islamabad,Saturday,3,Clear,High,Motorcycle,Highway,100,73.5,7,95.7,47.9,0
10998,Rawalpindi,Saturday,10,Clear,Low,Van,Main Road,60,62.1,12,90.3,22.7,0
10999,Lahore,Monday,4,Cloudy,Severe,Rickshaw,School Zone,40,22.7,37,84.6,61.4,1
11000,Peshawar,Friday,1,Dust,Medium,Rickshaw,Highway,100,95.2,10,51.5,44.4,0
11001,Quetta,Saturday,16,Clear,Medium,Van,Main Road,60,61.0,3,82.4,42.6,0
11002,Rawalpindi,Sunday,7,Clear,Severe,Motorcycle,Main Road,60,57.7,7,74.7,73.2,1
11003,Islamabad,Sunday,5,Clear,High,Bus,Residential,50,10.3,7,78.3,40.8,0
11004,Rawalpindi,Tuesday,20,Fog,High,Bus,Highway,100,74.3,8,50.8,56.5,1
11005,Rawalpindi,Wednesday,8,Clear,Medium,Van,Residential,50,43.3,10,83.0,10.9,0
11006,Lahore,Tuesday,12,Clear,Medium,Bus,Main Road,60,64.7,5,84.9,29.9,0
11007,Peshawar,Friday,10,Clear,High,Rickshaw,Main Road,60,46.4,7,87.2,16.1,0
11008,Lahore,Thursday,15,Cloudy,Low,Bus,Residential,50,69.4,4,88.6,47.0,0
11009,Multan,Sunday,15,Clear,Medium,Car,School Zone,40,38.3,29,80.2,46.1,0
11010,Peshawar,Sunday,1,Rain,High,Car,Highway,100,81.8,7,85.6,25.7,0
11011,Multan,Monday,9,Clear,High,Van,Market,50,53.9,19,96.4,77.5,1
11012,Peshawar,Monday,11,Clear,High,Van,Highway,100,76.2,9,100.0,18.5,0
11013,Karachi,Sunday,7,Clear,Severe,Car,Main Road,60,27.5,8,88.0,66.3,0
11014,Lahore,Wednesday,10,Dust,Severe,Motorcycle,Market,50,34.9,22,64.3,47.6,0
11015,Multan,Saturday,9,Clear,Medium,Car,Highway,100,87.6,10,88.2,17.0,0
11016,Islamabad,Saturday,12,Dust,Low,Rickshaw,Residential,50,45.3,6,76.9,62.0,0
11017,Quetta,Sunday,16,Clear,High,Car,Highway,100,93.3,5,89.5,39.4,1
11018,Rawalpindi,Saturday,6,Clear,Low,Car,Market,50,39.1,21,82.4,12.7,0
11019,Karachi,Monday,23,Rain,Low,Motorcycle,Market,50,53.0,29,77.3,56.2,1
11020,Multan,Thursday,2,Clear,High,Car,Main Road,60,10.0,10,90.9,26.1,0
11021,Islamabad,Saturday,19,Clear,High,Van,School Zone,40,10.0,32,100.0,48.9,1
11022,Quetta,Tuesday,12,Clear,High,Motorcycle,Highway,100,85.9,9,96.4,39.2,0
11023,Quetta,Sunday,18,Clear,Medium,Van,Main Road,60,46.5,8,96.2,9.8,0
11024,Lahore,Saturday,6,Clear,Severe,Motorcycle,Market,50,21.9,22,83.4,56.2,0
11025,Peshawar,Thursday,8,Clear,High,Motorcycle,Highway,100,84.0,3,92.4,46.1,0
11026,Multan,Sunday,18,Clear,High,Motorcycle,Highway,100,88.9,8,97.1,56.1,1
11027,Lahore,Wednesday,12,Clear,Medium,Rickshaw,Main Road,60,53.2,4,94.5,28.1,0
11028,Quetta,Wednesday,21,Cloudy,Medium,Motorcycle,Market,50,42.0,23,82.1,26.7,0
11029,Lahore,Monday,7,Clear,Low,Rickshaw,Main Road,60,67.6,10,84.5,38.4,0
11030,Karachi,Thursday,21,Cloudy,High,Car,Residential,50,36.0,13,82.3,37.3,0
11031,Multan,Tuesday,17,Clear,High,Rickshaw,Residential,50,38.3,8,86.8,21.5,0
11032,Islamabad,Thursday,22,Rain,High,Rickshaw,Main Road,60,12.8,8,70.5,48.6,0
11033,Quetta,Tuesday,1,Cloudy,Medium,Motorcycle,Main Road,60,35.6,9,100.0,14.8,0
11034,Multan,Tuesday,17,Cloudy,High,Motorcycle,Highway,100,62.3,12,100.0,34.0,0
11035,Karachi,Thursday,17,Cloudy,High,Motorcycle,Highway,100,85.9,11,89.5,47.9,1
11036,Islamabad,Sunday,10,Clear,High,Car,Residential,50,33.2,6,91.6,54.7,1
11037,Karachi,Friday,0,Clear,Severe,Motorcycle,Residential,50,23.7,6,86.4,49.1,0
11038,Rawalpindi,Thursday,13,Cloudy,High,Car,Highway,100,102.9,5,85.6,71.1,1
11039,Peshawar,Sunday,15,Clear,Medium,Motorcycle,Main Road,60,73.5,9,83.7,35.9,0
11040,Peshawar,Tuesday,10,Clear,High,Car,Highway,100,94.5,4,83.5,58.0,0
11041,Peshawar,Sunday,0,Clear,Medium,Van,Residential,50,45.8,5,86.2,50.0,0
11042,Rawalpindi,Sunday,6,Clear,Medium,Bus,School Zone,40,38.6,35,82.7,55.7,1
11043,Quetta,Saturday,15,Cloudy,High,Bus,Market,50,16.9,21,100.0,41.1,0
11044,Quetta,Wednesday,13,Clear,Medium,Bus,Main Road,60,48.3,8,86.1,34.6,0
11045,Rawalpindi,Wednesday,14,Clear,Low,Car,Main Road,60,51.3,6,90.8,20.9,0
11046,Peshawar,Monday,13,Fog,High,Car,Main Road,60,17.2,13,51.8,38.9,0
11047,Peshawar,Wednesday,20,Clear,Severe,Rickshaw,Market,50,10.8,26,94.1,68.0,0
11048,Islamabad,Friday,10,Clear,Severe,Motorcycle,Residential,50,14.4,5,83.1,67.7,1
11049,Islamabad,Tuesday,15,Dust,High,Motorcycle,Main Road,60,32.2,5,77.5,53.9,1
11050,Lahore,Thursday,18,Clear,Severe,Motorcycle,Main Road,60,40.1,6,84.7,50.9,1
11051,Multan,Thursday,16,Fog,High,Motorcycle,Main Road,60,25.7,9,41.1,64.9,1
11052,Multan,Friday,5,Clear,Low,Motorcycle,Residential,50,28.2,6,80.3,22.5,0
11053,Multan,Wednesday,10,Clear,Medium,Motorcycle,School Zone,40,10.5,38,98.3,40.6,0
11054,Karachi,Tuesday,16,Clear,Medium,Bus,Market,50,36.4,15,81.5,18.9,0
11055,Islamabad,Wednesday,8,Cloudy,Low,Motorcycle,School Zone,40,37.5,15,87.3,59.6,1
11056,Islamabad,Sunday,17,Fog,High,Motorcycle,Main Road,60,35.3,9,39.7,63.3,1
11057,Islamabad,Monday,16,Dust,Medium,Car,Residential,50,56.1,7,54.6,50.5,0
11058,Islamabad,Wednesday,11,Cloudy,High,Motorcycle,School Zone,40,30.1,41,97.3,67.0,1
11059,Rawalpindi,Monday,22,Clear,High,Rickshaw,Residential,50,10.0,6,92.9,47.6,0
11060,Lahore,Thursday,21,Dust,Medium,Car,Market,50,52.9,26,51.7,37.5,0
11061,Islamabad,Tuesday,21,Rain,Medium,Motorcycle,Market,50,46.2,21,70.0,73.3,1
11062,Quetta,Saturday,4,Clear,High,Motorcycle,Market,50,56.3,23,87.2,55.9,0
11063,Karachi,Sunday,10,Rain,High,Bus,Market,50,34.0,27,69.7,41.9,1
11064,Multan,Monday,3,Dust,Medium,Motorcycle,Market,50,21.7,24,55.1,27.9,0
11065,Islamabad,Wednesday,3,Cloudy,Severe,Motorcycle,Main Road,60,24.3,6,77.7,27.5,0
11066,Rawalpindi,Sunday,2,Clear,Medium,Car,Market,50,27.2,19,81.7,32.5,0
11067,Quetta,Wednesday,23,Fog,Medium,Car,Main Road,60,27.2,5,38.5,35.0,0
11068,Multan,Sunday,22,Clear,High,Motorcycle,Residential,50,13.6,7,97.5,55.8,1
11069,Peshawar,Thursday,16,Cloudy,Low,Motorcycle,Highway,100,95.7,11,84.9,53.6,0
11070,Peshawar,Friday,6,Clear,High,Van,Market,50,40.9,24,76.1,42.6,1
11071,Multan,Sunday,3,Dust,High,Van,School Zone,40,10.0,39,67.7,57.6,1
11072,Lahore,Saturday,22,Clear,High,Car,Main Road,60,19.6,5,77.2,28.9,0
11073,Peshawar,Friday,12,Cloudy,Medium,Rickshaw,School Zone,40,30.1,29,85.4,29.3,0
11074,Islamabad,Wednesday,11,Clear,High,Bus,Market,50,31.6,25,93.3,34.9,0
11075,Multan,Friday,0,Cloudy,Medium,Motorcycle,Residential,50,53.2,8,85.3,45.1,1
11076,Rawalpindi,Sunday,20,Fog,Low,Car,Highway,100,89.8,8,46.7,26.7,0
11077,Lahore,Saturday,18,Dust,Low,Motorcycle,School Zone,40,54.3,37,64.4,75.0,1
11078,Quetta,Saturday,20,Clear,Low,Car,Highway,100,99.5,7,94.1,49.1,0
11079,Islamabad,Tuesday,19,Clear,High,Motorcycle,Main Road,60,49.3,7,66.6,12.3,0
11080,Peshawar,Friday,17,Clear,Low,Motorcycle,Main Road,60,51.0,13,88.4,13.4,0
11081,Karachi,Tuesday,10,Clear,Medium,Rickshaw,Main Road,60,64.2,7,84.7,37.7,0
11082,Islamabad,Wednesday,19,Dust,High,Rickshaw,Highway,100,86.2,7,53.9,30.5,0
11083,Karachi,Wednesday,2,Rain,High,Van,Highway,100,80.2,12,98.1,47.2,0
11084,Quetta,Wednesday,16,Clear,High,Rickshaw,Market,50,63.6,20,79.6,64.4,0
11085,Karachi,Thursday,11,Clear,High,Van,Market,50,41.2,27,84.9,23.0,1
11086,Quetta,Friday,9,Cloudy,Low,Motorcycle,Market,50,60.7,32,94.2,56.9,1
11087,Lahore,Monday,7,Clear,Medium,Bus,Residential,50,60.5,8,95.5,42.3,0
11088,Rawalpindi,Saturday,14,Clear,Medium,Bus,Highway,100,83.6,13,87.6,24.1,0
11089,Peshawar,Monday,4,Clear,High,Motorcycle,School Zone,40,51.8,38,86.1,90.2,1
11090,Peshawar,Wednesday,3,Clear,High,Van,Highway,100,114.1,4,94.8,56.2,1
11091,Islamabad,Sunday,20,Clear,Low,Motorcycle,Highway,100,97.1,3,89.4,49.1,0
11092,Multan,Sunday,19,Fog,High,Car,Main Road,60,27.6,7,51.1,61.5,1
11093,Peshawar,Friday,18,Clear,Low,Rickshaw,Residential,50,55.7,11,100.0,22.6,0
11094,Lahore,Sunday,20,Rain,High,Motorcycle,Residential,50,17.7,9,82.7,55.3,1
11095,Peshawar,Tuesday,3,Cloudy,High,Car,Residential,50,24.0,15,92.2,22.4,0
11096,Islamabad,Monday,14,Cloudy,Medium,Bus,Residential,50,30.8,7,94.6,24.9,0
11097,Peshawar,Sunday,16,Clear,High,Car,Market,50,47.2,26,100.0,52.7,0
11098,Rawalpindi,Wednesday,11,Clear,High,Car,Highway,100,79.4,8,94.7,34.8,0
11099,Quetta,Monday,2,Clear,Low,Van,School Zone,40,44.4,40,92.9,47.2,0
11100,Karachi,Monday,9,Cloudy,Medium,Car,Main Road,60,44.8,9,92.5,20.2,0
11101,Karachi,Saturday,14,Rain,Medium,Motorcycle,Main Road,60,25.0,13,91.6,30.0,0
11102,Quetta,Monday,9,Fog,Medium,Rickshaw,Main Road,60,39.3,6,37.1,43.2,0
11103,Karachi,Wednesday,23,Clear,Medium,Bus,Highway,100,88.2,10,81.0,22.5,0
11104,Rawalpindi,Saturday,22,Clear,Medium,Motorcycle,Highway,100,89.1,12,81.2,45.3,0
11105,Lahore,Wednesday,17,Clear,Low,Motorcycle,Residential,50,61.0,11,81.7,45.6,0
11106,Islamabad,Thursday,0,Clear,Low,Motorcycle,Main Road,60,65.3,5,91.5,63.6,0
11107,Rawalpindi,Sunday,2,Clear,High,Motorcycle,Main Road,60,39.0,10,94.4,30.0,0
11108,Islamabad,Thursday,20,Dust,Medium,Motorcycle,Main Road,60,41.3,5,64.0,29.5,0
11109,Lahore,Sunday,11,Clear,Low,Motorcycle,Main Road,60,43.0,7,82.2,15.9,0
11110,Rawalpindi,Thursday,0,Dust,Medium,Car,Main Road,60,28.7,3,69.8,20.4,0
11111,Peshawar,Monday,2,Clear,Medium,Van,Market,50,43.5,23,79.8,23.9,0
11112,Multan,Friday,2,Clear,High,Van,Main Road,60,41.5,6,84.4,50.1,0
11113,Lahore,Wednesday,4,Cloudy,Low,Rickshaw,Residential,50,56.5,7,77.9,39.5,0
11114,Karachi,Thursday,18,Clear,Severe,Car,Residential,50,20.4,10,85.7,38.9,0
11115,Rawalpindi,Friday,0,Fog,Medium,Van,Residential,50,33.1,7,44.1,52.7,0
11116,Lahore,Thursday,3,Dust,High,Motorcycle,Residential,50,25.9,8,70.4,49.7,0
11117,Lahore,Sunday,3,Cloudy,Severe,Motorcycle,Residential,50,30.1,13,93.0,65.2,0
11118,Rawalpindi,Thursday,16,Fog,Low,Car,Highway,100,118.2,11,48.6,42.6,0
11119,Karachi,Friday,13,Clear,High,Rickshaw,Highway,100,102.9,6,79.7,35.2,0
11120,Quetta,Thursday,17,Clear,Medium,Car,Main Road,60,64.6,4,85.2,38.8,0
11121,Karachi,Monday,0,Dust,Low,Rickshaw,Residential,50,31.0,8,56.6,31.0,0
11122,Lahore,Monday,21,Clear,High,Motorcycle,Market,50,20.0,15,87.9,36.1,0
11123,Islamabad,Saturday,15,Clear,Low,Motorcycle,Residential,50,49.3,9,82.8,31.0,0
11124,Quetta,Monday,2,Clear,High,Rickshaw,Main Road,60,41.0,9,83.7,30.5,0
11125,Quetta,Tuesday,22,Clear,Medium,Motorcycle,Residential,50,52.7,8,91.4,45.9,0
11126,Lahore,Saturday,20,Cloudy,High,Car,Main Road,60,49.7,6,95.0,43.1,0
11127,Rawalpindi,Thursday,8,Clear,Severe,Rickshaw,Residential,50,24.3,6,85.0,55.9,0
11128,Rawalpindi,Tuesday,22,Clear,High,Motorcycle,Residential,50,43.7,7,100.0,67.9,1
11129,Rawalpindi,Wednesday,3,Clear,Medium,Motorcycle,Market,50,16.1,22,88.1,27.0,0
11130,Karachi,Friday,20,Clear,Low,Motorcycle,Residential,50,31.4,7,99.8,20.2,0
11131,Peshawar,Wednesday,4,Dust,Severe,Rickshaw,Main Road,60,11.2,8,67.4,49.3,0
11132,Rawalpindi,Tuesday,10,Cloudy,High,Car,Market,50,41.3,29,89.4,60.9,1
11133,Rawalpindi,Monday,20,Clear,Medium,Motorcycle,Highway,100,90.4,13,91.3,26.1,0
11134,Quetta,Sunday,8,Clear,Medium,Bus,Main Road,60,29.6,6,79.2,24.1,0
11135,Islamabad,Thursday,2,Clear,Low,Motorcycle,Main Road,60,76.4,12,83.3,44.2,0
11136,Islamabad,Saturday,5,Clear,Medium,Rickshaw,Main Road,60,49.2,5,94.6,30.0,0
11137,Lahore,Sunday,23,Rain,Low,Bus,Main Road,60,61.4,13,81.2,55.6,0
11138,Lahore,Sunday,10,Clear,Medium,Motorcycle,School Zone,40,30.8,39,98.0,34.1,0
11139,Lahore,Thursday,8,Clear,Medium,Car,Main Road,60,29.0,4,100.0,18.3,0
11140,Rawalpindi,Monday,14,Rain,Severe,Car,Highway,100,52.6,7,84.7,45.9,0
11141,Islamabad,Thursday,22,Rain,High,Motorcycle,Residential,50,24.6,9,75.1,70.4,1
11142,Lahore,Friday,2,Cloudy,Medium,Motorcycle,Market,50,38.2,18,92.2,36.7,0
11143,Islamabad,Sunday,0,Cloudy,Low,Motorcycle,Residential,50,86.6,6,97.6,45.3,0
11144,Rawalpindi,Friday,19,Clear,High,Car,Market,50,35.3,27,91.5,30.0,0
11145,Quetta,Friday,21,Clear,Medium,Motorcycle,Market,50,47.0,25,88.5,42.8,0
11146,Rawalpindi,Wednesday,18,Cloudy,Low,Motorcycle,Residential,50,53.0,15,97.6,83.5,0
11147,Lahore,Monday,13,Clear,High,Van,Main Road,60,49.4,10,100.0,26.8,0
11148,Rawalpindi,Friday,16,Clear,Medium,Motorcycle,School Zone,40,29.6,31,86.8,58.8,1
11149,Rawalpindi,Tuesday,21,Rain,Medium,Bus,School Zone,40,26.6,29,72.5,32.1,0
11150,Islamabad,Friday,13,Cloudy,High,Van,Main Road,60,42.4,10,85.8,54.3,0
11151,Peshawar,Saturday,16,Clear,Low,Motorcycle,Main Road,60,58.2,13,97.8,43.1,0
11152,Karachi,Wednesday,13,Clear,Medium,Van,Market,50,37.9,20,95.1,13.7,0
11153,Lahore,Tuesday,11,Cloudy,Medium,Car,School Zone,40,40.8,35,88.3,23.7,0
11154,Multan,Sunday,15,Clear,Low,Rickshaw,Highway,100,110.9,5,87.2,38.1,0
11155,Peshawar,Monday,0,Clear,High,Car,Highway,100,79.4,9,77.1,33.3,0
11156,Quetta,Monday,12,Rain,High,Car,Main Road,60,58.2,7,83.1,83.9,1
11157,Multan,Saturday,5,Clear,High,Rickshaw,Main Road,60,49.9,6,89.6,20.8,0
11158,Lahore,Sunday,16,Clear,Severe,Motorcycle,Main Road,60,29.5,7,95.9,47.2,0
11159,Peshawar,Friday,11,Clear,Medium,Car,Residential,50,48.9,3,87.8,26.1,0
11160,Rawalpindi,Tuesday,22,Dust,Low,Van,Highway,100,97.4,8,79.4,45.0,1
11161,Lahore,Saturday,18,Dust,Low,Motorcycle,Main Road,60,60.1,10,58.6,52.7,0
11162,Peshawar,Tuesday,5,Dust,Medium,Motorcycle,Market,50,31.6,25,55.8,48.5,0
11163,Karachi,Friday,6,Clear,Medium,Bus,Highway,100,89.7,10,75.9,11.5,0
11164,Rawalpindi,Sunday,0,Rain,High,Motorcycle,Residential,50,17.1,9,83.6,51.8,0
11165,Lahore,Friday,0,Dust,Medium,Car,Residential,50,25.8,8,66.8,21.7,0
11166,Quetta,Thursday,4,Clear,Low,Bus,Residential,50,55.7,13,83.5,37.8,0
11167,Quetta,Thursday,5,Clear,High,Rickshaw,Market,50,30.3,19,82.7,21.3,0
11168,Lahore,Friday,15,Rain,Medium,Car,Highway,100,92.4,8,87.0,37.3,0
11169,Peshawar,Wednesday,15,Dust,Severe,Car,School Zone,40,10.0,34,62.0,52.4,0
11170,Lahore,Saturday,13,Fog,Medium,Bus,Highway,100,85.8,7,40.7,30.7,0
11171,Multan,Thursday,0,Clear,Low,Motorcycle,Residential,50,47.6,8,95.1,52.8,0
11172,Rawalpindi,Friday,12,Fog,High,Bus,Main Road,60,18.9,3,62.9,56.9,1
11173,Islamabad,Tuesday,19,Clear,High,Van,Main Road,60,50.1,14,80.1,34.8,0
11174,Quetta,Saturday,9,Clear,Medium,Bus,Main Road,60,69.4,7,81.1,45.4,0
11175,Peshawar,Sunday,23,Fog,Low,Motorcycle,Residential,50,52.2,7,45.4,51.4,0
11176,Karachi,Thursday,9,Dust,Low,Car,Residential,50,27.1,7,79.3,34.4,1
11177,Lahore,Sunday,8,Cloudy,Medium,Bus,Highway,100,99.2,4,91.1,28.1,0
11178,Rawalpindi,Wednesday,12,Dust,High,Motorcycle,Main Road,60,26.8,8,45.1,55.3,0
11179,Lahore,Saturday,2,Cloudy,Medium,Rickshaw,Main Road,60,68.5,10,76.6,45.9,0
11180,Karachi,Saturday,17,Clear,Low,Motorcycle,Residential,50,49.7,12,92.7,39.8,1
11181,Rawalpindi,Monday,19,Fog,High,Car,Highway,100,60.9,7,34.5,52.2,0
11182,Karachi,Tuesday,1,Fog,Severe,Van,Main Road,60,15.1,10,41.2,56.1,1
11183,Rawalpindi,Wednesday,16,Clear,Medium,Van,Main Road,60,46.7,9,83.2,13.8,0
11184,Islamabad,Wednesday,18,Clear,Low,Car,Market,50,51.6,30,93.9,50.9,1
11185,Quetta,Sunday,22,Clear,Medium,Car,Residential,50,61.0,15,96.2,48.7,0
11186,Rawalpindi,Wednesday,12,Dust,High,Motorcycle,School Zone,40,44.0,33,84.2,83.4,1
11187,Karachi,Tuesday,12,Rain,Medium,Motorcycle,Residential,50,30.8,5,77.1,32.7,0
11188,Peshawar,Wednesday,0,Fog,Medium,Car,School Zone,40,17.5,31,48.5,53.2,0
11189,Quetta,Monday,1,Clear,Medium,Bus,School Zone,40,20.2,36,96.2,18.3,0
11190,Multan,Thursday,0,Rain,Low,Rickshaw,Main Road,60,68.8,8,74.0,47.3,0
11191,Islamabad,Tuesday,23,Dust,Medium,Motorcycle,Residential,50,57.5,8,85.4,52.4,0
11192,Lahore,Wednesday,4,Clear,Medium,Car,Residential,50,39.5,6,92.1,18.7,0
11193,Islamabad,Friday,23,Cloudy,High,Car,Residential,50,39.6,9,98.8,48.1,0
11194,Islamabad,Thursday,2,Cloudy,Medium,Rickshaw,Main Road,60,55.8,9,100.0,45.4,0
11195,Lahore,Sunday,6,Rain,Severe,Rickshaw,Highway,100,80.0,6,85.2,69.5,0
11196,Rawalpindi,Saturday,23,Cloudy,Medium,Rickshaw,Main Road,60,47.7,5,89.3,19.9,0
11197,Islamabad,Tuesday,21,Rain,Medium,Car,School Zone,40,26.7,42,100.0,63.8,1
11198,Quetta,Friday,12,Clear,Medium,Motorcycle,Market,50,38.4,20,89.3,36.9,0
11199,Islamabad,Saturday,22,Clear,Low,Motorcycle,Residential,50,39.8,10,93.8,17.8,0
11200,Peshawar,Friday,17,Rain,Low,Car,Market,50,57.0,17,96.8,44.7,0
11201,Quetta,Wednesday,23,Clear,Medium,Car,School Zone,40,28.5,30,90.8,16.4,0
11202,Peshawar,Tuesday,20,Clear,Low,Rickshaw,Main Road,60,71.7,9,100.0,8.2,0
11203,Quetta,Sunday,6,Clear,Medium,Car,Main Road,60,40.7,8,100.0,18.4,0
11204,Karachi,Wednesday,0,Clear,High,Van,Residential,50,49.6,10,100.0,48.3,0
11205,Lahore,Saturday,4,Rain,High,Motorcycle,Residential,50,29.4,4,79.7,44.9,0
11206,Quetta,Sunday,16,Rain,Medium,Motorcycle,Main Road,60,28.7,9,86.5,34.0,0
11207,Quetta,Monday,7,Cloudy,High,Motorcycle,Market,50,46.6,22,85.5,57.8,0
11208,Rawalpindi,Friday,14,Rain,High,Car,Residential,50,38.6,10,79.2,40.4,0
11209,Rawalpindi,Monday,19,Clear,High,Rickshaw,Residential,50,17.5,6,92.5,39.7,0
11210,Karachi,Saturday,3,Clear,Medium,Motorcycle,Main Road,60,59.3,9,100.0,40.7,0
11211,Rawalpindi,Wednesday,1,Dust,Medium,Car,Highway,100,71.6,9,75.9,12.1,0
11212,Multan,Sunday,4,Clear,Medium,Rickshaw,Residential,50,48.6,13,91.3,35.1,0
11213,Multan,Sunday,0,Clear,Medium,Motorcycle,Market,50,39.2,17,94.8,27.8,0
11214,Rawalpindi,Sunday,4,Rain,Medium,Motorcycle,Main Road,60,23.7,14,81.8,45.9,0
11215,Multan,Thursday,5,Clear,Medium,Car,Highway,100,118.2,5,94.5,45.3,0
11216,Peshawar,Friday,1,Clear,Low,Motorcycle,Main Road,60,69.6,8,81.7,48.3,0
11217,Multan,Thursday,0,Clear,Medium,Car,School Zone,40,29.6,43,77.5,12.4,0
11218,Rawalpindi,Tuesday,3,Fog,High,Motorcycle,Residential,50,10.0,8,39.2,54.8,1
11219,Rawalpindi,Friday,6,Clear,Medium,Van,Main Road,60,48.5,10,75.1,22.2,0
11220,Multan,Monday,21,Clear,Low,Bus,Market,50,72.0,22,80.4,31.0,0
11221,Karachi,Thursday,0,Rain,Severe,Bus,Market,50,10.0,19,64.2,43.4,0
11222,Karachi,Saturday,0,Dust,Low,Car,Residential,50,25.6,7,65.0,30.6,0
11223,Islamabad,Tuesday,7,Cloudy,Severe,Rickshaw,Highway,100,81.6,8,89.0,62.9,1
11224,Rawalpindi,Friday,19,Clear,High,Rickshaw,Residential,50,22.4,8,84.3,36.6,0
11225,Rawalpindi,Sunday,15,Clear,Low,Motorcycle,Main Road,60,50.7,6,87.7,47.7,1
11226,Quetta,Saturday,20,Clear,Low,Rickshaw,Main Road,60,51.0,4,85.9,21.2,0
11227,Rawalpindi,Tuesday,12,Cloudy,Medium,Car,School Zone,40,12.1,43,100.0,32.0,0
11228,Peshawar,Monday,22,Cloudy,Severe,Rickshaw,Residential,50,10.0,9,99.0,32.9,0
11229,Multan,Sunday,23,Clear,Severe,Van,Market,50,26.8,36,78.1,39.3,0
11230,Quetta,Saturday,22,Cloudy,Low,Motorcycle,Main Road,60,72.8,12,83.5,46.5,0
11231,Rawalpindi,Friday,17,Cloudy,Medium,Car,Residential,50,51.0,12,100.0,42.2,0
11232,Peshawar,Tuesday,19,Dust,Low,Rickshaw,Residential,50,48.1,7,69.2,39.3,0
11233,Islamabad,Wednesday,9,Cloudy,Medium,Van,Residential,50,32.6,5,83.3,20.1,0
11234,Quetta,Friday,11,Cloudy,Severe,Car,School Zone,40,14.2,33,94.6,67.7,0
11235,Multan,Friday,0,Dust,Severe,Bus,Market,50,10.0,23,78.9,55.7,0
11236,Multan,Sunday,9,Clear,Medium,Rickshaw,School Zone,40,41.3,35,83.3,38.3,0
11237,Lahore,Friday,8,Clear,Low,Rickshaw,Main Road,60,48.0,9,80.4,19.9,0
11238,Rawalpindi,Sunday,2,Rain,Medium,Van,School Zone,40,10.0,28,81.4,34.5,0
11239,Quetta,Friday,18,Clear,Medium,Motorcycle,Market,50,37.4,17,100.0,11.4,0
11240,Multan,Wednesday,8,Clear,Severe,Van,Main Road,60,37.7,7,85.4,39.3,0
11241,Karachi,Saturday,9,Dust,High,Motorcycle,Highway,100,74.3,5,61.8,40.4,0
11242,Quetta,Saturday,18,Cloudy,Medium,Car,Market,50,39.6,14,88.0,27.0,0
11243,Karachi,Saturday,15,Rain,Low,Car,Market,50,21.4,27,82.9,25.8,0
11244,Rawalpindi,Monday,23,Rain,Severe,Rickshaw,Main Road,60,49.3,5,82.1,69.7,1
11245,Peshawar,Wednesday,17,Clear,High,Car,Market,50,45.6,23,82.3,49.2,1
11246,Karachi,Wednesday,13,Cloudy,Medium,Motorcycle,Main Road,60,46.8,8,91.6,25.5,0
11247,Quetta,Tuesday,2,Fog,Medium,Bus,Residential,50,35.2,6,47.8,48.9,1
11248,Quetta,Thursday,1,Clear,Low,Car,School Zone,40,47.5,35,85.6,38.4,0
11249,Multan,Saturday,0,Rain,Low,Rickshaw,Main Road,60,55.1,5,83.7,29.8,0
11250,Karachi,Thursday,17,Cloudy,Low,Rickshaw,School Zone,40,68.9,34,89.7,42.9,1
11251,Islamabad,Tuesday,23,Clear,Medium,Rickshaw,Residential,50,24.6,5,100.0,32.2,0
11252,Multan,Wednesday,8,Clear,High,Rickshaw,Main Road,60,44.1,13,100.0,41.0,0
11253,Islamabad,Tuesday,12,Clear,High,Bus,Highway,100,86.1,9,96.1,45.2,0
11254,Islamabad,Friday,1,Clear,Low,Car,Market,50,61.3,27,100.0,27.2,0
11255,Karachi,Tuesday,6,Cloudy,Low,Motorcycle,Residential,50,27.8,6,84.2,19.6,0
11256,Karachi,Tuesday,15,Fog,High,Motorcycle,Main Road,60,49.7,6,41.7,67.3,0
11257,Quetta,Sunday,20,Clear,Medium,Bus,Residential,50,69.8,10,82.0,28.6,0
11258,Rawalpindi,Friday,18,Clear,High,Motorcycle,Main Road,60,49.1,14,80.5,56.3,1
11259,Rawalpindi,Sunday,14,Cloudy,Medium,Rickshaw,Highway,100,93.5,3,90.4,48.5,0
11260,Peshawar,Thursday,21,Fog,Medium,Car,Main Road,60,41.7,5,39.7,37.2,0
11261,Karachi,Friday,10,Cloudy,Medium,Rickshaw,Highway,100,102.7,6,100.0,38.1,1
11262,Multan,Monday,0,Rain,High,Bus,Highway,100,90.8,5,89.0,67.7,0
11263,Multan,Tuesday,20,Rain,Low,Rickshaw,School Zone,40,26.2,33,68.2,44.4,0
11264,Rawalpindi,Tuesday,6,Cloudy,Severe,Motorcycle,Main Road,60,50.5,12,70.4,47.0,0
11265,Rawalpindi,Sunday,19,Clear,High,Motorcycle,Residential,50,38.4,5,78.7,58.9,0
11266,Islamabad,Thursday,7,Clear,Severe,Motorcycle,Market,50,20.6,26,90.0,59.7,1
11267,Islamabad,Sunday,9,Clear,Severe,Motorcycle,Highway,100,77.5,5,89.7,44.8,0
11268,Multan,Wednesday,4,Clear,Low,Van,Main Road,60,34.5,11,94.6,21.4,0
11269,Multan,Friday,8,Clear,Medium,Rickshaw,Highway,100,80.5,9,85.2,27.9,0
11270,Islamabad,Wednesday,0,Cloudy,Medium,Car,Main Road,60,50.6,12,87.7,24.0,0
11271,Lahore,Monday,1,Clear,Medium,Van,Residential,50,46.5,11,87.6,31.8,0
11272,Rawalpindi,Friday,18,Clear,Low,Rickshaw,Main Road,60,74.8,7,88.2,27.3,0
11273,Islamabad,Monday,13,Rain,Severe,Bus,Main Road,60,10.0,9,82.8,51.9,1
11274,Islamabad,Monday,19,Clear,Severe,Car,Highway,100,77.0,4,74.8,41.1,0
11275,Karachi,Monday,9,Clear,High,Bus,Main Road,60,51.6,12,100.0,47.8,0
11276,Multan,Saturday,8,Fog,Medium,Car,Market,50,25.4,21,50.3,33.7,0
11277,Quetta,Friday,9,Clear,High,Rickshaw,Main Road,60,51.7,6,99.6,19.7,0
11278,Islamabad,Friday,5,Clear,High,Motorcycle,Highway,100,73.4,7,80.8,55.0,0
11279,Karachi,Saturday,16,Clear,Medium,Rickshaw,Highway,100,88.3,12,85.7,17.2,0
11280,Peshawar,Thursday,5,Dust,Low,Car,Market,50,66.4,23,62.7,57.4,0
11281,Islamabad,Saturday,3,Cloudy,Low,Rickshaw,Highway,100,88.4,7,100.0,30.5,0
11282,Quetta,Tuesday,19,Clear,Medium,Motorcycle,Market,50,31.1,22,100.0,14.3,0
11283,Karachi,Wednesday,2,Cloudy,Low,Car,Residential,50,48.8,8,75.3,27.1,0
11284,Quetta,Wednesday,22,Clear,High,Van,Residential,50,34.9,7,87.1,30.7,0
11285,Islamabad,Monday,18,Clear,Low,Car,Market,50,73.8,26,77.4,26.6,0
11286,Peshawar,Friday,17,Cloudy,Severe,Motorcycle,Residential,50,22.5,9,90.1,58.3,1
11287,Islamabad,Friday,23,Clear,Severe,Motorcycle,Main Road,60,45.1,9,85.0,51.1,0
11288,Karachi,Monday,3,Clear,Medium,Car,Main Road,60,42.1,5,86.5,15.5,0
11289,Peshawar,Tuesday,7,Clear,Low,Rickshaw,Market,50,35.3,23,91.0,31.5,0
11290,Peshawar,Wednesday,16,Dust,High,Motorcycle,Residential,50,13.0,6,72.7,32.8,0
11291,Peshawar,Saturday,4,Fog,Medium,Rickshaw,School Zone,40,10.0,31,33.6,57.7,0
11292,Lahore,Thursday,12,Cloudy,Low,Motorcycle,Residential,50,21.1,10,88.5,37.7,0
11293,Karachi,Sunday,0,Dust,Medium,Motorcycle,Main Road,60,62.2,5,86.2,63.2,1
11294,Lahore,Tuesday,12,Cloudy,Severe,Car,Residential,50,29.8,8,89.1,48.3,1
11295,Quetta,Friday,3,Dust,Low,Rickshaw,Market,50,46.0,24,61.4,53.4,0
11296,Peshawar,Sunday,21,Clear,Medium,Rickshaw,Residential,50,43.0,6,100.0,8.2,0
11297,Lahore,Monday,23,Cloudy,Medium,Car,Market,50,48.2,17,85.7,56.9,1
11298,Islamabad,Wednesday,13,Dust,High,Car,Main Road,60,26.6,9,61.6,43.7,0
11299,Lahore,Sunday,2,Dust,Low,Motorcycle,Highway,100,113.7,7,60.7,59.5,0
11300,Rawalpindi,Monday,4,Clear,High,Car,School Zone,40,10.5,31,100.0,58.2,0
11301,Quetta,Friday,6,Clear,Low,Motorcycle,Main Road,60,55.1,4,91.5,32.2,0
11302,Peshawar,Monday,0,Fog,High,Van,Market,50,36.6,25,45.4,47.6,0
11303,Peshawar,Saturday,22,Cloudy,High,Bus,Main Road,60,38.2,17,83.2,38.2,0
11304,Multan,Sunday,11,Fog,Medium,Car,Main Road,60,59.7,8,49.7,58.6,1
11305,Quetta,Sunday,10,Rain,High,Motorcycle,Main Road,60,35.2,3,90.4,53.2,0
11306,Quetta,Wednesday,23,Rain,High,Car,Residential,50,24.3,11,70.6,66.0,1
11307,Karachi,Monday,7,Clear,High,Rickshaw,School Zone,40,21.3,31,88.0,44.3,0
11308,Islamabad,Wednesday,5,Clear,Medium,Motorcycle,Highway,100,85.1,5,77.3,22.3,0
11309,Multan,Sunday,21,Cloudy,High,Motorcycle,Main Road,60,52.6,11,82.2,39.6,0
11310,Quetta,Monday,1,Dust,Low,Motorcycle,Residential,50,68.2,11,59.0,47.7,0
11311,Multan,Monday,18,Rain,High,Rickshaw,Main Road,60,36.5,9,75.0,44.8,0
11312,Quetta,Wednesday,19,Clear,Medium,Rickshaw,Residential,50,58.5,10,92.1,40.7,0
11313,Multan,Saturday,19,Rain,High,Car,Market,50,31.8,22,83.6,35.3,0
11314,Karachi,Monday,23,Cloudy,Low,Rickshaw,Highway,100,104.6,2,94.8,41.1,0
11315,Quetta,Saturday,13,Dust,Low,Motorcycle,Highway,100,102.2,11,55.1,38.6,0
11316,Lahore,Tuesday,0,Clear,High,Car,Main Road,60,45.8,9,93.1,24.4,0
11317,Rawalpindi,Thursday,9,Clear,Low,Motorcycle,Market,50,51.6,22,100.0,56.3,0
11318,Rawalpindi,Tuesday,15,Clear,Low,Bus,Residential,50,36.2,6,89.3,20.4,0
11319,Rawalpindi,Thursday,3,Clear,Severe,Bus,Residential,50,13.4,10,100.0,33.7,0
11320,Quetta,Tuesday,10,Fog,Low,Motorcycle,Main Road,60,54.6,8,38.4,70.1,1
11321,Multan,Thursday,15,Clear,Medium,Car,Main Road,60,44.4,3,89.2,23.1,0
11322,Rawalpindi,Monday,19,Fog,Severe,Car,Highway,100,43.4,6,31.5,60.1,1
11323,Islamabad,Wednesday,0,Fog,Low,Rickshaw,Main Road,60,36.4,4,41.9,38.8,0
11324,Lahore,Wednesday,15,Clear,Medium,Rickshaw,School Zone,40,41.5,35,80.3,57.2,0
11325,Rawalpindi,Friday,18,Dust,High,Bus,Main Road,60,46.7,5,67.2,35.1,0
11326,Peshawar,Thursday,20,Clear,Severe,Motorcycle,Residential,50,15.7,6,78.4,40.0,0
11327,Quetta,Friday,21,Rain,High,Car,Highway,100,78.4,15,78.9,52.3,0
11328,Lahore,Saturday,8,Clear,Severe,Motorcycle,Main Road,60,10.0,6,85.6,55.1,1
11329,Islamabad,Saturday,8,Fog,Low,Car,School Zone,40,10.0,28,45.9,33.8,0
11330,Rawalpindi,Friday,8,Cloudy,Low,Car,Market,50,58.2,22,97.4,34.5,0
11331,Islamabad,Thursday,16,Dust,High,Motorcycle,Main Road,60,42.0,11,48.0,43.5,0
11332,Quetta,Wednesday,11,Cloudy,High,Rickshaw,Highway,100,88.8,10,90.0,47.9,0
11333,Rawalpindi,Thursday,12,Cloudy,High,Motorcycle,School Zone,40,10.0,37,100.0,55.1,0
11334,Peshawar,Saturday,7,Clear,High,Rickshaw,Main Road,60,46.5,8,93.7,35.4,0
11335,Lahore,Monday,15,Clear,High,Rickshaw,Highway,100,71.6,11,81.5,20.9,0
11336,Multan,Friday,17,Clear,Medium,Rickshaw,School Zone,40,33.9,36,94.2,53.6,0
11337,Peshawar,Friday,0,Dust,Severe,Car,Main Road,60,24.1,11,71.3,40.1,0
11338,Rawalpindi,Saturday,0,Clear,High,Motorcycle,Main Road,60,31.2,11,96.8,35.8,0
11339,Karachi,Thursday,11,Fog,Medium,Car,Market,50,12.8,16,50.8,31.4,0
11340,Lahore,Friday,5,Dust,Medium,Car,School Zone,40,28.4,34,61.8,52.5,0
11341,Islamabad,Wednesday,8,Clear,High,Motorcycle,Market,50,26.5,16,91.1,46.9,1
11342,Rawalpindi,Friday,22,Clear,High,Van,Residential,50,30.8,5,100.0,29.8,0
11343,Peshawar,Thursday,4,Fog,High,Car,Main Road,60,27.8,9,48.5,72.9,1
11344,Quetta,Saturday,15,Clear,High,Motorcycle,School Zone,40,10.7,32,86.9,63.1,0
11345,Multan,Wednesday,17,Clear,Medium,Van,Main Road,60,68.0,10,92.3,51.5,0
11346,Karachi,Wednesday,16,Clear,Severe,Car,Main Road,60,36.0,13,100.0,45.2,0
11347,Multan,Friday,17,Fog,High,Van,Residential,50,29.3,9,41.5,61.6,1
11348,Quetta,Thursday,0,Cloudy,Low,Car,Residential,50,58.5,8,87.5,36.7,0
11349,Rawalpindi,Friday,18,Clear,High,Motorcycle,Main Road,60,27.9,10,95.0,32.2,0
11350,Islamabad,Sunday,21,Clear,Low,Rickshaw,Main Road,60,72.5,10,71.6,46.6,0
11351,Peshawar,Monday,7,Clear,Medium,Car,Main Road,60,50.0,6,84.0,5.8,0
11352,Lahore,Saturday,2,Clear,High,Rickshaw,Main Road,60,54.4,9,82.8,62.8,0
11353,Karachi,Sunday,4,Dust,High,Car,School Zone,40,19.4,30,68.6,24.4,0
11354,Rawalpindi,Monday,22,Cloudy,High,Motorcycle,Main Road,60,43.1,13,92.7,43.0,0
11355,Rawalpindi,Wednesday,7,Rain,High,Van,Highway,100,82.8,5,90.9,54.1,1
11356,Rawalpindi,Friday,18,Clear,Medium,Rickshaw,Highway,100,79.3,8,84.5,30.5,0
11357,Rawalpindi,Monday,17,Cloudy,Medium,Motorcycle,Market,50,51.6,23,92.8,37.9,0
11358,Peshawar,Tuesday,17,Clear,High,Car,Market,50,40.1,27,75.9,34.0,0
11359,Lahore,Monday,20,Rain,Medium,Motorcycle,Residential,50,53.4,7,70.7,67.5,1
11360,Islamabad,Friday,0,Rain,Medium,Motorcycle,Market,50,37.6,16,67.7,20.1,0
11361,Karachi,Friday,14,Clear,High,Rickshaw,School Zone,40,37.0,32,86.7,78.7,1
11362,Multan,Saturday,17,Clear,Low,Van,Highway,100,90.2,8,100.0,32.0,0
11363,Rawalpindi,Monday,6,Dust,Severe,Rickshaw,Main Road,60,10.0,6,48.2,58.2,0
11364,Quetta,Friday,15,Clear,Medium,Van,Main Road,60,28.1,16,94.1,40.5,0
11365,Rawalpindi,Friday,15,Cloudy,High,Motorcycle,Main Road,60,25.4,9,79.9,54.4,0
11366,Lahore,Sunday,14,Cloudy,High,Motorcycle,Main Road,60,52.7,3,93.2,35.0,0
11367,Lahore,Saturday,5,Clear,Low,Motorcycle,School Zone,40,41.0,36,94.3,49.7,0
11368,Peshawar,Sunday,8,Cloudy,High,Rickshaw,Residential,50,37.5,4,98.9,27.4,0
11369,Peshawar,Saturday,6,Cloudy,Medium,Rickshaw,Main Road,60,64.3,8,96.8,21.3,0
11370,Quetta,Saturday,13,Cloudy,Medium,Car,Market,50,44.2,19,95.0,15.9,0
11371,Quetta,Sunday,10,Clear,High,Rickshaw,Residential,50,31.7,7,95.7,36.9,0
11372,Peshawar,Saturday,20,Dust,High,Rickshaw,Main Road,60,46.0,6,78.8,45.4,0
11373,Karachi,Tuesday,15,Clear,High,Motorcycle,Main Road,60,37.5,7,80.7,38.6,0
11374,Quetta,Wednesday,5,Clear,Severe,Car,Main Road,60,34.2,11,89.0,36.5,0
11375,Peshawar,Friday,21,Clear,Low,Motorcycle,Market,50,56.2,24,94.0,38.2,0
11376,Rawalpindi,Thursday,15,Dust,High,Bus,Highway,100,78.9,9,64.2,37.2,0
11377,Peshawar,Saturday,19,Clear,High,Car,School Zone,40,11.9,34,98.3,45.8,0
11378,Multan,Wednesday,15,Rain,High,Bus,Market,50,19.8,21,89.3,45.7,0
11379,Karachi,Saturday,11,Cloudy,Medium,Rickshaw,Market,50,43.0,17,84.0,24.5,0
11380,Peshawar,Wednesday,16,Dust,High,Car,Main Road,60,39.5,9,76.5,40.8,0
11381,Peshawar,Thursday,4,Cloudy,High,Van,Main Road,60,18.3,5,92.2,27.9,0
11382,Rawalpindi,Monday,12,Cloudy,Low,Car,Residential,50,60.1,8,84.6,35.4,0
11383,Quetta,Tuesday,7,Rain,Low,Motorcycle,Highway,100,88.8,10,89.2,41.6,0
11384,Rawalpindi,Friday,23,Cloudy,Medium,Car,Residential,50,34.5,5,95.0,21.4,0
11385,Multan,Monday,4,Dust,High,Car,Main Road,60,51.3,7,51.9,44.6,0
11386,Multan,Sunday,11,Clear,Medium,Motorcycle,School Zone,40,34.6,24,76.2,33.0,0
11387,Rawalpindi,Thursday,8,Clear,High,Motorcycle,Residential,50,30.2,5,90.4,43.1,0
11388,Peshawar,Tuesday,2,Rain,Medium,Rickshaw,Main Road,60,57.7,7,77.7,37.2,1
11389,Rawalpindi,Tuesday,2,Dust,Low,Van,Market,50,53.6,24,78.9,49.3,0
11390,Lahore,Tuesday,0,Dust,Severe,Car,Market,50,40.7,17,73.5,54.0,0
11391,Islamabad,Thursday,21,Cloudy,Medium,Motorcycle,School Zone,40,14.5,34,99.5,48.0,0
11392,Islamabad,Saturday,17,Fog,High,Rickshaw,Highway,100,93.1,9,50.7,82.3,1
11393,Rawalpindi,Saturday,23,Clear,Low,Rickshaw,Main Road,60,65.7,7,100.0,27.4,0
11394,Quetta,Sunday,11,Clear,Medium,Motorcycle,Residential,50,66.2,10,96.5,37.8,0
11395,Karachi,Saturday,8,Clear,Medium,Motorcycle,Residential,50,20.7,9,84.3,13.7,0
11396,Multan,Monday,8,Fog,High,Motorcycle,Residential,50,10.0,9,43.2,54.4,1
11397,Rawalpindi,Friday,17,Clear,Low,Van,Main Road,60,38.3,6,88.1,22.9,0
11398,Quetta,Tuesday,17,Rain,High,Car,Residential,50,27.3,12,77.1,39.2,0
11399,Rawalpindi,Sunday,6,Clear,Medium,Bus,Residential,50,26.4,6,85.3,27.7,0
11400,Peshawar,Sunday,3,Clear,Medium,Motorcycle,Main Road,60,57.9,7,90.7,54.4,0
11401,Multan,Tuesday,12,Cloudy,High,Motorcycle,Market,50,26.9,24,91.3,37.5,0
11402,Multan,Monday,16,Cloudy,Low,Motorcycle,Main Road,60,56.2,8,84.5,31.3,0
11403,Quetta,Saturday,23,Clear,Severe,Motorcycle,Main Road,60,30.3,6,79.7,43.9,0
11404,Multan,Tuesday,1,Clear,High,Motorcycle,School Zone,40,33.1,45,100.0,53.3,0
11405,Karachi,Tuesday,13,Clear,Medium,Car,Market,50,34.8,28,83.3,7.8,0
11406,Rawalpindi,Thursday,2,Cloudy,Medium,Car,Market,50,39.0,27,87.5,27.7,0
11407,Lahore,Wednesday,4,Clear,Low,Motorcycle,Residential,50,54.5,9,100.0,54.3,1
11408,Quetta,Sunday,13,Cloudy,Medium,Car,Main Road,60,38.5,6,94.1,15.3,0
11409,Islamabad,Monday,2,Clear,Medium,Rickshaw,Main Road,60,65.5,9,94.5,47.6,0
11410,Quetta,Monday,22,Cloudy,Severe,Motorcycle,Main Road,60,44.5,10,92.4,36.3,0
11411,Lahore,Saturday,6,Clear,Medium,Motorcycle,Market,50,51.9,29,87.3,42.3,0
11412,Multan,Monday,17,Clear,Medium,Motorcycle,Main Road,60,65.0,9,94.7,37.6,0
11413,Lahore,Saturday,12,Clear,High,Van,Main Road,60,48.6,9,88.1,46.4,0
11414,Multan,Thursday,22,Rain,High,Motorcycle,Main Road,60,30.0,12,77.8,62.0,1
11415,Lahore,Thursday,21,Cloudy,Low,Motorcycle,Main Road,60,69.7,12,95.7,44.8,0
11416,Karachi,Friday,9,Fog,Low,Motorcycle,Residential,50,30.5,8,47.1,61.9,1
11417,Karachi,Saturday,12,Fog,Low,Car,Highway,100,72.2,13,71.3,47.2,0
11418,Quetta,Sunday,15,Rain,Low,Car,School Zone,40,11.6,39,74.5,50.9,0
11419,Karachi,Thursday,8,Rain,Medium,Van,Residential,50,54.0,8,78.3,50.2,0
11420,Islamabad,Saturday,1,Cloudy,High,Rickshaw,Market,50,22.2,23,94.9,33.1,0
11421,Multan,Sunday,22,Cloudy,Low,Motorcycle,Main Road,60,55.3,4,91.7,43.4,0
11422,Peshawar,Sunday,4,Cloudy,High,Car,Market,50,37.6,20,85.9,31.6,0
11423,Quetta,Monday,21,Clear,Medium,Bus,Residential,50,44.4,10,86.9,29.0,0
11424,Rawalpindi,Friday,16,Clear,High,Motorcycle,Main Road,60,43.4,9,88.4,56.2,0
11425,Rawalpindi,Wednesday,22,Cloudy,Medium,Car,Residential,50,30.2,8,91.0,28.8,0
11426,Quetta,Tuesday,21,Rain,Low,Motorcycle,Residential,50,31.7,9,91.7,45.3,0
11427,Peshawar,Tuesday,3,Clear,Medium,Motorcycle,Residential,50,27.9,13,89.3,17.9,0
11428,Rawalpindi,Friday,16,Clear,Medium,Motorcycle,Market,50,50.7,32,95.7,67.0,0
11429,Quetta,Saturday,8,Clear,High,Motorcycle,Main Road,60,43.0,9,99.4,72.2,0
11430,Quetta,Saturday,19,Fog,High,Rickshaw,Highway,100,55.1,8,47.6,50.2,0
11431,Lahore,Saturday,1,Clear,Severe,Motorcycle,Residential,50,21.8,10,97.1,40.1,0
11432,Islamabad,Wednesday,23,Cloudy,Low,Car,Main Road,60,44.4,10,87.2,7.6,0
11433,Rawalpindi,Sunday,17,Fog,Severe,Motorcycle,School Zone,40,10.0,38,45.7,87.1,1
11434,Islamabad,Tuesday,20,Clear,Medium,Motorcycle,Residential,50,26.0,8,85.8,44.0,0
11435,Multan,Friday,21,Dust,Medium,Motorcycle,School Zone,40,38.6,44,53.3,54.6,0
11436,Quetta,Saturday,10,Dust,Medium,Motorcycle,Main Road,60,73.7,2,65.8,28.7,0
11437,Peshawar,Thursday,12,Clear,Low,Rickshaw,Main Road,60,54.7,7,82.0,38.0,0
11438,Quetta,Monday,7,Clear,Medium,Van,Market,50,42.3,21,98.1,28.1,0
11439,Rawalpindi,Wednesday,0,Clear,Severe,Car,School Zone,40,39.3,36,96.2,66.4,1
11440,Islamabad,Saturday,16,Clear,Low,Rickshaw,Main Road,60,65.2,7,86.6,25.7,0
11441,Lahore,Tuesday,11,Fog,Medium,Car,Highway,100,70.0,7,43.8,42.3,0
11442,Lahore,Monday,3,Clear,Low,Car,Main Road,60,63.6,7,95.7,37.9,0
11443,Quetta,Friday,20,Fog,Low,Car,Highway,100,72.5,4,36.3,49.2,0
11444,Peshawar,Saturday,12,Clear,High,Rickshaw,Market,50,38.3,26,100.0,24.0,0
11445,Multan,Tuesday,8,Fog,Medium,Van,Highway,100,85.3,11,46.5,21.4,0
11446,Karachi,Monday,6,Clear,Low,Rickshaw,Residential,50,68.6,13,95.0,27.7,0
11447,Rawalpindi,Thursday,22,Cloudy,Severe,Rickshaw,School Zone,40,10.0,26,97.9,53.8,1
11448,Quetta,Wednesday,23,Clear,Medium,Car,Main Road,60,28.9,9,98.9,21.3,0
11449,Lahore,Friday,4,Clear,Low,Rickshaw,Main Road,60,41.2,7,90.3,6.7,0
11450,Lahore,Tuesday,4,Clear,High,Car,School Zone,40,15.8,31,82.6,41.3,0
11451,Peshawar,Sunday,16,Clear,Medium,Rickshaw,Main Road,60,68.2,8,88.6,42.9,0
11452,Lahore,Thursday,8,Clear,High,Bus,Market,50,31.5,19,83.4,39.9,0
11453,Rawalpindi,Wednesday,5,Cloudy,Medium,Rickshaw,Market,50,62.3,16,100.0,46.1,0
11454,Peshawar,Wednesday,18,Clear,Medium,Motorcycle,Main Road,60,43.8,9,86.7,35.6,0
11455,Islamabad,Sunday,15,Rain,Low,Motorcycle,Main Road,60,60.7,14,84.8,55.7,1
11456,Peshawar,Thursday,20,Cloudy,High,Bus,Main Road,60,46.7,9,76.9,24.5,0
11457,Multan,Tuesday,1,Rain,Low,Car,Highway,100,103.7,7,89.9,45.5,1
11458,Rawalpindi,Wednesday,9,Dust,Severe,Rickshaw,Residential,50,10.0,5,61.1,56.0,0
11459,Multan,Friday,15,Rain,Low,Motorcycle,Residential,50,43.0,11,77.6,39.3,0
11460,Rawalpindi,Monday,4,Clear,High,Van,Market,50,11.5,24,82.0,32.1,0
11461,Islamabad,Friday,14,Clear,High,Bus,Residential,50,27.9,8,89.0,35.5,0
11462,Quetta,Saturday,12,Cloudy,Medium,Motorcycle,Residential,50,21.4,9,82.2,46.7,1
11463,Peshawar,Wednesday,12,Cloudy,Medium,Car,Market,50,31.5,23,88.0,18.3,0
11464,Rawalpindi,Monday,12,Clear,High,Motorcycle,Residential,50,23.0,5,95.5,38.5,0
11465,Rawalpindi,Thursday,14,Cloudy,Medium,Motorcycle,Main Road,60,61.5,8,92.3,43.2,0
11466,Islamabad,Monday,13,Clear,High,Van,Highway,100,99.9,4,89.4,59.7,0
11467,Karachi,Monday,7,Clear,Medium,Rickshaw,Main Road,60,68.6,8,94.5,40.7,0
11468,Peshawar,Sunday,10,Rain,Medium,Motorcycle,School Zone,40,23.8,37,75.3,43.2,1
11469,Rawalpindi,Monday,17,Clear,Low,Motorcycle,Market,50,57.9,19,94.6,51.1,0
11470,Lahore,Wednesday,23,Clear,Low,Bus,Main Road,60,52.8,9,88.1,19.2,0
11471,Islamabad,Sunday,3,Clear,Medium,Rickshaw,Main Road,60,42.7,7,96.4,47.3,1
11472,Karachi,Sunday,9,Clear,Medium,Bus,Main Road,60,53.0,8,100.0,11.6,0
11473,Karachi,Saturday,0,Clear,Severe,Car,Highway,100,90.3,6,88.7,61.0,1
11474,Islamabad,Saturday,4,Clear,Medium,Van,Highway,100,74.1,10,92.0,25.8,0
11475,Karachi,Sunday,12,Clear,Medium,Rickshaw,Main Road,60,66.1,7,86.6,28.6,0
11476,Rawalpindi,Sunday,0,Clear,High,Car,Market,50,18.6,22,92.2,44.5,0
11477,Karachi,Tuesday,22,Clear,Low,Car,School Zone,40,20.1,35,97.2,35.3,0
11478,Peshawar,Saturday,7,Clear,High,Motorcycle,Highway,100,82.3,8,100.0,47.1,1
11479,Lahore,Wednesday,2,Clear,Medium,Van,Market,50,55.0,22,96.4,58.1,0
11480,Rawalpindi,Tuesday,2,Rain,Severe,Car,Main Road,60,28.7,7,73.9,43.8,0
11481,Islamabad,Thursday,6,Cloudy,Medium,Bus,School Zone,40,10.0,30,90.5,14.9,0
11482,Lahore,Thursday,3,Cloudy,Medium,Bus,School Zone,40,25.1,39,93.9,21.5,0
11483,Quetta,Thursday,2,Cloudy,High,Motorcycle,Residential,50,29.7,9,86.3,36.4,0
11484,Rawalpindi,Thursday,14,Clear,Medium,Motorcycle,Residential,50,45.1,16,88.9,63.9,0
11485,Lahore,Thursday,7,Fog,High,Bus,Main Road,60,29.4,10,36.5,67.7,1
11486,Karachi,Friday,2,Clear,Medium,Van,Market,50,43.3,26,88.4,14.2,0
11487,Quetta,Sunday,6,Clear,Medium,Rickshaw,Main Road,60,56.0,7,86.6,32.7,0
11488,Islamabad,Wednesday,17,Clear,Medium,Car,School Zone,40,21.9,34,100.0,52.6,0
11489,Islamabad,Tuesday,10,Dust,Low,Motorcycle,School Zone,40,25.4,39,64.5,35.6,0
11490,Peshawar,Thursday,10,Dust,Low,Van,Main Road,60,72.9,7,65.6,34.6,0
11491,Karachi,Friday,16,Dust,High,Car,Highway,100,61.0,16,69.4,38.9,0
11492,Peshawar,Saturday,5,Clear,High,Motorcycle,Residential,50,13.2,10,83.8,40.5,0
11493,Peshawar,Friday,7,Dust,Severe,Motorcycle,Highway,100,70.1,9,62.4,73.0,1
11494,Karachi,Friday,0,Clear,Medium,Van,Main Road,60,23.4,6,86.7,29.8,0
11495,Rawalpindi,Wednesday,9,Cloudy,Medium,Rickshaw,Residential,50,52.9,11,82.2,51.9,0
11496,Quetta,Thursday,18,Fog,Low,Motorcycle,Residential,50,37.2,6,36.3,35.8,0
11497,Multan,Friday,2,Rain,High,Motorcycle,Main Road,60,16.1,7,71.4,55.1,0
11498,Peshawar,Sunday,3,Clear,Medium,Van,Main Road,60,53.2,6,80.0,29.4,0
11499,Lahore,Friday,10,Rain,Medium,Motorcycle,Market,50,44.3,23,84.5,46.4,0
11500,Quetta,Thursday,14,Clear,Medium,Car,Main Road,60,49.9,7,78.7,7.6,0
11501,Rawalpindi,Wednesday,0,Clear,Medium,Car,Market,50,31.3,18,87.6,26.0,0
11502,Karachi,Friday,8,Rain,High,Motorcycle,Residential,50,22.5,12,96.5,73.5,1
11503,Islamabad,Tuesday,10,Clear,High,Motorcycle,Main Road,60,26.5,6,70.2,55.2,0
11504,Rawalpindi,Monday,18,Clear,Severe,Van,Highway,100,65.2,4,100.0,48.9,0
11505,Peshawar,Saturday,12,Cloudy,Medium,Bus,Residential,50,65.0,14,91.5,31.7,0
11506,Lahore,Monday,15,Cloudy,Medium,Car,Main Road,60,56.6,8,83.8,45.8,0
11507,Quetta,Monday,3,Clear,Low,Rickshaw,Highway,100,94.8,12,88.3,25.3,0
11508,Karachi,Wednesday,0,Clear,Medium,Rickshaw,Main Road,60,56.5,7,78.8,58.5,0
11509,Islamabad,Friday,19,Dust,Severe,Motorcycle,Highway,100,82.5,6,54.7,46.0,0
11510,Quetta,Monday,12,Clear,Medium,Car,Market,50,35.3,18,98.2,19.9,0
11511,Lahore,Monday,0,Cloudy,High,Car,School Zone,40,10.0,26,92.3,38.3,1
11512,Multan,Saturday,4,Fog,Severe,Car,Residential,50,10.0,4,44.7,65.9,0
11513,Islamabad,Thursday,4,Cloudy,Low,Car,Main Road,60,52.7,5,100.0,2.7,0
11514,Karachi,Sunday,13,Clear,Medium,Car,Main Road,60,50.9,8,91.8,12.7,0
11515,Quetta,Sunday,22,Clear,Medium,Car,Highway,100,85.0,9,89.2,15.3,0
11516,Rawalpindi,Friday,13,Cloudy,Low,Motorcycle,Highway,100,110.3,3,86.5,64.9,0
11517,Peshawar,Friday,7,Rain,Low,Motorcycle,Main Road,60,43.4,7,83.5,45.4,0
11518,Karachi,Saturday,3,Cloudy,Medium,Car,School Zone,40,29.6,39,92.8,26.0,0
11519,Lahore,Thursday,6,Clear,Medium,Van,School Zone,40,27.5,38,89.3,21.0,0
11520,Rawalpindi,Friday,19,Clear,High,Rickshaw,Residential,50,21.0,10,83.8,40.9,0
11521,Quetta,Sunday,18,Clear,High,Motorcycle,Main Road,60,56.5,6,93.3,62.0,1
11522,Islamabad,Sunday,14,Rain,Medium,Car,Main Road,60,46.8,11,80.8,41.9,0
11523,Rawalpindi,Tuesday,21,Cloudy,Low,Motorcycle,School Zone,40,33.9,36,84.1,46.7,0
11524,Rawalpindi,Saturday,3,Clear,Low,Rickshaw,Market,50,44.3,32,98.7,39.4,0
11525,Lahore,Wednesday,18,Rain,Medium,Van,School Zone,40,39.0,39,66.4,56.3,1
11526,Peshawar,Thursday,8,Cloudy,Severe,Car,Main Road,60,39.6,11,100.0,57.7,0
11527,Multan,Saturday,20,Dust,Severe,Motorcycle,School Zone,40,12.7,33,70.6,58.8,1
11528,Rawalpindi,Monday,12,Clear,Low,Van,Market,50,40.9,18,89.1,30.2,0
11529,Rawalpindi,Friday,13,Clear,Low,Rickshaw,Main Road,60,51.3,8,83.8,2.7,0
11530,Peshawar,Tuesday,22,Clear,Medium,Rickshaw,Residential,50,25.0,12,88.2,8.0,0
11531,Peshawar,Sunday,13,Rain,Medium,Motorcycle,Highway,100,74.0,10,69.0,36.2,0
11532,Islamabad,Tuesday,21,Rain,High,Car,Main Road,60,10.0,8,71.8,28.2,0
11533,Quetta,Wednesday,9,Rain,High,Motorcycle,Market,50,26.6,33,74.3,62.7,1
11534,Islamabad,Saturday,15,Clear,Severe,Motorcycle,Market,50,10.0,20,91.3,45.5,0
11535,Peshawar,Tuesday,4,Cloudy,High,Motorcycle,Residential,50,49.3,6,87.5,59.7,1
11536,Multan,Saturday,22,Clear,Medium,Van,Market,50,35.7,16,100.0,33.7,1
11537,Karachi,Friday,5,Dust,Low,Motorcycle,Highway,100,98.8,3,51.0,63.5,1
11538,Peshawar,Friday,1,Clear,Low,Car,School Zone,40,42.0,27,98.3,38.8,0
11539,Islamabad,Sunday,12,Clear,High,Van,Market,50,33.0,18,100.0,40.9,0
11540,Lahore,Tuesday,12,Clear,Medium,Motorcycle,Market,50,42.8,19,97.2,33.9,0
11541,Lahore,Friday,18,Clear,Low,Rickshaw,Residential,50,46.1,5,89.2,20.4,0
11542,Quetta,Saturday,17,Clear,Low,Car,Residential,50,51.9,10,90.7,36.3,0
11543,Rawalpindi,Sunday,18,Clear,Low,Motorcycle,School Zone,40,29.4,30,87.7,32.1,0
11544,Multan,Friday,0,Clear,Medium,Car,Main Road,60,67.3,10,100.0,30.1,0
11545,Lahore,Sunday,7,Clear,High,Motorcycle,Main Road,60,37.7,3,87.7,45.8,1
11546,Islamabad,Monday,21,Rain,High,Motorcycle,Main Road,60,29.6,9,79.0,44.6,0
11547,Lahore,Saturday,15,Clear,Medium,Car,Main Road,60,53.9,10,87.8,45.1,0
11548,Multan,Sunday,1,Dust,Low,Bus,Market,50,43.8,25,55.2,30.8,0
11549,Multan,Thursday,7,Dust,High,Motorcycle,School Zone,40,41.2,33,66.9,91.0,1
11550,Karachi,Friday,5,Clear,Medium,Car,Main Road,60,52.9,6,81.1,10.5,0
11551,Peshawar,Friday,15,Clear,High,Rickshaw,Main Road,60,46.8,7,82.7,29.8,0
11552,Peshawar,Saturday,22,Clear,Low,Bus,School Zone,40,30.5,39,99.3,24.9,1
11553,Islamabad,Wednesday,10,Cloudy,High,Car,Residential,50,25.5,7,88.0,0.1,0
11554,Rawalpindi,Thursday,16,Cloudy,High,Car,School Zone,40,16.3,31,98.4,56.5,0
11555,Multan,Sunday,22,Clear,Severe,Bus,School Zone,40,10.0,38,78.8,66.4,1
11556,Peshawar,Thursday,18,Clear,Medium,Motorcycle,School Zone,40,54.0,28,99.3,34.2,0
11557,Lahore,Sunday,10,Cloudy,Medium,Car,Residential,50,37.2,2,90.3,26.7,0
11558,Multan,Thursday,7,Clear,Low,Van,Residential,50,34.2,3,83.1,18.3,0
11559,Karachi,Tuesday,21,Fog,Low,Bus,Highway,100,85.9,7,43.0,49.8,0
11560,Rawalpindi,Monday,3,Clear,Low,Car,Market,50,51.2,27,86.5,36.4,0
11561,Rawalpindi,Monday,10,Clear,Low,Car,Market,50,49.9,18,95.2,42.9,0
11562,Rawalpindi,Wednesday,7,Clear,Low,Motorcycle,Residential,50,51.8,10,100.0,57.2,1
11563,Peshawar,Thursday,8,Cloudy,Severe,Car,Residential,50,20.5,5,74.9,34.8,0
11564,Quetta,Thursday,1,Clear,Medium,Rickshaw,Main Road,60,56.5,7,77.6,43.7,0
11565,Rawalpindi,Friday,15,Clear,High,Car,Market,50,10.0,26,100.0,28.5,0
11566,Islamabad,Sunday,5,Clear,Medium,Motorcycle,Main Road,60,52.9,7,97.5,21.5,0
11567,Lahore,Saturday,20,Clear,Low,Car,Residential,50,40.3,9,97.6,6.0,0
11568,Quetta,Tuesday,20,Cloudy,Medium,Motorcycle,Market,50,43.9,20,82.0,26.3,0
11569,Karachi,Tuesday,18,Clear,High,Car,Market,50,33.1,22,100.0,46.9,0
11570,Lahore,Wednesday,7,Rain,Medium,Motorcycle,Market,50,24.8,18,77.0,37.9,0
11571,Islamabad,Monday,13,Clear,Low,Motorcycle,Market,50,46.6,22,91.2,43.0,0
11572,Islamabad,Thursday,23,Clear,Low,Rickshaw,Residential,50,49.3,8,88.3,43.4,0
11573,Multan,Saturday,15,Cloudy,High,Rickshaw,Market,50,34.9,26,83.0,51.7,0
11574,Quetta,Wednesday,11,Cloudy,Medium,Car,Main Road,60,49.4,9,92.8,5.0,0
11575,Lahore,Sunday,4,Cloudy,Medium,Rickshaw,Residential,50,40.6,8,100.0,20.5,0
11576,Peshawar,Tuesday,23,Clear,Medium,Van,Market,50,50.9,23,90.2,47.7,0
11577,Multan,Tuesday,23,Fog,High,Car,Residential,50,14.3,12,47.7,41.5,0
11578,Islamabad,Tuesday,18,Clear,Low,Van,Main Road,60,52.5,10,98.3,23.6,0
11579,Rawalpindi,Thursday,17,Clear,High,Motorcycle,Market,50,19.0,17,96.7,42.2,0
11580,Karachi,Thursday,8,Clear,Medium,Van,Residential,50,37.1,8,100.0,22.7,0
11581,Karachi,Thursday,1,Clear,Severe,Rickshaw,Main Road,60,33.0,3,83.1,44.7,0
11582,Islamabad,Friday,19,Cloudy,High,Motorcycle,School Zone,40,35.1,37,88.6,57.8,0
11583,Rawalpindi,Monday,11,Clear,High,Motorcycle,School Zone,40,28.1,43,90.6,54.5,1
11584,Lahore,Sunday,1,Fog,Low,Bus,Main Road,60,42.8,19,35.7,34.4,0
11585,Karachi,Tuesday,9,Clear,Medium,Motorcycle,Market,50,50.5,23,96.3,52.4,0
11586,Rawalpindi,Tuesday,0,Cloudy,High,Car,Residential,50,58.3,9,95.4,63.1,1
11587,Rawalpindi,Friday,3,Rain,High,Car,Main Road,60,23.1,9,98.7,40.1,0
11588,Peshawar,Tuesday,11,Dust,High,Motorcycle,Market,50,31.8,23,62.5,57.4,0
11589,Islamabad,Sunday,8,Clear,Medium,Motorcycle,Residential,50,44.0,9,91.4,46.1,0
11590,Rawalpindi,Tuesday,3,Fog,Medium,Car,School Zone,40,26.3,35,38.5,59.8,1
11591,Multan,Thursday,8,Dust,Medium,Motorcycle,Market,50,39.6,23,69.0,49.8,0
11592,Lahore,Thursday,5,Fog,Medium,Motorcycle,Residential,50,30.5,9,54.9,37.1,0
11593,Karachi,Monday,0,Dust,Low,Rickshaw,Residential,50,55.5,8,57.7,33.7,0
11594,Multan,Sunday,9,Dust,Medium,Car,Main Road,60,38.8,7,65.9,24.9,0
11595,Peshawar,Sunday,13,Cloudy,Low,Car,Main Road,60,75.3,4,86.2,26.2,0
11596,Lahore,Tuesday,21,Dust,High,Motorcycle,Main Road,60,63.8,7,64.3,75.1,1
11597,Karachi,Wednesday,17,Cloudy,High,Car,Main Road,60,30.2,4,90.6,44.0,0
11598,Islamabad,Tuesday,5,Cloudy,Medium,Car,Main Road,60,49.2,8,95.7,36.0,0
11599,Lahore,Tuesday,17,Cloudy,High,Car,Main Road,60,51.0,5,85.2,28.9,0
11600,Karachi,Monday,19,Fog,High,Car,Highway,100,79.5,11,43.2,41.6,0
11601,Peshawar,Wednesday,15,Clear,High,Rickshaw,Residential,50,32.1,9,88.4,44.9,0
11602,Multan,Tuesday,14,Rain,Low,Bus,Highway,100,88.7,7,74.4,39.7,0
11603,Karachi,Saturday,15,Clear,Severe,Car,Main Road,60,20.2,7,100.0,45.0,0
11604,Rawalpindi,Saturday,7,Clear,High,Car,Highway,100,74.9,10,100.0,42.1,0
11605,Peshawar,Sunday,12,Clear,High,Motorcycle,Main Road,60,46.4,12,99.9,28.6,0
11606,Lahore,Sunday,22,Clear,Medium,Motorcycle,Residential,50,42.1,4,100.0,0.0,0
11607,Quetta,Wednesday,10,Fog,Low,Rickshaw,Residential,50,31.9,5,44.4,34.7,0
11608,Islamabad,Saturday,6,Clear,Severe,Rickshaw,Main Road,60,13.8,6,100.0,44.7,0
11609,Multan,Thursday,16,Cloudy,Severe,Car,Main Road,60,29.2,9,92.8,43.0,0
11610,Peshawar,Thursday,17,Clear,High,Rickshaw,Market,50,28.5,27,92.9,28.2,0
11611,Multan,Wednesday,21,Fog,Severe,Rickshaw,Main Road,60,25.9,12,41.4,70.8,1
11612,Peshawar,Tuesday,22,Dust,Low,Rickshaw,Highway,100,101.4,9,61.8,34.5,0
11613,Peshawar,Sunday,18,Clear,Low,Rickshaw,Main Road,60,55.7,10,86.3,29.9,0
11614,Karachi,Wednesday,12,Clear,High,Rickshaw,School Zone,40,21.6,39,84.0,51.9,1
11615,Rawalpindi,Saturday,14,Clear,Low,Rickshaw,Highway,100,99.7,7,89.8,44.9,0
11616,Quetta,Wednesday,22,Clear,Low,Car,Residential,50,65.5,8,90.7,36.0,0
11617,Islamabad,Saturday,21,Clear,High,Bus,Main Road,60,40.2,9,84.4,48.5,0
11618,Multan,Sunday,21,Fog,Medium,Motorcycle,Highway,100,64.6,9,37.0,21.0,0
11619,Islamabad,Thursday,0,Rain,Medium,Rickshaw,Market,50,17.4,24,77.3,35.3,1
11620,Rawalpindi,Wednesday,15,Clear,Medium,Rickshaw,Residential,50,26.2,11,92.0,24.3,0
11621,Karachi,Sunday,4,Fog,High,Motorcycle,Main Road,60,45.0,7,33.0,63.3,1
11622,Karachi,Sunday,2,Clear,High,Motorcycle,Market,50,20.0,26,77.2,33.7,0
11623,Rawalpindi,Friday,22,Clear,High,Motorcycle,Residential,50,22.2,8,89.0,52.2,0
11624,Multan,Saturday,9,Cloudy,Severe,Motorcycle,Residential,50,10.0,4,90.3,38.4,0
11625,Rawalpindi,Friday,18,Clear,Medium,Car,Highway,100,86.9,13,100.0,37.5,0
11626,Lahore,Thursday,4,Clear,Low,Car,School Zone,40,35.9,37,76.5,24.4,0
11627,Karachi,Sunday,6,Clear,Medium,Motorcycle,School Zone,40,28.7,35,88.0,31.2,0
11628,Multan,Sunday,13,Rain,Low,Motorcycle,School Zone,40,10.0,34,71.9,50.1,0
11629,Peshawar,Tuesday,2,Fog,Low,Motorcycle,Highway,100,90.0,8,43.1,47.2,0
11630,Islamabad,Saturday,12,Cloudy,Medium,Car,Residential,50,28.5,8,94.5,32.9,0
11631,Karachi,Tuesday,12,Cloudy,Medium,Car,Main Road,60,56.4,7,95.6,33.0,0
11632,Rawalpindi,Thursday,9,Cloudy,Medium,Car,Market,50,42.2,17,77.4,5.2,0
11633,Peshawar,Tuesday,1,Clear,Low,Bus,Residential,50,51.5,12,89.4,46.3,0
11634,Lahore,Sunday,5,Dust,Medium,Motorcycle,Market,50,50.9,29,71.4,49.0,0
11635,Quetta,Saturday,7,Cloudy,Medium,Bus,Main Road,60,39.4,8,80.9,13.5,0
11636,Lahore,Monday,3,Clear,Medium,Rickshaw,Highway,100,74.4,12,83.3,32.7,0
11637,Peshawar,Saturday,11,Clear,Low,Car,Main Road,60,45.0,5,80.6,25.3,0
11638,Multan,Saturday,14,Fog,Medium,Car,Highway,100,76.9,10,32.3,50.9,0
11639,Multan,Friday,7,Clear,Medium,Motorcycle,School Zone,40,15.2,32,89.3,31.8,0
11640,Peshawar,Monday,6,Fog,Low,Van,School Zone,40,42.6,49,37.6,84.4,1
11641,Multan,Monday,13,Clear,Medium,Rickshaw,Residential,50,25.7,7,82.4,38.7,0
11642,Rawalpindi,Monday,22,Cloudy,High,Motorcycle,Residential,50,17.2,5,94.0,33.8,0
11643,Multan,Saturday,18,Clear,Low,Motorcycle,Highway,100,87.5,5,82.8,19.6,0
11644,Quetta,Thursday,13,Dust,Low,Motorcycle,Market,50,42.8,19,73.2,22.5,0
11645,Rawalpindi,Monday,21,Cloudy,Medium,Motorcycle,Residential,50,30.6,10,85.3,43.2,0
11646,Islamabad,Wednesday,12,Clear,High,Rickshaw,School Zone,40,18.7,39,96.5,59.7,0
11647,Multan,Tuesday,20,Clear,Severe,Car,Residential,50,17.1,7,82.6,41.4,0
11648,Quetta,Thursday,0,Clear,Low,Van,Main Road,60,60.8,9,92.0,47.2,1
11649,Quetta,Wednesday,18,Dust,Low,Motorcycle,Market,50,51.5,20,78.2,50.1,0
11650,Islamabad,Saturday,0,Rain,Low,Rickshaw,Residential,50,51.9,4,67.7,48.9,1
11651,Lahore,Saturday,3,Dust,Medium,Motorcycle,Main Road,60,68.4,7,67.6,64.6,1
11652,Peshawar,Wednesday,9,Clear,Medium,Car,Main Road,60,26.9,13,95.7,26.1,0
11653,Lahore,Friday,2,Cloudy,Severe,Car,Residential,50,29.9,8,98.8,34.6,0
11654,Multan,Friday,19,Fog,Severe,Rickshaw,School Zone,40,10.0,45,41.3,63.5,0
11655,Multan,Wednesday,8,Rain,Medium,Bus,Main Road,60,29.0,8,70.6,13.7,0
11656,Rawalpindi,Friday,2,Clear,Medium,Motorcycle,Residential,50,11.3,8,96.1,13.0,0
11657,Karachi,Tuesday,5,Cloudy,Medium,Van,Residential,50,26.4,7,76.6,12.9,0
11658,Multan,Tuesday,5,Rain,Medium,Rickshaw,School Zone,40,17.2,34,65.0,58.6,1
11659,Multan,Saturday,22,Cloudy,High,Car,Residential,50,41.2,9,88.9,48.3,0
11660,Rawalpindi,Friday,11,Clear,Medium,Rickshaw,Main Road,60,33.6,8,97.7,40.1,0
11661,Karachi,Monday,22,Clear,Medium,Van,Residential,50,40.4,7,99.7,12.4,0
11662,Peshawar,Wednesday,0,Fog,High,Rickshaw,Main Road,60,50.1,14,35.6,52.0,1
11663,Peshawar,Tuesday,15,Clear,Medium,Car,Residential,50,45.5,5,94.5,32.3,0
11664,Quetta,Sunday,23,Clear,Medium,Car,Highway,100,79.5,6,93.7,23.1,0
11665,Peshawar,Friday,4,Rain,High,Motorcycle,Market,50,32.8,20,82.8,54.2,0
11666,Islamabad,Sunday,8,Cloudy,Medium,Motorcycle,Main Road,60,41.6,11,89.0,29.7,0
11667,Islamabad,Friday,9,Fog,Medium,Van,Residential,50,41.1,13,59.3,34.4,0
11668,Karachi,Tuesday,12,Clear,Severe,Rickshaw,Highway,100,81.3,5,99.4,39.3,0
11669,Lahore,Tuesday,14,Rain,High,Motorcycle,Market,50,14.1,22,71.4,42.8,0
11670,Quetta,Monday,11,Clear,Medium,Car,Residential,50,49.6,7,100.0,42.8,0
11671,Lahore,Friday,4,Clear,Medium,Motorcycle,Residential,50,32.1,10,91.9,41.5,0
11672,Karachi,Friday,4,Clear,Medium,Motorcycle,Residential,50,62.0,11,79.4,46.7,1
11673,Islamabad,Thursday,17,Cloudy,Low,Car,Main Road,60,65.1,8,91.7,63.5,1
11674,Rawalpindi,Saturday,11,Cloudy,Medium,Motorcycle,Highway,100,82.0,6,84.3,25.0,1
11675,Multan,Monday,2,Clear,High,Motorcycle,Highway,100,57.6,7,100.0,45.9,0
11676,Quetta,Tuesday,6,Clear,Medium,Van,Market,50,27.4,20,84.9,19.7,0
11677,Karachi,Sunday,16,Cloudy,Medium,Motorcycle,School Zone,40,32.9,33,92.7,36.6,0
11678,Lahore,Tuesday,18,Clear,Low,Car,Market,50,37.0,21,100.0,26.1,0
11679,Karachi,Wednesday,17,Clear,Medium,Car,Main Road,60,51.5,5,93.6,23.0,0
11680,Karachi,Saturday,0,Cloudy,Severe,Car,Residential,50,10.0,13,82.4,49.1,0
11681,Peshawar,Tuesday,23,Clear,Medium,Bus,Residential,50,30.2,8,72.3,15.4,0
11682,Islamabad,Friday,4,Clear,Medium,Motorcycle,Main Road,60,23.7,10,79.1,19.4,0
11683,Quetta,Tuesday,1,Cloudy,Low,Rickshaw,Residential,50,40.1,13,88.4,33.6,0
11684,Peshawar,Friday,0,Clear,Low,Car,Residential,50,55.8,7,92.6,56.8,0
11685,Islamabad,Friday,6,Dust,Medium,Car,Main Road,60,48.3,8,73.0,36.5,0
11686,Karachi,Monday,10,Cloudy,High,Car,Residential,50,40.8,7,94.1,27.0,0
11687,Islamabad,Tuesday,10,Clear,High,Car,Highway,100,92.8,14,91.4,55.9,0
11688,Lahore,Monday,17,Cloudy,Medium,Motorcycle,Residential,50,43.5,12,73.1,42.5,1
11689,Quetta,Sunday,16,Clear,Medium,Car,Main Road,60,50.0,10,88.6,25.5,0
11690,Peshawar,Sunday,1,Rain,Low,Car,Market,50,46.3,12,63.4,67.0,1
11691,Quetta,Saturday,6,Rain,High,Car,Highway,100,93.6,5,92.3,66.0,1
11692,Karachi,Friday,6,Fog,Medium,Motorcycle,Residential,50,47.0,6,46.5,71.2,1
11693,Lahore,Sunday,9,Fog,Low,Motorcycle,Main Road,60,42.3,15,40.8,50.4,0
11694,Islamabad,Saturday,21,Cloudy,Low,Rickshaw,School Zone,40,55.9,34,91.8,54.0,0
11695,Multan,Tuesday,20,Cloudy,Medium,Car,Market,50,33.3,20,73.3,33.0,0
11696,Islamabad,Saturday,2,Clear,Low,Rickshaw,School Zone,40,21.5,36,94.6,64.0,0
11697,Lahore,Saturday,11,Dust,Severe,Motorcycle,Market,50,27.1,22,58.3,71.6,0
11698,Multan,Tuesday,2,Clear,Medium,Bus,Main Road,60,55.2,4,75.9,47.7,1
11699,Islamabad,Monday,10,Cloudy,Severe,Motorcycle,Residential,50,12.5,9,95.4,41.9,0
11700,Peshawar,Monday,11,Clear,High,Bus,Main Road,60,45.3,10,100.0,28.3,0
11701,Rawalpindi,Friday,3,Clear,High,Motorcycle,Residential,50,41.9,8,91.2,30.6,0
11702,Islamabad,Friday,15,Clear,Medium,Motorcycle,Highway,100,96.0,10,87.8,46.3,0
11703,Karachi,Tuesday,19,Clear,Low,Motorcycle,Market,50,53.9,17,100.0,53.8,0
11704,Islamabad,Tuesday,17,Clear,High,Car,Residential,50,23.4,13,92.6,29.1,0
11705,Quetta,Thursday,3,Clear,Medium,Car,Highway,100,101.0,6,78.9,31.4,0
11706,Karachi,Thursday,21,Clear,Severe,Motorcycle,Main Road,60,21.2,9,93.4,68.1,1
11707,Islamabad,Wednesday,5,Clear,Low,Car,Residential,50,39.7,4,93.6,33.2,0
11708,Islamabad,Sunday,20,Clear,High,Motorcycle,Market,50,43.1,23,77.5,37.1,0
11709,Karachi,Friday,14,Cloudy,High,Rickshaw,School Zone,40,10.0,46,85.0,49.5,0
11710,Peshawar,Saturday,0,Dust,Medium,Van,Main Road,60,78.1,2,69.7,46.1,0
11711,Multan,Sunday,2,Cloudy,Severe,Rickshaw,Market,50,32.2,25,95.8,48.2,0
11712,Multan,Wednesday,4,Clear,Low,Van,Main Road,60,76.4,7,85.6,42.5,0
11713,Rawalpindi,Sunday,21,Clear,Medium,Rickshaw,Market,50,26.5,19,95.5,10.4,0
11714,Rawalpindi,Wednesday,16,Clear,High,Rickshaw,Market,50,26.3,29,72.4,29.2,0
11715,Multan,Monday,13,Fog,Low,Motorcycle,Highway,100,91.5,14,29.2,75.4,1
11716,Peshawar,Saturday,8,Clear,Low,Motorcycle,Residential,50,40.4,12,98.0,24.2,0
11717,Islamabad,Monday,2,Rain,Low,Rickshaw,Market,50,42.4,18,84.1,27.3,0
11718,Rawalpindi,Thursday,12,Clear,Medium,Car,Main Road,60,24.2,4,80.3,19.3,0
11719,Peshawar,Wednesday,2,Clear,Low,Van,Main Road,60,45.8,9,95.6,7.7,0
11720,Peshawar,Sunday,10,Rain,Low,Rickshaw,Highway,100,73.8,15,80.9,21.7,0
11721,Rawalpindi,Thursday,1,Clear,Medium,Rickshaw,School Zone,40,44.8,28,90.7,33.5,0
11722,Multan,Saturday,23,Clear,Low,Motorcycle,Main Road,60,35.8,9,87.7,41.9,1
11723,Karachi,Saturday,14,Dust,Severe,Motorcycle,Main Road,60,39.7,4,50.8,69.3,1
11724,Lahore,Friday,12,Clear,High,Bus,Main Road,60,62.3,4,97.7,58.2,0
11725,Multan,Tuesday,18,Cloudy,Low,Car,Residential,50,55.5,10,100.0,34.7,0
11726,Karachi,Monday,21,Clear,High,Van,Main Road,60,30.2,7,86.6,27.1,0
11727,Multan,Friday,15,Fog,High,Rickshaw,School Zone,40,12.1,36,39.0,66.8,1
11728,Islamabad,Sunday,17,Rain,Low,Van,Residential,50,39.8,5,77.7,35.6,0
11729,Karachi,Friday,6,Clear,High,Car,Main Road,60,53.6,9,97.0,41.5,0
11730,Quetta,Sunday,12,Fog,High,Car,Highway,100,68.4,7,49.3,62.4,1
11731,Lahore,Monday,3,Clear,High,Rickshaw,Market,50,26.5,23,86.8,28.9,0
11732,Multan,Monday,8,Clear,High,Car,School Zone,40,22.7,36,96.4,53.8,0
11733,Lahore,Saturday,9,Cloudy,High,Van,School Zone,40,23.3,32,80.0,50.4,0
11734,Peshawar,Saturday,8,Rain,Low,Motorcycle,Highway,100,91.7,12,83.1,66.1,1
11735,Quetta,Wednesday,6,Rain,Medium,Car,Market,50,34.0,18,79.2,30.1,0
11736,Islamabad,Thursday,14,Cloudy,Medium,Rickshaw,Main Road,60,36.1,6,81.9,26.7,0
11737,Peshawar,Saturday,7,Clear,Low,Motorcycle,Residential,50,36.2,5,97.6,33.6,0
11738,Karachi,Friday,18,Fog,Medium,Car,Residential,50,13.4,13,43.8,34.4,0
11739,Karachi,Wednesday,10,Dust,Medium,Motorcycle,School Zone,40,36.6,37,40.1,65.0,1
11740,Rawalpindi,Sunday,4,Cloudy,Low,Motorcycle,Main Road,60,75.0,3,78.0,58.8,1
11741,Peshawar,Wednesday,1,Clear,Low,Motorcycle,Residential,50,57.0,7,84.3,47.1,0
11742,Quetta,Friday,9,Rain,Low,Rickshaw,Market,50,48.2,25,69.4,48.9,0
11743,Peshawar,Saturday,15,Rain,High,Bus,Residential,50,40.7,14,70.4,54.8,1
11744,Peshawar,Sunday,22,Fog,Medium,Car,Main Road,60,36.8,4,49.9,37.3,0
11745,Peshawar,Friday,12,Clear,Medium,Bus,School Zone,40,25.8,41,85.5,39.1,0
11746,Lahore,Tuesday,7,Rain,Low,Car,Highway,100,106.5,8,71.2,55.1,0
11747,Rawalpindi,Saturday,8,Fog,High,Car,Main Road,60,45.6,12,39.6,41.3,0
11748,Multan,Thursday,10,Clear,High,Car,Residential,50,37.1,9,90.3,21.7,0
11749,Islamabad,Sunday,10,Rain,Medium,Bus,Highway,100,68.8,7,88.4,37.3,0
11750,Islamabad,Friday,22,Fog,Low,Rickshaw,School Zone,40,50.3,28,29.2,53.0,0
11751,Islamabad,Saturday,15,Cloudy,High,Rickshaw,Main Road,60,31.6,9,92.4,26.7,0
11752,Lahore,Monday,9,Cloudy,Severe,Bus,Market,50,19.4,27,85.0,61.5,0
11753,Rawalpindi,Tuesday,23,Clear,Low,Car,Highway,100,120.0,17,88.6,45.1,0
11754,Quetta,Sunday,11,Cloudy,High,Motorcycle,Main Road,60,48.2,15,80.8,42.2,0
11755,Rawalpindi,Sunday,5,Clear,Medium,Motorcycle,Highway,100,100.2,5,97.2,33.2,0
11756,Lahore,Thursday,11,Clear,Low,Rickshaw,Highway,100,92.9,3,90.8,40.0,0
11757,Quetta,Saturday,9,Rain,High,Bus,School Zone,40,20.8,41,70.4,67.5,0
11758,Peshawar,Monday,17,Clear,Low,Bus,Main Road,60,65.5,8,93.8,27.1,0
11759,Karachi,Saturday,17,Dust,High,Motorcycle,Main Road,60,52.6,5,75.2,54.7,0
11760,Peshawar,Monday,3,Cloudy,Medium,Van,Residential,50,33.0,2,83.7,20.1,0
11761,Islamabad,Thursday,8,Cloudy,Medium,Motorcycle,Highway,100,110.8,10,94.6,56.4,0
11762,Peshawar,Tuesday,6,Clear,Low,Rickshaw,Highway,100,106.3,15,93.2,45.9,0
11763,Lahore,Sunday,17,Clear,Medium,Motorcycle,Market,50,49.5,21,99.9,48.4,0
11764,Islamabad,Monday,7,Clear,Low,Car,Residential,50,54.2,13,85.4,42.9,0
11765,Karachi,Wednesday,10,Clear,Medium,Car,Main Road,60,67.5,5,94.7,33.9,0
11766,Quetta,Thursday,6,Dust,Low,Bus,Residential,50,53.0,13,76.4,50.6,0
11767,Quetta,Thursday,8,Rain,Low,Car,Main Road,60,58.2,8,80.2,37.2,0
11768,Islamabad,Friday,7,Dust,Low,Motorcycle,Highway,100,110.1,4,62.0,50.4,1
11769,Multan,Tuesday,2,Rain,High,Motorcycle,Residential,50,25.1,6,87.6,55.2,1
11770,Multan,Wednesday,16,Cloudy,High,Bus,Residential,50,26.9,12,81.3,30.7,0
11771,Peshawar,Wednesday,1,Cloudy,Low,Car,Market,50,57.7,21,79.3,43.3,0
11772,Multan,Friday,14,Clear,Medium,Car,Residential,50,55.0,10,86.0,37.5,0
11773,Rawalpindi,Monday,13,Rain,High,Motorcycle,Highway,100,83.4,7,84.9,53.8,0
11774,Rawalpindi,Monday,17,Clear,High,Rickshaw,Highway,100,82.5,11,83.6,38.3,0
11775,Quetta,Wednesday,15,Cloudy,Low,Rickshaw,Main Road,60,69.6,11,80.4,33.9,0
11776,Rawalpindi,Tuesday,19,Clear,Medium,Rickshaw,Main Road,60,57.2,9,100.0,42.2,1
11777,Islamabad,Monday,21,Cloudy,High,Motorcycle,Main Road,60,52.9,5,95.5,54.4,0
11778,Rawalpindi,Thursday,3,Clear,Low,Rickshaw,Main Road,60,68.1,9,81.8,46.7,0
11779,Lahore,Saturday,19,Clear,Low,Van,Highway,100,103.7,6,86.6,19.4,0
11780,Quetta,Friday,5,Cloudy,High,Car,Main Road,60,40.3,8,92.3,28.9,0
11781,Karachi,Tuesday,5,Clear,Medium,Motorcycle,Highway,100,102.3,13,97.7,45.2,0
11782,Rawalpindi,Monday,10,Clear,Low,Bus,School Zone,40,50.3,33,77.5,55.7,1
11783,Lahore,Saturday,16,Clear,High,Car,Main Road,60,38.6,14,89.0,40.7,0
11784,Lahore,Wednesday,23,Clear,Medium,Bus,Residential,50,30.2,8,86.8,25.3,0
11785,Islamabad,Friday,2,Dust,High,Motorcycle,Residential,50,53.2,9,68.7,76.9,1
11786,Quetta,Monday,12,Cloudy,Severe,Car,School Zone,40,15.5,37,96.9,64.5,0
11787,Islamabad,Wednesday,21,Dust,Medium,Car,Main Road,60,51.2,8,64.3,46.2,0
11788,Karachi,Monday,2,Clear,Medium,Car,Highway,100,106.5,8,74.2,35.9,0
11789,Karachi,Friday,15,Clear,Medium,Bus,School Zone,40,27.9,33,83.5,52.4,0
11790,Peshawar,Thursday,14,Cloudy,High,Car,Market,50,52.9,21,80.5,48.8,0
11791,Karachi,Sunday,10,Clear,Low,Motorcycle,Main Road,60,58.3,11,79.6,56.2,1
11792,Quetta,Thursday,17,Clear,Medium,Motorcycle,Residential,50,36.1,6,84.7,19.5,0
11793,Multan,Sunday,14,Cloudy,Severe,Bus,School Zone,40,10.0,35,100.0,73.4,1
11794,Multan,Saturday,4,Cloudy,High,Bus,Main Road,60,49.3,10,91.8,44.8,0
11795,Quetta,Wednesday,15,Clear,Medium,Car,Residential,50,45.7,6,89.1,38.4,0
11796,Islamabad,Sunday,15,Clear,High,Car,Main Road,60,31.4,6,80.0,50.8,1
11797,Lahore,Thursday,16,Rain,Low,Car,School Zone,40,40.8,33,70.3,57.4,0
11798,Peshawar,Friday,8,Clear,High,Motorcycle,Market,50,31.7,17,100.0,42.8,0
11799,Multan,Wednesday,22,Fog,Severe,Van,School Zone,40,10.0,40,47.7,80.3,1
11800,Multan,Monday,2,Fog,Medium,Car,School Zone,40,19.2,36,50.2,48.9,0
11801,Karachi,Sunday,19,Dust,High,Car,Residential,50,47.8,3,73.5,59.9,1
11802,Lahore,Sunday,12,Clear,High,Motorcycle,School Zone,40,32.6,45,91.0,46.5,0
11803,Islamabad,Tuesday,21,Clear,High,Car,Main Road,60,37.9,8,89.6,14.3,0
11804,Rawalpindi,Sunday,2,Fog,Severe,Motorcycle,Main Road,60,23.7,6,45.2,66.8,0
11805,Peshawar,Sunday,6,Clear,Low,Car,Highway,100,80.5,4,100.0,12.0,0
11806,Quetta,Monday,5,Clear,Low,Car,Residential,50,38.6,9,100.0,24.1,0
11807,Lahore,Friday,8,Clear,Medium,Car,School Zone,40,11.9,29,95.2,36.8,0
11808,Islamabad,Saturday,11,Clear,Severe,Rickshaw,Highway,100,72.6,7,84.4,56.6,1
11809,Islamabad,Wednesday,14,Rain,Medium,Motorcycle,Market,50,45.1,20,86.7,58.4,0
11810,Peshawar,Monday,20,Dust,High,Motorcycle,School Zone,40,46.5,39,71.9,76.5,1
11811,Peshawar,Wednesday,19,Rain,High,Motorcycle,Residential,50,27.0,4,74.6,49.6,0
11812,Karachi,Thursday,2,Cloudy,Medium,Rickshaw,Main Road,60,58.8,6,100.0,29.3,0
11813,Karachi,Tuesday,9,Clear,Medium,Motorcycle,Market,50,42.5,25,96.9,31.2,0
11814,Quetta,Friday,0,Cloudy,Medium,Van,Main Road,60,63.6,10,88.4,44.0,0
11815,Quetta,Monday,18,Clear,Medium,Van,Main Road,60,73.4,5,89.7,26.5,0
11816,Peshawar,Tuesday,18,Clear,High,Van,Main Road,60,48.7,9,74.1,34.5,0
11817,Peshawar,Sunday,22,Clear,Low,Van,Market,50,53.9,21,100.0,34.8,0
11818,Lahore,Friday,22,Cloudy,Severe,Motorcycle,Main Road,60,56.4,11,84.5,72.8,0
11819,Karachi,Friday,12,Clear,Medium,Bus,Highway,100,101.0,11,85.3,48.1,0
11820,Islamabad,Saturday,11,Fog,Low,Car,Market,50,52.3,27,49.1,46.5,0
11821,Multan,Thursday,0,Fog,Low,Rickshaw,Main Road,60,33.2,10,47.9,25.2,0
11822,Multan,Saturday,18,Clear,Severe,Car,Main Road,60,32.3,12,89.7,25.0,0
11823,Multan,Saturday,23,Clear,Low,Car,Highway,100,102.4,12,92.0,34.8,0
11824,Karachi,Wednesday,15,Rain,High,Van,Residential,50,34.0,11,75.7,42.5,0
11825,Karachi,Wednesday,22,Fog,Low,Car,Residential,50,31.9,12,52.4,33.9,0
11826,Peshawar,Sunday,22,Dust,Medium,Rickshaw,Residential,50,55.7,3,66.1,39.7,0
11827,Multan,Tuesday,14,Clear,Low,Car,Residential,50,27.9,9,84.3,33.2,0
11828,Peshawar,Thursday,15,Clear,Medium,Bus,Residential,50,21.7,7,88.0,14.7,0
11829,Karachi,Friday,10,Clear,Low,Motorcycle,Market,50,29.4,21,86.0,24.7,0
11830,Rawalpindi,Sunday,23,Clear,Medium,Motorcycle,Residential,50,39.1,13,91.1,25.3,0
11831,Rawalpindi,Thursday,5,Clear,Medium,Rickshaw,School Zone,40,36.2,33,100.0,45.5,0
11832,Quetta,Thursday,10,Rain,Medium,Motorcycle,Residential,50,38.6,7,81.0,43.9,0
11833,Karachi,Tuesday,2,Clear,Low,Motorcycle,Main Road,60,68.5,6,100.0,49.0,0
11834,Multan,Wednesday,14,Dust,Low,Motorcycle,School Zone,40,35.2,35,69.4,36.4,0
11835,Rawalpindi,Thursday,0,Clear,High,Van,Main Road,60,51.1,8,94.8,40.9,0
11836,Quetta,Thursday,6,Clear,Medium,Motorcycle,Market,50,35.8,28,100.0,16.3,1
11837,Quetta,Thursday,0,Clear,Medium,Motorcycle,Highway,100,100.5,4,92.4,42.5,0
11838,Karachi,Monday,16,Clear,High,Motorcycle,Main Road,60,33.2,12,94.4,49.5,0
11839,Quetta,Thursday,8,Rain,Medium,Motorcycle,Main Road,60,36.7,10,78.5,49.1,0
11840,Peshawar,Thursday,22,Clear,Low,Car,Residential,50,53.1,7,96.6,31.2,0
11841,Peshawar,Friday,12,Dust,Medium,Van,Residential,50,53.4,11,80.3,34.7,0
11842,Peshawar,Saturday,10,Fog,High,Car,Main Road,60,47.9,6,60.9,44.6,0
11843,Islamabad,Monday,19,Dust,Medium,Motorcycle,Residential,50,39.4,7,67.5,35.8,0
11844,Peshawar,Thursday,5,Cloudy,Medium,Rickshaw,Main Road,60,62.8,6,80.7,25.1,0
11845,Multan,Saturday,0,Cloudy,Low,Car,Main Road,60,70.6,8,97.1,38.5,0
11846,Peshawar,Thursday,6,Clear,Low,Motorcycle,Highway,100,102.9,7,87.3,54.1,0
11847,Karachi,Tuesday,11,Cloudy,Severe,Rickshaw,Main Road,60,45.9,10,83.8,55.8,0
11848,Rawalpindi,Tuesday,21,Fog,High,Motorcycle,Market,50,18.2,29,46.5,73.7,1
11849,Multan,Saturday,19,Clear,Low,Motorcycle,School Zone,40,45.5,27,86.2,56.3,0
11850,Rawalpindi,Monday,22,Rain,Low,Car,Main Road,60,49.9,5,70.8,31.4,0
11851,Peshawar,Friday,18,Dust,Low,Motorcycle,Main Road,60,42.4,3,56.7,27.4,0
11852,Peshawar,Monday,16,Fog,Severe,Motorcycle,School Zone,40,10.0,37,58.1,91.6,1
11853,Peshawar,Monday,3,Clear,Medium,Car,Market,50,47.4,23,91.3,45.1,1
11854,Quetta,Tuesday,2,Clear,High,Car,Highway,100,72.7,4,87.2,49.0,0
11855,Karachi,Tuesday,0,Clear,Medium,Van,Highway,100,83.5,9,88.5,15.9,0
11856,Karachi,Friday,17,Rain,High,Bus,Highway,100,86.5,4,82.9,50.7,0
11857,Karachi,Sunday,20,Clear,Low,Motorcycle,School Zone,40,25.8,36,92.7,40.8,0
11858,Rawalpindi,Sunday,14,Clear,Medium,Motorcycle,Main Road,60,61.6,14,83.7,53.4,0
11859,Multan,Sunday,7,Clear,Medium,Car,Residential,50,53.2,11,94.2,31.3,0
11860,Multan,Thursday,0,Clear,Severe,Bus,Market,50,10.0,22,88.4,39.7,0
11861,Islamabad,Friday,19,Clear,Medium,Car,Market,50,29.0,25,89.6,13.9,0
11862,Rawalpindi,Thursday,13,Cloudy,Medium,Rickshaw,Main Road,60,56.3,12,95.3,53.6,1
11863,Karachi,Saturday,3,Fog,High,Van,Highway,100,64.7,7,34.9,62.9,1
11864,Lahore,Saturday,4,Clear,Severe,Car,Highway,100,82.2,9,88.7,49.7,0
11865,Islamabad,Wednesday,22,Rain,High,Car,Main Road,60,29.3,11,75.1,44.4,0
11866,Peshawar,Sunday,12,Cloudy,Medium,Rickshaw,Market,50,60.2,34,95.6,44.9,0
11867,Quetta,Tuesday,23,Clear,Severe,Rickshaw,Main Road,60,20.1,9,83.1,42.8,0
11868,Rawalpindi,Wednesday,14,Rain,High,Motorcycle,Residential,50,27.4,3,73.0,39.1,0
11869,Quetta,Wednesday,5,Clear,High,Car,Residential,50,45.7,11,90.0,58.4,0
11870,Islamabad,Tuesday,0,Rain,Severe,Car,Residential,50,14.5,13,82.6,56.9,0
11871,Multan,Wednesday,22,Rain,Low,Van,Residential,50,59.3,7,79.8,41.3,0
11872,Lahore,Sunday,18,Cloudy,Medium,Motorcycle,Market,50,38.4,18,74.6,45.8,1
11873,Islamabad,Monday,12,Clear,Medium,Van,Market,50,40.8,19,97.0,22.6,0
11874,Rawalpindi,Thursday,5,Cloudy,High,Car,Main Road,60,38.1,11,83.5,35.7,0
11875,Karachi,Sunday,14,Rain,Medium,Motorcycle,Main Road,60,49.7,3,76.5,34.4,0
11876,Peshawar,Friday,15,Cloudy,Low,Rickshaw,Residential,50,67.7,5,77.8,31.5,0
11877,Karachi,Tuesday,23,Rain,High,Motorcycle,Market,50,31.0,29,85.9,46.7,0
11878,Karachi,Monday,22,Cloudy,Medium,Motorcycle,Residential,50,61.2,12,87.1,33.2,0
11879,Rawalpindi,Saturday,15,Clear,Severe,Rickshaw,Market,50,10.2,26,98.3,51.1,0
11880,Karachi,Friday,9,Clear,High,Rickshaw,School Zone,40,34.1,32,87.2,41.9,0
11881,Karachi,Friday,21,Cloudy,Low,Motorcycle,Highway,100,120.0,6,79.0,49.0,1
11882,Rawalpindi,Friday,8,Rain,Severe,Van,School Zone,40,10.0,36,83.5,68.5,0
11883,Rawalpindi,Wednesday,8,Clear,Medium,Motorcycle,Main Road,60,29.9,11,86.6,36.6,0
11884,Lahore,Wednesday,16,Clear,Medium,Car,Residential,50,46.0,4,79.4,41.0,0
11885,Karachi,Wednesday,16,Clear,Severe,Motorcycle,Residential,50,19.3,8,93.6,68.7,0
11886,Islamabad,Sunday,16,Cloudy,High,Motorcycle,Market,50,46.5,20,100.0,55.9,0
11887,Multan,Wednesday,23,Cloudy,Medium,Van,School Zone,40,32.2,34,97.1,38.0,0
11888,Peshawar,Monday,11,Cloudy,Low,Van,Main Road,60,81.9,10,81.4,32.7,0
11889,Quetta,Wednesday,12,Clear,Severe,Car,Main Road,60,52.8,9,90.7,36.9,0
11890,Peshawar,Tuesday,11,Clear,Low,Van,Market,50,36.1,19,84.5,31.3,0
11891,Rawalpindi,Friday,13,Rain,Low,Car,Residential,50,46.0,14,76.7,63.1,1
11892,Quetta,Monday,9,Clear,High,Rickshaw,Main Road,60,36.8,5,93.6,32.8,0
11893,Rawalpindi,Saturday,22,Clear,Medium,Motorcycle,School Zone,40,10.0,44,95.1,31.5,0
11894,Multan,Wednesday,18,Cloudy,Low,Car,Main Road,60,72.2,9,85.5,27.6,0
11895,Multan,Saturday,1,Dust,Medium,Car,Main Road,60,45.8,11,63.4,4.1,0
11896,Lahore,Friday,3,Clear,Severe,Rickshaw,Residential,50,36.0,8,88.5,53.1,0
11897,Karachi,Monday,18,Fog,Medium,Motorcycle,Highway,100,89.2,14,38.1,62.0,1
11898,Rawalpindi,Friday,6,Clear,Medium,Van,Market,50,34.7,23,100.0,15.9,0
11899,Multan,Saturday,14,Clear,High,Rickshaw,Residential,50,37.6,5,100.0,38.1,0
11900,Rawalpindi,Sunday,14,Clear,Medium,Car,Main Road,60,56.3,8,84.5,38.2,0
11901,Peshawar,Monday,23,Rain,Medium,Motorcycle,Main Road,60,56.6,8,69.9,67.1,1
11902,Karachi,Thursday,5,Clear,Low,Car,Main Road,60,66.8,6,99.9,34.0,0
11903,Lahore,Sunday,2,Cloudy,High,Bus,Highway,100,87.6,11,87.5,26.7,0
11904,Multan,Monday,5,Clear,Medium,Bus,Main Road,60,47.8,5,96.6,32.9,0
11905,Rawalpindi,Wednesday,15,Clear,Low,Car,Highway,100,100.1,6,80.5,20.0,0
11906,Rawalpindi,Saturday,1,Clear,Medium,Car,Main Road,60,52.3,6,83.1,31.8,0
11907,Rawalpindi,Friday,6,Cloudy,Low,Rickshaw,School Zone,40,32.5,47,86.4,34.1,1
11908,Peshawar,Friday,10,Cloudy,Severe,Motorcycle,Market,50,10.0,21,87.2,38.3,0
11909,Multan,Friday,6,Rain,Medium,Car,Residential,50,63.2,6,71.3,56.5,1
11910,Rawalpindi,Tuesday,3,Cloudy,High,Car,Residential,50,10.8,7,94.2,12.9,0
11911,Rawalpindi,Tuesday,23,Cloudy,High,Rickshaw,Main Road,60,43.4,13,98.0,24.4,0
11912,Peshawar,Wednesday,19,Cloudy,High,Car,Main Road,60,15.7,5,84.4,41.7,0
11913,Rawalpindi,Thursday,6,Fog,Medium,Rickshaw,School Zone,40,14.3,30,52.3,40.6,0
11914,Karachi,Tuesday,3,Rain,Low,Van,Main Road,60,47.7,8,90.8,21.0,0
11915,Karachi,Monday,11,Rain,Severe,Motorcycle,Main Road,60,30.3,2,75.9,58.1,1
11916,Peshawar,Sunday,4,Cloudy,Low,Car,Residential,50,57.6,10,97.4,13.6,0
11917,Karachi,Saturday,22,Cloudy,High,Rickshaw,School Zone,40,10.0,37,74.3,69.4,1
11918,Quetta,Wednesday,18,Clear,Low,Rickshaw,Residential,50,49.5,6,98.2,45.2,0
11919,Quetta,Sunday,4,Rain,Medium,Motorcycle,Residential,50,21.7,9,85.9,38.9,0
11920,Quetta,Thursday,18,Clear,Medium,Car,School Zone,40,41.0,31,83.3,51.0,0
11921,Lahore,Sunday,20,Clear,Medium,Motorcycle,Highway,100,97.6,8,100.0,43.5,0
11922,Rawalpindi,Monday,2,Cloudy,Severe,Rickshaw,School Zone,40,51.7,41,100.0,96.8,1
11923,Lahore,Friday,10,Clear,High,Motorcycle,Main Road,60,64.6,14,91.3,58.1,1
11924,Karachi,Tuesday,6,Dust,Severe,Motorcycle,Highway,100,69.2,9,76.9,64.5,1
11925,Peshawar,Monday,16,Rain,High,Car,School Zone,40,32.4,32,75.1,66.9,0
11926,Quetta,Thursday,8,Cloudy,Low,Motorcycle,Residential,50,41.0,3,100.0,28.8,0
11927,Peshawar,Wednesday,20,Clear,Medium,Van,Residential,50,45.5,6,90.0,29.8,0
11928,Lahore,Sunday,8,Cloudy,High,Motorcycle,Main Road,60,47.5,9,100.0,46.8,0
11929,Karachi,Monday,9,Clear,Low,Car,Market,50,55.8,27,92.7,39.6,0
11930,Multan,Wednesday,12,Clear,High,Motorcycle,Main Road,60,34.2,7,97.1,24.6,0
11931,Rawalpindi,Friday,14,Fog,High,Van,Residential,50,10.0,4,41.8,36.8,0
11932,Multan,Thursday,21,Clear,High,Car,Market,50,58.5,16,100.0,49.2,0
11933,Karachi,Thursday,4,Rain,High,Motorcycle,Market,50,19.9,28,56.8,58.7,0
11934,Quetta,Sunday,2,Rain,High,Motorcycle,Market,50,17.5,22,76.0,36.9,0
11935,Karachi,Tuesday,7,Fog,Low,Car,Market,50,36.6,29,45.7,46.0,0
11936,Peshawar,Saturday,19,Cloudy,Medium,Van,Main Road,60,51.3,4,88.1,19.7,0
11937,Islamabad,Thursday,9,Cloudy,Medium,Van,Main Road,60,48.5,8,78.9,8.9,0
11938,Quetta,Monday,12,Fog,Medium,Van,Market,50,15.1,23,57.9,38.7,0
11939,Multan,Monday,2,Rain,Severe,Car,School Zone,40,10.0,41,90.6,80.2,1
11940,Rawalpindi,Monday,21,Rain,Low,Van,Main Road,60,71.0,10,73.1,46.2,0
11941,Quetta,Friday,7,Rain,High,Car,Market,50,24.3,26,62.8,36.0,0
11942,Quetta,Thursday,8,Clear,Medium,Car,Residential,50,53.5,10,70.3,49.9,1
11943,Rawalpindi,Thursday,21,Clear,Medium,Car,Main Road,60,65.1,8,93.0,32.4,0
11944,Multan,Monday,20,Clear,Medium,Motorcycle,Main Road,60,55.5,6,77.1,38.2,0
11945,Quetta,Sunday,11,Cloudy,High,Motorcycle,Market,50,32.8,21,100.0,50.1,0
11946,Peshawar,Tuesday,10,Clear,High,Rickshaw,Main Road,60,50.2,2,100.0,39.5,0
11947,Karachi,Sunday,1,Cloudy,Low,Rickshaw,Main Road,60,42.7,10,95.2,24.3,0
11948,Peshawar,Tuesday,17,Cloudy,High,Motorcycle,Residential,50,34.0,5,79.9,23.2,0
11949,Karachi,Thursday,8,Clear,Medium,Motorcycle,Market,50,26.7,20,95.3,0.0,0
11950,Islamabad,Sunday,1,Clear,High,Rickshaw,Residential,50,39.8,7,86.0,54.7,0
11951,Quetta,Thursday,1,Rain,High,Motorcycle,Residential,50,10.0,7,70.5,49.5,0
11952,Islamabad,Wednesday,2,Dust,High,Rickshaw,Highway,100,93.2,3,56.5,55.1,0
11953,Lahore,Thursday,15,Rain,Low,Rickshaw,Main Road,60,43.0,11,81.2,25.9,0
11954,Multan,Sunday,18,Clear,Low,Rickshaw,Highway,100,81.3,8,97.7,17.5,0
11955,Karachi,Monday,3,Cloudy,High,Rickshaw,Residential,50,33.9,12,84.6,32.4,0
11956,Peshawar,Saturday,22,Dust,Medium,Rickshaw,Market,50,48.3,17,66.4,54.9,0
11957,Peshawar,Friday,17,Cloudy,High,Van,Residential,50,29.5,8,90.6,43.8,0
11958,Quetta,Thursday,19,Clear,Low,Rickshaw,Main Road,60,59.2,8,92.6,43.4,0
11959,Peshawar,Thursday,17,Clear,High,Car,Main Road,60,50.0,12,81.2,42.6,1
11960,Lahore,Monday,9,Clear,Low,Motorcycle,Residential,50,55.0,14,82.7,25.4,0
11961,Rawalpindi,Wednesday,10,Clear,Medium,Car,Highway,100,77.5,15,85.0,15.0,0
11962,Peshawar,Saturday,16,Clear,Severe,Van,School Zone,40,26.0,33,82.9,59.6,1
11963,Quetta,Thursday,23,Cloudy,Low,Van,Highway,100,80.7,10,100.0,34.8,0
11964,Islamabad,Tuesday,22,Cloudy,Medium,Bus,Highway,100,105.3,10,100.0,51.4,1
11965,Multan,Tuesday,23,Rain,Medium,Bus,Main Road,60,33.7,8,77.4,54.6,0
11966,Peshawar,Tuesday,19,Clear,Severe,Van,Main Road,60,13.7,9,100.0,54.1,0
11967,Peshawar,Friday,15,Clear,Medium,Motorcycle,School Zone,40,40.4,35,84.3,68.4,1
11968,Peshawar,Friday,19,Cloudy,High,Motorcycle,Highway,100,73.2,6,91.5,44.3,0
11969,Quetta,Saturday,12,Fog,High,Motorcycle,Main Road,60,31.7,9,48.3,56.1,0
11970,Multan,Thursday,1,Clear,Medium,Van,Market,50,61.2,36,75.5,82.8,1
11971,Rawalpindi,Thursday,23,Clear,Medium,Motorcycle,Residential,50,39.8,10,85.9,34.8,0
11972,Peshawar,Thursday,1,Clear,Low,Motorcycle,Main Road,60,65.8,8,87.3,39.8,0
11973,Rawalpindi,Friday,13,Rain,High,Motorcycle,Highway,100,65.7,8,83.3,45.5,0
11974,Rawalpindi,Saturday,3,Fog,Medium,Car,School Zone,40,17.6,33,43.5,60.1,0
11975,Multan,Thursday,16,Cloudy,Low,Rickshaw,School Zone,40,19.8,42,76.7,36.4,0
11976,Multan,Monday,12,Rain,High,Car,Residential,50,23.0,8,73.5,42.8,0
11977,Lahore,Wednesday,3,Clear,Medium,Motorcycle,Highway,100,89.7,12,87.7,25.7,0
11978,Islamabad,Sunday,2,Clear,Low,Rickshaw,Residential,50,43.2,3,91.9,15.5,0
11979,Peshawar,Tuesday,11,Dust,Severe,Car,School Zone,40,10.0,41,57.1,56.9,1
11980,Peshawar,Tuesday,21,Clear,High,Car,School Zone,40,12.1,40,81.2,57.4,1
11981,Peshawar,Monday,22,Clear,Low,Van,Highway,100,104.5,9,100.0,26.9,0
11982,Rawalpindi,Thursday,7,Fog,Severe,Car,Residential,50,11.7,8,44.3,60.9,0
11983,Multan,Saturday,1,Clear,Severe,Rickshaw,School Zone,40,29.6,36,86.9,48.5,1
11984,Karachi,Saturday,5,Clear,Low,Motorcycle,Main Road,60,67.1,8,91.9,59.4,0
11985,Islamabad,Friday,21,Clear,Low,Car,Main Road,60,83.9,8,97.9,22.0,0
11986,Quetta,Thursday,9,Cloudy,High,Motorcycle,Market,50,25.5,25,100.0,45.9,0
11987,Peshawar,Saturday,11,Clear,Severe,Motorcycle,Highway,100,88.6,10,96.4,44.9,1
11988,Karachi,Thursday,20,Clear,High,Car,Main Road,60,44.7,7,87.1,33.5,0
11989,Karachi,Tuesday,9,Cloudy,Medium,Motorcycle,Highway,100,100.0,10,100.0,29.3,0
11990,Multan,Sunday,9,Dust,Low,Rickshaw,School Zone,40,42.2,40,68.8,74.5,1
11991,Karachi,Sunday,22,Clear,Medium,Car,Market,50,30.4,25,98.2,12.0,0
11992,Islamabad,Sunday,2,Cloudy,Low,Rickshaw,Main Road,60,56.1,6,93.4,59.1,0
11993,Karachi,Tuesday,19,Cloudy,Low,Bus,Market,50,59.9,26,100.0,33.9,0
11994,Quetta,Friday,9,Clear,High,Motorcycle,Main Road,60,74.5,12,85.8,53.1,0
11995,Peshawar,Sunday,8,Clear,Medium,Car,Residential,50,44.1,4,85.4,23.4,0
11996,Quetta,Tuesday,19,Cloudy,Medium,Motorcycle,Market,50,37.3,31,74.5,37.9,0
11997,Peshawar,Thursday,18,Rain,Severe,Rickshaw,Residential,50,22.7,10,84.4,76.3,1
11998,Lahore,Sunday,13,Clear,Low,Van,Residential,50,41.7,8,98.3,20.8,0
11999,Rawalpindi,Monday,1,Clear,Medium,Bus,Market,50,41.8,25,87.0,25.9,0
12000,Karachi,Friday,4,Clear,Medium,Van,Residential,50,27.9,3,92.5,41.5,0
