User_ID,Date,Age,Occupation,Sleep_Hours,Sleep_Quality,Screen_Time_Hours,Social_Media_Hours,Study_Work_Hours,Exercise_Minutes,Notifications_Received,Phone_Pickups,Caffeine_Cups,Stress_Score,Mood_Score,Productivity_Score,Tasks_Planned,Tasks_Completed,Weekend
U02207,2025-01-01,28,Analyst,6.3,8.0,6.5,2.0,10.7,42,145,94,1,4,9.0,100.0,8,4,No
U02443,2025-01-01,27,Teacher,7.0,8.0,6.7,1.7,9.0,15,114,87,0,6,8.0,89.1,6,2,No
U01081,2025-01-01,19,Freelancer,5.0,7.0,5.7,2.1,8.3,48,123,59,0,5,10.0,75.6,10,5,Yes
U02967,2025-01-01,28,Software Engineer,6.6,10.0,3.9,2.3,7.0,23,98,81,1,3,9.0,84.1,8,7,Yes
U03240,2025-01-01,49,Teacher,6.1,9.0,4.1,2.5,7.5,43,64,64,4,3,10.0,90.2,12,7,No
U02009,2025-01-01,53,Designer,6.2,10.0,6.4,4.7,8.9,6,165,97,1,6,10.0,75.0,8,6,Yes
U06442,2025-01-01,35,Teacher,6.8,10.0,7.4,3.3,8.7,30,105,89,0,7,5.0,75.0,6,3,Yes
U00819,2025-01-01,32,Freelancer,8.3,10.0,8.2,3.1,5.8,7,136,99,4,5,9.0,81.2,14,8,No
U03563,2025-01-01,38,Software Engineer,9.5,10.0,4.7,2.0,9.6,20,132,58,0,4,10.0,100.0,4,2,No
U04023,2025-01-01,47,Freelancer,7.4,10.0,5.7,0.4,7.1,67,67,52,4,2,10.0,88.2,8,4,No
U04027,2025-01-01,30,Teacher,5.7,8.0,4.6,2.0,10.0,89,87,91,5,3,9.0,100.0,3,2,No
U00788,2025-01-01,43,Analyst,7.8,10.0,3.2,2.7,9.4,12,104,45,0,4,10.0,91.5,7,6,No
U06269,2025-01-01,24,Analyst,7.7,10.0,7.0,2.9,7.8,38,120,107,3,2,8.0,94.8,7,6,No
U01222,2025-01-01,46,Analyst,6.9,8.0,6.9,2.7,10.4,27,124,78,2,5,8.0,84.5,7,6,Yes
U06245,2025-01-01,56,Freelancer,8.0,10.0,4.9,1.5,9.8,56,119,65,1,3,8.0,96.1,6,3,Yes
U00018,2025-01-01,19,Teacher,5.3,7.0,9.5,2.0,6.4,23,155,111,2,8,9.0,61.7,7,1,No
U02320,2025-01-01,55,Freelancer,7.7,9.0,5.3,2.3,10.0,45,97,79,1,5,7.0,97.6,5,5,No
U04802,2025-01-01,22,Freelancer,6.3,7.0,7.6,4.2,6.1,42,159,109,4,6,6.0,70.1,8,3,Yes
U05441,2025-01-01,19,Freelancer,7.4,10.0,5.4,0.8,10.2,60,95,79,2,4,8.0,94.7,4,2,No
U06911,2025-01-01,29,Student,7.9,10.0,4.4,1.9,9.0,61,110,68,2,3,9.0,92.4,6,4,No
U03961,2025-01-01,57,Teacher,5.6,6.0,6.0,3.3,8.6,88,106,90,3,3,9.0,84.4,6,3,No
U04843,2025-01-01,47,Software Engineer,8.2,10.0,9.8,4.9,3.6,23,184,124,0,5,10.0,80.8,4,1,Yes
U06507,2025-01-01,41,Analyst,5.9,8.0,8.5,3.5,9.0,30,146,117,4,4,8.0,87.4,10,4,Yes
U06599,2025-01-01,53,Analyst,6.5,10.0,5.4,3.4,8.8,57,161,89,3,6,9.0,79.8,5,4,No
U03812,2025-01-01,58,Student,5.4,7.0,4.9,1.0,8.5,25,92,66,1,5,10.0,79.7,6,3,No
U03147,2025-01-01,29,Student,7.3,10.0,2.0,0.3,11.1,75,52,24,0,3,9.0,100.0,8,7,Yes
U06747,2025-01-01,59,Analyst,7.6,8.0,8.3,,6.8,29,185,119,0,6,8.0,75.1,9,6,No
U01938,2025-01-01,30,Freelancer,6.7,10.0,7.2,0.7,8.3,99,88,83,2,4,9.0,98.6,6,1,Yes
U00549,2025-01-02,46,Freelancer,7.6,10.0,6.6,2.0,3.1,22,131,81,0,7,10.0,81.6,8,2,No
U04233,2025-01-02,22,Student,7.1,10.0,7.2,3.7,6.7,15,119,99,0,7,8.0,68.3,5,3,No
U00995,2025-01-02,44,Designer,8.7,10.0,7.8,2.2,12.0,31,118,108,2,3,9.0,82.3,5,4,Yes
U04430,2025-01-02,43,Analyst,6.3,7.0,8.7,3.2,10.1,25,145,116,3,9,9.0,60.4,10,5,Yes
U00503,2025-01-02,49,Analyst,7.5,10.0,7.5,3.3,7.6,72,148,102,3,4,10.0,95.1,2,0,No
U03226,2025-01-02,59,Student,7.5,10.0,6.3,3.9,5.1,60,123,106,1,2,10.0,79.1,9,6,No
U04436,2025-01-02,29,Software Engineer,7.2,9.0,9.5,4.4,4.7,53,214,125,5,5,10.0,78.5,5,2,No
U04053,2025-01-02,35,Software Engineer,6.0,9.0,6.3,0.5,8.9,45,94,69,2,5,9.0,74.9,11,6,No
U05968,2025-01-02,55,Analyst,6.0,9.0,7.1,2.3,3.7,23,137,80,3,6,9.0,62.6,7,2,Yes
U01854,2025-01-02,45,Analyst,5.9,8.0,8.9,4.9,8.8,106,153,117,0,6,8.0,83.7,9,4,No
U02475,2025-01-02,49,Analyst,5.9,,7.1,1.3,6.7,28,103,74,0,5,6.0,58.5,3,2,Yes
U00768,2025-01-02,20,Student,5.8,9.0,8.9,5.2,9.2,97,171,115,1,6,7.0,76.8,9,7,No
U00294,2025-01-02,55,Student,5.2,8.0,4.6,1.9,12.0,21,108,70,1,4,7.0,88.6,7,3,No
U06197,2025-01-02,30,Freelancer,6.3,7.0,7.3,3.4,10.2,24,153,82,0,6,8.0,74.4,10,7,No
U03715,2025-01-02,33,Analyst,4.1,8.0,6.3,2.5,9.8,41,119,86,3,7,8.0,69.6,5,2,No
U06181,2025-01-02,48,Teacher,5.7,8.0,6.7,3.4,7.9,57,158,87,1,6,6.0,54.5,11,6,No
U03458,2025-01-02,32,Software Engineer,6.3,7.0,6.0,2.8,9.3,27,83,72,0,4,9.0,87.5,5,3,Yes
U03460,2025-01-02,46,Teacher,5.9,10.0,5.1,2.9,10.3,33,106,73,3,3,10.0,100.0,7,6,No
U06946,2025-01-02,40,Freelancer,7.5,9.0,4.6,1.0,10.8,12,127,62,1,3,8.0,100.0,7,6,No
U05703,2025-01-02,21,Teacher,6.3,8.0,7.6,4.7,7.8,21,158,116,2,7,5.0,73.8,9,7,Yes
U00376,2025-01-02,60,Designer,6.2,9.0,4.5,1.6,12.0,24,116,57,1,3,8.0,100.0,5,3,No
U03462,2025-01-02,35,Student,6.1,10.0,5.6,2.8,10.3,22,100,78,2,3,7.0,86.8,8,7,No
U00568,2025-01-03,55,Designer,5.8,8.0,6.9,3.7,6.6,40,152,97,0,5,7.0,79.1,13,6,No
U00636,2025-01-03,25,Teacher,7.6,10.0,8.9,2.6,8.8,81,165,118,1,4,10.0,82.5,7,4,No
U01789,2025-01-03,51,Student,5.0,8.0,6.8,4.4,5.2,65,147,99,2,5,9.0,78.6,14,7,Yes
U06045,2025-01-03,58,Analyst,7.8,10.0,5.9,3.3,8.6,22,108,72,0,4,10.0,98.2,7,3,No
U06865,2025-01-03,59,Student,7.0,7.0,4.6,0.9,8.6,85,88,52,1,1,10.0,100.0,7,5,Yes
U06864,2025-01-03,48,Designer,8.2,10.0,5.7,2.9,10.0,63,80,63,0,4,10.0,98.8,5,3,No
U02094,2025-01-03,49,Designer,5.8,10.0,9.8,7.6,9.1,40,188,151,0,8,6.0,53.7,6,3,No
U02192,2025-01-03,33,Analyst,7.5,10.0,5.2,1.6,12.0,27,106,73,3,4,8.0,90.6,7,5,Yes
U00908,2025-01-03,27,Analyst,6.7,9.0,6.1,1.7,10.9,45,112,82,1,4,7.0,97.0,6,4,No
U01190,2025-01-03,19,Analyst,6.3,7.0,6.7,0.6,6.8,74,118,80,0,4,9.0,98.8,6,4,No
U03179,2025-01-03,49,Designer,6.3,10.0,6.3,2.3,10.6,36,104,82,2,4,10.0,92.9,4,3,No
U06641,2025-01-03,20,Designer,6.6,9.0,9.5,1.5,3.0,11,170,113,2,6,6.0,53.7,7,3,No
U04377,2025-01-03,32,Designer,7.8,10.0,6.6,1.2,10.3,74,102,73,1,1,10.0,100.0,6,4,No
U06844,2025-01-03,38,Software Engineer,6.7,6.0,9.8,5.7,7.7,29,173,117,3,8,7.0,48.2,9,4,Yes
U00378,2025-01-03,50,Analyst,8.1,10.0,10.3,4.5,7.1,15,167,123,2,7,8.0,67.7,3,1,No
U00483,2025-01-03,43,Software Engineer,7.9,10.0,3.4,1.9,10.8,25,78,60,0,3,9.0,99.9,11,8,No
U05875,2025-01-03,35,Student,7.5,10.0,8.9,5.8,9.4,30,189,138,0,5,6.0,75.3,6,3,Yes
U03960,2025-01-03,52,Designer,7.5,10.0,1.4,0.0,9.9,17,76,32,1,1,6.0,100.0,4,4,No
U00396,2025-01-03,43,Designer,9.4,10.0,4.9,3.1,10.3,15,129,82,1,4,7.0,97.5,6,6,No
U01651,2025-01-03,47,Designer,6.8,10.0,5.8,4.0,6.1,43,88,79,2,5,7.0,80.3,7,4,No
U02729,2025-01-04,58,Software Engineer,7.9,10.0,6.1,4.7,7.7,51,177,108,2,5,8.0,80.4,8,6,No
U04858,2025-01-04,47,Freelancer,7.0,9.0,12.6,3.8,6.6,76,227,142,5,6,10.0,62.1,3,0,No
U04869,2025-01-04,29,Teacher,5.1,10.0,6.9,0.6,10.2,34,130,74,1,3,8.0,74.4,11,6,No
U02572,2025-01-04,57,Freelancer,5.5,8.0,1.6,0.4,12.0,39,37,18,1,1,10.0,100.0,11,10,No
U05899,2025-01-04,45,Student,6.2,10.0,8.7,6.4,3.8,27,180,144,2,7,6.0,46.8,5,1,Yes
U00296,2025-01-04,44,Designer,5.1,8.0,2.5,2.5,10.8,71,67,34,1,1,8.0,100.0,7,5,No
U05960,2025-01-04,34,Freelancer,6.8,9.0,5.0,2.2,8.0,48,126,65,0,5,8.0,100.0,8,6,No
U04975,2025-01-04,21,Teacher,10.0,10.0,5.9,1.4,9.8,28,79,78,3,1,10.0,100.0,2,0,No
U00910,2025-01-04,40,Student,7.3,10.0,3.6,2.3,9.2,39,57,58,3,5,8.0,92.5,11,9,No
U00257,2025-01-04,41,Teacher,4.4,7.0,7.7,3.8,6.4,8,184,118,0,6,6.0,43.4,3,3,No
U01063,2025-01-04,38,Designer,3.2,5.0,6.8,2.7,9.0,42,133,73,0,6,8.0,67.0,2,0,No
U04422,2025-01-04,23,Software Engineer,5.8,9.0,7.8,1.0,7.6,11,141,72,4,7,6.0,54.8,3,1,Yes
U05114,2025-01-04,31,Software Engineer,6.2,10.0,5.1,2.2,7.8,38,105,53,2,3,7.0,94.9,13,9,Yes
U05946,2025-01-04,37,Designer,8.0,10.0,8.7,4.3,5.6,63,159,112,0,6,10.0,80.6,5,1,Yes
U01055,2025-01-04,31,Freelancer,7.5,9.0,8.3,4.6,6.1,29,138,116,2,5,10.0,74.2,7,5,No
U06277,2025-01-04,44,Designer,8.6,9.0,5.0,3.0,8.4,24,91,70,1,3,10.0,96.0,7,6,No
U03681,2025-01-04,58,Freelancer,10.0,10.0,5.4,3.0,8.9,66,117,78,2,2,9.0,100.0,10,9,Yes
U06832,2025-01-04,27,Analyst,8.8,10.0,4.1,0.3,11.3,62,34,47,1,1,10.0,100.0,6,5,No
U00810,2025-01-04,43,Analyst,9.0,10.0,8.6,3.5,6.6,72,168,112,3,4,10.0,80.0,5,4,No
U05416,2025-01-05,33,Software Engineer,6.4,8.0,8.1,1.9,9.6,8,141,105,1,8,6.0,65.5,4,1,No
U05130,2025-01-05,41,Student,7.3,8.0,5.4,2.9,7.4,23,125,62,1,4,8.0,87.3,11,8,No
U06608,2025-01-05,34,Designer,7.6,8.0,7.3,2.9,10.6,37,153,104,1,5,6.0,81.2,9,6,No
U06172,2025-01-05,54,Student,5.9,6.0,5.8,1.6,7.8,54,109,72,1,2,10.0,96.6,9,3,No
U06200,2025-01-05,41,Freelancer,6.7,7.0,8.4,4.5,7.6,24,193,118,3,7,7.0,76.9,7,3,Yes
U06557,2025-01-05,41,Software Engineer,7.0,10.0,3.5,1.5,11.0,54,30,41,1,1,9.0,100.0,5,5,No
U02919,2025-01-05,52,Teacher,5.8,8.0,6.6,2.2,7.6,74,120,82,0,5,10.0,81.7,6,4,Yes
U04148,2025-01-05,58,Analyst,6.1,9.0,8.0,2.0,2.8,7,152,114,0,7,9.0,52.6,3,2,No
U04104,2025-01-05,43,Designer,8.5,9.0,8.9,0.7,7.1,61,129,90,2,2,10.0,100.0,8,6,No
U05399,2025-01-05,45,Freelancer,7.5,10.0,7.0,1.3,10.1,69,129,64,0,2,10.0,100.0,6,3,Yes
U05395,2025-01-05,19,Freelancer,8.6,8.0,5.9,2.8,10.6,22,140,101,1,5,10.0,99.0,8,7,Yes
U04434,2025-01-05,39,Student,8.1,10.0,6.6,1.9,6.4,39,127,67,0,4,8.0,94.4,9,4,No
U04584,2025-01-05,40,Teacher,6.7,10.0,11.1,3.4,7.9,95,205,143,3,2,10.0,86.2,7,3,No
U06757,2025-01-06,24,Teacher,7.8,10.0,4.6,2.7,3.3,53,119,60,3,4,8.0,86.2,7,3,No
U01241,2025-01-06,59,Software Engineer,10.0,10.0,9.2,4.7,6.1,50,195,118,2,5,10.0,93.1,13,9,No
U02561,2025-01-06,54,Freelancer,4.7,8.0,9.4,5.9,4.7,10,185,134,1,7,7.0,51.1,11,5,No
U05526,2025-01-06,44,Software Engineer,4.8,8.0,5.0,0.2,8.5,30,50,50,1,5,9.0,84.1,12,7,No
U00139,2025-01-06,56,Analyst,7.0,9.0,7.8,4.7,6.7,12,164,147,1,6,7.0,69.8,9,4,No
U05951,2025-01-06,48,Freelancer,5.9,8.0,6.6,1.9,8.6,49,119,86,2,4,8.0,74.7,7,3,Yes
U05329,2025-01-06,46,Designer,7.2,6.0,5.6,2.3,8.3,21,134,99,3,6,7.0,64.4,8,4,No
U04151,2025-01-06,57,Teacher,6.7,10.0,12.9,6.0,7.3,35,226,167,2,8,5.0,55.0,2,0,No
U02945,2025-01-06,39,Analyst,7.3,10.0,10.2,1.8,7.4,50,180,132,3,7,8.0,64.6,5,2,Yes
U04697,2025-01-06,54,Freelancer,8.6,10.0,6.9,2.6,6.9,86,148,97,0,2,10.0,99.4,8,6,No
U04724,2025-01-06,59,Designer,7.6,8.0,10.3,3.7,7.9,47,189,137,0,7,9.0,76.4,8,2,Yes
U05674,2025-01-06,60,Designer,7.4,10.0,7.7,3.5,6.5,59,152,83,2,5,9.0,68.0,10,5,No
U01638,2025-01-06,34,Student,7.1,8.0,4.7,1.4,10.3,36,81,81,1,3,7.0,95.8,7,7,No
U00574,2025-01-06,24,Designer,7.5,10.0,6.9,1.2,6.7,56,116,63,4,2,10.0,100.0,3,3,Yes
U00268,2025-01-06,52,Analyst,6.8,10.0,4.0,1.0,7.9,26,50,54,1,2,10.0,97.1,6,3,No
U05986,2025-01-06,51,Student,9.5,10.0,4.4,1.7,8.0,11,89,78,2,2,9.0,100.0,2,2,No
U06936,2025-01-06,49,Software Engineer,7.4,10.0,8.4,3.4,8.8,19,154,121,1,8,6.0,59.0,8,4,No
U06000,2025-01-06,50,Software Engineer,7.5,10.0,9.6,5.1,6.2,36,167,101,1,7,9.0,56.4,5,3,Yes
U02947,2025-01-06,20,Software Engineer,7.8,10.0,9.9,5.5,6.4,102,210,129,2,5,10.0,89.2,5,5,No
U01876,2025-01-06,50,Student,6.4,10.0,6.1,2.8,5.5,89,129,74,4,5,10.0,88.6,7,4,No
U00877,2025-01-07,21,Freelancer,4.9,8.0,2.7,0.8,10.2,62,15,17,2,2,9.0,98.4,10,6,No
U00736,2025-01-07,47,Teacher,4.8,4.0,3.6,0.9,11.0,23,87,69,3,5,8.0,92.4,11,5,No
U03962,2025-01-07,31,Software Engineer,7.9,9.0,7.0,1.8,4.0,54,138,92,1,7,9.0,83.6,7,3,No
U04239,2025-01-07,40,Designer,5.8,9.0,7.9,3.7,5.9,94,145,94,2,5,10.0,74.4,9,5,No
U05198,2025-01-07,31,Designer,5.7,10.0,5.6,3.7,9.5,18,104,96,0,5,7.0,90.4,4,2,No
U03539,2025-01-07,33,Student,8.9,10.0,4.5,2.6,7.9,44,106,63,2,2,10.0,94.5,10,8,Yes
U02825,2025-01-07,47,Analyst,6.2,7.0,6.9,3.4,10.0,9,163,98,3,7,7.0,76.2,10,4,No
U03214,2025-01-07,41,Student,9.0,10.0,7.4,4.9,9.1,53,188,117,2,5,9.0,94.8,12,9,No
U00422,2025-01-07,45,Analyst,7.9,10.0,7.9,3.9,9.8,54,178,110,1,5,9.0,80.4,6,3,No
U06578,2025-01-07,24,Analyst,8.7,10.0,2.0,0.7,10.7,14,39,37,2,5,9.0,100.0,7,6,Yes
U01238,2025-01-07,55,Teacher,8.5,10.0,8.8,1.7,7.9,20,84,99,1,5,9.0,94.2,8,6,No
U05542,2025-01-07,20,Student,7.1,10.0,4.6,2.3,8.8,22,125,50,1,5,10.0,94.0,3,0,No
U04312,2025-01-07,20,Analyst,7.3,10.0,1.8,0.6,11.6,27,32,9,0,2,8.0,100.0,7,7,No
U06523,2025-01-07,60,Teacher,7.9,10.0,3.9,1.0,11.1,116,87,55,2,1,10.0,100.0,13,9,Yes
U04700,2025-01-07,21,Teacher,7.1,7.0,4.7,2.5,11.2,11,106,62,1,3,8.0,100.0,4,3,Yes
U04900,2025-01-07,41,Analyst,7.7,10.0,4.9,1.9,9.4,2,58,48,3,5,8.0,93.4,7,3,No
U04519,2025-01-07,44,Software Engineer,6.5,10.0,6.0,1.6,11.6,28,107,61,0,6,8.0,93.7,3,2,No
U02225,2025-01-07,52,Designer,9.4,10.0,8.7,2.2,9.6,36,147,111,2,6,10.0,86.7,6,4,No
U06981,2025-01-08,37,Teacher,5.9,7.0,4.5,2.7,8.7,96,136,72,3,2,10.0,100.0,5,4,No
U04557,2025-01-08,19,Analyst,6.8,9.0,7.2,2.5,7.0,36,159,92,3,5,10.0,82.3,4,2,No
U06609,2025-01-08,19,Freelancer,7.2,10.0,6.3,2.0,5.5,95,125,85,2,5,10.0,89.8,9,4,No
U03530,2025-01-08,24,Teacher,6.6,9.0,6.1,1.5,8.2,54,91,70,2,5,9.0,81.4,6,5,No
U01696,2025-01-08,50,Software Engineer,6.1,9.0,7.9,3.6,7.0,32,141,101,5,6,6.0,70.0,3,1,Yes
U05199,2025-01-08,50,Teacher,7.3,10.0,7.4,3.3,8.9,81,149,122,1,3,10.0,100.0,5,4,No
U05894,2025-01-08,29,Software Engineer,7.5,7.0,6.5,4.6,8.5,35,160,118,2,6,8.0,82.3,2,2,No
U03216,2025-01-08,28,Freelancer,7.7,9.0,7.1,1.6,8.5,41,169,85,2,5,10.0,100.0,5,5,Yes
U02227,2025-01-08,41,Student,9.1,10.0,6.6,4.2,5.8,48,143,103,3,2,10.0,100.0,6,6,No
U00545,2025-01-08,48,Designer,6.9,6.0,4.6,0.0,9.5,33,65,48,4,5,10.0,98.3,5,4,No
U03874,2025-01-08,57,Freelancer,4.9,9.0,6.6,3.1,9.1,78,126,89,0,1,10.0,97.7,8,6,No
U04344,2025-01-08,49,Analyst,6.8,6.0,7.7,1.9,7.0,23,136,96,0,5,8.0,77.8,10,5,Yes
U00812,2025-01-08,24,Software Engineer,7.8,10.0,8.8,4.9,7.1,33,190,114,4,5,7.0,71.1,9,4,Yes
U05596,2025-01-08,55,Analyst,5.6,9.0,4.9,0.9,7.5,45,97,61,4,2,10.0,86.8,6,3,No
U01573,2025-01-08,39,Analyst,7.0,10.0,9.6,3.3,7.8,25,164,112,2,6,7.0,70.1,7,6,No
U00620,2025-01-08,33,Freelancer,6.5,10.0,5.9,2.8,10.4,102,81,79,1,3,7.0,100.0,11,8,No
U00115,2025-01-08,18,Freelancer,7.4,6.0,10.3,5.6,3.2,60,203,154,3,5,6.0,52.9,5,3,No
U01207,2025-01-08,40,Teacher,6.2,8.0,8.4,1.5,4.8,39,119,88,0,6,7.0,60.9,7,3,Yes
U01221,2025-01-08,43,Analyst,6.6,8.0,8.7,3.2,6.1,23,158,118,3,8,8.0,60.6,9,6,No
U04045,2025-01-08,27,Designer,5.8,7.0,12.0,2.2,9.9,36,178,134,1,8,7.0,60.9,10,4,No
U03827,2025-01-09,43,Designer,5.9,10.0,8.1,4.5,7.5,33,162,132,0,6,5.0,58.6,8,5,Yes
U04325,2025-01-09,56,Software Engineer,8.4,9.0,7.3,2.0,8.3,24,153,77,0,5,8.0,75.0,6,4,No
U04101,2025-01-09,21,Designer,5.3,10.0,6.3,2.0,5.1,36,117,86,2,4,7.0,68.0,6,5,No
U01754,2025-01-09,49,Freelancer,8.4,10.0,8.2,0.9,7.6,24,143,67,1,3,8.0,90.4,4,4,No
U02573,2025-01-09,56,Designer,7.7,10.0,9.1,3.3,6.7,54,184,121,1,6,7.0,81.5,2,0,No
U05346,2025-01-09,48,Designer,7.7,10.0,8.7,4.1,6.4,86,186,92,3,4,10.0,80.6,8,5,No
U06293,2025-01-09,30,Analyst,6.0,9.0,7.6,2.5,6.9,51,133,99,2,5,8.0,89.0,6,3,No
U04078,2025-01-09,44,Teacher,6.2,9.0,8.2,1.2,6.5,18,131,82,3,3,7.0,77.3,6,5,Yes
U04156,2025-01-09,22,Student,7.0,9.0,6.3,3.8,8.6,19,120,89,2,4,10.0,85.8,11,6,Yes
U02554,2025-01-09,51,Student,8.1,10.0,6.0,3.2,11.2,68,142,78,2,2,10.0,100.0,7,3,Yes
U03767,2025-01-09,59,Freelancer,8.2,10.0,10.6,4.7,8.3,68,158,136,1,7,9.0,66.2,9,5,No
U03329,2025-01-09,20,Freelancer,6.7,10.0,9.4,3.1,7.8,11,154,103,1,8,7.0,70.3,7,2,No
U03491,2025-01-09,34,Student,8.0,10.0,4.3,2.1,10.5,62,63,74,0,1,10.0,100.0,4,4,No
U03740,2025-01-09,30,Designer,7.1,10.0,6.3,1.9,7.4,19,140,94,1,7,7.0,60.8,7,3,No
U05269,2025-01-09,46,Freelancer,9.4,10.0,7.4,1.7,9.5,22,135,62,3,6,10.0,83.0,11,7,No
U05374,2025-01-10,18,Analyst,7.9,10.0,7.4,2.5,9.9,42,111,90,2,4,8.0,89.8,4,2,No
U03587,2025-01-10,60,Student,7.3,10.0,7.9,1.2,7.1,10,108,76,2,5,6.0,70.0,7,3,No
U02092,2025-01-10,45,Software Engineer,6.6,10.0,8.6,2.5,5.3,50,170,115,2,5,7.0,70.2,17,8,No
U06965,2025-01-10,32,Software Engineer,9.1,10.0,3.6,0.2,9.3,22,95,34,1,4,10.0,100.0,6,3,No
U03602,2025-01-10,47,Analyst,8.1,8.0,6.1,3.2,8.6,67,125,76,2,4,10.0,100.0,9,6,No
U02287,2025-01-10,40,Software Engineer,6.2,8.0,7.6,4.4,4.1,19,151,108,1,5,9.0,65.6,11,5,No
U01983,2025-01-10,38,Teacher,8.8,9.0,9.3,1.4,7.5,26,158,87,2,4,10.0,99.0,4,1,Yes
U03140,2025-01-10,20,Designer,6.6,10.0,7.1,3.4,11.5,38,145,107,1,6,7.0,89.0,3,1,No
U01598,2025-01-10,30,Teacher,7.2,10.0,3.2,0.4,9.7,70,67,44,1,1,9.0,100.0,8,5,No
U04082,2025-01-10,37,Analyst,6.6,9.0,3.5,0.1,9.5,49,53,39,2,3,7.0,100.0,5,1,No
U00146,2025-01-10,24,Student,6.9,6.0,9.4,2.1,7.8,27,195,112,1,9,7.0,58.0,5,1,Yes
U01519,2025-01-10,48,Software Engineer,3.8,7.0,6.6,2.0,10.1,13,150,79,0,6,7.0,71.9,11,5,Yes
U06870,2025-01-10,50,Student,6.7,9.0,8.7,5.7,8.2,18,181,114,0,9,9.0,59.6,2,2,Yes
U02369,2025-01-10,30,Software Engineer,6.0,10.0,4.0,2.9,8.4,19,111,58,1,5,8.0,85.4,2,2,No
U04807,2025-01-10,37,Designer,8.9,10.0,7.3,4.5,7.5,8,130,116,0,4,6.0,75.4,7,4,No
U01039,2025-01-10,35,Student,7.2,10.0,7.0,2.7,6.6,59,165,87,3,3,9.0,73.7,7,4,No
U00122,2025-01-10,43,Freelancer,7.1,10.0,4.5,1.3,12.0,12,112,67,2,6,8.0,88.5,7,5,No
U03434,2025-01-10,53,Software Engineer,7.1,10.0,5.1,2.6,9.1,113,130,65,0,1,10.0,100.0,9,5,No
U06178,2025-01-10,20,Freelancer,6.2,9.0,4.7,1.9,8.0,54,108,51,1,5,8.0,88.2,6,3,Yes
U02468,2025-01-10,39,Designer,5.2,9.0,2.5,1.2,9.7,22,102,38,2,3,7.0,89.1,8,4,No
U03243,2025-01-10,22,Designer,9.2,10.0,5.8,3.4,6.2,8,126,86,0,5,9.0,74.6,10,6,Yes
U04816,2025-01-11,53,Analyst,7.2,10.0,5.1,3.4,9.8,51,138,107,2,6,9.0,85.7,8,5,Yes
U03882,2025-01-11,21,Teacher,8.3,10.0,8.7,2.5,6.8,4,126,105,1,6,8.0,68.7,3,0,No
U05729,2025-01-11,47,Freelancer,8.7,10.0,7.2,1.7,11.7,86,118,84,1,5,10.0,91.1,5,5,No
U05966,2025-01-11,23,Software Engineer,6.2,8.0,7.8,1.6,11.2,17,104,85,2,3,8.0,94.1,4,2,No
U02391,2025-01-11,36,Student,4.2,6.0,9.1,2.4,10.6,28,168,120,2,9,6.0,50.1,6,4,No
U00723,2025-01-11,55,Designer,6.1,7.0,8.1,2.5,7.4,15,123,86,0,6,8.0,66.9,6,1,No
U03648,2025-01-11,49,Software Engineer,8.3,10.0,9.5,5.3,7.9,39,188,146,0,7,6.0,68.6,3,0,No
U05159,2025-01-11,23,Student,5.8,5.0,3.9,1.9,12.0,13,111,57,1,4,8.0,91.1,6,6,No
U03518,2025-01-11,54,Analyst,6.8,9.0,5.5,3.2,12.0,52,164,80,3,3,8.0,100.0,8,5,No
U00676,2025-01-11,38,Software Engineer,6.3,8.0,4.8,0.9,11.0,25,76,62,5,3,10.0,100.0,6,6,No
U02877,2025-01-11,52,Analyst,9.6,10.0,6.5,2.0,6.7,34,126,89,1,4,8.0,100.0,10,9,No
U01773,2025-01-11,38,Student,7.1,10.0,8.2,1.3,8.8,29,121,94,2,5,7.0,82.2,9,4,Yes
U03227,2025-01-11,54,Student,4.9,10.0,2.9,2.0,9.1,18,85,47,3,3,9.0,72.6,9,5,No
U03427,2025-01-11,39,Student,7.5,10.0,2.8,2.4,10.0,21,66,61,2,2,8.0,97.0,6,2,No
U04917,2025-01-11,43,Designer,8.4,10.0,6.2,2.3,8.2,45,129,71,2,5,7.0,72.5,15,8,Yes
U01332,2025-01-11,33,Teacher,6.1,10.0,1.8,0.5,12.0,4,38,33,2,3,8.0,100.0,6,6,No
U02008,2025-01-11,42,Teacher,6.9,10.0,4.1,2.4,9.8,27,68,47,2,3,10.0,100.0,13,9,No
U01795,2025-01-11,20,Analyst,7.2,9.0,3.2,0.7,10.7,31,76,66,3,3,8.0,98.8,3,1,No
U05540,2025-01-11,52,Student,5.0,8.0,6.5,2.9,8.0,71,121,69,3,2,7.0,89.3,9,7,No
U05548,2025-01-12,37,Student,5.6,9.0,6.4,1.7,8.1,25,155,93,3,7,8.0,73.5,5,1,No
U04057,2025-01-12,44,Teacher,7.5,10.0,7.9,2.0,5.6,18,133,84,1,7,7.0,63.8,8,5,Yes
U00871,2025-01-12,48,Software Engineer,8.3,10.0,5.9,1.0,12.0,25,104,71,2,2,10.0,100.0,14,10,No
U04967,2025-01-12,58,Designer,7.1,10.0,4.4,2.5,11.4,29,47,63,2,3,10.0,91.3,5,2,No
U03235,2025-01-12,35,Analyst,8.7,10.0,7.2,4.8,8.7,20,159,114,2,6,9.0,93.0,7,3,No
U04415,2025-01-12,54,Teacher,8.0,10.0,6.5,2.6,9.4,24,129,95,2,4,8.0,80.9,8,4,No
U01738,2025-01-12,43,Designer,8.2,10.0,8.3,3.2,5.3,24,146,85,4,6,8.0,78.9,5,3,Yes
U06299,2025-01-12,32,Analyst,7.0,,4.4,1.6,11.2,21,99,60,2,2,7.0,100.0,7,7,No
U05434,2025-01-12,18,Freelancer,6.8,8.0,3.3,1.2,11.2,56,41,60,1,2,9.0,100.0,4,4,Yes
U01892,2025-01-12,40,Teacher,6.1,7.0,5.0,2.8,11.0,57,81,83,3,2,8.0,92.4,8,7,Yes
U02857,2025-01-12,55,Designer,6.4,10.0,4.5,1.1,11.2,67,104,66,1,4,10.0,100.0,8,4,Yes
U05955,2025-01-12,30,Teacher,6.0,7.0,3.8,1.7,8.4,53,99,57,1,3,9.0,99.3,5,3,No
U06201,2025-01-12,57,Student,7.0,10.0,9.4,3.9,5.5,93,169,86,0,7,9.0,72.7,9,4,Yes
U05888,2025-01-12,18,Designer,7.1,10.0,4.7,4.2,11.2,58,114,81,3,2,9.0,97.4,7,6,No
U03109,2025-01-13,35,Teacher,6.4,9.0,5.9,2.5,8.9,11,113,73,1,3,9.0,89.4,6,5,Yes
U03338,2025-01-13,60,Analyst,4.7,8.0,6.1,1.3,9.8,81,104,79,3,3,7.0,83.1,7,4,No
U03735,2025-01-13,60,Student,5.3,7.0,4.1,1.0,8.3,15,70,48,1,5,8.0,87.8,5,4,Yes
U04531,2025-01-13,38,Student,7.2,8.0,10.6,4.7,8.7,59,226,122,1,5,8.0,96.8,5,3,No
U03400,2025-01-13,59,Software Engineer,6.6,10.0,5.7,1.8,9.3,47,137,75,1,7,8.0,99.2,14,7,No
U05876,2025-01-13,19,Analyst,6.8,10.0,7.6,4.8,7.1,31,149,119,1,6,8.0,71.3,8,3,No
U04130,2025-01-13,55,Freelancer,7.7,10.0,8.9,3.4,9.2,21,162,117,3,7,9.0,66.9,2,2,Yes
U06479,2025-01-13,50,Student,6.1,6.0,10.1,3.6,6.0,33,155,128,3,6,9.0,67.8,10,5,No
U01076,2025-01-13,52,Teacher,7.6,8.0,8.2,3.7,4.9,86,143,89,1,5,10.0,81.9,3,2,No
U02455,2025-01-13,49,Software Engineer,5.3,10.0,7.1,2.6,8.8,47,165,112,0,6,7.0,78.8,3,1,Yes
U01514,2025-01-13,44,Student,7.8,9.0,3.0,0.4,10.6,30,65,34,3,3,10.0,100.0,9,8,Yes
U05191,2025-01-13,28,Analyst,6.9,8.0,7.0,3.0,8.9,15,163,83,0,6,10.0,81.2,8,6,No
U05713,2025-01-13,43,Software Engineer,4.5,7.0,6.2,2.7,10.4,30,106,73,2,3,9.0,99.6,8,5,No
U04639,2025-01-13,34,Software Engineer,6.9,7.0,3.8,1.2,10.5,25,53,53,0,4,10.0,99.9,8,4,Yes
U04883,2025-01-13,48,Freelancer,5.5,7.0,8.2,3.5,5.9,4,172,103,1,7,7.0,67.9,6,0,No
U00044,2025-01-13,43,Analyst,7.7,9.0,5.9,2.8,7.6,10,117,104,2,5,9.0,75.4,5,4,No
U01882,2025-01-14,60,Analyst,5.4,8.0,6.5,3.6,9.6,11,110,76,0,6,9.0,69.8,9,5,No
U05491,2025-01-14,31,Designer,7.7,10.0,2.0,1.3,12.0,21,40,25,2,1,10.0,100.0,7,7,No
U02082,2025-01-14,22,Software Engineer,7.4,8.0,8.0,4.1,4.9,25,167,111,0,5,7.0,71.6,6,3,Yes
U00627,2025-01-14,25,Teacher,6.8,10.0,8.4,3.1,10.4,7,118,103,1,5,9.0,80.2,4,1,No
U04528,2025-01-14,30,Student,5.1,8.0,3.3,1.5,8.5,57,66,68,3,3,8.0,93.3,4,1,No
U01726,2025-01-14,29,Designer,7.4,10.0,6.1,2.5,11.1,34,79,101,0,3,9.0,88.6,9,7,No
U05377,2025-01-14,24,Student,7.5,10.0,7.6,1.7,8.2,5,146,76,1,4,8.0,81.0,10,5,No
U00442,2025-01-14,27,Teacher,7.7,9.0,6.4,2.0,8.3,27,82,73,0,2,8.0,98.0,4,4,No
U06084,2025-01-14,23,Freelancer,5.9,8.0,4.5,1.8,10.8,26,88,60,1,6,9.0,90.8,7,4,Yes
U04109,2025-01-14,38,Teacher,7.3,6.0,9.5,2.9,6.6,86,145,123,0,3,10.0,87.9,2,1,Yes
U01357,2025-01-14,48,Designer,7.0,7.0,6.4,1.8,10.8,23,131,90,0,5,8.0,88.0,4,1,No
U06240,2025-01-14,56,Analyst,9.2,10.0,5.4,2.4,9.7,40,113,70,0,2,10.0,100.0,7,6,Yes
U03650,2025-01-14,28,Student,7.1,10.0,4.9,1.6,7.4,28,92,63,5,3,8.0,85.4,12,8,Yes
U04469,2025-01-14,38,Freelancer,7.8,10.0,4.3,1.1,9.8,31,116,64,1,3,9.0,100.0,9,6,Yes
U00920,2025-01-14,34,Analyst,5.5,6.0,10.9,4.5,8.2,45,170,125,1,7,9.0,61.0,8,5,No
U00418,2025-01-15,54,Analyst,6.2,8.0,6.4,4.1,9.2,10,146,104,0,8,8.0,79.5,7,3,No
U01130,2025-01-15,55,Freelancer,7.2,10.0,6.0,3.5,12.0,31,131,97,2,5,7.0,82.9,6,5,No
U02517,2025-01-15,47,Designer,7.0,7.0,9.4,4.9,9.3,14,186,127,3,6,6.0,72.5,6,4,No
U04670,2025-01-15,51,Freelancer,9.6,10.0,5.4,1.4,5.8,13,98,71,3,3,9.0,81.0,6,4,Yes
U02280,2025-01-15,35,Designer,9.7,10.0,9.5,3.3,6.1,39,197,112,1,4,10.0,79.2,6,4,No
U06777,2025-01-15,53,Designer,7.6,10.0,3.4,1.4,10.3,103,67,52,3,2,9.0,100.0,10,10,No
U02222,2025-01-15,59,Software Engineer,6.3,8.0,5.6,1.4,8.8,114,103,59,0,3,10.0,100.0,4,3,No
U03981,2025-01-15,52,Analyst,7.3,10.0,7.6,1.6,4.0,51,146,92,0,5,9.0,81.8,13,3,Yes
U06410,2025-01-15,24,Teacher,8.3,9.0,10.1,3.8,8.2,4,165,135,4,5,8.0,72.5,7,5,No
U04423,2025-01-15,46,Freelancer,8.8,10.0,12.3,7.1,4.4,63,224,176,4,8,8.0,65.7,8,4,Yes
U06521,2025-01-15,35,Analyst,6.4,9.0,6.8,3.1,7.7,28,157,80,2,5,6.0,88.3,9,5,No
U04301,2025-01-15,56,Teacher,6.2,9.0,4.6,3.4,7.7,40,121,65,2,4,9.0,100.0,8,4,No
U04488,2025-01-15,50,Designer,8.1,10.0,4.6,1.6,11.2,15,112,49,4,4,7.0,100.0,2,1,No
U00202,2025-01-15,34,Designer,7.8,10.0,6.6,4.4,8.9,62,173,106,0,4,9.0,95.8,8,4,No
U00252,2025-01-15,52,Freelancer,8.5,10.0,3.9,2.6,8.9,50,79,69,2,1,10.0,100.0,6,5,No
U06446,2025-01-15,18,Software Engineer,9.1,10.0,5.6,3.7,8.1,10,104,68,1,4,10.0,99.5,9,5,No
U02412,2025-01-15,53,Analyst,8.4,10.0,6.8,2.5,9.6,74,103,101,0,2,10.0,98.5,7,6,Yes
U01152,2025-01-16,40,Freelancer,7.1,10.0,3.4,0.9,9.6,36,88,63,0,2,9.0,100.0,6,5,No
U04116,2025-01-16,18,Analyst,7.7,10.0,6.1,4.0,10.1,56,141,106,1,1,7.0,100.0,9,6,No
U00771,2025-01-16,49,Teacher,7.7,10.0,7.9,1.3,9.4,44,128,94,0,5,10.0,100.0,6,2,No
U02815,2025-01-16,55,Teacher,4.5,8.0,3.8,2.1,8.8,43,61,80,1,4,6.0,80.4,7,6,No
U06239,2025-01-16,38,Freelancer,4.9,9.0,9.3,2.3,5.7,12,145,100,1,7,6.0,48.4,9,3,Yes
U00885,2025-01-16,25,Freelancer,6.2,6.0,7.2,3.1,9.9,13,129,85,1,4,7.0,86.2,7,5,Yes
U00401,2025-01-16,29,Teacher,7.9,9.0,6.3,4.3,12.0,12,152,109,4,5,10.0,100.0,7,6,No
U00587,2025-01-16,20,Designer,5.6,10.0,7.0,4.5,8.9,38,138,94,2,5,6.0,73.4,11,7,No
U04821,2025-01-16,34,Designer,9.6,10.0,7.6,4.3,3.1,43,143,114,1,4,8.0,77.6,10,8,No
U01493,2025-01-16,46,Student,5.0,7.0,4.7,1.9,8.2,81,115,63,0,5,8.0,83.3,12,8,Yes
U01345,2025-01-16,40,Software Engineer,8.2,10.0,9.0,2.3,9.6,112,159,96,4,2,10.0,100.0,5,3,Yes
U02062,2025-01-16,41,Teacher,6.5,9.0,8.1,3.0,6.6,68,124,94,1,5,10.0,82.7,7,5,No
U00469,2025-01-16,60,Software Engineer,7.7,10.0,5.0,2.2,7.8,92,102,57,1,2,10.0,97.7,6,5,Yes
U05614,2025-01-16,43,Student,9.0,10.0,8.7,3.4,9.4,106,132,121,1,3,10.0,98.6,8,7,No
U02252,2025-01-16,50,Software Engineer,6.7,9.0,7.4,3.0,9.3,18,160,92,2,4,9.0,85.6,10,6,No
U02892,2025-01-16,37,Student,6.5,10.0,4.2,2.4,11.0,14,113,50,3,4,9.0,94.4,5,1,Yes
U04050,2025-01-17,45,Freelancer,6.3,8.0,8.1,1.7,8.1,22,137,97,2,5,7.0,72.4,6,4,No
U06971,2025-01-17,53,Designer,7.1,10.0,6.8,2.0,9.0,8,126,87,1,7,8.0,79.8,9,4,No
U05026,2025-01-17,56,Software Engineer,8.3,10.0,2.0,0.9,12.0,48,18,32,5,2,10.0,100.0,8,8,Yes
U04719,2025-01-17,34,Designer,7.3,7.0,10.5,3.6,8.1,6,154,124,1,7,10.0,73.3,9,5,No
U06257,2025-01-17,19,Freelancer,6.3,10.0,6.8,1.3,9.3,27,94,82,2,4,9.0,88.0,5,1,No
U00068,2025-01-17,32,Designer,6.6,9.0,8.3,2.9,8.9,36,138,111,2,7,5.0,63.5,4,4,No
U04219,2025-01-17,55,Freelancer,6.2,9.0,3.6,0.7,12.0,74,48,46,2,2,10.0,100.0,7,4,Yes
U00722,2025-01-17,56,Teacher,7.2,10.0,7.8,2.5,10.5,24,120,77,2,3,10.0,93.2,8,5,No
U03114,2025-01-17,37,Software Engineer,4.0,7.0,4.3,2.2,11.2,9,108,64,2,5,9.0,83.6,3,2,Yes
U06411,2025-01-17,32,Teacher,8.0,10.0,6.6,1.4,6.6,90,101,72,3,4,8.0,90.8,11,7,No
U04088,2025-01-17,20,Student,7.2,10.0,2.5,1.1,10.6,27,57,28,0,2,9.0,100.0,7,4,No
U03682,2025-01-17,28,Designer,7.5,10.0,6.1,3.1,11.6,142,117,87,1,2,10.0,100.0,5,4,Yes
U06125,2025-01-17,23,Teacher,7.8,10.0,9.1,4.6,5.4,15,171,130,2,6,8.0,64.7,7,4,No
U06726,2025-01-17,23,Teacher,7.4,10.0,5.7,3.4,5.1,14,110,77,2,5,10.0,77.2,7,5,No
U02237,2025-01-17,32,Freelancer,5.0,5.0,5.4,0.5,10.6,44,69,61,2,4,10.0,83.5,8,6,No
U05121,2025-01-17,33,Student,7.9,10.0,6.6,3.8,10.7,59,134,119,0,3,7.0,98.2,7,3,No
U01731,2025-01-18,24,Student,6.8,10.0,9.0,3.0,7.7,36,133,120,2,7,8.0,60.4,7,4,No
U04054,2025-01-18,43,Teacher,9.2,10.0,5.3,3.1,8.8,60,132,70,1,1,10.0,100.0,4,2,No
U05925,2025-01-18,40,Freelancer,7.3,,8.1,1.8,5.8,27,129,80,2,6,9.0,74.9,6,5,No
U00860,2025-01-18,28,Designer,6.8,9.0,12.1,5.1,4.6,42,196,182,1,7,7.0,49.2,7,4,No
U04811,2025-01-18,30,Freelancer,6.9,10.0,8.1,3.2,9.4,41,137,89,1,6,8.0,86.4,9,7,No
U06094,2025-01-18,33,Designer,8.7,10.0,1.5,0.0,9.6,51,32,9,2,1,10.0,100.0,5,5,No
U01555,2025-01-18,45,Freelancer,7.3,10.0,3.7,2.7,7.1,15,77,60,1,3,9.0,95.0,5,1,No
U01968,2025-01-18,46,Student,6.8,10.0,6.8,3.4,8.5,11,105,83,2,5,7.0,87.0,7,2,Yes
U03026,2025-01-18,20,Freelancer,8.5,9.0,5.6,2.0,7.6,50,158,81,2,4,10.0,89.4,8,4,No
U01835,2025-01-18,28,Designer,5.7,7.0,8.8,4.2,11.5,18,139,109,2,7,6.0,77.4,6,3,No
U06830,2025-01-18,22,Analyst,7.6,10.0,4.7,1.4,12.0,73,88,32,2,3,9.0,100.0,5,3,Yes
U04726,2025-01-18,26,Teacher,7.6,10.0,6.6,0.8,7.5,145,95,84,1,1,10.0,100.0,6,6,No
U02217,2025-01-18,32,Teacher,7.0,8.0,5.2,2.4,6.5,90,67,69,0,2,10.0,96.9,10,6,No
U05838,2025-01-18,53,Designer,5.6,7.0,7.1,1.8,8.2,30,138,82,3,4,10.0,84.8,5,3,No
U05232,2025-01-18,29,Student,7.4,9.0,7.1,3.8,11.9,16,184,104,0,3,9.0,97.7,10,6,No
U01253,2025-01-18,34,Freelancer,8.0,8.0,8.1,2.1,5.9,63,127,102,1,4,10.0,85.9,4,2,No
U02110,2025-01-18,28,Designer,9.4,10.0,7.2,2.7,7.0,32,122,101,4,2,10.0,99.8,7,6,No
U04028,2025-01-18,37,Analyst,8.0,10.0,9.6,2.5,10.3,29,181,127,2,8,8.0,73.9,3,1,No
U06290,2025-01-19,41,Analyst,7.9,10.0,6.3,1.4,10.3,19,134,70,2,4,9.0,91.3,7,4,Yes
U03203,2025-01-19,55,Analyst,5.4,7.0,6.2,2.4,6.7,38,119,65,0,8,7.0,63.1,4,0,No
U00604,2025-01-19,38,Analyst,7.8,9.0,11.0,6.4,6.6,110,214,156,1,6,9.0,77.3,4,0,Yes
U03918,2025-01-19,38,Teacher,8.9,10.0,8.4,1.4,6.9,23,141,87,2,4,,92.7,12,7,No
U06728,2025-01-19,55,Freelancer,6.6,10.0,10.6,7.4,7.9,47,178,158,5,7,6.0,61.3,7,6,Yes
U03208,2025-01-19,55,Software Engineer,6.6,10.0,12.9,3.1,4.2,23,219,137,1,10,6.0,40.9,4,0,No
U03579,2025-01-19,52,Software Engineer,6.9,9.0,6.4,2.1,7.2,31,126,66,1,5,8.0,78.0,4,2,Yes
U03574,2025-01-19,39,Freelancer,7.8,10.0,4.3,2.5,9.3,46,107,68,4,3,8.0,100.0,7,4,No
U02776,2025-01-19,20,Teacher,5.1,9.0,8.5,,2.6,15,122,75,0,5,8.0,67.5,4,1,Yes
U04619,2025-01-19,47,Software Engineer,6.5,10.0,5.5,2.9,9.5,50,122,63,2,3,9.0,98.0,6,5,No
U06859,2025-01-19,33,Freelancer,6.8,9.0,7.0,1.9,6.4,64,78,99,1,6,8.0,72.6,7,5,Yes
U03789,2025-01-19,37,Freelancer,8.4,10.0,7.9,1.8,6.8,31,159,114,0,6,10.0,87.1,6,5,Yes
U01267,2025-01-19,53,Student,5.9,9.0,1.9,0.6,11.3,85,52,25,4,2,10.0,100.0,6,3,No
U05464,2025-01-19,31,Freelancer,4.7,7.0,2.8,1.1,12.0,38,55,34,2,3,8.0,91.0,9,6,No
U05107,2025-01-19,60,Freelancer,8.9,10.0,3.0,1.1,9.0,73,99,59,1,1,10.0,100.0,9,7,No
U04968,2025-01-19,43,Analyst,6.3,10.0,5.1,2.4,9.8,30,108,59,2,6,8.0,77.9,2,2,No
U05579,2025-01-19,40,Student,7.7,10.0,1.6,0.5,6.9,18,45,9,0,3,10.0,100.0,6,4,No
U00040,2025-01-19,21,Teacher,4.6,5.0,8.4,3.0,5.0,13,127,115,4,7,9.0,60.7,10,4,No
U00306,2025-01-19,21,Student,5.8,9.0,8.2,1.3,8.1,45,114,87,2,7,7.0,68.0,6,2,No
U06672,2025-01-19,48,Teacher,6.0,9.0,8.4,3.3,9.6,35,173,95,4,9,7.0,64.5,7,1,No
U04970,2025-01-19,40,Designer,8.8,10.0,8.8,4.2,8.2,20,178,125,2,5,9.0,81.7,6,2,Yes
U02420,2025-01-19,22,Student,7.1,10.0,5.7,1.0,8.1,106,114,47,3,1,10.0,100.0,9,7,No
U01278,2025-01-19,36,Freelancer,7.7,10.0,6.6,1.9,9.0,46,145,59,2,4,,91.1,7,4,No
U05255,2025-01-19,57,Software Engineer,8.6,10.0,5.0,3.0,7.3,83,113,76,2,2,10.0,100.0,6,6,No
U02482,2025-01-19,30,Freelancer,5.6,7.0,6.6,3.1,8.8,34,129,94,2,5,7.0,71.5,9,4,Yes
U06958,2025-01-20,57,Freelancer,6.2,10.0,2.6,0.0,9.1,25,64,30,2,3,7.0,79.0,5,2,Yes
U00420,2025-01-20,46,Software Engineer,6.1,6.0,10.6,7.4,6.0,38,203,155,0,8,7.0,53.2,9,6,No
U06091,2025-01-20,36,Analyst,5.6,9.0,5.6,2.3,9.0,59,114,70,3,6,6.0,86.2,7,5,No
U01457,2025-01-20,54,Teacher,10.0,10.0,3.9,0.8,9.0,44,69,40,3,1,10.0,100.0,10,9,No
U06366,2025-01-20,44,Designer,5.5,10.0,6.8,3.2,8.9,58,126,84,0,6,9.0,79.5,6,3,Yes
U06324,2025-01-20,37,Freelancer,7.5,10.0,4.6,1.6,12.0,44,103,69,1,4,9.0,100.0,4,1,No
U00586,2025-01-20,56,Software Engineer,6.8,10.0,6.1,1.8,8.5,7,115,68,0,5,9.0,69.8,11,8,No
U00322,2025-01-20,49,Designer,6.7,10.0,7.4,2.8,5.8,20,156,82,1,7,8.0,66.8,13,5,Yes
U00114,2025-01-20,52,Software Engineer,5.7,7.0,3.7,1.5,10.5,14,50,50,1,2,8.0,100.0,8,5,No
U01472,2025-01-20,57,Student,7.8,8.0,11.7,3.4,8.2,37,195,137,3,7,7.0,78.0,9,6,No
U05200,2025-01-20,35,Student,7.6,10.0,8.3,1.6,9.9,25,137,85,4,8,7.0,86.6,10,5,No
U05332,2025-01-20,59,Teacher,8.4,10.0,4.9,1.2,11.3,13,86,42,1,4,9.0,100.0,8,7,No
U01905,2025-01-20,18,Analyst,7.1,10.0,7.0,2.4,5.8,20,125,96,1,5,5.0,60.5,6,4,No
U00196,2025-01-20,43,Freelancer,5.9,5.0,7.8,5.2,11.8,119,178,127,6,7,10.0,91.4,5,1,No
U00177,2025-01-20,49,Teacher,8.5,10.0,8.6,2.2,4.9,46,163,84,0,5,6.0,77.8,7,4,No
U00506,2025-01-20,49,Student,9.1,10.0,5.6,2.9,11.7,22,124,76,4,6,10.0,99.1,7,5,Yes
U05623,2025-01-20,21,Freelancer,6.4,10.0,7.7,5.4,7.2,100,182,105,4,4,10.0,98.2,10,6,Yes
U02366,2025-01-20,59,Designer,5.1,7.0,9.7,1.6,7.2,118,152,121,1,3,9.0,82.9,9,5,No
U01683,2025-01-20,58,Freelancer,5.9,8.0,8.0,4.0,6.9,52,192,101,2,7,5.0,61.0,5,3,Yes
U04990,2025-01-20,32,Analyst,7.7,7.0,3.6,1.6,9.1,49,72,73,0,3,10.0,100.0,7,3,No
U02912,2025-01-20,52,Freelancer,7.1,10.0,4.1,3.7,10.3,33,98,68,2,4,9.0,95.9,5,4,No
U06596,2025-01-20,43,Teacher,7.0,7.0,9.9,4.5,4.9,42,189,114,2,9,8.0,56.9,6,1,No
U04598,2025-01-20,18,Analyst,7.8,10.0,4.0,1.6,12.0,56,73,37,1,2,10.0,100.0,5,4,No
U04981,2025-01-20,20,Student,5.6,8.0,6.3,1.6,11.3,42,119,76,4,2,9.0,100.0,10,5,No
U00675,2025-01-20,18,Student,8.5,10.0,6.9,3.8,6.5,45,131,100,3,3,9.0,98.3,5,3,No
U05762,2025-01-20,41,Teacher,8.5,10.0,3.4,2.5,11.7,121,87,49,5,1,10.0,100.0,4,4,No
U05765,2025-01-20,23,Software Engineer,5.2,7.0,2.9,0.2,9.7,39,73,37,0,3,7.0,84.1,7,6,No
U02973,2025-01-20,21,Freelancer,8.7,9.0,2.7,1.4,11.1,28,74,52,2,4,10.0,98.2,11,10,No
U02345,2025-01-20,38,Software Engineer,5.8,8.0,3.7,1.3,10.2,16,94,46,1,5,8.0,83.4,5,1,No
U05197,2025-01-21,40,Designer,7.5,10.0,6.0,2.8,9.8,30,126,72,0,6,7.0,95.5,5,4,No
U00305,2025-01-21,36,Teacher,4.8,7.0,5.2,1.0,11.0,40,92,73,3,6,6.0,73.1,11,7,No
U06858,2025-01-21,40,Software Engineer,9.2,10.0,7.2,0.6,7.0,46,91,67,0,3,10.0,96.3,13,8,No
U06431,2025-01-21,40,Analyst,6.7,8.0,4.3,1.9,8.9,32,65,63,3,3,9.0,100.0,7,2,No
U05485,2025-01-21,31,Freelancer,5.9,8.0,1.5,0.6,10.4,28,61,42,4,4,8.0,100.0,9,7,No
U05258,2025-01-21,60,Analyst,7.1,10.0,5.6,2.7,10.7,12,128,88,1,6,9.0,82.0,4,0,No
U03917,2025-01-21,42,Software Engineer,7.5,10.0,9.5,2.2,10.8,19,154,127,1,7,8.0,83.0,4,1,No
U00261,2025-01-21,25,Software Engineer,9.8,10.0,2.6,0.0,10.4,10,64,37,0,1,9.0,100.0,4,4,No
U06367,2025-01-21,38,Teacher,5.0,6.0,6.2,4.4,8.5,42,122,112,2,7,9.0,77.0,4,3,Yes
U06441,2025-01-21,48,Student,8.2,10.0,8.8,2.4,8.2,10,166,126,3,7,8.0,73.9,7,5,No
U03265,2025-01-21,28,Designer,8.2,9.0,7.2,2.9,8.0,47,141,103,1,6,10.0,81.3,12,7,No
U06432,2025-01-21,46,Freelancer,7.9,10.0,6.1,2.2,4.9,36,128,60,0,5,7.0,82.6,6,5,No
U04712,2025-01-21,22,Freelancer,8.5,10.0,5.4,3.1,10.0,14,104,76,3,5,9.0,100.0,11,5,Yes
U00625,2025-01-21,49,Student,8.2,10.0,11.2,5.0,3.7,16,204,145,0,8,6.0,44.5,5,2,No
U06977,2025-01-21,21,Student,4.8,6.0,7.2,1.7,9.3,45,98,84,2,7,8.0,78.2,4,2,Yes
U04899,2025-01-21,28,Student,7.7,7.0,3.1,0.2,10.9,29,72,44,1,5,10.0,92.0,6,3,No
U01426,2025-01-21,21,Software Engineer,7.9,9.0,6.8,3.6,10.0,35,134,72,3,3,9.0,99.9,10,6,Yes
U02736,2025-01-21,51,Teacher,6.8,10.0,9.1,3.5,7.8,4,161,114,2,8,8.0,67.1,9,5,No
U04819,2025-01-21,32,Analyst,7.7,8.0,6.3,2.1,8.5,34,105,70,1,6,9.0,89.5,4,3,Yes
U06305,2025-01-21,20,Software Engineer,6.9,9.0,6.2,4.1,9.7,17,91,79,2,6,8.0,85.9,3,3,Yes
U00657,2025-01-21,27,Student,8.0,8.0,7.8,3.7,7.4,37,140,112,2,6,10.0,78.6,5,3,Yes
U00313,2025-01-21,52,Designer,7.0,9.0,10.8,6.5,7.6,19,203,145,2,9,4.0,41.8,12,7,No
U03654,2025-01-21,39,Teacher,7.9,10.0,6.4,2.3,8.7,33,146,85,2,6,9.0,83.2,9,5,No
U02767,2025-01-21,45,Student,6.3,10.0,5.9,0.7,7.9,37,88,48,0,6,8.0,71.6,5,3,No
U05108,2025-01-22,18,Analyst,6.6,9.0,7.7,4.1,10.3,18,199,119,1,8,8.0,71.4,8,4,No
U02460,2025-01-22,34,Analyst,8.1,10.0,9.7,5.7,6.7,30,201,127,1,6,7.0,70.8,4,2,Yes
U04596,2025-01-22,24,Student,7.0,9.0,3.2,2.1,10.3,17,119,27,4,3,10.0,100.0,4,2,No
U00263,2025-01-22,55,Teacher,6.5,8.0,6.3,2.8,10.6,101,84,97,1,2,10.0,100.0,5,2,No
U05144,2025-01-22,27,Designer,6.0,8.0,5.3,1.7,7.4,24,88,74,1,6,9.0,83.8,4,3,Yes
U06902,2025-01-22,29,Software Engineer,7.7,9.0,11.0,3.5,6.6,42,186,115,1,6,10.0,77.7,6,3,No
U03016,2025-01-22,55,Software Engineer,5.1,10.0,5.4,2.6,5.5,20,109,77,1,6,9.0,71.2,14,8,No
U04311,2025-01-22,36,Freelancer,7.8,10.0,4.9,2.0,12.0,8,100,49,4,5,9.0,100.0,7,7,No
U05062,2025-01-22,34,Teacher,7.1,8.0,4.9,1.1,8.8,50,115,60,1,4,10.0,100.0,6,6,No
U03058,2025-01-22,25,Student,8.1,10.0,9.0,2.1,6.7,36,131,108,1,4,9.0,71.2,7,5,No
U03202,2025-01-22,28,Designer,6.1,6.0,8.1,3.7,6.2,18,157,106,1,7,7.0,67.5,7,3,Yes
U05714,2025-01-22,24,Teacher,9.2,10.0,7.9,2.0,7.5,52,149,73,4,5,8.0,89.3,6,3,No
U05817,2025-01-22,24,Designer,6.3,8.0,7.5,3.8,7.1,19,129,93,4,7,10.0,68.0,6,4,Yes
U02141,2025-01-22,25,Freelancer,7.0,10.0,6.0,1.6,11.5,50,104,81,2,5,8.0,93.8,4,3,No
U06386,2025-01-22,33,Teacher,7.1,10.0,3.7,1.9,12.0,30,81,44,1,2,10.0,100.0,8,8,Yes
U06105,2025-01-22,24,Student,6.3,10.0,8.6,3.0,5.5,41,130,100,2,4,8.0,69.9,3,2,Yes
U01647,2025-01-22,20,Analyst,5.7,10.0,8.1,3.9,5.7,113,132,121,2,5,9.0,79.1,5,4,No
U04102,2025-01-22,18,Student,7.1,10.0,7.0,1.7,8.2,14,94,75,0,5,8.0,77.6,6,2,No
U01967,2025-01-22,36,Teacher,7.1,10.0,9.3,4.1,5.3,27,160,131,3,6,7.0,67.8,9,4,No
U03588,2025-01-22,42,Designer,6.5,7.0,6.9,2.3,8.4,43,122,93,1,4,9.0,96.4,9,5,No
U02046,2025-01-22,53,Teacher,7.7,9.0,4.7,2.0,8.4,21,74,73,1,3,9.0,93.5,8,5,No
U01459,2025-01-22,28,Software Engineer,7.9,10.0,1.9,0.8,12.0,10,39,56,4,2,10.0,100.0,6,5,No
U05792,2025-01-22,45,Software Engineer,6.8,8.0,5.6,3.7,7.0,14,169,78,1,4,9.0,84.5,9,4,Yes
U06903,2025-01-23,21,Software Engineer,6.9,8.0,3.4,2.6,11.8,27,88,56,2,5,9.0,93.7,7,5,No
U02891,2025-01-23,50,Student,5.5,9.0,4.0,0.6,8.5,30,113,48,3,5,9.0,78.3,7,4,No
U05099,2025-01-23,37,Teacher,5.3,9.0,7.2,2.4,6.7,74,112,98,1,4,10.0,74.5,5,2,Yes
U03968,2025-01-23,46,Student,7.4,10.0,5.9,2.5,8.9,21,118,53,1,5,8.0,74.7,8,4,No
U06392,2025-01-23,34,Freelancer,7.9,7.0,7.6,2.6,8.2,82,122,96,0,2,9.0,100.0,10,7,No
U04433,2025-01-23,54,Designer,6.3,9.0,4.3,1.4,9.7,67,60,46,0,2,10.0,100.0,10,7,No
U05620,2025-01-23,33,Teacher,6.1,7.0,6.4,3.7,10.2,50,127,103,2,5,8.0,94.0,11,7,No
U04810,2025-01-23,21,Analyst,4.8,7.0,6.2,3.6,11.5,16,146,102,2,7,6.0,71.1,8,3,No
U06346,2025-01-23,47,Teacher,6.6,10.0,3.1,1.5,8.9,30,75,56,1,3,10.0,90.6,9,5,Yes
U04545,2025-01-23,52,Software Engineer,7.2,10.0,10.1,6.9,7.7,62,221,140,2,5,6.0,64.9,5,3,No
U03063,2025-01-23,56,Student,7.0,10.0,8.2,2.9,8.2,44,134,103,0,5,10.0,96.5,9,5,No
U02742,2025-01-23,39,Student,9.2,10.0,4.4,1.0,7.7,39,67,52,1,1,9.0,100.0,8,5,No
U06924,2025-01-23,46,Analyst,6.1,8.0,7.5,2.5,7.3,20,116,86,2,2,8.0,85.2,7,6,No
U04288,2025-01-23,34,Designer,8.7,10.0,4.3,2.3,9.8,15,103,71,2,3,10.0,98.6,7,6,No
U05272,2025-01-23,47,Analyst,9.3,10.0,11.0,7.5,7.3,64,240,153,2,5,8.0,84.6,5,3,Yes
U04761,2025-01-23,42,Analyst,7.1,7.0,3.9,0.8,11.3,37,96,45,3,3,8.0,100.0,13,11,Yes
U00290,2025-01-23,39,Analyst,5.8,9.0,6.9,4.2,6.5,19,121,106,2,4,7.0,81.3,11,6,No
U03386,2025-01-23,52,Analyst,8.1,10.0,8.0,2.2,10.6,30,132,93,1,3,8.0,95.0,7,3,No
U05360,2025-01-23,41,Software Engineer,7.6,8.0,5.1,2.1,7.1,158,109,73,2,1,10.0,100.0,8,5,No
U02777,2025-01-23,25,Analyst,6.4,8.0,5.3,2.2,9.1,14,112,73,1,4,6.0,79.9,8,7,No
U05132,2025-01-23,60,Software Engineer,7.1,10.0,7.0,3.0,6.9,115,117,81,1,5,6.0,81.1,12,9,No
U02577,2025-01-23,21,Student,5.8,7.0,4.1,1.3,8.2,28,94,63,1,6,8.0,78.4,4,1,No
U05375,2025-01-23,45,Software Engineer,8.2,10.0,6.5,1.7,7.5,31,107,100,2,6,7.0,81.8,8,4,No
U02111,2025-01-23,56,Analyst,8.2,10.0,5.9,1.7,8.4,10,91,51,3,2,8.0,97.0,9,7,Yes
U02406,2025-01-24,34,Analyst,6.0,10.0,4.6,2.8,10.1,31,81,41,3,3,9.0,83.7,9,6,No
U00245,2025-01-24,18,Freelancer,7.0,10.0,5.9,1.3,7.2,19,105,81,0,7,6.0,70.0,7,6,No
U05220,2025-01-24,52,Freelancer,6.9,9.0,5.0,2.1,9.8,24,96,74,2,4,7.0,91.1,6,4,No
U05680,2025-01-24,26,Freelancer,9.3,10.0,3.5,0.3,11.8,5,61,39,0,1,9.0,100.0,4,2,No
U00592,2025-01-24,25,Freelancer,8.5,10.0,7.5,3.2,7.4,154,166,101,3,4,10.0,100.0,8,7,No
U01603,2025-01-24,46,Student,8.3,10.0,8.8,2.1,6.3,52,131,82,1,6,7.0,74.6,6,2,No
U03509,2025-01-24,21,Software Engineer,4.6,4.0,7.4,4.0,7.2,20,124,101,4,4,6.0,70.6,8,5,No
U02211,2025-01-24,21,Software Engineer,7.1,10.0,5.3,1.3,10.6,19,83,60,3,5,10.0,92.6,7,5,Yes
U05590,2025-01-24,31,Analyst,7.5,10.0,7.8,5.3,11.1,11,169,120,0,6,6.0,67.6,8,7,No
U06805,2025-01-24,57,Freelancer,5.7,10.0,4.1,1.6,10.2,49,68,39,0,3,7.0,93.1,6,5,No
U03412,2025-01-24,40,Analyst,7.0,8.0,7.8,4.2,8.9,102,147,121,1,3,9.0,84.7,8,4,No
U00844,2025-01-24,36,Teacher,7.7,8.0,9.4,4.8,8.6,54,182,127,3,7,9.0,87.1,4,3,Yes
U06477,2025-01-24,39,Freelancer,6.7,10.0,6.8,0.9,12.0,90,169,92,3,5,10.0,97.9,8,7,No
U06046,2025-01-24,25,Teacher,7.5,10.0,3.8,2.4,11.0,19,87,58,0,3,7.0,100.0,8,6,No
U05727,2025-01-24,48,Software Engineer,7.8,10.0,1.7,0.3,9.3,36,19,31,0,4,10.0,100.0,8,5,Yes
U01729,2025-01-24,45,Freelancer,5.4,8.0,9.0,2.9,6.9,94,178,103,2,6,9.0,81.2,12,8,Yes
U00338,2025-01-24,59,Analyst,7.1,10.0,5.8,2.1,9.2,36,103,81,3,3,7.0,81.7,9,6,Yes
U01154,2025-01-24,54,Student,6.7,10.0,5.1,2.6,11.1,74,112,66,1,5,9.0,94.0,5,4,No
U04627,2025-01-24,43,Software Engineer,6.9,10.0,8.4,3.6,4.3,12,125,88,2,8,9.0,55.1,6,0,No
U04831,2025-01-24,54,Software Engineer,7.3,10.0,6.2,2.5,9.9,37,103,88,3,5,10.0,85.4,9,5,No
U01083,2025-01-24,35,Analyst,6.5,8.0,2.4,0.4,11.8,24,19,34,2,2,10.0,92.0,8,8,No
U02833,2025-01-24,18,Freelancer,6.1,9.0,6.7,3.0,9.4,45,127,101,0,5,8.0,90.4,6,2,Yes
U00985,2025-01-25,46,Teacher,5.8,10.0,8.6,5.2,7.6,30,147,126,6,6,5.0,60.9,4,3,No
U04034,2025-01-25,36,Teacher,8.8,10.0,6.3,4.4,6.9,4,123,89,2,6,8.0,77.4,5,4,No
U00514,2025-01-25,47,Freelancer,6.9,10.0,3.5,1.1,8.8,18,65,58,0,5,8.0,90.9,12,6,No
U02889,2025-01-25,44,Software Engineer,6.9,10.0,6.3,2.5,12.0,31,108,79,2,3,10.0,100.0,11,7,No
U02738,2025-01-25,27,Teacher,7.7,10.0,8.6,2.8,9.6,21,198,131,1,7,7.0,75.3,5,5,Yes
U01715,2025-01-25,57,Designer,8.1,9.0,8.8,2.6,10.7,41,164,103,1,5,10.0,95.4,6,3,No
U04356,2025-01-25,24,Teacher,7.2,9.0,2.0,2.6,12.0,63,84,33,2,3,10.0,100.0,5,5,No
U00940,2025-01-25,46,Student,8.6,10.0,9.3,2.6,4.1,40,161,135,1,4,10.0,79.8,7,3,No
U04829,2025-01-25,30,Student,5.6,10.0,6.0,3.0,9.9,43,121,92,2,4,8.0,74.0,8,7,No
U03845,2025-01-25,56,Teacher,7.3,10.0,9.5,5.5,8.4,97,175,128,1,5,10.0,99.9,9,5,Yes
U00585,2025-01-25,36,Software Engineer,9.1,7.0,5.5,3.6,8.1,63,78,67,0,3,10.0,93.2,4,2,No
U05188,2025-01-25,18,Student,3.0,4.0,7.0,2.2,8.7,19,118,93,2,7,6.0,50.7,18,7,No
U06983,2025-01-25,40,Designer,4.4,6.0,7.0,2.2,7.8,22,118,92,4,8,7.0,55.9,6,2,Yes
U04663,2025-01-25,59,Student,6.9,10.0,7.3,2.8,9.3,18,122,100,1,3,7.0,80.2,5,3,No
U06762,2025-01-25,35,Designer,7.1,9.0,5.2,2.6,10.2,36,95,64,5,4,6.0,97.7,6,3,No
U03601,2025-01-25,59,Analyst,7.6,10.0,9.4,5.5,8.0,76,175,125,4,5,10.0,89.1,11,5,No
U02478,2025-01-25,29,Teacher,7.7,10.0,5.8,1.1,8.9,8,148,70,0,5,9.0,99.8,14,8,No
U03991,2025-01-25,40,Designer,9.3,10.0,8.3,4.7,8.5,31,171,124,4,7,7.0,76.4,13,7,No
U06664,2025-01-25,29,Student,6.1,6.0,5.6,2.8,7.6,37,143,72,4,6,8.0,73.1,4,1,No
U03612,2025-01-25,24,Freelancer,5.3,6.0,7.0,2.6,8.9,180,112,76,0,1,10.0,100.0,5,3,No
U04103,2025-01-25,36,Software Engineer,7.8,,3.5,0.0,10.5,4,71,19,1,3,10.0,100.0,7,3,No
U06349,2025-01-25,55,Teacher,6.2,8.0,3.3,0.5,11.0,11,68,40,0,3,8.0,98.0,3,3,Yes
U03032,2025-01-25,58,Student,5.6,10.0,6.3,3.4,8.8,9,126,94,5,6,8.0,83.3,7,4,Yes
U01427,2025-01-25,25,Freelancer,6.7,10.0,5.0,0.6,8.9,18,83,53,2,4,8.0,85.2,6,1,No
U03797,2025-01-25,31,Teacher,8.0,9.0,4.1,1.9,9.8,21,76,67,3,2,9.0,97.7,11,6,Yes
U01613,2025-01-26,34,Freelancer,8.3,10.0,5.8,2.7,6.4,16,108,74,2,3,7.0,78.2,9,7,No
U01308,2025-01-26,27,Designer,8.3,10.0,3.1,0.7,10.3,35,108,40,0,6,9.0,100.0,4,3,Yes
U03549,2025-01-26,26,Student,6.2,10.0,5.5,2.9,9.9,136,152,69,1,2,10.0,100.0,4,2,No
U06876,2025-01-26,52,Analyst,6.5,8.0,9.3,1.1,9.9,27,155,118,1,6,8.0,88.9,5,1,No
U06049,2025-01-26,47,Freelancer,5.4,7.0,7.4,0.5,7.6,15,174,80,0,5,5.0,70.8,9,5,No
U01036,2025-01-26,43,Teacher,7.8,10.0,6.6,2.9,10.2,123,130,89,1,1,10.0,100.0,8,6,Yes
U05694,2025-01-26,52,Analyst,3.7,5.0,9.1,3.2,8.5,109,136,107,3,4,8.0,79.8,2,2,Yes
U05759,2025-01-26,21,Teacher,7.3,10.0,7.0,1.6,7.7,11,143,68,2,5,7.0,73.0,5,2,No
U02899,2025-01-26,56,Freelancer,7.7,7.0,9.5,4.2,6.3,119,157,118,0,1,10.0,100.0,8,5,No
U01547,2025-01-26,23,Software Engineer,8.1,9.0,3.7,1.2,8.9,36,82,57,1,1,9.0,100.0,12,10,No
U01249,2025-01-26,51,Freelancer,7.4,9.0,4.6,1.0,7.7,14,96,58,2,3,10.0,100.0,6,5,Yes
U02404,2025-01-26,52,Student,9.4,10.0,11.2,5.2,8.7,13,189,155,2,7,8.0,80.8,8,3,No
U02352,2025-01-26,34,Software Engineer,6.7,10.0,1.9,0.5,8.3,40,30,20,0,2,10.0,100.0,4,2,Yes
U01162,2025-01-26,41,Student,10.0,10.0,9.7,2.5,4.2,14,155,101,4,3,10.0,77.7,6,5,No
U06725,2025-01-26,27,Designer,6.0,8.0,6.8,2.4,7.3,50,148,82,1,5,8.0,74.1,8,6,Yes
U01078,2025-01-26,43,Student,7.8,10.0,7.2,3.9,7.5,30,144,85,2,6,8.0,75.1,9,3,Yes
U05659,2025-01-26,39,Software Engineer,7.2,10.0,5.5,1.0,8.4,21,111,47,1,4,8.0,92.1,8,6,Yes
U01020,2025-01-27,53,Analyst,5.3,6.0,5.6,1.3,10.4,10,98,40,1,5,7.0,79.6,7,4,No
U04536,2025-01-27,55,Teacher,8.2,10.0,7.1,2.5,7.5,45,121,100,2,5,7.0,74.6,3,1,No
U04685,2025-01-27,57,Teacher,7.0,10.0,8.1,3.0,6.5,21,175,71,1,7,5.0,40.9,6,2,No
U03671,2025-01-27,28,Designer,5.7,9.0,6.0,5.1,8.8,17,152,94,1,6,6.0,73.8,5,1,Yes
U05355,2025-01-27,33,Analyst,5.7,10.0,5.6,2.9,11.3,67,124,71,1,3,7.0,100.0,14,9,No
U05403,2025-01-27,59,Analyst,7.4,10.0,5.2,3.2,10.9,7,108,83,2,5,9.0,96.6,11,8,No
U00099,2025-01-27,58,Student,6.2,8.0,11.0,3.4,7.1,100,189,121,0,7,9.0,74.5,4,2,No
U03315,2025-01-27,35,Teacher,5.9,10.0,9.1,2.5,8.6,23,141,101,1,7,6.0,74.3,8,4,No
U01167,2025-01-27,21,Software Engineer,6.0,7.0,6.0,1.1,9.5,19,85,68,1,6,6.0,78.0,11,7,No
U03861,2025-01-27,41,Student,6.3,10.0,4.8,2.3,6.0,38,112,58,2,3,10.0,82.9,10,7,No
U04162,2025-01-27,50,Software Engineer,4.9,10.0,3.9,1.4,9.0,41,79,40,0,2,10.0,100.0,13,10,Yes
U00607,2025-01-27,28,Student,5.4,5.0,5.9,2.0,10.2,65,120,90,2,3,9.0,92.2,10,7,No
U00677,2025-01-27,23,Teacher,9.1,10.0,11.3,2.5,4.3,58,165,112,1,7,10.0,70.7,5,4,Yes
U01708,2025-01-27,19,Analyst,5.4,9.0,8.7,4.5,10.1,47,141,114,2,5,7.0,67.2,11,6,No
U01260,2025-01-27,53,Software Engineer,7.1,10.0,7.3,0.7,9.2,90,106,78,0,5,9.0,87.5,11,7,Yes
U03829,2025-01-27,24,Teacher,7.1,9.0,10.4,4.8,5.5,25,203,130,0,9,6.0,51.4,9,1,No
U04818,2025-01-27,18,Freelancer,7.5,9.0,5.3,2.4,11.6,56,84,73,3,4,10.0,100.0,3,1,No
U06655,2025-01-27,28,Designer,7.8,10.0,7.3,1.3,9.4,29,122,78,4,5,10.0,88.7,10,8,No
U00023,2025-01-28,38,Designer,9.1,10.0,8.0,3.7,9.5,25,159,119,1,7,7.0,90.9,7,5,Yes
U01125,2025-01-28,18,Teacher,8.0,10.0,2.5,1.4,10.4,20,107,32,0,3,5.0,96.0,6,5,No
U02660,2025-01-28,53,Designer,6.9,10.0,2.6,1.1,7.8,77,58,60,2,1,10.0,100.0,3,3,No
U04532,2025-01-28,28,Teacher,6.3,10.0,10.4,2.5,9.5,12,184,121,2,7,7.0,70.5,9,3,No
U04922,2025-01-28,34,Analyst,5.8,7.0,7.9,0.9,8.0,43,130,79,5,7,10.0,73.3,4,4,No
U05064,2025-01-28,23,Teacher,7.0,10.0,9.7,5.5,7.4,47,170,136,1,6,8.0,56.4,7,4,Yes
U01593,2025-01-28,51,Software Engineer,7.9,10.0,7.7,3.4,8.2,7,127,101,2,5,8.0,80.4,7,3,No
U04636,2025-01-28,57,Teacher,6.2,10.0,6.1,3.2,6.2,66,116,94,2,3,8.0,82.5,4,2,No
U06544,2025-01-28,36,Analyst,5.0,7.0,7.8,3.8,9.8,63,121,102,1,5,9.0,68.8,6,5,Yes
U04188,2025-01-28,54,Designer,7.0,8.0,8.5,2.2,5.2,100,151,116,0,5,9.0,78.2,3,0,No
U04773,2025-01-28,21,Software Engineer,5.7,8.0,7.6,2.1,9.1,40,144,99,2,5,10.0,78.7,8,4,No
U02457,2025-01-28,28,Software Engineer,5.8,8.0,10.1,4.8,3.8,73,198,141,3,4,10.0,69.0,4,2,No
U00186,2025-01-28,19,Freelancer,8.4,10.0,7.8,1.8,9.3,64,135,96,1,3,10.0,100.0,2,0,Yes
U03410,2025-01-28,20,Software Engineer,8.3,10.0,7.6,4.7,7.6,109,140,110,1,3,10.0,95.2,8,5,Yes
U05461,2025-01-28,53,Software Engineer,6.7,10.0,8.0,5.0,11.0,72,151,119,1,5,10.0,89.0,7,7,No
U00634,2025-01-28,53,Student,7.5,10.0,7.4,4.1,6.4,65,149,116,3,2,8.0,84.4,5,2,No
U05124,2025-01-28,45,Analyst,7.0,9.0,11.3,6.9,6.2,35,220,165,3,6,8.0,63.5,2,2,No
U06836,2025-01-28,59,Analyst,5.6,8.0,6.4,2.5,7.7,31,169,91,3,6,8.0,74.7,6,2,Yes
U00857,2025-01-28,23,Analyst,7.2,8.0,7.4,3.3,7.0,17,115,116,2,7,6.0,53.2,5,2,No
U06826,2025-01-28,49,Software Engineer,7.0,10.0,4.8,1.3,9.8,36,70,68,4,6,8.0,79.6,9,5,Yes
U02541,2025-01-29,44,Teacher,8.1,10.0,4.5,2.6,11.7,15,99,75,1,3,8.0,100.0,7,5,No
U03454,2025-01-29,51,Teacher,6.0,10.0,10.2,1.6,6.5,10,167,116,3,7,4.0,47.5,4,1,No
U04246,2025-01-29,22,Freelancer,4.7,6.0,6.6,2.0,6.5,101,89,93,0,3,10.0,93.6,13,9,No
U01491,2025-01-29,57,Teacher,7.1,9.0,5.1,3.5,11.8,86,126,114,1,3,10.0,100.0,3,2,No
U05320,2025-01-29,21,Designer,4.8,7.0,9.0,3.0,5.5,82,152,112,3,3,8.0,68.3,9,4,No
U04779,2025-01-29,55,Freelancer,7.9,10.0,6.3,0.8,7.4,14,102,77,1,4,6.0,93.1,6,3,No
U05244,2025-01-29,29,Teacher,5.2,9.0,4.8,0.0,11.5,22,41,68,4,6,7.0,91.6,7,3,No
U00158,2025-01-29,42,Freelancer,7.1,10.0,6.9,3.3,7.6,57,116,92,2,3,9.0,88.4,8,4,Yes
U00148,2025-01-29,45,Teacher,9.3,10.0,5.1,1.4,11.6,17,103,77,2,4,10.0,100.0,3,3,No
U06847,2025-01-29,21,Analyst,6.1,8.0,7.2,3.9,5.9,19,146,108,1,7,5.0,60.8,7,4,No
U00512,2025-01-29,52,Analyst,7.3,9.0,4.0,1.6,11.4,24,110,52,0,4,8.0,99.8,11,7,No
U00770,2025-01-29,46,Designer,8.1,8.0,4.7,1.6,11.3,6,111,53,1,4,8.0,92.8,8,7,No
U06687,2025-01-29,19,Designer,5.3,9.0,8.3,1.4,3.9,19,180,98,3,7,9.0,60.5,8,3,No
U06618,2025-01-29,33,Designer,8.0,10.0,1.0,0.8,9.3,34,94,21,2,1,10.0,100.0,7,6,No
U01750,2025-01-29,36,Student,6.7,10.0,8.0,3.1,8.1,10,127,103,0,4,9.0,74.8,8,5,No
U06646,2025-01-29,32,Analyst,6.0,10.0,7.9,3.8,4.9,18,154,111,1,5,6.0,55.5,11,4,Yes
U02331,2025-01-29,39,Software Engineer,6.9,10.0,7.9,5.2,8.1,69,192,125,1,4,7.0,76.1,8,6,No
U04576,2025-01-30,42,Teacher,7.0,9.0,5.1,1.5,7.5,1,87,67,0,6,9.0,76.2,12,9,No
U02321,2025-01-30,56,Student,7.2,10.0,6.8,3.9,7.2,21,168,95,1,6,6.0,70.9,9,6,No
U02043,2025-01-30,24,Designer,7.2,10.0,3.9,2.1,8.0,31,97,67,1,4,10.0,97.0,12,6,Yes
U05736,2025-01-30,44,Teacher,7.3,9.0,6.4,3.8,7.4,12,148,116,2,5,9.0,89.5,7,4,Yes
U03890,2025-01-30,40,Student,8.7,10.0,8.3,2.6,7.7,11,169,78,5,5,10.0,90.5,5,3,Yes
U00017,2025-01-30,39,Freelancer,7.6,10.0,8.5,3.9,8.4,39,166,102,1,5,10.0,77.2,3,1,No
U01489,2025-01-30,30,Designer,7.4,10.0,6.5,1.1,8.5,50,104,62,1,2,9.0,94.7,6,4,No
U05922,2025-01-30,18,Freelancer,7.4,10.0,9.7,1.8,6.8,24,178,89,2,7,7.0,69.2,8,2,No
U01853,2025-01-30,37,Student,7.5,10.0,3.7,1.1,8.0,6,82,30,3,4,10.0,91.7,7,4,No
U01086,2025-01-30,44,Designer,8.1,10.0,6.4,1.1,8.6,87,128,87,3,1,10.0,100.0,5,2,No
U02674,2025-01-30,33,Designer,5.1,7.0,8.7,2.5,7.8,132,163,134,0,4,8.0,83.2,4,2,No
U02266,2025-01-30,38,Freelancer,9.7,10.0,5.7,2.1,7.3,10,126,45,1,4,9.0,95.5,9,6,No
U05209,2025-01-30,42,Designer,7.8,10.0,7.4,4.0,12.0,22,141,110,1,6,8.0,92.5,5,2,No
U05613,2025-01-30,29,Teacher,6.3,8.0,10.0,4.1,7.3,18,175,140,4,8,9.0,67.0,6,3,No
U02229,2025-01-30,47,Student,7.2,10.0,6.1,0.3,11.5,16,90,55,1,3,8.0,98.8,3,3,No
U00546,2025-01-30,22,Analyst,7.7,10.0,8.1,3.7,6.7,70,176,89,3,5,9.0,85.7,8,3,Yes
U05010,2025-01-30,42,Teacher,5.6,7.0,4.8,2.4,7.8,36,137,76,0,3,8.0,71.4,8,5,No
U04720,2025-01-30,18,Freelancer,5.6,9.0,4.7,1.2,10.3,34,77,72,3,4,7.0,91.8,10,5,No
U04741,2025-01-30,49,Designer,7.1,10.0,6.6,1.4,8.6,31,122,81,2,5,10.0,89.5,4,3,No
U03247,2025-01-30,51,Software Engineer,7.2,10.0,5.8,1.9,6.0,24,101,82,2,2,10.0,87.4,4,3,No
U04490,2025-01-30,25,Designer,6.7,10.0,7.1,1.3,8.4,16,105,85,2,5,8.0,87.2,6,4,No
U03633,2025-01-31,46,Teacher,7.9,10.0,5.3,2.1,9.3,29,155,70,1,4,9.0,93.7,3,3,No
U04558,2025-01-31,27,Freelancer,7.6,10.0,4.2,1.1,9.0,11,101,56,3,4,10.0,100.0,5,3,No
U02509,2025-01-31,39,Designer,6.5,7.0,6.5,2.5,8.1,68,110,80,2,4,10.0,89.2,3,3,Yes
U05562,2025-01-31,21,Analyst,7.9,8.0,6.9,4.8,6.3,44,112,113,2,5,9.0,80.9,6,4,No
U00713,2025-01-31,47,Software Engineer,8.7,10.0,6.9,3.7,9.0,51,148,91,1,4,10.0,100.0,11,6,No
U06918,2025-01-31,60,Student,8.5,10.0,10.0,4.7,8.1,24,226,174,1,6,9.0,81.8,7,4,No
U01917,2025-01-31,25,Teacher,5.6,9.0,8.9,0.7,8.3,15,130,81,2,6,7.0,77.8,5,2,No
U00500,2025-01-31,53,Freelancer,6.7,9.0,7.4,3.6,9.7,68,138,108,5,4,10.0,100.0,6,3,No
U00659,2025-01-31,22,Software Engineer,8.2,10.0,7.6,1.5,9.1,19,134,81,3,4,10.0,87.5,13,11,Yes
U04673,2025-01-31,41,Teacher,9.8,10.0,6.9,1.4,7.3,53,158,78,3,3,10.0,98.3,3,1,No
U01082,2025-01-31,24,Freelancer,5.1,8.0,6.5,2.1,9.6,28,97,87,0,5,6.0,73.3,7,4,No
U05004,2025-01-31,39,Software Engineer,8.7,10.0,6.2,3.7,12.0,24,106,106,0,4,9.0,99.2,4,2,Yes
U00954,2025-01-31,21,Software Engineer,7.1,10.0,7.0,1.7,10.9,31,97,95,2,5,7.0,84.8,12,6,No
U05956,2025-01-31,40,Analyst,7.4,7.0,7.2,2.4,6.5,32,159,84,2,4,7.0,86.1,7,3,Yes
U06137,2025-01-31,45,Designer,5.9,9.0,7.5,3.3,7.1,34,135,98,2,4,10.0,77.2,10,8,Yes
U04755,2025-02-01,24,Freelancer,7.0,10.0,6.2,3.0,9.4,51,93,74,0,3,8.0,95.7,6,3,No
U04707,2025-02-01,19,Freelancer,8.8,10.0,6.3,3.5,8.2,19,107,75,3,5,8.0,79.1,8,4,No
U03461,2025-02-01,43,Analyst,9.4,10.0,6.0,2.8,10.6,35,104,81,1,2,10.0,100.0,9,7,No
U00572,2025-02-01,39,Software Engineer,7.4,10.0,6.0,3.9,6.9,62,137,86,1,5,9.0,85.3,6,3,No
U04800,2025-02-01,48,Teacher,5.0,10.0,6.8,0.7,8.6,61,121,94,3,4,8.0,87.4,9,5,No
U05962,2025-02-01,58,Freelancer,6.0,9.0,4.8,3.2,8.4,10,123,35,3,7,7.0,69.2,4,1,No
U04902,2025-02-01,19,Software Engineer,6.8,10.0,6.0,1.4,9.8,78,115,77,3,4,9.0,100.0,10,7,Yes
U01065,2025-02-01,53,Designer,7.6,10.0,8.7,4.5,6.4,101,158,96,3,3,10.0,83.8,7,3,Yes
U00856,2025-02-01,23,Freelancer,7.8,10.0,10.2,1.6,8.6,8,135,84,3,7,8.0,80.1,12,7,No
U01315,2025-02-01,38,Freelancer,7.9,9.0,3.0,0.6,9.5,23,52,43,1,1,9.0,100.0,6,4,No
U03837,2025-02-01,40,Student,6.4,9.0,5.9,3.4,8.3,31,121,83,3,4,9.0,79.8,11,5,No
U02993,2025-02-01,50,Analyst,7.8,10.0,7.3,2.6,9.5,11,138,83,3,7,9.0,89.8,6,5,Yes
U04820,2025-02-01,30,Analyst,5.0,6.0,11.0,6.0,7.7,24,191,155,2,9,6.0,53.8,9,4,No
U06845,2025-02-01,23,Designer,5.6,9.0,6.4,2.0,9.2,115,109,72,1,3,9.0,100.0,6,0,No
U01880,2025-02-02,37,Teacher,5.9,9.0,5.9,3.4,12.0,5,132,67,3,7,8.0,85.1,8,6,No
U06788,2025-02-02,36,Student,6.0,7.0,4.5,2.4,11.0,43,69,79,4,5,8.0,100.0,7,5,No
U01157,2025-02-02,45,Analyst,7.2,10.0,7.1,3.7,11.2,56,147,80,2,5,7.0,87.9,7,5,No
U04535,2025-02-02,39,Teacher,8.4,10.0,9.0,2.2,9.4,33,148,125,1,6,9.0,72.1,7,5,No
U06230,2025-02-02,39,Software Engineer,7.0,9.0,6.5,4.3,7.2,48,120,109,1,5,9.0,81.6,2,1,No
U01306,2025-02-02,54,Teacher,6.2,,3.1,0.3,9.0,25,66,37,1,3,7.0,91.3,3,0,Yes
U00368,2025-02-02,40,Teacher,8.1,8.0,3.9,1.7,3.9,18,102,37,1,2,8.0,88.4,5,5,No
U04427,2025-02-02,48,Software Engineer,7.1,9.0,10.5,3.3,5.4,40,193,111,1,8,9.0,67.1,5,1,No
U03100,2025-02-02,40,Software Engineer,5.7,7.0,3.7,1.3,9.0,27,95,66,1,5,6.0,77.0,12,7,No
U03113,2025-02-02,57,Analyst,8.3,9.0,8.1,3.6,6.6,39,140,111,1,4,9.0,83.8,10,5,No
U05812,2025-02-02,30,Student,8.0,10.0,4.4,1.5,8.3,11,89,81,2,4,8.0,78.4,13,10,No
U03163,2025-02-02,35,Student,7.5,10.0,6.6,2.6,7.7,20,126,90,3,3,9.0,100.0,8,3,Yes
U03176,2025-02-02,40,Student,4.0,5.0,7.6,4.1,9.7,23,156,119,2,6,7.0,75.0,4,4,Yes
U00988,2025-02-02,56,Freelancer,8.5,10.0,3.6,0.3,10.9,19,72,39,0,4,10.0,100.0,8,6,No
U05166,2025-02-02,26,Designer,8.5,10.0,10.6,2.8,7.2,59,142,99,3,5,10.0,71.4,7,5,No
U00696,2025-02-02,30,Software Engineer,5.9,10.0,6.9,3.0,6.5,48,209,84,2,5,8.0,71.7,7,3,No
U00714,2025-02-02,34,Designer,5.3,8.0,5.0,3.2,9.0,36,158,66,1,4,9.0,86.5,5,3,Yes
U04799,2025-02-02,29,Analyst,7.8,10.0,7.2,3.2,6.8,63,179,101,1,3,8.0,84.9,10,9,No
U05184,2025-02-02,39,Designer,8.3,10.0,7.8,1.7,7.2,54,143,85,0,3,8.0,91.7,8,8,No
U06791,2025-02-03,18,Freelancer,9.5,10.0,4.7,1.9,10.4,16,121,62,1,3,10.0,100.0,3,2,Yes
U06422,2025-02-03,40,Freelancer,7.5,9.0,3.2,2.1,12.0,44,93,47,0,2,8.0,100.0,6,5,No
U01760,2025-02-03,54,Freelancer,5.4,8.0,7.5,3.0,7.7,30,173,95,2,6,10.0,94.4,7,2,Yes
U01743,2025-02-03,28,Designer,7.3,9.0,10.9,6.0,4.6,26,183,160,1,8,8.0,53.5,8,3,Yes
U03979,2025-02-03,57,Student,6.6,6.0,8.7,5.2,7.6,18,156,102,2,7,6.0,67.5,9,6,No
U01845,2025-02-03,58,Software Engineer,7.8,10.0,7.9,4.2,11.8,38,161,99,3,4,7.0,90.0,10,8,No
U00687,2025-02-03,54,Designer,6.7,7.0,6.5,3.3,11.0,27,140,86,2,6,7.0,78.1,13,8,No
U04828,2025-02-03,43,Analyst,6.5,9.0,3.1,0.8,9.5,25,74,34,3,4,9.0,97.5,4,2,No
U03596,2025-02-03,34,Teacher,7.6,9.0,5.6,3.8,10.9,51,138,92,3,3,9.0,97.8,5,4,No
U06447,2025-02-03,31,Student,6.2,8.0,3.2,1.5,12.0,26,82,33,2,1,9.0,100.0,8,5,No
U06670,2025-02-03,34,Freelancer,9.6,10.0,7.3,3.0,6.1,19,156,96,1,4,9.0,75.7,6,3,No
U02120,2025-02-03,53,Teacher,8.2,10.0,7.8,2.4,9.1,48,126,106,1,3,6.0,76.9,8,7,No
U02224,2025-02-03,35,Student,7.6,10.0,8.2,3.8,7.1,61,160,96,1,4,8.0,79.2,9,7,No
U04160,2025-02-03,28,Freelancer,9.3,10.0,8.2,3.2,7.9,40,125,107,5,6,8.0,78.1,6,3,No
U02864,2025-02-03,41,Teacher,6.4,9.0,7.1,2.7,10.2,22,143,105,0,6,8.0,80.1,4,1,No
U00102,2025-02-03,26,Analyst,7.4,8.0,5.0,1.2,8.6,30,137,67,0,6,8.0,92.5,13,7,No
U05822,2025-02-03,58,Teacher,6.8,9.0,9.8,3.7,6.0,88,174,118,1,5,9.0,86.3,4,3,No
U00944,2025-02-03,54,Freelancer,6.8,9.0,8.5,2.2,10.9,38,156,112,1,5,8.0,80.3,11,7,Yes
U05871,2025-02-03,22,Freelancer,3.7,5.0,7.3,0.6,4.7,34,104,92,1,7,6.0,56.4,11,4,No
U01958,2025-02-03,24,Student,8.2,10.0,4.6,2.9,10.2,22,116,60,1,3,10.0,100.0,8,7,Yes
U00597,2025-02-03,30,Software Engineer,7.3,10.0,8.4,3.2,12.0,27,169,107,2,4,6.0,90.9,3,2,No
U05907,2025-02-03,55,Teacher,8.1,10.0,9.9,5.4,4.7,76,193,143,3,6,9.0,79.0,8,3,No
U00550,2025-02-03,60,Student,5.1,6.0,4.4,1.1,8.8,9,77,84,0,7,8.0,83.0,8,5,No
U00846,2025-02-04,58,Software Engineer,7.8,9.0,3.8,2.4,10.7,27,88,50,1,3,9.0,100.0,5,4,No
U04669,2025-02-04,24,Designer,7.5,10.0,7.7,,7.6,63,151,96,0,6,9.0,80.5,5,4,No
U00959,2025-02-04,57,Freelancer,7.4,8.0,6.3,1.4,11.4,88,93,65,4,1,10.0,100.0,8,6,Yes
U01359,2025-02-04,52,Student,6.2,10.0,6.3,2.9,9.5,16,115,92,1,6,6.0,87.5,7,3,No
U06434,2025-02-04,50,Teacher,7.8,9.0,4.0,1.6,6.4,18,105,63,3,4,10.0,90.9,5,3,Yes
U02708,2025-02-04,20,Software Engineer,7.3,10.0,14.0,2.9,6.2,36,170,141,1,10,8.0,49.0,7,3,No
U04629,2025-02-04,25,Student,6.4,8.0,2.2,1.6,10.7,18,74,32,3,4,8.0,95.7,11,8,No
U00403,2025-02-04,18,Designer,7.5,9.0,7.7,4.3,11.9,60,110,109,4,4,9.0,93.1,8,5,No
U00436,2025-02-04,40,Teacher,4.3,8.0,7.7,3.0,9.4,46,141,75,1,7,7.0,65.9,12,6,No
U03073,2025-02-04,41,Designer,6.4,10.0,4.8,2.4,3.4,9,122,61,3,6,7.0,68.3,2,1,No
U03655,2025-02-04,58,Student,7.0,10.0,4.2,2.2,7.9,43,54,51,2,5,7.0,100.0,7,4,No
U04346,2025-02-04,33,Teacher,7.2,9.0,4.5,1.2,8.5,52,96,46,3,2,10.0,100.0,4,4,Yes
U03022,2025-02-04,45,Analyst,6.0,10.0,7.0,4.5,7.4,66,133,97,2,3,8.0,78.8,4,2,No
U00516,2025-02-04,37,Freelancer,5.7,8.0,5.7,2.0,10.1,47,121,61,3,3,8.0,83.4,12,7,No
U04880,2025-02-04,28,Analyst,6.8,10.0,8.8,4.2,5.1,7,183,102,3,6,6.0,70.4,5,4,No
U02924,2025-02-04,23,Analyst,6.9,6.0,11.7,5.4,6.4,20,190,152,3,6,9.0,60.9,4,2,No
U04480,2025-02-05,49,Freelancer,7.3,10.0,6.4,3.1,9.1,60,111,108,0,3,8.0,85.5,9,7,No
U02377,2025-02-05,50,Freelancer,6.0,10.0,6.8,3.5,6.9,64,148,109,2,5,8.0,83.3,9,7,No
U00238,2025-02-05,47,Student,4.9,8.0,10.5,4.3,6.0,83,183,118,3,7,10.0,70.1,5,1,No
U04964,2025-02-05,32,Teacher,5.6,9.0,4.8,0.9,9.6,25,65,65,2,5,9.0,88.1,6,4,No
U06319,2025-02-05,31,Analyst,7.7,10.0,7.2,3.6,8.4,15,147,120,1,4,10.0,90.6,4,4,No
U06139,2025-02-05,28,Software Engineer,6.4,10.0,8.2,3.6,7.7,18,125,100,0,4,7.0,69.7,9,4,Yes
U01015,2025-02-05,29,Freelancer,5.4,9.0,6.4,2.5,7.7,31,94,86,1,6,8.0,69.5,8,4,No
U04330,2025-02-05,30,Teacher,6.6,8.0,6.3,3.6,10.4,25,136,93,1,5,5.0,73.9,8,5,No
U02706,2025-02-05,35,Software Engineer,7.5,10.0,5.8,1.4,8.4,73,86,83,0,1,10.0,100.0,5,4,No
U06234,2025-02-05,60,Student,5.2,9.0,4.7,1.9,7.1,24,119,67,2,5,7.0,71.0,5,4,No
U00382,2025-02-05,21,Student,6.2,9.0,5.8,3.1,9.1,15,101,82,2,6,6.0,77.4,5,2,No
U05766,2025-02-05,59,Analyst,6.1,9.0,1.0,0.5,11.9,22,32,28,4,4,9.0,99.5,8,5,No
U04007,2025-02-05,22,Freelancer,7.0,10.0,5.2,2.5,9.3,16,103,51,1,7,6.0,78.8,9,4,No
U04190,2025-02-05,35,Teacher,7.5,9.0,3.7,1.6,9.4,53,54,37,2,2,8.0,100.0,4,3,Yes
U06014,2025-02-06,48,Analyst,8.2,10.0,5.3,1.0,9.3,41,123,69,1,3,8.0,100.0,8,4,No
U06663,2025-02-06,27,Student,8.2,10.0,4.3,1.8,9.0,73,70,68,0,1,9.0,100.0,8,7,Yes
U02358,2025-02-06,51,Analyst,5.0,9.0,7.3,4.4,9.8,16,156,84,4,8,8.0,76.5,9,5,No
U00816,2025-02-06,35,Student,5.8,8.0,7.0,3.7,9.8,37,132,75,0,5,8.0,78.8,8,3,No
U04049,2025-02-06,22,Analyst,7.6,8.0,8.4,5.5,12.0,40,148,111,2,5,10.0,100.0,6,3,No
U01419,2025-02-06,56,Software Engineer,9.3,10.0,6.0,1.4,6.5,60,132,62,2,2,10.0,100.0,10,9,No
U02017,2025-02-06,51,Analyst,6.5,8.0,5.8,2.7,9.3,18,98,114,3,4,9.0,95.1,6,5,Yes
U02232,2025-02-06,20,Student,7.8,10.0,10.1,6.5,8.1,52,196,145,7,5,7.0,80.5,5,4,No
U05330,2025-02-06,51,Analyst,6.1,10.0,4.6,2.0,11.6,14,95,48,0,4,9.0,93.5,6,4,Yes
U06177,2025-02-06,49,Teacher,5.0,6.0,3.1,1.1,8.1,30,56,22,2,4,6.0,93.1,8,6,No
U02876,2025-02-06,38,Software Engineer,9.4,10.0,6.5,3.6,8.4,19,127,113,0,5,9.0,81.9,7,5,No
U03613,2025-02-06,29,Student,6.9,9.0,7.8,1.9,9.1,13,124,80,3,7,7.0,78.5,8,4,No
U01840,2025-02-06,27,Software Engineer,5.3,4.0,1.0,0.2,12.0,30,48,20,1,1,9.0,100.0,5,4,Yes
U01492,2025-02-06,49,Freelancer,6.8,8.0,9.5,4.4,7.7,10,159,117,3,8,7.0,57.7,4,2,No
U01783,2025-02-06,58,Designer,7.0,8.0,5.2,1.7,7.8,26,111,78,1,5,10.0,78.6,6,2,Yes
U04914,2025-02-06,54,Freelancer,9.1,10.0,10.3,5.3,4.0,23,209,135,1,5,7.0,69.3,6,5,Yes
U02114,2025-02-06,21,Software Engineer,8.3,10.0,7.4,4.4,8.8,21,114,108,1,6,9.0,80.1,7,4,No
U03297,2025-02-06,23,Teacher,7.3,10.0,7.0,3.2,11.5,18,137,79,3,6,7.0,82.2,8,6,No
U00951,2025-02-06,36,Student,6.1,9.0,3.9,1.6,10.9,39,86,46,4,4,8.0,100.0,4,4,No
U01509,2025-02-06,30,Designer,4.5,8.0,9.2,4.8,9.2,63,166,125,3,6,9.0,69.0,11,7,No
U01184,2025-02-07,19,Student,6.2,7.0,5.6,2.0,8.1,2,137,88,3,5,7.0,67.3,7,5,No
U01973,2025-02-07,55,Software Engineer,6.3,7.0,8.4,1.7,4.0,46,111,103,0,5,8.0,75.1,3,1,Yes
U02806,2025-02-07,29,Freelancer,6.3,7.0,4.9,1.5,12.0,114,114,59,2,4,10.0,100.0,10,7,No
U02673,2025-02-07,33,Student,8.1,10.0,4.5,2.0,8.4,7,115,82,0,4,9.0,95.3,8,4,No
U06839,2025-02-07,45,Software Engineer,8.2,10.0,4.1,1.4,11.9,21,88,63,2,2,10.0,100.0,6,6,Yes
U00069,2025-02-07,25,Analyst,7.6,10.0,5.9,2.0,7.9,25,124,82,0,5,8.0,91.3,6,4,No
U06994,2025-02-07,35,Freelancer,5.0,7.0,7.2,1.1,10.0,43,160,88,1,4,7.0,83.7,11,6,No
U05770,2025-02-07,48,Analyst,9.4,10.0,2.6,0.8,10.8,41,51,62,1,1,10.0,100.0,9,9,Yes
U03086,2025-02-07,29,Software Engineer,6.8,10.0,8.3,2.6,4.3,37,185,96,2,6,8.0,57.8,11,4,Yes
U04904,2025-02-07,36,Analyst,7.1,10.0,9.0,5.2,7.7,19,149,115,1,6,7.0,82.7,5,2,Yes
U01217,2025-02-07,26,Analyst,7.7,10.0,5.5,2.8,11.9,11,128,72,1,6,10.0,95.1,7,5,No
U00480,2025-02-07,46,Freelancer,7.0,9.0,4.8,1.6,9.3,23,102,67,2,4,9.0,88.2,6,5,No
U04957,2025-02-07,36,Designer,6.5,7.0,3.7,0.5,9.9,20,57,56,2,3,10.0,100.0,8,8,No
U05171,2025-02-07,20,Freelancer,7.6,10.0,9.7,3.6,6.4,10,218,125,1,7,8.0,72.6,4,1,Yes
U05511,2025-02-07,40,Teacher,7.0,10.0,5.5,3.0,11.0,33,129,72,6,5,6.0,94.2,4,4,Yes
U05954,2025-02-07,57,Designer,8.3,9.0,6.9,3.9,9.9,41,155,74,0,3,10.0,100.0,5,2,No
U05972,2025-02-07,19,Freelancer,7.1,10.0,11.4,4.6,6.5,1,206,123,1,8,6.0,61.2,7,4,No
U03079,2025-02-07,28,Student,6.6,8.0,6.6,0.6,9.9,75,78,64,0,6,9.0,100.0,6,3,No
U03593,2025-02-07,37,Freelancer,8.1,8.0,8.1,1.1,7.2,19,139,93,1,6,8.0,76.0,7,5,No
U02770,2025-02-07,58,Analyst,10.0,10.0,3.3,1.7,12.0,74,84,15,1,1,10.0,100.0,3,2,Yes
U00763,2025-02-07,57,Analyst,5.6,7.0,9.6,2.2,9.6,48,127,94,1,7,7.0,70.7,6,3,Yes
U04681,2025-02-07,57,Teacher,8.2,10.0,6.3,2.7,7.7,69,115,85,1,2,9.0,89.0,6,5,No
U05018,2025-02-08,26,Student,9.5,10.0,7.6,4.5,8.2,81,117,106,2,2,10.0,100.0,5,3,Yes
U01546,2025-02-08,52,Designer,4.9,10.0,4.2,0.9,8.9,34,77,47,1,6,5.0,72.5,6,4,No
U02663,2025-02-08,41,Analyst,8.1,10.0,3.2,1.1,10.7,6,87,58,3,3,9.0,96.2,9,5,Yes
U02975,2025-02-08,45,Teacher,7.3,10.0,5.5,1.2,10.3,28,79,52,2,5,10.0,98.0,10,5,No
U03035,2025-02-08,40,Freelancer,9.1,10.0,5.8,0.6,9.5,63,104,53,2,1,10.0,100.0,7,3,No
U00663,2025-02-08,49,Software Engineer,8.2,10.0,7.6,2.3,7.2,37,133,88,0,4,8.0,86.1,8,5,Yes
U06070,2025-02-08,31,Designer,6.3,9.0,6.5,1.0,6.3,36,164,85,2,5,9.0,71.2,4,2,No
U05648,2025-02-08,47,Student,6.4,6.0,8.7,4.0,4.2,8,156,109,1,7,3.0,47.0,9,4,No
U05809,2025-02-08,25,Analyst,5.8,10.0,11.1,5.9,7.8,25,243,156,0,9,6.0,59.9,7,2,No
U02159,2025-02-08,30,Student,7.1,9.0,6.3,3.1,11.7,33,109,110,2,4,8.0,86.5,9,7,Yes
U01348,2025-02-08,48,Freelancer,8.1,10.0,10.0,2.3,6.5,36,165,111,2,6,8.0,86.0,4,2,Yes
U04701,2025-02-08,48,Teacher,6.0,7.0,4.3,1.9,11.6,21,97,78,2,5,10.0,83.1,8,6,No
U02632,2025-02-08,34,Software Engineer,7.5,10.0,8.8,3.8,8.7,17,155,97,5,5,9.0,83.8,8,4,Yes
U02827,2025-02-08,36,Student,7.6,10.0,2.4,0.7,11.2,38,76,31,2,1,10.0,100.0,5,5,No
U00553,2025-02-08,29,Designer,7.5,10.0,6.4,2.1,5.9,44,106,81,1,5,8.0,79.7,10,6,No
U06501,2025-02-08,57,Teacher,5.8,7.0,5.0,2.8,7.1,73,124,70,1,4,10.0,82.3,2,1,No
U02299,2025-02-08,26,Teacher,7.8,10.0,1.0,0.4,11.9,105,88,28,1,1,10.0,100.0,3,3,No
U00631,2025-02-08,45,Student,8.4,10.0,6.4,2.8,9.5,8,144,91,1,5,7.0,94.7,12,9,No
U00437,2025-02-08,27,Designer,9.2,10.0,7.5,2.7,9.4,21,128,98,2,4,10.0,91.8,13,9,No
U04803,2025-02-08,42,Student,6.9,10.0,2.4,1.2,11.3,26,52,43,1,4,8.0,100.0,2,2,No
U02743,2025-02-09,19,Teacher,7.5,10.0,9.0,4.0,10.1,68,158,93,2,4,10.0,91.8,5,5,Yes
U06336,2025-02-09,46,Freelancer,7.8,10.0,11.7,4.4,5.6,11,168,136,3,7,6.0,50.5,6,4,No
U06595,2025-02-09,51,Analyst,7.3,10.0,5.3,2.8,6.0,41,126,62,0,4,9.0,88.8,7,4,No
U01210,2025-02-09,34,Analyst,8.7,10.0,3.6,1.6,11.2,85,72,69,0,1,10.0,100.0,7,5,No
U02399,2025-02-09,25,Freelancer,6.0,10.0,5.0,0.7,6.5,51,55,65,3,3,10.0,100.0,8,6,No
U01897,2025-02-09,18,Software Engineer,8.0,10.0,6.5,3.6,6.9,27,140,96,2,4,9.0,85.5,5,5,Yes
U01141,2025-02-09,51,Software Engineer,6.1,10.0,5.4,3.1,11.4,21,92,72,1,5,10.0,90.2,9,4,No
U00935,2025-02-09,52,Software Engineer,6.6,10.0,6.0,2.1,9.6,21,121,73,2,6,8.0,89.5,8,3,No
U00916,2025-02-09,37,Analyst,7.2,10.0,4.2,1.8,9.9,64,93,62,1,2,9.0,99.1,7,6,No
U06813,2025-02-09,39,Designer,6.8,8.0,6.6,3.2,7.6,10,131,101,2,5,7.0,74.9,7,4,No
U04572,2025-02-09,21,Freelancer,6.4,9.0,2.3,0.8,9.6,64,47,40,1,3,10.0,100.0,4,2,Yes
U00389,2025-02-09,30,Analyst,8.6,9.0,6.0,1.3,10.7,49,107,56,4,3,8.0,98.3,5,4,Yes
U04542,2025-02-09,49,Analyst,5.7,10.0,7.4,2.0,7.9,15,116,90,2,5,7.0,71.9,7,5,No
U04463,2025-02-09,20,Analyst,6.3,9.0,7.0,4.0,8.9,14,181,101,3,4,8.0,73.6,5,5,Yes
U06856,2025-02-09,57,Freelancer,6.8,8.0,8.4,5.2,7.8,10,160,95,3,4,9.0,67.6,7,4,Yes
U03855,2025-02-09,44,Teacher,5.7,10.0,8.0,1.3,9.9,31,116,105,2,5,9.0,75.9,7,6,No
U04489,2025-02-09,45,Designer,7.9,8.0,4.5,1.9,11.4,14,88,79,1,1,10.0,100.0,8,6,Yes
U04796,2025-02-09,52,Teacher,8.6,10.0,5.3,1.2,7.7,15,111,49,1,2,8.0,100.0,8,5,No
U04220,2025-02-09,55,Software Engineer,7.5,10.0,5.9,3.2,10.9,84,104,74,4,4,10.0,98.5,8,3,No
U01844,2025-02-10,47,Student,7.5,10.0,6.9,3.1,10.5,64,132,95,2,4,9.0,98.7,4,3,No
U06184,2025-02-10,41,Teacher,7.4,8.0,9.2,4.5,8.9,26,209,126,0,6,8.0,81.3,13,7,Yes
U00061,2025-02-10,35,Designer,6.1,10.0,9.1,1.9,6.1,55,151,103,1,4,6.0,63.8,6,3,No
U06492,2025-02-10,54,Designer,5.0,10.0,8.2,4.8,9.1,43,158,98,1,8,9.0,67.2,5,1,Yes
U06048,2025-02-10,26,Analyst,7.4,9.0,6.9,1.8,5.8,43,84,91,2,6,9.0,79.2,5,1,Yes
U02255,2025-02-10,31,Designer,6.5,9.0,4.5,0.2,8.7,50,52,39,1,2,10.0,100.0,6,5,No
U05412,2025-02-10,37,Software Engineer,6.9,10.0,7.7,4.6,7.1,24,128,109,1,6,7.0,66.2,5,3,No
U01372,2025-02-10,42,Software Engineer,7.0,8.0,10.5,4.4,8.6,27,170,139,0,8,7.0,68.8,8,2,No
U06541,2025-02-10,19,Analyst,6.0,8.0,7.0,4.6,6.5,14,158,91,2,7,6.0,60.9,10,4,No
U05270,2025-02-10,29,Designer,6.7,9.0,5.9,2.3,4.3,55,119,70,2,4,9.0,67.9,6,5,No
U06133,2025-02-10,41,Student,7.9,6.0,5.4,2.9,9.2,38,143,71,3,4,8.0,92.6,8,5,Yes
U04840,2025-02-10,30,Teacher,7.8,10.0,5.2,2.2,7.6,21,109,71,3,3,10.0,93.0,12,8,No
U00705,2025-02-10,56,Analyst,8.3,10.0,5.9,2.2,9.7,23,150,68,4,4,10.0,100.0,3,1,Yes
U02451,2025-02-10,49,Software Engineer,5.7,9.0,5.0,3.5,12.0,37,130,83,0,3,6.0,94.2,11,7,No
U00312,2025-02-10,23,Software Engineer,3.6,7.0,6.6,2.9,8.5,59,139,83,1,3,7.0,62.9,10,7,Yes
U06901,2025-02-10,27,Designer,7.8,10.0,6.5,3.4,9.3,43,165,105,1,7,8.0,89.9,6,1,No
U01705,2025-02-10,43,Teacher,7.1,10.0,7.7,2.2,6.1,34,132,140,1,5,8.0,72.5,9,6,No
U05370,2025-02-10,50,Software Engineer,6.6,9.0,7.5,1.2,7.4,32,134,83,0,4,9.0,88.9,9,5,Yes
U00964,2025-02-11,49,Freelancer,7.2,10.0,4.8,2.2,7.5,37,87,79,1,4,8.0,87.1,7,2,Yes
U02057,2025-02-11,26,Software Engineer,5.0,6.0,4.4,2.9,10.9,75,90,78,2,3,8.0,100.0,10,5,No
U03875,2025-02-11,24,Freelancer,7.5,10.0,5.8,2.3,10.3,32,138,84,1,4,9.0,99.0,8,5,No
U03269,2025-02-11,35,Analyst,7.0,10.0,3.0,1.5,10.4,106,75,49,3,2,10.0,100.0,6,4,No
U05958,2025-02-11,54,Software Engineer,7.0,10.0,6.2,3.4,10.7,35,93,78,3,4,7.0,75.7,11,8,Yes
U00448,2025-02-11,33,Student,7.4,10.0,3.5,0.9,7.0,76,64,62,0,1,10.0,100.0,9,9,No
U06515,2025-02-11,34,Freelancer,6.3,9.0,7.6,3.9,7.2,26,138,90,0,6,10.0,69.2,5,3,Yes
U03969,2025-02-11,36,Teacher,7.7,10.0,8.2,3.6,3.8,9,138,119,1,6,6.0,74.4,7,4,No
U00156,2025-02-11,28,Analyst,7.8,10.0,2.6,1.0,12.0,6,61,49,2,2,8.0,100.0,7,5,No
U06558,2025-02-11,18,Analyst,8.9,10.0,5.1,2.1,11.0,57,104,58,0,3,10.0,100.0,4,0,Yes
U01909,2025-02-11,47,Student,4.0,9.0,8.0,3.4,7.9,6,144,117,2,9,7.0,38.4,4,2,Yes
U05081,2025-02-11,43,Teacher,5.6,10.0,5.3,3.0,8.3,9,98,75,1,6,8.0,66.9,7,6,Yes
U06365,2025-02-11,18,Analyst,7.0,9.0,4.8,3.3,10.5,19,99,74,3,4,7.0,100.0,6,4,No
U00769,2025-02-11,44,Student,5.0,9.0,5.2,3.1,8.0,5,134,73,1,6,8.0,83.6,15,8,No
U06060,2025-02-11,26,Student,5.6,9.0,10.0,1.3,2.4,16,136,86,2,7,6.0,55.7,10,3,No
U06630,2025-02-11,49,Teacher,6.8,10.0,5.5,0.9,10.8,78,95,81,0,3,10.0,97.3,4,2,No
U03764,2025-02-11,60,Student,5.2,6.0,7.0,4.9,8.4,11,103,107,1,7,7.0,72.7,6,1,No
U06001,2025-02-11,51,Software Engineer,6.6,10.0,3.6,1.2,11.5,6,83,56,3,3,7.0,81.7,4,4,No
U00894,2025-02-11,37,Teacher,9.5,10.0,8.8,2.6,7.5,45,168,126,3,3,8.0,86.8,6,5,No
U01346,2025-02-11,46,Teacher,4.7,7.0,6.0,1.4,9.2,63,124,75,4,7,9.0,65.2,7,4,No
U04110,2025-02-11,39,Analyst,8.5,10.0,10.0,2.0,10.5,46,185,116,0,6,7.0,81.6,5,1,Yes
U01737,2025-02-11,39,Software Engineer,7.1,10.0,7.8,3.4,8.0,21,132,99,1,4,9.0,82.7,7,3,Yes
U06056,2025-02-11,30,Designer,6.3,9.0,3.0,0.5,12.0,21,59,26,2,3,7.0,92.7,12,9,No
U01328,2025-02-11,58,Software Engineer,8.5,10.0,5.6,1.7,8.8,58,77,62,1,2,8.0,97.8,6,5,No
U05178,2025-02-11,21,Software Engineer,6.0,10.0,6.1,,7.0,81,117,94,2,3,7.0,90.5,7,3,No
U06312,2025-02-11,39,Freelancer,8.1,10.0,4.0,1.9,7.9,25,70,72,4,1,10.0,100.0,5,3,No
U04487,2025-02-11,29,Teacher,6.4,8.0,6.2,2.9,8.5,45,136,84,3,6,6.0,64.0,7,5,No
U05264,2025-02-12,22,Student,6.7,8.0,3.9,2.1,9.8,82,84,48,0,4,10.0,100.0,6,3,No
U06721,2025-02-12,43,Designer,4.3,8.0,6.4,2.0,11.3,25,130,90,3,6,5.0,75.1,11,9,Yes
U00330,2025-02-12,20,Analyst,8.5,10.0,5.6,2.2,9.0,14,92,70,2,3,9.0,100.0,8,7,No
U04732,2025-02-12,57,Teacher,6.9,10.0,9.0,1.9,9.5,34,104,88,0,5,8.0,77.8,8,3,No
U01286,2025-02-12,19,Freelancer,9.1,10.0,6.5,3.9,7.5,27,124,97,1,4,10.0,82.7,3,1,Yes
U01338,2025-02-12,39,Teacher,7.2,10.0,8.3,4.8,10.1,13,162,124,0,5,8.0,88.7,9,5,No
U05807,2025-02-12,38,Student,5.1,8.0,6.8,3.7,8.4,10,128,122,2,7,7.0,66.5,2,1,Yes
U06231,2025-02-12,52,Designer,7.4,9.0,8.2,3.6,11.6,32,188,91,1,8,7.0,71.9,7,4,No
U03425,2025-02-12,36,Student,7.3,10.0,7.9,,7.4,56,163,88,2,5,8.0,73.5,6,3,Yes
U06717,2025-02-12,40,Student,8.3,10.0,5.6,2.6,7.3,43,130,92,2,4,8.0,87.0,6,4,Yes
U04963,2025-02-12,33,Freelancer,8.9,10.0,6.9,2.2,9.3,36,94,94,3,4,10.0,69.9,7,4,No
U06407,2025-02-12,40,Designer,9.0,10.0,6.1,2.4,5.7,77,132,90,2,1,10.0,100.0,4,0,No
U04966,2025-02-12,29,Software Engineer,5.1,8.0,6.4,2.9,10.3,32,138,104,2,5,9.0,82.5,9,4,No
U03038,2025-02-12,39,Student,7.1,10.0,9.5,3.1,6.2,38,170,114,4,4,8.0,80.8,11,6,Yes
U05513,2025-02-12,57,Analyst,6.9,8.0,4.4,1.1,11.2,57,72,68,1,1,9.0,100.0,6,3,No
U00557,2025-02-12,55,Student,4.6,8.0,6.5,1.2,7.8,31,100,74,1,6,8.0,66.9,9,7,No
U04429,2025-02-12,38,Designer,7.2,10.0,5.7,2.7,7.6,16,100,76,4,5,9.0,85.8,4,2,Yes
U03930,2025-02-12,49,Designer,8.1,10.0,4.1,2.6,9.8,22,96,72,2,5,10.0,95.3,11,8,No
U05654,2025-02-12,55,Freelancer,6.9,10.0,8.6,3.2,8.3,40,146,104,0,4,9.0,79.9,3,2,No
U05593,2025-02-12,59,Analyst,6.2,9.0,5.9,2.8,9.1,21,104,94,2,2,7.0,88.6,8,4,Yes
U01843,2025-02-12,29,Freelancer,5.4,8.0,8.4,2.6,9.2,27,118,88,1,5,6.0,77.6,5,2,No
U01992,2025-02-12,29,Designer,8.2,10.0,4.8,0.0,9.6,86,102,62,2,3,10.0,100.0,7,4,No
U00255,2025-02-13,20,Analyst,5.1,9.0,2.4,0.7,7.1,46,53,32,4,2,8.0,88.2,8,4,Yes
U04284,2025-02-13,47,Designer,5.3,9.0,8.4,3.2,9.6,70,153,122,3,4,9.0,77.2,6,3,No
U01367,2025-02-13,56,Student,6.8,10.0,6.7,4.0,7.8,146,142,95,3,2,10.0,97.7,7,7,No
U03045,2025-02-13,44,Student,5.7,7.0,5.8,3.6,5.9,17,94,77,1,6,6.0,64.4,6,3,No
U04817,2025-02-13,50,Analyst,8.1,10.0,6.9,4.3,7.6,49,142,83,1,5,9.0,73.5,10,5,No
U01862,2025-02-13,23,Analyst,5.7,10.0,4.7,2.8,9.2,43,112,61,1,4,10.0,100.0,5,2,No
U02186,2025-02-13,39,Analyst,6.7,6.0,12.4,5.2,5.5,89,196,185,1,7,6.0,57.6,7,3,No
U01192,2025-02-13,40,Freelancer,5.6,9.0,7.5,4.3,11.8,47,145,106,5,6,7.0,68.5,6,3,Yes
U04275,2025-02-13,49,Software Engineer,7.4,10.0,6.5,2.0,10.0,73,104,72,1,6,9.0,94.4,6,3,No
U01232,2025-02-13,58,Software Engineer,8.0,8.0,5.7,3.4,9.2,6,108,73,1,5,8.0,84.3,8,3,No
U01200,2025-02-13,51,Software Engineer,7.3,6.0,6.2,2.2,9.3,54,161,90,2,6,7.0,81.3,2,0,Yes
U01952,2025-02-13,58,Student,6.2,10.0,3.0,0.4,12.0,56,61,21,1,1,9.0,100.0,9,7,No
U01641,2025-02-13,32,Analyst,7.7,10.0,2.9,0.4,10.7,47,36,47,2,2,10.0,100.0,10,6,No
U03802,2025-02-13,44,Designer,7.2,8.0,3.0,1.5,9.9,39,85,23,1,1,10.0,100.0,9,5,No
U01580,2025-02-13,52,Analyst,6.3,9.0,7.3,4.7,7.6,71,171,122,2,4,8.0,82.0,8,4,No
U03615,2025-02-13,33,Analyst,4.5,7.0,1.5,0.9,10.0,41,60,46,1,3,7.0,99.1,5,3,No
U05334,2025-02-13,59,Freelancer,6.5,7.0,7.8,2.1,5.9,8,157,90,3,6,7.0,58.7,6,2,Yes
U01906,2025-02-13,43,Designer,5.5,10.0,4.0,0.4,10.2,56,66,39,4,2,10.0,95.4,5,5,Yes
U03852,2025-02-14,18,Teacher,10.0,10.0,6.4,2.4,8.2,22,170,67,4,3,8.0,94.2,9,5,No
U06007,2025-02-14,23,Designer,7.0,10.0,8.8,5.0,10.0,21,171,113,1,5,6.0,72.3,10,8,Yes
U01175,2025-02-14,24,Software Engineer,7.2,9.0,4.2,1.5,11.5,42,79,70,2,4,10.0,94.2,5,0,No
U06039,2025-02-14,46,Teacher,7.4,10.0,8.5,3.6,7.5,29,189,96,3,8,7.0,70.3,9,4,No
U03337,2025-02-14,39,Student,7.0,8.0,8.5,2.2,8.4,4,168,96,3,5,9.0,85.3,7,4,No
U02586,2025-02-14,54,Student,7.6,10.0,6.2,2.9,7.6,27,105,80,4,3,7.0,81.8,4,0,No
U06271,2025-02-14,50,Student,3.7,7.0,3.0,2.3,9.2,82,103,21,3,3,8.0,98.5,5,2,No
U06475,2025-02-14,42,Software Engineer,7.0,10.0,5.2,2.8,9.1,43,143,53,1,6,10.0,87.3,4,2,Yes
U05847,2025-02-14,60,Analyst,7.7,9.0,5.0,3.0,10.6,52,75,90,5,2,9.0,100.0,5,4,Yes
U05748,2025-02-14,20,Student,7.5,9.0,5.9,2.0,6.8,59,131,77,4,4,8.0,75.4,9,8,Yes
U03699,2025-02-14,47,Freelancer,7.9,10.0,9.7,1.6,10.4,28,177,122,0,7,6.0,76.7,12,7,No
U02929,2025-02-14,55,Teacher,7.5,10.0,4.7,0.8,9.2,78,135,53,3,4,10.0,99.7,5,2,No
U00575,2025-02-14,42,Student,6.8,10.0,6.6,3.9,8.3,59,92,82,1,2,8.0,88.1,7,4,Yes
U03239,2025-02-14,34,Designer,7.4,10.0,1.3,0.8,11.8,58,43,15,3,3,7.0,100.0,4,2,No
U04891,2025-02-14,40,Designer,8.5,10.0,5.3,1.7,12.0,71,88,74,4,4,10.0,100.0,4,2,No
U06445,2025-02-14,58,Teacher,7.5,10.0,6.8,1.0,7.6,22,107,99,1,6,10.0,76.1,7,3,No
U03561,2025-02-14,18,Analyst,7.0,9.0,9.3,2.7,8.4,44,160,101,2,7,8.0,71.2,7,4,No
U06377,2025-02-14,34,Analyst,7.7,9.0,2.4,1.8,10.3,40,63,25,2,1,10.0,100.0,4,2,Yes
U03365,2025-02-14,32,Student,6.2,10.0,9.0,1.8,9.2,24,175,100,1,7,8.0,68.5,4,2,No
U05895,2025-02-14,45,Designer,9.1,10.0,5.5,3.1,9.6,50,94,81,2,3,10.0,100.0,6,4,No
U03362,2025-02-14,42,Analyst,6.8,7.0,7.0,1.8,7.2,19,136,71,1,6,8.0,67.0,6,3,No
U00909,2025-02-14,22,Teacher,4.8,9.0,10.6,3.5,6.0,27,182,124,0,8,6.0,47.0,9,5,Yes
U05230,2025-02-14,34,Analyst,7.6,10.0,12.5,4.0,8.2,23,207,164,2,8,6.0,49.1,11,5,No
U00022,2025-02-15,19,Student,10.0,10.0,7.1,2.5,10.0,29,142,91,1,4,10.0,100.0,12,9,No
U02838,2025-02-15,21,Freelancer,6.8,9.0,6.5,1.9,7.2,49,113,86,3,6,9.0,77.8,10,6,No
U01920,2025-02-15,50,Analyst,6.5,8.0,6.3,2.4,6.3,47,132,56,4,3,9.0,87.2,7,4,No
U06695,2025-02-15,29,Teacher,6.8,10.0,7.7,2.6,5.8,41,123,84,3,6,9.0,68.2,5,3,No
U00919,2025-02-15,26,Software Engineer,6.4,10.0,10.1,2.1,4.9,46,117,136,1,7,6.0,53.4,11,5,Yes
U00525,2025-02-15,29,Student,6.3,8.0,8.5,3.2,8.2,43,142,108,4,5,7.0,73.3,13,6,No
U03076,2025-02-15,58,Analyst,7.9,9.0,5.9,2.5,12.0,50,124,71,0,3,10.0,100.0,3,3,No
U04798,2025-02-15,20,Freelancer,9.1,10.0,8.8,2.6,6.9,33,116,136,2,6,10.0,79.1,6,3,No
U00946,2025-02-15,47,Software Engineer,5.8,8.0,6.4,2.4,8.6,78,117,100,4,6,8.0,77.9,9,6,No
U00391,2025-02-15,47,Freelancer,7.7,10.0,10.0,2.1,5.8,83,180,107,1,7,8.0,67.1,6,0,No
U04855,2025-02-15,27,Analyst,5.3,8.0,6.3,4.1,9.0,9,157,93,2,6,6.0,72.5,11,9,No
U01562,2025-02-15,37,Freelancer,7.3,10.0,5.6,3.2,8.0,32,116,88,1,7,8.0,75.0,6,4,Yes
U04231,2025-02-15,52,Software Engineer,8.0,10.0,13.4,4.5,7.3,20,207,164,2,9,9.0,57.8,5,1,No
U01364,2025-02-15,57,Analyst,8.1,10.0,7.7,3.7,7.1,39,177,76,2,5,10.0,86.1,7,4,No
U06801,2025-02-15,36,Student,5.0,7.0,7.1,3.4,8.8,38,147,106,1,7,8.0,71.1,9,5,No
U03923,2025-02-15,53,Freelancer,8.3,10.0,7.0,2.8,8.5,49,127,106,0,6,10.0,100.0,7,4,Yes
U05007,2025-02-16,20,Designer,8.8,10.0,4.4,0.9,9.5,69,118,64,2,4,10.0,100.0,5,4,No
U06232,2025-02-16,54,Teacher,8.0,8.0,5.6,3.1,8.9,53,77,91,3,3,10.0,100.0,7,3,No
U05591,2025-02-16,28,Designer,8.4,10.0,8.1,2.8,7.1,67,151,106,4,4,9.0,92.4,7,5,No
U03630,2025-02-16,21,Analyst,7.9,9.0,3.4,1.5,12.0,43,59,79,3,4,8.0,99.1,12,10,No
U03990,2025-02-16,21,Freelancer,6.9,8.0,7.8,5.0,7.0,25,137,109,1,6,7.0,67.8,6,5,No
U03900,2025-02-16,38,Analyst,8.1,10.0,7.9,2.8,5.1,50,140,108,2,4,10.0,81.9,8,7,Yes
U00811,2025-02-16,31,Teacher,9.1,10.0,3.4,1.1,9.4,62,76,46,0,1,10.0,100.0,5,4,No
U01858,2025-02-16,29,Student,9.5,10.0,1.1,0.0,10.5,85,39,43,2,1,10.0,100.0,4,2,No
U05655,2025-02-16,40,Student,8.0,10.0,8.9,5.2,6.1,56,134,119,3,5,10.0,85.7,8,6,No
U05929,2025-02-16,49,Student,7.2,10.0,7.9,6.0,7.3,26,178,120,3,6,9.0,79.0,6,4,No
U00661,2025-02-16,18,Designer,8.4,9.0,2.1,0.0,9.5,32,73,3,2,1,10.0,100.0,4,4,No
U06884,2025-02-16,28,Freelancer,5.1,7.0,5.2,2.1,7.0,58,67,55,1,3,9.0,77.3,7,3,Yes
U00424,2025-02-16,47,Freelancer,7.7,9.0,5.1,1.5,9.2,37,77,63,1,4,8.0,90.9,5,4,Yes
U03778,2025-02-17,27,Freelancer,7.6,10.0,5.1,3.3,7.1,59,126,83,0,3,10.0,96.4,3,2,No
U04912,2025-02-17,19,Designer,8.1,10.0,8.4,2.3,7.1,20,175,104,1,6,10.0,72.6,5,3,No
U04527,2025-02-17,33,Analyst,4.4,7.0,9.4,1.9,9.7,20,144,102,0,8,5.0,44.8,6,3,No
U02480,2025-02-17,35,Teacher,5.7,8.0,4.3,1.2,9.1,35,105,52,3,4,9.0,96.7,4,3,No
U05937,2025-02-17,38,Teacher,6.0,7.0,6.7,2.8,9.6,18,135,96,1,5,8.0,72.2,10,7,Yes
U03047,2025-02-17,36,Software Engineer,7.4,9.0,4.7,1.1,12.0,14,84,59,1,3,10.0,100.0,8,3,No
U01120,2025-02-17,47,Teacher,7.0,8.0,9.0,3.5,7.6,46,161,106,2,7,8.0,76.9,7,4,Yes
U06331,2025-02-17,24,Analyst,4.8,8.0,7.3,2.8,7.5,35,140,109,1,6,7.0,75.9,3,0,Yes
U04713,2025-02-17,55,Software Engineer,5.9,9.0,4.7,1.7,10.0,14,69,51,3,2,6.0,78.4,8,7,Yes
U03771,2025-02-17,44,Analyst,8.7,10.0,4.4,1.2,8.9,106,73,70,0,1,10.0,100.0,12,10,No
U00853,2025-02-17,50,Teacher,8.5,10.0,5.4,2.8,4.5,22,156,78,2,6,8.0,82.6,5,2,No
U05619,2025-02-17,41,Freelancer,5.8,9.0,7.1,4.4,6.4,65,169,119,0,6,7.0,71.3,7,4,Yes
U05582,2025-02-17,45,Analyst,7.7,9.0,6.9,0.6,6.2,30,131,85,0,5,10.0,77.0,4,3,No
U01816,2025-02-17,56,Analyst,6.7,10.0,7.2,3.7,5.2,86,115,109,5,4,9.0,73.6,7,2,No
U01819,2025-02-17,19,Software Engineer,5.0,6.0,6.7,1.6,8.6,15,89,75,1,5,7.0,68.3,2,1,No
U00918,2025-02-17,54,Student,6.5,9.0,12.1,3.4,2.8,70,233,155,2,7,10.0,50.1,4,2,No
U06491,2025-02-17,41,Student,6.1,6.0,4.5,2.1,10.2,22,68,64,1,4,8.0,82.3,6,4,Yes
U02277,2025-02-17,48,Designer,7.7,10.0,4.6,1.7,9.7,12,88,55,1,5,,93.0,6,5,No
U05091,2025-02-17,24,Designer,7.6,10.0,6.5,0.2,9.5,54,110,94,0,3,9.0,86.6,4,1,Yes
U02373,2025-02-17,58,Software Engineer,6.7,9.0,4.7,1.7,8.5,15,99,64,1,5,8.0,98.8,9,5,No
U01030,2025-02-17,23,Software Engineer,5.9,8.0,4.4,2.1,8.7,46,69,56,1,4,8.0,87.7,7,5,No
U04952,2025-02-18,26,Student,6.6,8.0,7.7,1.8,6.8,35,128,77,0,6,7.0,70.7,7,4,No
U01365,2025-02-18,43,Software Engineer,8.8,10.0,6.7,1.9,7.1,59,117,108,4,2,10.0,100.0,8,5,No
U03572,2025-02-18,41,Analyst,6.6,9.0,7.8,4.3,10.8,32,132,113,3,5,9.0,81.9,9,4,No
U01383,2025-02-18,30,Analyst,6.1,6.0,3.6,2.0,6.4,86,89,55,5,3,9.0,100.0,6,4,No
U01950,2025-02-18,35,Freelancer,8.2,8.0,7.6,1.8,6.8,56,106,100,0,4,10.0,86.7,6,3,No
U06090,2025-02-18,22,Student,8.3,10.0,8.5,,5.4,14,144,120,1,8,7.0,49.3,7,2,Yes
U01945,2025-02-18,21,Designer,4.0,6.0,6.7,1.8,6.8,26,99,71,2,5,9.0,71.6,4,3,Yes
U01827,2025-02-18,54,Student,4.9,8.0,5.7,2.7,11.8,127,111,81,1,5,8.0,87.8,9,5,Yes
U02283,2025-02-18,49,Software Engineer,7.0,10.0,5.6,1.6,8.5,73,94,53,1,3,10.0,94.8,2,1,Yes
U01313,2025-02-18,25,Freelancer,4.4,7.0,6.4,1.1,10.5,114,117,90,1,6,10.0,80.8,5,2,No
U06514,2025-02-18,35,Analyst,6.9,9.0,6.2,3.7,10.3,74,147,81,0,3,9.0,100.0,6,4,Yes
U00523,2025-02-18,58,Student,7.1,10.0,6.5,3.1,9.9,38,105,94,0,4,10.0,91.5,9,5,No
U03194,2025-02-18,46,Freelancer,6.3,10.0,7.0,3.2,9.5,54,118,105,0,5,8.0,84.5,9,5,Yes
U05514,2025-02-18,30,Analyst,6.0,8.0,5.8,1.2,8.3,75,88,82,1,6,8.0,66.4,11,8,No
U05518,2025-02-18,26,Student,7.4,10.0,8.6,3.7,7.9,2,137,128,2,6,6.0,71.2,8,5,No
U03107,2025-02-18,50,Teacher,6.5,9.0,6.3,1.5,11.9,25,109,51,2,4,8.0,100.0,11,7,No
U02547,2025-02-18,39,Analyst,6.4,10.0,6.1,0.8,9.5,39,87,77,0,4,9.0,67.9,4,1,Yes
U04923,2025-02-18,58,Designer,9.2,10.0,7.5,4.7,10.0,52,142,117,2,4,9.0,100.0,5,3,No
U02302,2025-02-18,26,Software Engineer,8.6,10.0,5.2,2.6,9.6,13,108,66,6,2,10.0,100.0,7,6,Yes
U00801,2025-02-19,32,Analyst,9.2,10.0,9.2,3.8,9.3,12,159,112,2,5,8.0,78.1,3,2,Yes
U06294,2025-02-19,54,Freelancer,7.8,8.0,3.2,1.6,11.3,11,86,46,1,5,7.0,99.3,6,4,No
U00622,2025-02-19,28,Analyst,7.9,6.0,9.3,4.5,8.4,34,158,127,1,6,8.0,73.5,6,2,No
U01042,2025-02-19,57,Teacher,5.8,7.0,6.9,3.7,9.1,13,136,121,4,6,8.0,75.9,9,4,No
U05265,2025-02-19,43,Student,7.6,10.0,6.4,2.4,6.0,7,157,67,1,4,9.0,76.0,9,5,No
U02822,2025-02-19,60,Teacher,7.1,10.0,8.0,3.1,5.7,29,173,97,0,7,6.0,71.2,5,4,Yes
U01051,2025-02-19,45,Analyst,7.7,10.0,5.5,2.4,8.5,45,109,77,1,2,10.0,100.0,7,4,Yes
U06207,2025-02-19,51,Analyst,5.5,10.0,4.5,3.0,7.3,113,104,56,1,2,10.0,100.0,9,4,No
U06972,2025-02-19,20,Teacher,7.1,10.0,4.9,2.2,6.3,73,100,70,2,3,10.0,100.0,7,7,No
U03223,2025-02-19,23,Designer,7.9,10.0,4.1,1.5,8.0,64,100,54,0,4,9.0,93.8,5,3,No
U03219,2025-02-19,44,Analyst,8.2,9.0,4.5,2.0,10.8,19,96,69,3,4,8.0,100.0,5,3,No
U06044,2025-02-19,48,Student,8.7,10.0,6.1,2.7,9.6,75,124,78,3,4,10.0,100.0,5,4,No
U02933,2025-02-19,52,Student,7.3,9.0,5.1,2.3,10.6,37,122,72,0,2,9.0,98.6,7,6,Yes
U04143,2025-02-19,43,Teacher,7.2,10.0,5.4,2.0,6.7,20,116,56,1,3,9.0,82.8,8,4,Yes
U00246,2025-02-19,29,Analyst,6.8,10.0,7.0,3.5,7.7,48,125,109,2,3,10.0,93.9,3,1,No
U00453,2025-02-19,49,Teacher,4.7,9.0,6.7,2.2,7.9,8,133,93,0,7,8.0,65.9,10,4,No
U04710,2025-02-19,45,Analyst,8.1,10.0,6.1,3.6,6.7,26,117,70,2,4,8.0,83.8,6,3,No
U03347,2025-02-19,41,Analyst,8.1,9.0,8.8,4.4,3.8,61,149,125,3,3,8.0,85.7,9,5,Yes
U04833,2025-02-19,42,Designer,8.0,10.0,6.7,1.9,10.4,28,133,85,3,4,7.0,75.5,4,2,Yes
U02712,2025-02-19,41,Teacher,5.7,9.0,2.7,1.6,9.3,26,65,53,1,4,9.0,78.3,3,2,Yes
U00350,2025-02-19,52,Teacher,9.0,10.0,4.9,2.2,9.7,30,128,64,1,2,8.0,100.0,15,11,Yes
U03510,2025-02-19,42,Student,6.2,10.0,6.7,4.8,11.7,61,135,98,2,4,8.0,94.6,7,5,No
U02241,2025-02-19,44,Analyst,6.9,9.0,7.5,4.2,7.9,31,136,110,1,5,7.0,85.6,8,6,Yes
U04786,2025-02-19,51,Student,7.2,8.0,7.4,1.7,7.0,8,92,89,1,4,9.0,71.3,8,6,No
U05223,2025-02-19,52,Analyst,7.6,8.0,4.3,1.1,8.5,32,100,49,2,5,9.0,100.0,4,3,Yes
U01268,2025-02-19,56,Freelancer,7.0,10.0,6.4,5.0,6.6,54,123,107,2,4,9.0,92.3,7,4,No
U06643,2025-02-20,40,Teacher,7.3,10.0,8.6,4.8,7.1,15,190,121,3,5,7.0,70.1,9,6,Yes
U05020,2025-02-20,18,Software Engineer,7.9,10.0,6.1,2.4,9.4,41,102,68,1,4,9.0,100.0,10,5,Yes
U02258,2025-02-20,20,Designer,6.2,8.0,9.8,1.4,5.5,54,195,114,1,9,6.0,63.5,4,1,No
U06004,2025-02-20,35,Analyst,8.0,10.0,8.3,4.8,6.8,38,132,104,0,6,9.0,73.0,11,8,No
U04323,2025-02-20,30,Freelancer,8.0,10.0,7.4,3.0,12.0,43,139,107,2,5,10.0,90.2,9,6,Yes
U01979,2025-02-20,27,Student,5.6,8.0,7.1,1.5,11.0,20,102,89,1,5,7.0,73.2,11,8,Yes
U00093,2025-02-20,52,Software Engineer,7.0,10.0,7.0,1.7,5.3,22,131,79,0,4,8.0,71.5,9,5,No
U03201,2025-02-20,44,Freelancer,6.6,10.0,6.6,3.3,11.4,14,131,98,0,6,8.0,82.3,13,11,No
U05050,2025-02-20,34,Freelancer,5.6,6.0,8.3,1.6,5.7,44,130,102,1,6,7.0,50.0,6,5,Yes
U06348,2025-02-20,34,Designer,5.9,10.0,7.4,3.8,7.9,28,131,72,3,6,7.0,58.9,6,3,No
U00194,2025-02-20,36,Teacher,7.1,10.0,5.3,1.5,11.9,37,122,83,0,4,8.0,82.9,8,5,Yes
U01380,2025-02-20,59,Analyst,6.1,10.0,6.7,0.4,10.4,17,75,92,0,8,8.0,73.5,4,2,No
U05752,2025-02-20,55,Analyst,7.8,7.0,5.2,0.3,7.4,48,118,68,1,5,9.0,89.7,9,5,No
U01494,2025-02-20,20,Software Engineer,5.8,9.0,7.2,4.5,9.5,51,132,114,5,7,8.0,71.9,12,6,No
U05204,2025-02-20,27,Designer,8.7,10.0,4.1,3.1,10.0,44,81,68,0,1,10.0,100.0,5,5,Yes
U03569,2025-02-20,30,Freelancer,7.3,10.0,8.2,5.1,7.3,16,160,112,1,4,7.0,80.9,3,1,No
U03154,2025-02-20,38,Designer,10.0,10.0,8.0,1.5,7.3,23,122,125,3,4,10.0,82.0,8,6,No
U01765,2025-02-20,27,Freelancer,6.2,8.0,6.0,4.1,8.8,82,133,78,2,3,8.0,89.1,6,3,No
U05112,2025-02-20,30,Designer,7.0,8.0,3.7,1.4,11.9,36,77,45,1,2,10.0,100.0,3,3,Yes
U00456,2025-02-21,41,Software Engineer,8.8,10.0,4.3,2.2,9.4,4,116,71,4,4,10.0,89.8,11,7,No
U01703,2025-02-21,50,Designer,7.4,10.0,4.8,2.3,7.8,37,121,63,0,5,9.0,95.8,9,6,No
U03695,2025-02-21,31,Software Engineer,7.4,10.0,4.7,1.0,10.5,25,98,59,2,4,10.0,93.6,6,4,Yes
U02190,2025-02-21,49,Freelancer,8.3,10.0,3.1,1.4,9.9,42,88,46,0,1,9.0,100.0,5,5,Yes
U02854,2025-02-21,45,Teacher,7.9,10.0,7.3,2.4,8.6,15,130,105,0,5,9.0,89.5,6,4,Yes
U04249,2025-02-21,59,Analyst,8.3,9.0,4.3,3.1,8.1,9,68,72,3,4,8.0,100.0,4,1,No
U02117,2025-02-21,59,Freelancer,6.8,10.0,7.9,3.9,9.5,51,147,118,1,4,9.0,97.2,3,1,No
U02721,2025-02-21,24,Freelancer,7.7,8.0,5.7,1.0,9.5,53,99,59,2,2,9.0,100.0,8,5,Yes
U01264,2025-02-21,28,Teacher,6.5,9.0,6.8,3.0,12.0,54,115,81,1,3,8.0,100.0,12,10,No
U02074,2025-02-21,56,Software Engineer,5.8,10.0,8.1,5.2,8.2,29,163,119,1,6,5.0,65.6,5,3,Yes
U00004,2025-02-21,60,Designer,5.6,7.0,6.0,3.1,7.2,89,134,87,2,5,9.0,85.7,4,2,No
U05639,2025-02-21,53,Freelancer,9.1,10.0,5.8,3.2,11.7,28,109,54,1,5,8.0,100.0,7,4,No
U06266,2025-02-21,55,Designer,8.7,10.0,6.2,1.0,8.2,33,100,69,1,3,9.0,97.9,2,1,Yes
U02235,2025-02-21,31,Teacher,5.1,6.0,8.8,0.6,4.7,20,156,111,4,9,4.0,40.4,8,3,No
U05698,2025-02-21,34,Software Engineer,6.1,7.0,8.9,4.9,10.4,7,209,111,1,6,9.0,74.9,5,2,No
U05831,2025-02-21,42,Student,6.5,6.0,3.8,0.5,9.8,37,74,40,1,4,7.0,94.9,2,2,Yes
U05570,2025-02-21,45,Designer,7.1,7.0,4.4,2.4,10.1,27,120,82,1,5,7.0,85.3,8,4,Yes
U02908,2025-02-21,42,Software Engineer,6.8,9.0,11.0,6.5,4.1,67,197,136,1,8,9.0,56.9,11,4,No
U00836,2025-02-21,20,Software Engineer,7.9,10.0,5.3,1.9,8.9,12,84,60,1,3,9.0,99.9,6,3,Yes
U06453,2025-02-22,43,Student,5.9,10.0,8.2,3.4,11.6,14,143,113,2,5,7.0,76.1,11,8,No
U05041,2025-02-22,39,Designer,6.6,10.0,8.1,2.8,9.1,14,174,109,2,7,6.0,64.3,6,5,No
U05134,2025-02-22,26,Teacher,7.6,10.0,6.2,2.6,7.6,6,141,81,2,7,7.0,75.6,16,9,No
U00251,2025-02-22,58,Designer,8.4,10.0,7.4,2.2,5.8,41,148,107,3,4,8.0,82.6,12,7,No
U04565,2025-02-22,28,Freelancer,5.5,8.0,5.6,1.0,9.5,46,52,57,0,5,8.0,85.6,8,2,Yes
U05224,2025-02-22,28,Teacher,6.3,9.0,9.4,5.6,5.2,74,172,136,1,9,7.0,58.8,8,5,No
U01227,2025-02-22,23,Freelancer,5.3,8.0,8.7,4.3,4.4,45,151,123,1,6,7.0,61.3,6,2,No
U05421,2025-02-22,19,Software Engineer,9.1,9.0,6.2,1.6,10.9,11,139,78,1,6,9.0,88.2,6,4,Yes
U01912,2025-02-22,43,Teacher,7.4,10.0,8.1,1.1,11.4,80,86,107,1,6,9.0,96.4,9,5,Yes
U00340,2025-02-22,43,Teacher,7.8,10.0,7.1,2.3,6.5,90,99,75,3,3,10.0,94.9,12,8,No
U00346,2025-02-22,56,Software Engineer,7.7,10.0,2.1,1.1,12.0,55,55,40,1,2,9.0,100.0,13,11,No
U06671,2025-02-22,20,Analyst,7.5,7.0,7.1,2.5,7.0,52,122,80,0,5,9.0,83.3,5,2,No
U06954,2025-02-22,41,Software Engineer,6.4,10.0,6.3,2.6,10.2,45,114,75,3,6,6.0,81.3,11,6,No
U06927,2025-02-22,45,Analyst,6.6,7.0,9.8,6.3,8.0,16,208,144,2,9,7.0,72.0,4,2,No
U04793,2025-02-22,23,Student,7.2,10.0,7.6,3.3,9.4,31,151,92,1,5,5.0,66.3,6,4,No
U04134,2025-02-22,52,Analyst,8.4,10.0,5.5,3.0,10.9,67,101,83,1,1,10.0,100.0,7,7,No
U04039,2025-02-22,35,Teacher,6.3,10.0,10.3,6.2,7.5,24,198,133,1,9,6.0,59.2,6,2,No
U03313,2025-02-22,31,Student,8.5,10.0,5.5,3.3,9.7,15,107,73,3,3,10.0,97.6,7,4,Yes
U01948,2025-02-23,23,Analyst,6.4,7.0,7.2,1.2,8.6,35,115,80,1,3,7.0,88.6,3,2,Yes
U04199,2025-02-23,32,Designer,6.3,10.0,9.3,4.5,6.0,47,196,132,4,6,7.0,69.5,9,3,Yes
U02635,2025-02-23,52,Student,8.3,10.0,4.8,3.0,8.8,60,104,71,3,3,9.0,97.5,5,1,No
U04985,2025-02-23,39,Teacher,6.6,8.0,6.0,1.0,10.0,18,99,69,2,6,6.0,81.8,7,4,No
U00590,2025-02-23,37,Analyst,6.7,9.0,7.5,2.7,9.8,48,109,109,2,6,8.0,90.2,9,7,No
U06065,2025-02-23,57,Teacher,9.5,10.0,2.6,0.6,10.0,18,45,38,0,1,9.0,100.0,6,3,No
U01087,2025-02-23,34,Teacher,6.7,6.0,7.1,2.9,6.2,42,157,111,3,6,,77.8,9,4,No
U01733,2025-02-23,37,Analyst,6.6,9.0,4.9,2.3,11.4,35,119,65,0,4,7.0,91.4,8,5,No
U00239,2025-02-23,59,Teacher,6.8,10.0,7.6,2.2,10.0,23,128,73,1,5,9.0,81.3,10,7,No
U01591,2025-02-23,43,Student,6.8,9.0,6.9,2.2,6.1,60,170,100,0,4,9.0,92.7,5,4,No
U03795,2025-02-23,44,Analyst,7.0,8.0,7.0,1.2,7.0,18,115,84,3,5,9.0,80.9,6,4,No
U03459,2025-02-23,48,Freelancer,8.6,9.0,5.2,1.0,6.8,44,138,55,1,3,9.0,100.0,12,11,No
U04408,2025-02-23,25,Student,6.8,10.0,3.7,0.3,7.6,51,92,62,1,4,10.0,89.0,7,4,No
U02130,2025-02-23,58,Designer,7.8,10.0,9.1,4.8,8.7,47,165,117,2,6,10.0,96.6,11,6,Yes
U05268,2025-02-23,45,Freelancer,7.5,10.0,7.5,0.7,12.0,75,135,113,0,6,7.0,90.9,8,4,No
U03973,2025-02-23,36,Teacher,6.3,10.0,4.3,0.2,7.9,61,84,42,1,3,10.0,100.0,6,3,No
U00803,2025-02-23,31,Software Engineer,6.5,10.0,7.4,1.9,9.2,43,132,81,2,5,6.0,69.1,6,3,No
U02032,2025-02-23,21,Freelancer,8.1,10.0,6.9,3.1,9.0,99,117,86,2,4,7.0,81.5,4,2,Yes
U04437,2025-02-23,59,Teacher,8.2,10.0,5.5,1.9,8.6,13,120,61,3,4,10.0,98.3,7,4,Yes
U05443,2025-02-24,32,Analyst,7.9,10.0,5.0,1.9,7.5,29,102,75,1,3,9.0,93.2,8,7,Yes
U01115,2025-02-24,36,Student,5.7,8.0,5.2,1.5,7.5,22,99,74,4,4,6.0,89.3,11,6,No
U05967,2025-02-24,28,Designer,8.7,10.0,5.7,1.4,10.4,32,94,59,0,4,10.0,100.0,11,8,No
U05656,2025-02-24,42,Freelancer,7.1,10.0,6.1,3.1,8.1,22,140,84,4,3,10.0,98.1,9,7,No
U01832,2025-02-24,53,Freelancer,4.9,6.0,2.4,0.1,11.1,110,82,51,1,2,10.0,100.0,7,6,Yes
U02941,2025-02-24,31,Analyst,6.4,8.0,5.6,3.7,9.4,26,150,94,2,5,5.0,79.3,6,3,No
U02804,2025-02-24,37,Freelancer,7.2,9.0,5.4,3.3,9.2,41,120,69,1,2,9.0,90.8,9,6,No
U06186,2025-02-24,35,Designer,7.2,10.0,7.6,1.8,5.8,19,133,79,2,5,8.0,67.6,12,6,No
U06931,2025-02-24,22,Teacher,7.4,10.0,4.2,2.8,10.5,16,91,74,1,5,7.0,83.7,8,5,No
U04169,2025-02-24,55,Software Engineer,5.2,7.0,9.4,2.0,4.0,49,142,125,4,6,5.0,69.9,4,1,No
U06783,2025-02-24,59,Student,6.4,9.0,1.0,0.2,12.0,36,12,42,2,2,9.0,100.0,7,5,No
U05604,2025-02-24,18,Designer,8.1,10.0,5.8,2.9,9.0,43,88,68,4,3,10.0,100.0,11,8,No
U02327,2025-02-24,39,Student,8.3,10.0,7.4,4.9,8.8,4,155,89,0,8,7.0,65.1,6,4,No
U00229,2025-02-24,56,Software Engineer,8.0,10.0,9.1,2.9,7.8,16,131,102,1,5,9.0,86.0,10,6,No
U01965,2025-02-24,32,Teacher,6.5,10.0,8.1,4.8,7.2,73,186,112,1,4,9.0,84.5,11,7,Yes
U05115,2025-02-24,54,Designer,5.7,8.0,8.8,2.5,7.4,4,158,110,1,8,6.0,60.2,7,4,No
U06233,2025-02-24,33,Student,8.7,10.0,3.9,1.1,11.5,26,103,45,4,4,10.0,100.0,10,8,No
U00790,2025-02-24,26,Freelancer,8.3,10.0,8.5,1.2,6.3,5,95,79,2,2,9.0,92.0,5,3,No
U02011,2025-02-24,32,Designer,7.3,8.0,5.6,3.1,8.4,45,118,69,1,3,6.0,86.0,8,7,No
U05799,2025-02-24,30,Software Engineer,5.8,8.0,6.3,1.4,9.8,14,52,80,0,5,6.0,84.5,6,2,No
U03603,2025-02-24,58,Analyst,7.4,10.0,7.8,1.1,9.6,68,135,76,0,2,9.0,95.6,8,6,Yes
U04555,2025-02-24,36,Software Engineer,7.2,10.0,10.9,7.8,8.4,114,182,164,1,4,8.0,87.5,4,3,No
U06430,2025-02-24,20,Designer,7.6,10.0,8.9,5.0,6.6,34,156,109,2,8,9.0,64.6,2,1,Yes
U03108,2025-02-24,53,Analyst,8.8,10.0,3.5,2.2,12.0,84,68,53,2,2,9.0,100.0,3,1,No
U03082,2025-02-24,30,Freelancer,8.4,10.0,4.8,0.3,7.5,56,85,51,1,4,9.0,97.5,8,6,No
U03806,2025-02-24,18,Designer,6.7,10.0,6.7,2.3,10.7,44,120,90,2,4,9.0,92.2,3,3,Yes
U03148,2025-02-24,52,Analyst,6.2,8.0,3.5,1.5,9.4,35,91,63,1,3,8.0,91.0,5,3,No
U06922,2025-02-25,31,Analyst,8.4,10.0,8.2,2.1,7.9,7,121,94,4,7,8.0,69.3,9,4,No
U06944,2025-02-25,43,Designer,8.0,9.0,10.3,3.5,5.4,38,178,126,0,4,8.0,76.5,12,6,No
U01813,2025-02-25,55,Student,6.4,10.0,6.0,2.2,9.1,65,118,79,1,4,9.0,93.9,5,1,No
U01102,2025-02-25,34,Designer,8.9,10.0,5.9,2.8,8.8,141,114,63,0,1,10.0,100.0,5,4,No
U05866,2025-02-25,33,Freelancer,7.8,10.0,9.2,2.4,6.9,8,144,108,2,6,10.0,71.4,4,0,Yes
U04003,2025-02-25,25,Designer,7.6,9.0,2.9,1.5,10.2,41,40,61,0,3,9.0,100.0,7,2,Yes
U04775,2025-02-25,25,Designer,7.2,10.0,2.7,2.1,11.3,72,64,44,2,2,10.0,100.0,8,6,No
U00984,2025-02-25,32,Freelancer,7.1,8.0,11.1,1.9,5.4,82,205,118,2,4,10.0,79.1,9,5,No
U02445,2025-02-25,53,Student,6.9,10.0,7.4,1.4,7.7,47,134,89,3,6,10.0,77.8,9,6,No
U04258,2025-02-25,39,Teacher,7.3,9.0,4.6,3.9,9.5,46,70,91,2,2,9.0,100.0,5,2,No
U06590,2025-02-25,43,Designer,6.9,10.0,9.0,5.1,8.7,30,170,118,0,6,9.0,82.5,3,1,No
U02638,2025-02-25,46,Teacher,6.8,10.0,9.6,5.5,3.2,48,177,147,4,6,7.0,68.7,11,4,No
U06616,2025-02-25,53,Student,5.3,8.0,3.6,1.2,8.1,41,66,53,3,4,6.0,91.0,8,6,No
U05083,2025-02-25,23,Designer,9.5,10.0,5.6,3.4,6.0,23,124,77,2,5,10.0,98.1,8,5,Yes
U03453,2025-02-25,35,Student,6.7,10.0,3.0,1.1,12.0,21,76,26,1,1,10.0,100.0,8,4,Yes
U06968,2025-02-25,33,Freelancer,6.4,9.0,4.7,1.9,8.8,11,86,60,0,3,9.0,84.6,6,5,No
U03910,2025-02-25,34,Designer,6.3,9.0,6.7,3.4,8.6,31,150,69,1,6,6.0,76.7,17,11,No
U02051,2025-02-25,59,Software Engineer,5.5,,2.7,0.0,6.5,116,60,16,0,3,8.0,100.0,2,2,Yes
U03166,2025-02-25,26,Analyst,5.5,8.0,4.3,1.6,11.7,44,57,64,1,4,9.0,94.6,5,3,No
U03403,2025-02-25,19,Teacher,6.1,10.0,6.8,2.8,7.2,36,96,100,3,4,10.0,87.4,3,1,No
U05354,2025-02-25,49,Freelancer,4.9,8.0,5.0,3.1,8.3,51,83,50,1,3,6.0,88.5,5,2,Yes
U00783,2025-02-26,58,Designer,5.6,7.0,7.3,4.7,7.6,44,187,113,3,8,6.0,57.1,6,3,Yes
U01678,2025-02-26,58,Freelancer,7.7,10.0,9.2,3.3,5.1,10,165,103,4,5,7.0,70.8,11,4,No
U04517,2025-02-26,60,Teacher,5.3,7.0,3.0,1.2,11.1,110,84,47,2,3,9.0,100.0,6,2,Yes
U06594,2025-02-26,41,Freelancer,6.4,7.0,7.3,1.5,7.0,57,131,77,0,4,8.0,79.6,10,2,Yes
U00351,2025-02-26,42,Teacher,7.0,9.0,5.7,2.4,10.6,16,91,78,3,4,10.0,93.7,7,3,No
U02828,2025-02-26,49,Designer,7.0,10.0,7.2,4.7,8.9,75,147,105,0,3,10.0,100.0,4,2,No
U06686,2025-02-26,36,Software Engineer,6.0,8.0,3.6,1.6,7.0,61,79,41,3,3,7.0,100.0,7,3,No
U04746,2025-02-26,44,Teacher,8.4,10.0,4.6,1.3,9.6,3,75,65,2,5,7.0,89.6,8,7,Yes
U05505,2025-02-26,50,Designer,9.1,10.0,5.2,3.8,7.9,56,105,68,2,2,10.0,100.0,3,3,No
U06213,2025-02-26,24,Freelancer,6.3,9.0,8.0,2.8,6.9,62,131,91,0,4,8.0,74.3,6,4,No
U02350,2025-02-26,49,Student,4.7,7.0,3.6,2.4,6.2,36,100,45,7,6,6.0,61.8,5,4,No
U03476,2025-02-26,18,Software Engineer,7.4,10.0,4.0,0.5,9.2,57,80,33,0,5,9.0,100.0,8,6,No
U03693,2025-02-26,39,Analyst,6.7,9.0,6.8,4.8,9.5,65,149,114,3,3,9.0,85.7,7,3,Yes
U00120,2025-02-26,18,Software Engineer,8.0,10.0,8.2,2.0,5.5,53,141,63,1,4,7.0,83.1,9,5,No
U03010,2025-02-26,36,Software Engineer,6.0,6.0,2.7,0.7,8.3,26,25,23,3,4,8.0,87.8,6,5,No
U03336,2025-02-26,46,Software Engineer,7.9,10.0,8.9,3.5,6.1,41,167,112,3,5,7.0,81.9,6,4,Yes
U05861,2025-02-26,51,Analyst,7.4,10.0,4.1,2.3,9.2,18,77,54,2,4,9.0,92.3,6,2,No
U01548,2025-02-27,36,Student,7.6,10.0,6.7,2.0,10.4,41,85,67,1,5,8.0,89.7,8,3,Yes
U01281,2025-02-27,34,Software Engineer,7.5,10.0,6.6,2.3,6.1,16,108,80,0,7,8.0,68.2,8,5,No
U03762,2025-02-27,45,Freelancer,7.3,10.0,6.4,4.1,9.6,19,125,91,1,5,9.0,79.8,7,6,No
U00314,2025-02-27,58,Designer,7.9,10.0,3.4,1.6,9.5,36,54,52,3,3,10.0,100.0,6,3,No
U01663,2025-02-27,28,Analyst,4.9,6.0,6.9,3.0,12.0,17,137,81,2,6,7.0,84.2,5,5,No
U04320,2025-02-27,18,Analyst,9.1,10.0,6.9,2.5,10.1,17,100,115,2,4,7.0,88.8,6,4,No
U00225,2025-02-27,24,Software Engineer,6.3,10.0,4.2,0.7,9.2,33,93,42,1,4,8.0,84.7,7,4,Yes
U06508,2025-02-27,27,Designer,7.5,10.0,7.2,2.3,9.6,36,146,88,0,5,9.0,100.0,6,3,No
U01505,2025-02-27,57,Freelancer,7.6,9.0,5.3,0.8,8.4,13,62,55,1,3,8.0,97.6,7,5,Yes
U00499,2025-02-27,52,Software Engineer,6.4,10.0,9.2,4.5,11.7,53,193,135,4,7,8.0,79.0,10,5,No
U05629,2025-02-27,58,Teacher,5.9,9.0,11.4,6.2,7.1,21,225,153,4,7,8.0,64.8,10,6,No
U05036,2025-02-27,51,Student,6.6,10.0,7.7,2.9,6.7,24,128,91,3,6,9.0,77.0,7,2,No
U03662,2025-02-27,27,Student,8.3,10.0,5.7,1.5,10.2,12,95,69,2,4,10.0,96.8,4,2,No
U04921,2025-02-27,49,Designer,6.5,10.0,5.1,3.1,12.0,51,122,66,1,3,8.0,100.0,9,7,No
U06552,2025-02-27,25,Student,5.5,7.0,3.3,0.8,10.8,86,64,39,1,2,9.0,100.0,6,6,No
U03984,2025-02-27,33,Teacher,6.2,9.0,4.2,0.9,9.2,15,99,73,4,5,7.0,81.8,5,2,No
U01671,2025-02-27,48,Designer,7.4,9.0,7.2,2.3,8.5,47,164,72,1,5,9.0,83.0,8,5,No
U04906,2025-02-27,45,Designer,6.4,9.0,6.2,0.6,6.8,55,136,67,0,4,7.0,85.3,10,5,No
U04459,2025-02-28,49,Designer,6.0,10.0,5.2,2.5,11.9,27,113,63,1,5,6.0,81.7,6,5,Yes
U01490,2025-02-28,34,Analyst,7.2,8.0,5.1,2.4,9.9,7,129,72,1,7,10.0,88.3,4,4,No
U06255,2025-02-28,22,Software Engineer,5.3,6.0,5.4,2.1,5.8,38,108,58,0,4,9.0,81.2,8,4,No
U00905,2025-02-28,20,Student,8.6,10.0,6.5,1.3,5.5,3,126,78,4,5,9.0,77.5,8,5,No
U02380,2025-02-28,38,Designer,6.0,10.0,5.3,2.2,8.2,96,108,77,0,4,10.0,100.0,6,2,No
U05432,2025-02-28,56,Designer,6.9,10.0,10.2,1.8,8.2,23,165,110,1,7,9.0,70.4,8,4,No
U02180,2025-02-28,57,Student,6.7,10.0,5.1,1.4,8.9,69,79,83,3,4,9.0,98.1,4,2,Yes
U04257,2025-02-28,56,Designer,7.9,10.0,6.7,3.4,7.6,11,118,105,0,5,8.0,80.5,6,4,Yes
U00560,2025-02-28,57,Student,7.8,9.0,6.2,2.3,10.8,58,74,80,1,4,10.0,100.0,6,4,Yes
U01117,2025-02-28,47,Teacher,6.3,8.0,5.0,1.5,10.8,17,114,43,2,5,8.0,88.9,7,6,No
U03130,2025-02-28,26,Freelancer,5.5,8.0,6.1,1.7,11.3,6,115,69,1,6,9.0,76.9,5,4,No
U04373,2025-02-28,23,Designer,7.1,9.0,10.0,4.1,9.9,28,165,113,1,4,7.0,77.9,3,2,No
U04590,2025-02-28,42,Software Engineer,6.1,10.0,9.1,4.6,2.7,78,143,114,2,7,7.0,59.3,6,2,No
U03992,2025-02-28,19,Teacher,7.8,10.0,7.2,5.3,9.0,6,153,121,2,5,8.0,68.2,7,4,Yes
U01038,2025-02-28,57,Freelancer,6.4,9.0,6.4,4.7,12.0,33,123,84,1,5,8.0,94.8,8,5,No
U01748,2025-02-28,30,Designer,8.0,9.0,3.4,0.9,12.0,30,83,47,1,2,8.0,100.0,6,5,No
U02513,2025-02-28,20,Student,5.0,5.0,6.2,2.8,9.6,91,110,70,0,3,7.0,82.6,12,10,No
U01011,2025-02-28,25,Software Engineer,5.9,6.0,6.7,0.7,9.0,27,126,78,1,5,8.0,79.8,8,4,Yes
U01389,2025-02-28,56,Freelancer,7.0,8.0,9.0,2.4,5.3,47,168,114,1,8,7.0,56.1,8,3,Yes
U03204,2025-02-28,22,Teacher,7.3,10.0,4.5,2.5,5.5,64,102,72,1,3,10.0,88.8,8,4,No
U02040,2025-02-28,56,Designer,6.9,9.0,8.1,4.4,6.7,11,143,133,0,6,9.0,78.4,4,1,Yes
U05580,2025-02-28,60,Analyst,5.4,9.0,9.8,4.3,5.3,16,129,132,3,7,5.0,38.0,6,2,No
U03997,2025-03-01,31,Software Engineer,9.1,10.0,7.9,1.9,7.5,17,157,84,0,6,6.0,60.7,7,5,No
U04060,2025-03-01,20,Analyst,6.5,9.0,6.6,2.2,8.8,33,100,100,0,4,9.0,92.8,8,5,No
U02105,2025-03-01,35,Student,6.2,10.0,7.3,3.9,8.3,77,137,105,0,3,10.0,90.6,5,5,No
U02714,2025-03-01,42,Software Engineer,7.2,9.0,4.6,2.8,9.1,11,114,62,3,5,6.0,90.0,5,2,No
U00896,2025-03-01,18,Teacher,7.2,10.0,5.9,1.6,5.1,24,89,74,1,3,6.0,74.6,7,4,No
U05488,2025-03-01,33,Freelancer,4.8,6.0,7.8,1.2,8.2,18,171,100,0,8,4.0,61.2,6,4,Yes
U01799,2025-03-01,32,Freelancer,8.5,9.0,7.5,2.2,12.0,59,138,93,2,4,10.0,100.0,4,1,No
U05699,2025-03-01,56,Student,7.5,7.0,3.8,0.7,8.0,19,82,32,1,4,10.0,90.1,7,6,No
U01113,2025-03-01,47,Student,7.7,10.0,4.6,0.1,10.7,31,45,65,1,4,9.0,100.0,4,4,No
U06579,2025-03-01,50,Student,9.1,10.0,9.6,1.5,8.1,100,165,101,1,2,9.0,100.0,9,7,No
U06739,2025-03-01,45,Teacher,8.3,10.0,5.5,1.7,9.2,48,103,60,1,4,10.0,100.0,13,8,Yes
U03501,2025-03-01,38,Student,8.0,10.0,5.3,2.4,11.8,65,89,97,6,3,10.0,100.0,8,5,No
U00187,2025-03-01,19,Software Engineer,4.2,6.0,8.7,4.3,9.3,22,140,104,1,5,7.0,64.0,8,4,No
U05210,2025-03-01,45,Student,6.8,10.0,4.2,2.4,9.2,34,105,76,1,5,7.0,86.8,5,3,No
U04108,2025-03-01,39,Software Engineer,8.4,10.0,8.3,5.7,6.8,20,182,114,1,6,7.0,70.2,5,2,No
U03415,2025-03-01,46,Teacher,8.2,10.0,6.4,0.7,8.8,14,91,79,0,5,,81.5,10,7,No
U03379,2025-03-01,51,Student,6.2,10.0,7.3,2.7,11.0,16,147,101,2,4,9.0,81.1,12,8,Yes
U03368,2025-03-01,57,Designer,5.4,4.0,7.8,2.2,6.9,43,113,103,3,6,,66.5,2,1,Yes
U01932,2025-03-01,26,Analyst,6.4,8.0,3.9,1.7,12.0,2,111,53,0,6,8.0,100.0,12,8,Yes
U03077,2025-03-01,56,Freelancer,8.0,10.0,5.7,1.7,9.6,15,97,56,3,4,10.0,95.7,6,3,No
U04032,2025-03-01,31,Software Engineer,4.7,7.0,5.5,2.2,9.5,71,70,69,0,4,10.0,97.4,6,4,No
U03658,2025-03-01,24,Teacher,7.6,9.0,8.7,1.9,8.7,90,133,100,2,4,8.0,84.9,6,1,Yes
U01409,2025-03-01,32,Designer,4.8,8.0,8.3,4.8,8.4,65,147,143,2,6,9.0,79.9,8,6,No
U04343,2025-03-02,60,Software Engineer,8.3,10.0,4.1,0.5,9.9,3,65,71,0,4,9.0,100.0,3,1,No
U00334,2025-03-02,39,Software Engineer,7.0,10.0,5.0,1.9,9.0,43,105,70,1,2,10.0,100.0,5,4,Yes
U04845,2025-03-02,30,Analyst,7.2,10.0,3.8,2.7,10.0,127,80,29,5,1,10.0,100.0,7,5,No
U04146,2025-03-02,34,Analyst,7.6,10.0,6.5,1.9,8.7,25,113,95,3,5,9.0,85.1,12,9,No
U02430,2025-03-02,25,Software Engineer,8.8,10.0,3.7,1.1,10.5,19,71,68,2,1,10.0,100.0,3,2,No
U02486,2025-03-02,24,Teacher,5.2,7.0,8.3,3.7,8.9,29,183,108,1,6,10.0,65.4,12,7,Yes
U01676,2025-03-02,50,Freelancer,8.2,10.0,11.1,2.4,4.9,42,181,147,0,4,10.0,89.4,12,8,No
U04366,2025-03-02,47,Teacher,7.4,9.0,6.8,4.2,7.7,19,144,111,1,6,8.0,92.3,5,5,No
U03274,2025-03-02,54,Designer,7.2,10.0,2.5,1.9,12.0,19,54,40,2,3,10.0,100.0,6,6,No
U03727,2025-03-02,35,Student,6.9,10.0,5.7,3.3,8.5,22,128,68,1,5,6.0,75.0,4,2,No
U02852,2025-03-02,22,Teacher,4.5,5.0,9.4,5.5,7.3,35,162,106,0,7,5.0,37.6,7,4,No
U00198,2025-03-02,23,Teacher,7.4,10.0,8.4,4.8,9.4,31,146,121,0,5,8.0,71.1,7,7,Yes
U02883,2025-03-02,39,Teacher,7.4,10.0,10.2,4.7,5.1,173,190,143,2,2,10.0,99.3,5,1,Yes
U01105,2025-03-02,37,Designer,8.0,10.0,6.7,2.5,8.9,93,153,80,1,4,10.0,93.9,8,6,No
U02735,2025-03-02,23,Designer,5.6,9.0,3.1,1.4,9.5,43,38,40,3,3,9.0,93.9,6,5,No
U06795,2025-03-02,25,Student,7.3,10.0,4.5,1.1,8.6,37,77,43,4,3,10.0,99.5,5,2,No
U02289,2025-03-02,48,Software Engineer,7.4,10.0,5.3,1.3,10.4,4,117,62,1,5,9.0,87.9,7,4,Yes
U03057,2025-03-02,55,Student,6.7,10.0,6.5,3.1,11.3,42,156,79,1,4,8.0,94.7,10,6,No
U01836,2025-03-02,27,Analyst,8.6,10.0,5.2,4.0,11.2,45,136,81,0,2,8.0,100.0,4,4,No
U06769,2025-03-02,41,Software Engineer,7.6,10.0,5.8,3.0,9.3,31,121,77,2,3,10.0,96.2,9,6,No
U04667,2025-03-02,28,Student,7.5,7.0,3.6,0.3,8.8,41,70,33,1,2,10.0,97.3,6,5,No
U05364,2025-03-02,21,Student,8.4,10.0,8.5,2.5,7.2,58,150,94,2,7,6.0,78.5,9,5,No
U02953,2025-03-02,24,Student,7.3,10.0,5.5,1.8,9.8,45,103,49,2,3,10.0,100.0,7,5,No
U03051,2025-03-02,52,Teacher,7.8,10.0,7.5,2.6,9.5,56,121,100,0,4,9.0,84.6,9,5,No
U04650,2025-03-02,37,Student,6.2,9.0,6.4,4.0,9.2,40,147,75,1,5,9.0,89.1,4,1,No
U04443,2025-03-03,57,Software Engineer,7.4,10.0,5.8,0.5,7.1,25,105,74,1,6,4.0,70.0,8,5,No
U06400,2025-03-03,18,Freelancer,5.2,5.0,2.6,1.9,8.8,11,48,48,3,5,8.0,83.7,12,10,No
U06214,2025-03-03,46,Analyst,8.0,10.0,9.0,3.0,4.7,48,132,102,2,6,9.0,78.5,7,3,Yes
U05302,2025-03-03,36,Software Engineer,7.3,9.0,7.7,3.6,7.7,69,146,95,0,4,9.0,84.2,9,3,Yes
U06122,2025-03-03,51,Software Engineer,8.2,10.0,11.3,6.5,3.1,71,194,154,1,8,10.0,53.4,3,2,Yes
U06193,2025-03-03,53,Student,6.2,10.0,5.4,1.8,10.7,73,123,85,3,4,10.0,97.0,4,4,Yes
U01396,2025-03-03,56,Software Engineer,7.4,10.0,4.5,1.8,10.0,23,97,52,3,3,8.0,100.0,8,7,No
U00921,2025-03-03,26,Freelancer,7.9,10.0,5.2,3.3,10.1,60,108,79,2,3,10.0,95.9,7,6,No
U03674,2025-03-03,55,Freelancer,6.5,7.0,9.9,4.0,7.0,6,183,125,4,8,7.0,53.0,9,3,No
U01258,2025-03-03,60,Student,7.2,8.0,4.9,2.3,8.5,74,98,56,3,3,10.0,100.0,11,9,No
U03241,2025-03-03,39,Analyst,5.2,8.0,7.7,4.4,6.7,94,152,122,2,6,9.0,68.6,9,4,No
U00050,2025-03-03,52,Student,9.9,10.0,4.8,1.7,8.7,72,104,53,2,4,10.0,95.7,6,6,No
U06559,2025-03-03,42,Teacher,7.5,8.0,6.5,2.5,5.0,73,146,65,0,3,10.0,90.3,8,3,No
U02704,2025-03-03,54,Student,7.4,10.0,8.0,4.0,10.6,5,171,110,1,5,7.0,89.0,8,6,No
U03832,2025-03-03,57,Student,6.7,10.0,7.7,3.7,9.0,55,130,93,3,4,9.0,88.5,8,4,No
U00010,2025-03-03,28,Software Engineer,8.9,10.0,5.8,3.1,7.6,65,128,76,4,2,10.0,95.9,12,8,No
U03359,2025-03-03,20,Freelancer,7.9,10.0,1.0,0.3,11.3,20,32,23,1,1,10.0,100.0,6,6,Yes
U03103,2025-03-03,35,Teacher,7.1,10.0,4.5,0.5,9.1,76,75,52,2,3,9.0,100.0,7,5,Yes
U04794,2025-03-03,31,Freelancer,6.7,10.0,8.7,3.7,5.9,13,147,116,1,6,6.0,50.4,6,2,No
U06073,2025-03-03,48,Freelancer,6.5,9.0,13.9,8.8,7.4,22,300,178,3,10,6.0,61.4,9,3,No
U06247,2025-03-03,22,Software Engineer,6.1,8.0,4.3,3.3,11.5,50,134,61,3,3,9.0,99.2,2,2,No
U05554,2025-03-03,52,Analyst,8.1,10.0,5.5,2.7,10.0,52,143,76,1,4,10.0,100.0,10,6,Yes
U00479,2025-03-03,25,Designer,5.8,9.0,5.5,1.4,8.6,29,69,75,2,6,8.0,67.5,11,5,Yes
U00219,2025-03-04,36,Student,7.5,10.0,4.3,1.7,10.3,27,83,69,3,3,10.0,95.3,7,5,No
U02426,2025-03-04,49,Analyst,6.3,10.0,1.0,0.9,8.8,51,77,14,2,2,10.0,95.9,10,7,No
U02354,2025-03-04,28,Analyst,6.0,8.0,12.6,6.5,5.1,22,224,142,0,9,4.0,33.7,8,1,No
U02160,2025-03-04,46,Student,6.2,10.0,9.3,6.1,8.5,57,171,110,2,7,7.0,68.7,4,1,No
U01589,2025-03-04,28,Student,6.9,10.0,6.3,1.7,4.9,12,121,69,2,5,9.0,74.4,7,5,No
U03442,2025-03-04,39,Freelancer,4.6,8.0,9.0,2.5,8.6,57,175,124,1,4,7.0,55.1,7,5,Yes
U01439,2025-03-04,40,Student,5.0,6.0,4.6,2.4,7.4,17,79,61,3,5,7.0,75.4,5,2,Yes
U01284,2025-03-04,26,Teacher,8.6,9.0,6.8,3.5,10.2,29,127,115,1,3,7.0,93.1,11,6,No
U01400,2025-03-04,47,Teacher,5.8,8.0,6.8,1.0,12.0,18,101,51,1,4,8.0,88.1,5,4,No
U06787,2025-03-04,47,Analyst,8.3,10.0,7.5,3.3,8.5,16,132,106,0,6,8.0,80.8,5,1,No
U04935,2025-03-04,25,Teacher,6.2,9.0,6.5,2.5,7.6,10,125,70,0,5,9.0,86.1,7,4,Yes
U02881,2025-03-04,28,Analyst,8.8,10.0,4.3,2.2,10.1,73,71,47,1,1,10.0,100.0,3,3,No
U04236,2025-03-04,29,Student,9.0,10.0,5.8,3.4,10.8,8,151,61,0,4,9.0,96.8,7,3,No
U06043,2025-03-04,27,Designer,6.5,10.0,8.4,2.7,7.7,57,157,105,2,4,7.0,85.8,7,3,No
U03013,2025-03-04,39,Designer,6.9,10.0,3.3,2.6,11.0,86,104,41,2,2,9.0,100.0,6,5,No
U02974,2025-03-04,21,Freelancer,7.6,7.0,5.9,2.6,8.4,24,115,79,2,2,10.0,100.0,10,8,No
U05503,2025-03-04,32,Designer,6.5,6.0,5.9,2.5,7.4,33,102,76,4,5,10.0,87.8,10,5,Yes
U03221,2025-03-04,44,Designer,7.7,10.0,5.3,3.2,7.3,92,127,91,2,3,10.0,100.0,10,8,Yes
U04208,2025-03-04,24,Student,6.7,9.0,7.9,4.8,7.7,42,168,108,0,5,10.0,73.1,6,5,No
U03378,2025-03-04,26,Software Engineer,6.6,8.0,3.9,1.2,12.0,29,75,66,1,2,10.0,100.0,13,11,Yes
U01791,2025-03-04,23,Software Engineer,8.6,10.0,2.3,0.7,10.5,28,42,6,1,2,10.0,100.0,2,1,No
U06384,2025-03-04,31,Analyst,5.2,7.0,8.0,2.8,6.4,19,183,93,2,7,8.0,61.4,7,2,No
U05670,2025-03-04,51,Software Engineer,7.8,10.0,6.4,1.9,9.7,37,150,68,1,5,9.0,94.4,5,1,No
U06656,2025-03-05,55,Student,5.2,7.0,10.0,5.5,7.3,18,189,153,1,7,6.0,59.1,5,2,No
U06287,2025-03-05,51,Analyst,5.9,9.0,5.1,,10.0,22,98,73,2,5,7.0,86.1,7,5,No
U01894,2025-03-05,59,Teacher,6.1,6.0,5.4,0.1,9.0,74,105,59,1,5,7.0,75.9,5,4,No
U00875,2025-03-05,45,Freelancer,7.1,10.0,10.3,5.1,9.8,53,183,136,0,6,9.0,77.4,8,3,Yes
U06272,2025-03-05,18,Student,5.5,7.0,4.9,2.2,9.3,5,105,83,1,5,5.0,65.2,5,4,No
U05477,2025-03-05,33,Teacher,7.4,8.0,6.5,2.4,8.4,51,129,80,2,5,8.0,71.0,5,4,No
U05260,2025-03-05,34,Analyst,7.2,7.0,7.8,1.3,6.4,78,127,90,0,5,10.0,89.8,7,4,Yes
U01100,2025-03-05,38,Analyst,6.2,8.0,7.8,2.5,8.5,16,115,112,2,6,,85.4,6,2,No
U05044,2025-03-05,18,Student,7.9,10.0,4.2,1.1,5.1,26,98,59,1,1,9.0,94.8,8,4,No
U05740,2025-03-05,29,Freelancer,6.4,8.0,10.4,5.3,5.6,38,179,140,4,9,5.0,52.9,8,3,Yes
U00109,2025-03-05,54,Teacher,8.8,10.0,5.9,3.1,6.2,43,96,79,1,2,10.0,100.0,12,9,No
U03594,2025-03-05,45,Teacher,6.1,8.0,4.3,0.2,9.5,24,66,54,0,4,9.0,84.1,10,7,No
U04658,2025-03-05,47,Software Engineer,6.7,10.0,4.8,2.9,8.9,19,105,88,5,7,8.0,79.3,9,6,No
U00581,2025-03-05,56,Student,8.0,10.0,6.5,1.6,8.5,27,102,61,1,4,9.0,83.6,3,2,Yes
U01739,2025-03-05,20,Freelancer,6.1,7.0,6.4,1.8,6.7,15,116,62,1,3,7.0,89.7,6,1,No
U00664,2025-03-05,28,Analyst,6.4,9.0,8.0,2.7,8.8,53,164,89,1,8,10.0,78.0,5,1,No
U00059,2025-03-05,21,Teacher,6.6,9.0,7.6,3.9,8.9,12,104,116,2,7,8.0,69.4,5,3,No
U00978,2025-03-05,23,Analyst,4.5,7.0,9.4,4.4,5.7,5,144,147,2,8,6.0,48.9,11,6,Yes
U02275,2025-03-05,45,Analyst,4.5,7.0,5.0,2.8,12.0,76,95,88,4,6,8.0,77.4,6,5,No
U00414,2025-03-05,20,Analyst,6.2,10.0,12.3,6.6,5.5,58,248,173,2,8,8.0,53.6,7,4,Yes
U02481,2025-03-05,38,Analyst,7.5,10.0,6.5,2.5,11.0,44,109,92,1,5,6.0,91.5,7,6,Yes
U06378,2025-03-05,40,Student,5.9,7.0,8.8,5.8,5.2,52,177,125,1,7,7.0,60.1,12,6,No
U01410,2025-03-05,26,Designer,6.3,10.0,7.7,4.8,8.6,27,121,120,2,6,6.0,51.6,5,1,No
U05116,2025-03-06,32,Software Engineer,6.6,9.0,7.6,1.1,6.6,13,121,93,2,5,10.0,79.2,14,7,No
U04718,2025-03-06,40,Analyst,7.3,10.0,11.0,3.4,7.6,20,177,108,2,6,6.0,54.4,6,2,No
U02794,2025-03-06,58,Student,4.7,9.0,6.1,2.2,6.7,34,133,85,0,8,5.0,45.9,4,2,No
U03492,2025-03-06,40,Teacher,7.1,10.0,8.0,2.1,9.2,49,111,110,3,6,8.0,87.4,11,8,No
U03505,2025-03-06,50,Analyst,7.2,10.0,9.8,1.8,5.8,173,168,93,3,2,10.0,100.0,8,7,No
U04716,2025-03-06,41,Software Engineer,8.1,10.0,8.2,2.4,10.5,7,144,104,2,7,9.0,73.7,7,4,Yes
U06286,2025-03-06,33,Teacher,7.4,10.0,3.8,0.4,6.4,32,60,44,2,3,10.0,100.0,12,7,No
U01868,2025-03-06,37,Software Engineer,6.3,10.0,4.2,1.4,10.2,27,111,61,4,7,7.0,81.5,5,3,Yes
U05135,2025-03-06,56,Designer,6.5,8.0,5.7,3.0,9.3,5,117,83,3,5,8.0,72.1,5,3,No
U04121,2025-03-06,36,Freelancer,3.9,8.0,9.2,4.5,6.2,19,142,115,1,9,9.0,48.2,7,2,Yes
U02787,2025-03-06,22,Analyst,6.6,10.0,8.2,2.4,6.7,36,136,111,3,4,8.0,70.9,5,4,No
U00447,2025-03-06,21,Teacher,9.0,10.0,3.9,1.1,9.9,45,83,47,0,2,10.0,100.0,10,10,No
U04924,2025-03-06,53,Analyst,5.6,10.0,9.7,1.8,8.4,78,146,100,1,6,8.0,89.8,3,2,No
U02505,2025-03-06,32,Software Engineer,7.4,10.0,6.3,1.7,9.1,18,131,66,4,3,9.0,87.6,2,2,Yes
U06875,2025-03-06,45,Software Engineer,5.7,9.0,4.4,2.9,8.0,7,78,84,2,5,7.0,85.5,8,6,No
U05484,2025-03-06,48,Software Engineer,6.4,6.0,4.2,1.1,8.9,69,67,39,1,2,10.0,93.9,4,1,No
U06223,2025-03-07,54,Teacher,7.5,10.0,3.8,0.9,9.9,53,78,36,2,2,8.0,100.0,7,5,No
U00665,2025-03-07,38,Designer,6.8,7.0,9.0,2.5,9.3,64,149,100,4,2,10.0,100.0,4,4,No
U00564,2025-03-07,19,Analyst,10.0,10.0,4.7,2.4,9.4,18,114,67,2,5,10.0,94.6,10,8,No
U04887,2025-03-07,46,Software Engineer,5.7,9.0,9.0,4.9,9.3,54,167,122,4,5,7.0,77.9,9,5,Yes
U00482,2025-03-07,27,Software Engineer,8.0,9.0,7.2,3.4,10.5,82,152,111,4,3,9.0,100.0,4,1,No
U06781,2025-03-07,42,Student,7.7,10.0,8.4,1.9,6.3,76,96,83,0,3,10.0,93.2,9,5,Yes
U01925,2025-03-07,31,Teacher,5.1,5.0,5.1,2.5,12.0,42,113,86,0,6,5.0,75.2,5,3,No
U02757,2025-03-07,38,Student,7.8,10.0,7.1,2.0,8.3,8,139,91,2,6,6.0,72.4,9,7,Yes
U04908,2025-03-07,23,Designer,7.8,9.0,7.6,2.7,9.9,75,138,81,0,5,10.0,100.0,9,5,No
U02248,2025-03-07,27,Software Engineer,7.2,10.0,5.1,2.7,7.6,17,77,81,2,5,9.0,82.4,8,6,Yes
U02463,2025-03-07,26,Teacher,6.4,10.0,7.1,3.8,3.0,92,135,94,2,5,9.0,75.3,7,4,No
U06653,2025-03-07,25,Freelancer,9.0,10.0,5.0,2.6,7.9,39,97,88,3,2,6.0,88.4,9,8,No
U04176,2025-03-07,18,Analyst,8.7,10.0,7.4,2.2,11.9,45,132,82,2,3,10.0,100.0,7,4,No
U04081,2025-03-07,36,Software Engineer,6.7,9.0,8.9,3.8,2.5,10,179,101,2,9,7.0,65.4,7,0,No
U02744,2025-03-07,27,Designer,7.9,9.0,1.3,0.4,10.4,42,57,11,2,2,10.0,100.0,4,4,Yes
U01787,2025-03-07,19,Designer,8.7,10.0,7.1,1.6,8.5,14,111,69,1,6,10.0,97.8,10,4,No
U00367,2025-03-07,49,Analyst,7.6,10.0,5.1,0.6,9.8,17,96,58,1,4,9.0,80.5,3,0,Yes
U06165,2025-03-07,24,Analyst,7.5,10.0,5.1,1.3,10.0,48,92,51,2,4,9.0,100.0,13,8,No
U03954,2025-03-07,49,Designer,7.0,10.0,9.2,2.4,9.3,8,170,102,4,8,8.0,69.5,9,5,No
U05615,2025-03-07,55,Student,8.3,10.0,6.5,2.8,5.5,1,112,82,5,5,8.0,84.4,6,2,No
U02071,2025-03-07,41,Student,8.7,10.0,6.3,2.4,8.8,28,151,76,1,4,9.0,95.8,3,3,No
U06413,2025-03-07,43,Software Engineer,7.8,10.0,6.8,2.7,10.3,69,127,97,3,3,10.0,100.0,7,6,No
U03544,2025-03-07,39,Analyst,6.6,9.0,1.0,0.0,7.7,45,60,36,3,2,8.0,100.0,6,5,No
U04930,2025-03-08,59,Freelancer,8.0,10.0,6.5,4.5,7.6,11,150,70,2,5,8.0,85.0,8,4,No
U00957,2025-03-08,42,Freelancer,7.2,10.0,6.8,2.4,6.8,45,150,89,0,5,7.0,82.9,9,5,No
U06723,2025-03-08,55,Teacher,9.0,10.0,6.0,1.7,7.3,57,58,81,1,3,9.0,91.5,6,6,No
U00743,2025-03-08,34,Student,7.4,10.0,5.5,2.1,7.7,20,100,65,1,5,8.0,90.8,5,5,No
U04141,2025-03-08,26,Student,8.9,10.0,8.1,0.5,6.7,86,134,77,0,4,10.0,86.4,10,8,Yes
U06705,2025-03-08,53,Teacher,5.5,5.0,7.5,3.9,10.8,54,118,123,1,7,10.0,78.2,7,3,No
U06110,2025-03-08,57,Designer,6.6,10.0,9.4,4.2,4.9,18,192,124,2,6,8.0,59.9,9,4,No
U01403,2025-03-08,47,Student,8.0,10.0,4.4,0.7,7.8,59,79,32,1,3,10.0,100.0,7,5,No
U00144,2025-03-08,30,Designer,5.4,10.0,3.7,0.6,11.3,34,122,53,3,5,9.0,91.2,5,4,No
U04521,2025-03-08,27,Student,6.3,8.0,7.9,2.2,9.0,14,136,82,0,5,5.0,79.5,6,1,No
U05494,2025-03-08,32,Software Engineer,4.6,9.0,5.9,1.9,8.1,37,137,87,0,7,7.0,66.5,8,5,Yes
U03377,2025-03-08,40,Software Engineer,8.8,10.0,7.1,2.6,9.8,85,101,86,1,1,10.0,100.0,10,7,No
U06673,2025-03-08,18,Designer,8.7,10.0,6.5,1.3,9.4,45,74,111,3,5,9.0,97.4,4,2,No
U03205,2025-03-08,25,Teacher,6.3,10.0,3.9,1.2,8.5,39,86,38,2,1,10.0,100.0,3,2,No
U06013,2025-03-08,56,Freelancer,8.2,10.0,5.1,2.9,5.1,26,112,53,3,3,10.0,93.6,6,3,No
U02672,2025-03-08,27,Designer,4.5,5.0,1.3,0.9,12.0,21,101,21,2,7,6.0,87.6,8,5,No
U05592,2025-03-08,43,Software Engineer,8.0,10.0,2.1,0.4,10.7,40,17,9,3,2,8.0,100.0,8,6,No
U02991,2025-03-09,54,Designer,5.7,8.0,6.5,1.2,12.0,46,108,88,0,4,9.0,93.4,8,4,Yes
U03722,2025-03-09,42,Designer,6.5,10.0,6.2,0.9,8.5,89,83,72,1,5,10.0,79.2,11,9,Yes
U04674,2025-03-09,27,Software Engineer,7.8,10.0,6.4,2.0,8.6,26,135,98,2,5,9.0,89.5,8,4,No
U01850,2025-03-09,60,Designer,7.4,10.0,7.0,3.1,8.0,38,98,98,1,3,8.0,83.7,7,2,No
U06517,2025-03-09,31,Freelancer,4.5,6.0,4.2,3.2,9.9,31,87,59,1,4,5.0,90.0,4,2,No
U06254,2025-03-09,26,Software Engineer,7.5,10.0,8.0,4.0,8.5,41,106,98,1,2,9.0,100.0,6,3,No
U02355,2025-03-09,38,Designer,7.4,10.0,6.8,2.0,11.1,43,71,71,0,3,8.0,87.2,10,7,No
U01434,2025-03-09,58,Student,8.2,9.0,8.1,3.3,4.8,32,107,104,4,6,9.0,85.9,4,2,No
U05087,2025-03-09,34,Software Engineer,5.6,7.0,3.8,1.3,8.3,65,104,63,2,4,9.0,86.0,8,4,No
U02605,2025-03-09,53,Software Engineer,7.8,10.0,6.9,4.1,6.6,45,143,75,1,4,10.0,85.7,6,4,No
U06175,2025-03-09,52,Student,6.9,10.0,4.1,1.6,10.7,52,108,84,0,4,7.0,96.0,7,4,No
U06157,2025-03-09,20,Student,7.0,7.0,4.1,2.6,6.6,73,120,33,2,2,9.0,96.5,10,6,Yes
U01266,2025-03-09,28,Software Engineer,6.6,10.0,8.0,1.9,8.8,23,146,96,2,7,10.0,83.4,4,1,Yes
U01822,2025-03-10,34,Teacher,8.2,10.0,9.5,3.9,6.4,40,186,133,2,6,9.0,70.9,13,6,No
U05042,2025-03-10,57,Software Engineer,7.4,10.0,6.0,1.4,8.1,13,77,74,0,6,9.0,69.6,12,6,No
U06807,2025-03-10,19,Designer,7.8,10.0,9.2,5.4,5.6,28,171,113,2,5,10.0,86.0,7,4,No
U05249,2025-03-10,43,Freelancer,8.1,10.0,6.5,2.5,6.4,66,120,83,1,2,10.0,87.7,6,3,No
U05248,2025-03-10,19,Freelancer,8.2,10.0,7.1,3.3,7.0,63,137,103,2,3,10.0,92.6,7,4,Yes
U00003,2025-03-10,32,Analyst,6.0,9.0,5.5,3.4,9.2,16,117,82,0,5,6.0,84.5,8,5,No
U03215,2025-03-10,20,Designer,7.4,10.0,6.9,1.5,8.0,2,119,95,2,6,8.0,83.6,9,7,No
U06516,2025-03-10,26,Freelancer,7.1,8.0,6.3,3.9,8.1,38,152,106,4,5,9.0,80.3,6,6,Yes
U06478,2025-03-10,43,Software Engineer,6.3,10.0,9.5,5.8,5.8,25,164,151,2,6,7.0,49.9,11,4,Yes
U02210,2025-03-10,43,Teacher,6.6,9.0,6.4,3.2,8.3,46,128,111,1,7,7.0,74.5,7,2,No
U00493,2025-03-10,53,Analyst,6.6,10.0,5.4,2.7,10.6,22,84,75,3,2,9.0,100.0,8,6,Yes
U02526,2025-03-10,22,Student,7.1,10.0,5.6,0.8,6.9,115,92,53,0,4,8.0,94.5,6,3,No
U03725,2025-03-10,40,Teacher,6.3,10.0,8.0,5.4,11.0,10,140,130,0,6,6.0,85.9,6,5,No
U00817,2025-03-10,55,Software Engineer,8.4,10.0,2.4,2.2,12.0,31,46,38,0,2,10.0,100.0,6,5,Yes
U02772,2025-03-10,45,Freelancer,9.9,10.0,4.7,0.7,6.1,60,67,76,0,1,10.0,100.0,9,7,No
U06793,2025-03-10,41,Student,8.6,10.0,6.1,3.7,9.8,44,129,98,1,5,,100.0,4,3,No
U04413,2025-03-10,34,Freelancer,7.9,10.0,6.6,0.4,7.5,87,105,85,1,3,10.0,100.0,8,5,Yes
U05460,2025-03-11,23,Freelancer,5.2,7.0,4.9,1.9,7.6,55,82,84,1,3,7.0,74.9,9,6,No
U03934,2025-03-11,40,Teacher,7.8,8.0,6.0,0.8,7.7,22,84,84,2,5,,86.9,5,4,No
U00699,2025-03-11,57,Analyst,7.1,5.0,3.3,1.0,6.9,15,82,36,2,3,10.0,100.0,8,3,No
U02654,2025-03-11,23,Student,5.8,10.0,4.8,2.2,9.5,69,92,65,1,3,9.0,98.7,6,3,No
U04874,2025-03-11,44,Student,5.6,7.0,4.8,3.0,11.9,43,87,93,1,5,9.0,89.7,9,4,Yes
U03360,2025-03-11,18,Designer,7.7,10.0,5.8,,8.0,27,93,65,0,5,9.0,90.4,10,4,Yes
U05338,2025-03-11,36,Software Engineer,5.8,7.0,10.3,1.9,6.2,5,179,119,1,9,6.0,52.9,11,6,Yes
U00750,2025-03-11,23,Designer,5.1,8.0,6.6,1.7,8.3,19,144,63,2,6,6.0,73.0,7,3,No
U06037,2025-03-11,35,Freelancer,7.7,10.0,9.9,4.6,6.2,79,176,131,2,5,10.0,83.6,6,4,No
U02710,2025-03-11,43,Freelancer,7.5,10.0,4.1,2.1,9.2,25,37,52,1,1,7.0,100.0,5,4,No
U01980,2025-03-11,19,Analyst,8.8,10.0,5.0,3.6,8.1,18,103,89,3,4,9.0,92.5,6,4,No
U05051,2025-03-11,39,Analyst,5.0,6.0,10.6,4.8,7.1,36,202,135,0,9,7.0,50.6,6,3,No
U03632,2025-03-11,20,Student,7.6,10.0,9.4,2.7,7.9,56,144,106,1,5,10.0,71.0,12,7,No
U04731,2025-03-11,29,Teacher,6.8,9.0,9.5,1.0,6.7,29,161,98,1,7,9.0,58.6,9,3,No
U02840,2025-03-11,55,Designer,8.2,10.0,7.7,3.4,6.0,29,125,96,0,6,10.0,81.1,6,3,No
U06095,2025-03-11,41,Analyst,7.7,10.0,6.2,1.2,7.2,45,126,63,1,4,8.0,86.9,2,0,Yes
U05769,2025-03-11,33,Student,8.1,10.0,5.1,2.6,10.2,14,88,71,1,4,7.0,95.9,9,6,No
U01553,2025-03-11,49,Software Engineer,6.4,10.0,6.8,1.0,7.1,9,109,88,2,5,7.0,64.0,12,7,No
U03901,2025-03-11,38,Student,8.6,10.0,4.8,1.3,11.5,37,84,86,3,4,10.0,100.0,6,5,No
U06592,2025-03-11,30,Student,8.6,10.0,8.3,4.1,9.5,8,152,134,2,6,7.0,87.6,7,4,No
U04751,2025-03-11,26,Analyst,9.0,10.0,7.1,1.8,5.4,10,106,87,3,5,6.0,87.1,7,4,Yes
U04783,2025-03-11,20,Student,3.8,8.0,6.7,1.7,7.7,20,120,83,3,6,6.0,72.9,4,3,No
U05333,2025-03-12,26,Analyst,7.1,9.0,7.4,1.3,7.0,92,131,74,1,3,10.0,90.2,5,5,No
U03825,2025-03-12,52,Freelancer,7.3,10.0,5.9,3.0,10.4,44,124,73,3,5,8.0,84.9,5,4,No
U05351,2025-03-12,19,Analyst,7.0,8.0,8.4,4.9,6.4,24,148,127,1,7,5.0,66.5,5,3,Yes
U02290,2025-03-12,22,Freelancer,5.5,7.0,4.9,2.0,11.6,32,94,47,3,5,10.0,96.6,8,5,No
U06182,2025-03-12,48,Software Engineer,7.6,10.0,10.6,,7.3,16,186,166,1,5,6.0,66.2,13,6,No
U06539,2025-03-12,49,Software Engineer,8.2,10.0,9.4,1.7,6.5,7,144,121,6,6,7.0,59.1,6,1,No
U03957,2025-03-12,35,Student,6.9,10.0,10.0,2.0,6.8,134,122,100,5,2,10.0,86.3,5,2,No
U02578,2025-03-12,37,Designer,6.4,9.0,7.8,5.0,6.7,34,146,109,0,6,7.0,68.5,6,0,No
U03090,2025-03-12,50,Designer,5.7,7.0,5.9,1.5,7.4,174,70,72,2,1,10.0,100.0,10,7,No
U05865,2025-03-12,23,Student,7.4,10.0,8.0,4.3,6.9,34,181,109,0,7,7.0,81.7,8,5,No
U05439,2025-03-12,48,Student,8.2,10.0,7.4,2.0,6.4,7,130,94,2,6,7.0,68.3,10,5,No
U01664,2025-03-12,30,Analyst,7.4,10.0,5.6,0.4,9.5,18,123,46,0,4,7.0,84.7,7,4,No
U01624,2025-03-12,18,Designer,6.6,9.0,9.3,4.7,6.0,59,178,135,3,5,8.0,67.6,12,3,Yes
U06282,2025-03-12,59,Designer,8.3,10.0,6.9,2.7,8.7,18,139,83,1,5,8.0,86.0,11,6,No
U00719,2025-03-12,31,Teacher,7.3,7.0,7.6,2.7,8.1,24,171,111,3,6,8.0,77.3,9,4,Yes
U01106,2025-03-12,39,Software Engineer,6.8,7.0,8.6,2.4,6.9,57,145,105,2,3,9.0,78.3,11,6,No
U02909,2025-03-12,55,Teacher,7.2,9.0,5.5,0.4,9.4,33,76,54,2,5,9.0,82.4,10,6,Yes
U05251,2025-03-12,44,Freelancer,7.0,10.0,8.6,4.0,8.3,26,185,111,1,7,7.0,65.1,8,5,No
U02313,2025-03-12,56,Software Engineer,6.9,10.0,8.7,5.3,5.2,43,183,122,3,5,7.0,70.5,11,5,No
U00804,2025-03-13,43,Student,5.5,7.0,7.0,0.8,10.7,42,142,89,0,7,7.0,78.8,9,6,No
U05347,2025-03-13,49,Teacher,5.5,7.0,6.8,2.0,6.7,10,162,85,0,7,8.0,69.0,8,5,Yes
U05423,2025-03-13,57,Student,6.9,10.0,5.0,2.8,8.6,35,52,92,2,2,7.0,93.9,3,2,Yes
U01479,2025-03-13,55,Designer,8.1,9.0,5.5,2.7,9.8,28,124,63,1,6,9.0,97.1,10,6,No
U00136,2025-03-13,47,Designer,6.6,10.0,7.3,3.8,9.7,19,108,116,3,4,9.0,80.0,6,3,Yes
U06129,2025-03-13,23,Student,8.2,10.0,6.0,1.6,10.3,20,136,82,2,4,,98.3,7,6,Yes
U01936,2025-03-13,30,Analyst,6.6,7.0,9.5,6.3,9.2,19,185,129,4,6,9.0,68.8,6,3,No
U05437,2025-03-13,44,Designer,7.9,10.0,6.5,2.1,7.2,46,102,76,2,4,10.0,75.8,9,7,No
U00629,2025-03-13,29,Designer,6.9,8.0,4.2,0.6,9.4,71,56,35,1,1,10.0,100.0,5,3,No
U06121,2025-03-13,27,Analyst,5.8,8.0,3.8,0.8,12.0,54,41,66,5,4,10.0,95.9,5,4,No
U02447,2025-03-13,44,Analyst,5.8,4.0,6.4,2.3,5.8,38,118,94,0,7,6.0,73.7,15,7,No
U00210,2025-03-13,33,Teacher,6.2,9.0,7.0,5.2,8.9,61,147,112,2,4,10.0,82.1,9,5,No
U04075,2025-03-13,46,Analyst,8.4,10.0,3.2,0.7,8.3,37,102,33,0,3,10.0,100.0,5,3,Yes
U06644,2025-03-13,54,Student,8.6,10.0,7.8,4.6,6.1,20,168,121,3,6,9.0,78.0,6,5,No
U04065,2025-03-13,33,Teacher,9.6,10.0,6.7,3.7,8.9,32,154,61,0,5,10.0,94.3,7,7,Yes
U03356,2025-03-13,24,Freelancer,7.6,9.0,7.3,4.1,5.6,64,110,92,2,2,9.0,84.6,14,11,No
U00171,2025-03-13,54,Teacher,7.9,10.0,10.0,2.4,7.5,10,160,117,2,8,9.0,58.2,3,1,No
U03843,2025-03-13,58,Analyst,5.1,5.0,2.3,1.2,10.4,17,77,36,3,4,7.0,95.1,9,7,No
U00179,2025-03-13,58,Software Engineer,7.1,9.0,5.5,1.3,7.4,29,92,67,1,3,10.0,91.5,6,2,No
U03200,2025-03-13,48,Freelancer,9.1,10.0,4.7,0.6,11.6,93,98,47,3,3,10.0,100.0,5,5,No
U01069,2025-03-13,32,Freelancer,7.2,10.0,8.4,4.5,7.7,18,159,98,3,7,7.0,80.2,7,4,No
U02997,2025-03-13,52,Teacher,8.0,10.0,8.3,4.0,6.7,10,152,122,4,6,7.0,78.2,5,2,Yes
U01064,2025-03-13,43,Teacher,8.0,10.0,6.8,3.6,6.4,36,145,97,0,4,8.0,85.5,8,4,No
U04679,2025-03-13,20,Teacher,7.0,10.0,5.6,2.5,7.5,63,106,76,5,3,8.0,97.4,7,6,Yes
U06754,2025-03-13,40,Student,6.6,10.0,6.4,4.1,4.8,44,136,86,0,5,10.0,81.1,5,4,No
U00551,2025-03-14,28,Analyst,6.9,8.0,4.9,2.0,9.9,100,103,75,0,1,10.0,100.0,7,5,No
U01939,2025-03-14,48,Analyst,7.9,10.0,6.9,2.2,7.8,63,128,71,0,3,9.0,91.4,6,3,Yes
U06015,2025-03-14,59,Freelancer,7.2,8.0,5.7,3.7,9.8,42,101,82,1,3,8.0,90.9,7,5,No
U06975,2025-03-14,29,Analyst,6.8,9.0,8.9,0.9,7.1,98,142,93,2,2,10.0,89.1,5,2,Yes
U03048,2025-03-14,59,Software Engineer,7.7,9.0,5.8,1.3,9.7,14,77,69,2,3,10.0,100.0,8,5,Yes
U06540,2025-03-14,20,Teacher,7.8,10.0,1.5,0.0,10.0,50,44,14,3,2,9.0,100.0,9,8,No
U00578,2025-03-14,23,Freelancer,9.0,10.0,4.8,1.9,7.5,27,82,55,3,4,9.0,86.3,6,4,No
U06131,2025-03-14,42,Teacher,7.8,10.0,5.3,3.0,6.9,29,105,87,3,5,10.0,100.0,9,5,No
U05936,2025-03-14,50,Designer,9.1,10.0,6.7,0.9,9.9,42,127,77,2,2,9.0,100.0,5,2,No
U02488,2025-03-14,49,Freelancer,7.1,8.0,5.7,0.3,10.7,15,101,58,2,6,10.0,100.0,9,7,Yes
U03447,2025-03-14,25,Software Engineer,8.7,10.0,6.0,3.0,8.1,114,154,76,0,4,9.0,100.0,12,7,No
U04185,2025-03-14,56,Student,8.8,10.0,5.3,2.1,10.9,156,89,64,1,1,10.0,100.0,8,3,Yes
U02065,2025-03-14,41,Teacher,6.6,10.0,6.0,1.7,8.6,44,130,65,1,3,9.0,88.1,11,8,Yes
U00668,2025-03-14,39,Student,4.9,8.0,5.0,2.5,11.0,25,94,81,0,4,7.0,85.9,7,5,No
U05343,2025-03-14,38,Student,7.9,10.0,8.3,3.9,6.1,46,100,123,2,5,9.0,74.8,5,3,Yes
U04129,2025-03-14,23,Software Engineer,7.4,9.0,4.5,2.7,10.9,36,114,61,2,4,7.0,93.4,8,7,Yes
U00190,2025-03-14,54,Designer,5.4,9.0,9.1,3.3,5.4,8,148,80,1,5,7.0,57.3,10,5,No
U02025,2025-03-15,33,Student,8.7,10.0,3.3,0.9,11.2,26,118,49,2,4,10.0,100.0,5,3,No
U05294,2025-03-15,19,Analyst,5.1,8.0,6.9,2.5,8.1,36,99,86,5,5,8.0,73.4,5,4,No
U05599,2025-03-15,36,Software Engineer,8.6,9.0,5.2,1.4,8.5,39,76,54,4,2,7.0,100.0,6,3,No
U03084,2025-03-15,57,Freelancer,8.5,10.0,3.8,1.2,10.6,23,81,67,4,3,7.0,100.0,9,7,No
U06019,2025-03-15,41,Designer,7.3,10.0,6.3,1.2,8.0,36,111,85,0,3,10.0,96.1,5,1,Yes
U00005,2025-03-15,25,Teacher,7.1,10.0,5.9,0.6,8.2,16,99,80,3,3,10.0,91.2,5,1,No
U02088,2025-03-15,39,Student,8.8,10.0,7.7,0.5,7.9,69,122,79,1,2,10.0,100.0,4,3,Yes
U06899,2025-03-15,46,Analyst,6.0,8.0,5.4,2.6,10.9,52,93,65,0,4,8.0,97.2,5,3,Yes
U00619,2025-03-15,20,Teacher,6.4,9.0,7.4,4.0,7.8,106,194,116,0,5,8.0,83.2,10,3,Yes
U01430,2025-03-15,27,Designer,6.5,10.0,6.5,1.4,10.5,18,79,75,2,6,7.0,81.7,6,3,Yes
U01393,2025-03-15,27,Teacher,5.5,10.0,8.5,4.9,7.7,12,157,104,2,8,8.0,62.1,12,4,No
U02449,2025-03-15,19,Designer,5.5,8.0,6.6,1.9,9.2,107,99,77,1,3,6.0,88.9,3,3,No
U01255,2025-03-15,38,Software Engineer,8.2,8.0,6.2,2.3,9.8,39,104,75,3,3,10.0,86.3,12,9,No
U06872,2025-03-15,26,Designer,4.1,7.0,5.4,3.0,11.4,83,88,69,2,5,7.0,85.7,8,8,No
U03720,2025-03-15,28,Designer,7.9,10.0,7.6,3.2,9.2,57,135,107,1,4,9.0,93.7,5,2,No
U03426,2025-03-15,42,Student,6.7,10.0,6.6,3.3,8.3,53,147,105,1,5,9.0,94.6,8,4,Yes
U04583,2025-03-16,35,Software Engineer,7.1,10.0,6.7,1.5,9.6,15,95,69,2,5,10.0,88.5,8,6,No
U03222,2025-03-16,59,Teacher,4.9,10.0,6.9,2.4,7.9,30,133,61,2,6,7.0,76.7,8,3,No
U03691,2025-03-16,23,Analyst,8.4,10.0,5.2,1.7,8.4,28,118,60,1,2,9.0,96.8,9,7,Yes
U06029,2025-03-16,34,Freelancer,6.1,10.0,3.2,2.2,12.0,31,67,44,1,3,9.0,100.0,7,4,No
U01757,2025-03-16,35,Teacher,4.8,8.0,8.8,2.2,6.4,30,151,109,6,7,5.0,47.6,9,3,No
U04352,2025-03-16,39,Designer,7.7,10.0,6.6,4.3,5.8,41,131,72,4,4,8.0,100.0,4,2,No
U04379,2025-03-16,35,Freelancer,8.4,10.0,6.9,2.2,4.8,34,103,83,0,3,10.0,97.5,7,3,Yes
U01612,2025-03-16,20,Student,6.1,7.0,8.4,3.5,7.3,12,140,117,3,8,5.0,49.7,8,3,No
U05705,2025-03-16,47,Teacher,5.5,7.0,7.0,2.4,8.9,32,125,95,0,7,7.0,80.7,6,3,No
U00901,2025-03-16,28,Software Engineer,7.7,8.0,8.7,4.2,8.7,5,182,108,0,7,6.0,62.1,6,5,Yes
U04202,2025-03-16,51,Analyst,5.8,7.0,6.7,2.6,8.8,17,127,89,2,6,8.0,67.5,11,6,No
U03703,2025-03-16,46,Teacher,8.0,10.0,2.5,,12.0,28,93,46,1,2,10.0,100.0,8,7,No
U02236,2025-03-16,26,Student,7.9,9.0,7.7,2.4,9.3,57,146,99,0,5,9.0,90.5,9,6,No
U05653,2025-03-16,59,Software Engineer,6.7,9.0,9.1,2.3,6.4,16,152,107,1,5,8.0,67.3,3,2,No
U02597,2025-03-16,39,Analyst,6.0,9.0,5.6,3.2,7.5,62,99,50,0,5,10.0,86.1,8,5,No
U06127,2025-03-16,35,Freelancer,6.9,6.0,9.4,4.9,8.0,53,188,129,4,5,10.0,73.4,9,4,No
U04250,2025-03-16,56,Teacher,6.9,10.0,6.0,2.6,9.7,35,89,84,1,5,9.0,81.5,12,7,No
U02818,2025-03-16,18,Analyst,6.5,10.0,8.8,1.8,7.3,15,167,89,2,7,6.0,57.6,5,1,No
U02680,2025-03-16,26,Software Engineer,5.5,7.0,6.4,2.5,9.2,17,133,98,0,5,8.0,66.2,2,0,No
U01575,2025-03-17,35,Student,6.7,10.0,4.9,2.0,8.2,95,68,60,2,3,10.0,100.0,4,2,No
U03967,2025-03-17,41,Designer,5.8,6.0,6.8,1.9,8.3,51,125,67,2,5,9.0,69.3,4,3,No
U03474,2025-03-17,45,Freelancer,5.5,10.0,7.1,2.3,8.9,41,150,101,2,4,10.0,82.1,2,1,No
U02059,2025-03-17,26,Software Engineer,4.0,5.0,12.2,5.8,4.3,18,198,151,4,8,6.0,46.8,9,2,No
U04961,2025-03-17,20,Software Engineer,6.9,9.0,7.5,5.1,7.8,6,143,109,0,7,7.0,60.0,8,4,No
U05789,2025-03-17,20,Student,7.7,10.0,5.9,3.5,9.3,30,121,81,3,5,9.0,83.4,7,5,No
U05189,2025-03-17,37,Designer,5.9,10.0,9.0,3.9,4.9,23,154,112,1,9,7.0,54.1,11,4,Yes
U03392,2025-03-17,51,Software Engineer,7.6,10.0,4.5,2.9,9.4,33,75,73,2,4,10.0,100.0,8,6,No
U03878,2025-03-17,38,Teacher,4.9,10.0,10.4,6.4,4.5,14,224,152,4,7,7.0,38.9,2,0,No
U03271,2025-03-17,39,Analyst,4.7,6.0,6.9,0.6,7.9,80,118,58,4,5,10.0,92.0,3,1,No
U06025,2025-03-17,26,Designer,7.3,10.0,4.6,1.8,6.0,23,96,64,0,4,7.0,79.2,6,5,Yes
U00337,2025-03-17,44,Freelancer,8.6,10.0,5.9,4.6,7.6,65,115,106,1,3,10.0,100.0,7,3,No
U06766,2025-03-17,37,Analyst,7.5,10.0,4.9,1.8,9.6,13,82,71,3,6,7.0,82.3,5,3,No
U01632,2025-03-18,35,Designer,8.0,10.0,8.6,4.8,7.7,109,127,127,1,3,9.0,97.0,6,5,No
U01734,2025-03-18,33,Software Engineer,10.0,10.0,6.4,1.7,9.6,19,98,75,3,3,10.0,100.0,7,3,Yes
U06998,2025-03-18,37,Freelancer,6.8,10.0,5.8,3.4,8.0,15,102,82,2,5,8.0,75.2,8,5,No
U00519,2025-03-18,30,Freelancer,7.7,10.0,4.8,0.7,10.0,25,112,47,0,5,10.0,84.8,6,3,Yes
U04631,2025-03-18,60,Designer,6.8,7.0,10.8,2.3,7.2,24,147,126,2,6,10.0,72.7,11,5,Yes
U05093,2025-03-18,36,Software Engineer,9.6,10.0,5.0,1.5,9.5,33,93,72,0,5,10.0,100.0,6,5,No
U02560,2025-03-18,36,Freelancer,6.8,9.0,5.9,1.9,8.2,34,100,75,2,5,8.0,84.0,11,8,No
U02587,2025-03-18,33,Freelancer,7.2,10.0,4.8,1.3,7.8,55,78,36,1,3,10.0,100.0,5,5,Yes
U02609,2025-03-18,45,Software Engineer,5.4,7.0,4.2,1.0,10.4,69,57,55,4,3,9.0,100.0,8,4,Yes
U06417,2025-03-18,44,Analyst,5.4,7.0,3.5,1.4,11.0,19,84,20,1,2,10.0,89.4,12,6,No
U05194,2025-03-18,20,Student,7.6,10.0,3.8,2.2,7.1,39,87,60,0,4,9.0,95.1,7,3,No
U01366,2025-03-18,40,Software Engineer,7.5,10.0,7.7,2.1,8.5,31,173,78,3,7,9.0,74.5,8,4,No
U04801,2025-03-18,46,Teacher,4.8,5.0,7.8,2.6,5.2,27,133,106,2,5,7.0,71.6,9,3,Yes
U01088,2025-03-18,60,Student,6.6,9.0,7.8,4.4,6.9,88,166,105,2,2,9.0,79.8,5,3,Yes
U02089,2025-03-18,54,Software Engineer,8.3,10.0,7.0,,7.7,40,149,65,2,4,7.0,93.7,6,4,No
U02422,2025-03-18,49,Freelancer,7.7,10.0,2.9,0.6,11.8,5,65,55,0,4,10.0,100.0,6,5,No
U04454,2025-03-18,19,Teacher,5.8,7.0,4.9,1.8,6.3,54,86,46,4,4,7.0,84.1,6,4,No
U04435,2025-03-18,59,Designer,8.0,10.0,7.2,2.5,10.8,23,124,69,0,7,8.0,68.4,6,4,No
U04420,2025-03-18,26,Software Engineer,5.9,8.0,7.0,4.9,8.6,8,127,112,2,5,7.0,72.9,6,4,Yes
U00411,2025-03-18,22,Analyst,7.4,10.0,6.0,0.6,8.2,16,122,71,2,7,7.0,73.9,6,5,Yes
U03926,2025-03-18,41,Designer,8.4,10.0,7.8,2.3,6.6,100,158,119,4,3,10.0,97.7,12,8,No
U05420,2025-03-18,42,Analyst,6.6,8.0,8.7,2.2,8.4,30,145,97,6,7,6.0,83.7,7,3,No
U04745,2025-03-18,43,Freelancer,7.3,9.0,6.9,1.5,9.8,115,83,90,2,3,10.0,95.4,4,4,Yes
U05665,2025-03-19,24,Software Engineer,8.8,10.0,5.9,2.5,8.2,72,117,74,3,3,9.0,99.7,4,3,No
U00387,2025-03-19,57,Freelancer,3.3,5.0,7.9,1.6,9.7,35,129,85,1,8,9.0,55.1,5,2,No
U01643,2025-03-19,24,Student,4.8,7.0,4.8,3.3,6.5,36,84,78,1,5,7.0,61.8,8,5,No
U01185,2025-03-19,18,Student,8.5,10.0,9.1,4.4,10.1,40,149,108,1,4,9.0,91.5,9,7,Yes
U01193,2025-03-19,29,Teacher,5.9,10.0,4.4,1.3,10.4,45,105,63,3,3,9.0,97.3,6,4,No
U03252,2025-03-19,51,Analyst,9.2,10.0,5.8,3.4,10.6,13,154,71,0,4,10.0,100.0,6,4,Yes
U03672,2025-03-19,60,Designer,7.7,10.0,6.5,4.3,8.0,76,105,84,2,5,10.0,95.9,7,3,No
U06047,2025-03-19,20,Teacher,4.8,8.0,8.2,1.7,5.8,64,183,97,2,7,8.0,73.6,4,0,Yes
U05618,2025-03-19,54,Teacher,9.6,10.0,5.2,2.6,9.8,26,118,69,2,3,10.0,100.0,6,3,No
U05378,2025-03-19,19,Freelancer,6.9,10.0,7.0,3.6,6.5,43,154,117,3,4,5.0,66.3,10,5,No
U03455,2025-03-19,28,Analyst,7.9,10.0,9.1,4.7,7.8,42,169,140,1,6,10.0,87.7,5,3,No
U06212,2025-03-19,35,Freelancer,5.5,8.0,6.3,2.0,7.5,74,99,95,1,5,5.0,76.5,6,4,No
U05219,2025-03-19,31,Teacher,9.2,10.0,3.3,1.0,8.6,36,33,58,3,1,10.0,100.0,9,9,No
U04476,2025-03-20,56,Software Engineer,8.5,10.0,4.5,0.6,9.9,21,86,69,2,4,10.0,100.0,11,9,No
U02928,2025-03-20,51,Designer,8.6,10.0,3.9,1.2,8.7,50,61,36,3,3,9.0,100.0,10,6,No
U04264,2025-03-20,29,Teacher,6.1,9.0,7.5,1.3,7.3,8,145,89,1,6,7.0,66.8,12,8,Yes
U04259,2025-03-20,58,Software Engineer,8.6,10.0,7.4,5.0,3.2,21,168,135,3,5,8.0,60.6,8,5,Yes
U04417,2025-03-20,46,Software Engineer,6.3,10.0,10.7,5.0,5.8,15,189,134,0,5,6.0,63.7,6,3,No
U00829,2025-03-20,42,Software Engineer,7.3,10.0,3.9,2.3,10.1,19,69,59,3,3,10.0,100.0,7,4,No
U05317,2025-03-20,37,Analyst,7.7,10.0,4.5,2.6,11.0,21,104,68,4,3,9.0,100.0,10,8,Yes
U06518,2025-03-20,46,Software Engineer,6.0,10.0,7.0,2.4,10.9,8,175,89,1,6,10.0,91.5,6,4,No
U05560,2025-03-20,26,Designer,9.3,10.0,6.6,4.4,9.5,15,137,103,2,6,10.0,89.9,6,5,No
U03995,2025-03-20,25,Teacher,8.3,10.0,7.2,1.7,11.2,56,100,84,1,5,8.0,91.2,7,5,No
U03833,2025-03-20,22,Teacher,7.8,10.0,8.0,4.7,9.7,83,150,104,1,4,9.0,100.0,7,5,No
U02692,2025-03-20,32,Analyst,6.9,10.0,4.3,2.5,9.0,29,119,65,1,4,6.0,82.8,6,5,No
U04238,2025-03-20,59,Software Engineer,5.5,7.0,12.1,2.3,6.9,23,196,129,5,7,8.0,45.9,14,5,No
U02201,2025-03-20,58,Software Engineer,6.8,10.0,8.6,3.4,7.1,141,155,114,4,4,10.0,96.6,11,5,No
U05190,2025-03-20,39,Student,6.6,9.0,3.8,1.6,10.5,100,78,46,1,3,10.0,98.7,11,9,No
U00214,2025-03-20,33,Analyst,6.6,6.0,5.7,2.2,5.1,23,114,78,1,6,9.0,70.2,5,3,No
U04128,2025-03-20,49,Freelancer,8.3,10.0,6.9,2.4,9.5,10,102,88,1,6,10.0,87.1,3,2,No
U06179,2025-03-20,52,Student,6.9,10.0,2.8,0.9,9.6,43,32,30,1,1,10.0,100.0,2,0,No
U04335,2025-03-20,56,Analyst,7.8,10.0,6.7,4.0,7.7,13,142,86,2,5,9.0,87.5,8,6,No
U06932,2025-03-20,51,Designer,7.8,10.0,4.9,2.5,8.3,38,112,55,0,2,10.0,100.0,5,3,No
U04475,2025-03-20,27,Software Engineer,6.1,9.0,6.2,3.1,10.4,78,138,93,1,5,10.0,89.3,8,6,No
U04987,2025-03-20,50,Teacher,3.6,10.0,6.0,1.3,10.6,43,123,82,1,6,8.0,93.9,4,3,No
U05046,2025-03-20,59,Software Engineer,6.1,10.0,8.6,2.2,5.3,5,123,97,0,5,7.0,61.3,10,6,No
U02419,2025-03-20,22,Teacher,6.4,9.0,7.0,2.5,6.7,48,118,80,0,6,8.0,84.0,13,6,Yes
U06727,2025-03-20,34,Designer,5.8,10.0,9.9,2.3,9.0,93,164,162,1,8,10.0,75.7,7,5,No
U06452,2025-03-20,24,Software Engineer,5.1,9.0,4.7,3.0,8.2,9,123,82,2,6,8.0,75.5,6,4,No
U02398,2025-03-20,30,Software Engineer,6.4,9.0,9.0,4.3,10.4,4,182,137,1,8,8.0,72.3,3,1,No
U02935,2025-03-21,47,Teacher,6.2,10.0,8.8,5.2,10.7,16,149,120,7,5,7.0,73.0,10,8,No
U05750,2025-03-21,60,Analyst,6.2,7.0,5.3,0.7,8.8,56,83,67,0,4,10.0,94.9,11,7,Yes
U04888,2025-03-21,38,Software Engineer,5.1,7.0,6.5,1.5,12.0,7,124,73,0,4,9.0,90.7,6,4,No
U06391,2025-03-21,27,Student,6.6,8.0,5.1,2.2,12.0,13,73,63,0,5,,89.4,9,7,Yes
U03840,2025-03-21,32,Designer,6.8,8.0,9.0,4.7,6.7,84,183,122,2,7,6.0,64.3,6,3,No
U02405,2025-03-21,41,Designer,9.5,10.0,3.1,1.7,12.0,11,64,70,1,1,10.0,100.0,6,5,No
U03448,2025-03-21,35,Designer,7.9,10.0,7.9,2.8,7.4,78,152,118,3,4,9.0,79.5,9,7,Yes
U03730,2025-03-21,21,Designer,7.1,9.0,7.8,3.2,6.9,49,162,103,1,6,9.0,71.0,14,8,No
U05803,2025-03-21,25,Analyst,5.5,9.0,7.2,2.9,9.1,25,133,89,1,6,7.0,77.8,6,4,No
U01987,2025-03-21,23,Teacher,7.0,10.0,10.9,5.8,8.1,74,174,162,3,6,9.0,72.9,12,9,No
U03637,2025-03-21,51,Teacher,5.2,8.0,4.9,1.7,11.0,49,115,75,4,5,9.0,84.9,6,2,Yes
U05410,2025-03-21,33,Analyst,9.0,10.0,5.7,2.9,8.7,35,122,65,2,3,10.0,96.5,5,2,No
U05953,2025-03-21,43,Teacher,6.2,10.0,5.3,,8.4,40,96,69,3,5,9.0,86.9,7,5,No
U02858,2025-03-21,23,Software Engineer,7.4,10.0,6.7,2.2,7.4,27,112,81,2,6,10.0,85.6,6,5,No
U05716,2025-03-21,43,Software Engineer,7.9,10.0,4.3,1.3,12.0,18,100,68,3,2,9.0,100.0,9,6,No
U06685,2025-03-21,22,Analyst,8.7,10.0,3.8,1.1,8.6,29,93,58,1,2,10.0,100.0,4,4,No
U01349,2025-03-21,47,Analyst,6.5,10.0,4.3,0.5,8.4,130,79,33,1,1,10.0,100.0,4,4,No
U00868,2025-03-21,54,Teacher,5.0,7.0,7.7,3.7,5.6,7,129,92,1,9,6.0,55.9,7,3,No
U06390,2025-03-22,19,Teacher,7.5,10.0,6.2,3.0,4.8,136,106,63,1,1,10.0,100.0,4,2,No
U00032,2025-03-22,32,Analyst,8.6,10.0,7.2,2.1,5.7,22,127,81,0,5,9.0,79.3,11,7,No
U02267,2025-03-22,51,Software Engineer,6.8,10.0,10.5,5.7,5.7,74,205,160,0,7,9.0,74.8,7,2,No
U02395,2025-03-22,40,Freelancer,7.6,10.0,7.6,5.4,10.9,45,199,132,5,5,10.0,96.4,5,2,No
U00526,2025-03-22,26,Analyst,7.5,10.0,8.9,1.6,6.6,41,158,104,2,5,8.0,68.5,10,5,No
U03173,2025-03-22,45,Software Engineer,6.1,10.0,6.9,4.7,9.7,55,135,102,1,5,9.0,94.8,8,6,No
U03526,2025-03-22,35,Student,5.5,8.0,8.3,3.4,3.9,77,169,94,1,5,7.0,58.4,4,0,No
U03665,2025-03-22,30,Student,6.4,9.0,7.9,4.0,7.6,5,188,108,1,9,4.0,60.5,3,2,No
U02759,2025-03-22,43,Designer,6.7,10.0,7.6,3.7,11.0,93,165,91,1,5,6.0,93.2,5,2,No
U00806,2025-03-22,40,Teacher,8.0,10.0,2.1,1.3,10.3,28,43,30,2,2,8.0,100.0,5,4,No
U03266,2025-03-22,53,Student,7.4,9.0,8.7,3.8,8.0,89,156,134,2,5,10.0,87.0,8,4,Yes
U05671,2025-03-22,21,Analyst,8.7,10.0,4.3,2.5,8.2,8,94,59,4,3,8.0,100.0,6,4,No
U03328,2025-03-22,55,Analyst,7.5,9.0,7.2,3.4,7.8,29,152,82,0,7,7.0,82.9,7,3,No
U06275,2025-03-22,21,Software Engineer,9.1,9.0,7.0,2.7,7.9,52,133,79,2,2,10.0,100.0,9,6,No
U00508,2025-03-22,29,Teacher,6.5,10.0,8.3,2.8,9.1,74,157,116,1,5,7.0,73.9,8,6,No
U02164,2025-03-22,47,Designer,8.5,10.0,9.9,3.9,6.2,44,167,122,2,4,10.0,89.3,8,5,No
U05030,2025-03-22,45,Analyst,5.1,6.0,9.4,3.8,9.4,16,142,95,1,9,6.0,53.3,9,6,Yes
U01114,2025-03-23,40,Teacher,8.7,10.0,1.3,0.4,11.4,5,34,34,1,1,10.0,100.0,9,7,No
U00565,2025-03-23,22,Teacher,9.5,10.0,2.4,1.2,9.7,56,26,41,1,1,10.0,100.0,11,8,Yes
U00953,2025-03-23,43,Analyst,6.1,10.0,5.9,3.5,8.4,35,103,79,2,4,9.0,87.2,8,2,Yes
U00141,2025-03-23,60,Software Engineer,7.4,9.0,7.2,4.1,8.7,26,159,117,1,3,7.0,84.9,4,2,No
U00943,2025-03-23,58,Software Engineer,7.4,10.0,6.3,3.3,9.4,44,113,89,1,4,10.0,75.6,8,6,No
U01971,2025-03-23,49,Designer,7.7,10.0,6.8,1.2,6.9,7,71,73,1,3,8.0,75.9,7,4,Yes
U06484,2025-03-23,60,Software Engineer,6.4,7.0,6.0,2.5,9.4,68,141,70,7,3,9.0,100.0,5,3,Yes
U04875,2025-03-23,29,Analyst,8.5,10.0,6.9,3.9,9.9,14,148,96,2,4,8.0,84.6,9,4,No
U03070,2025-03-23,54,Teacher,7.7,10.0,8.1,1.5,6.6,10,109,87,1,4,8.0,73.5,5,2,Yes
U02384,2025-03-23,25,Freelancer,8.1,10.0,5.8,3.7,7.8,48,135,86,1,3,,96.8,11,6,No
U06538,2025-03-23,35,Software Engineer,6.3,9.0,8.6,3.5,8.0,157,149,118,0,3,10.0,88.4,7,6,Yes
U01915,2025-03-23,29,Software Engineer,7.2,10.0,4.1,1.6,6.7,37,88,55,0,3,10.0,81.0,11,7,No
U05424,2025-03-23,26,Student,6.6,9.0,5.5,2.2,8.5,43,116,78,2,4,9.0,92.9,8,5,No
U03712,2025-03-23,45,Software Engineer,7.1,10.0,6.5,2.8,6.8,32,96,93,0,4,9.0,92.3,9,5,No
U06919,2025-03-23,52,Software Engineer,5.1,7.0,5.7,2.3,7.4,106,115,77,0,3,10.0,92.5,7,7,No
U03974,2025-03-23,18,Freelancer,6.7,10.0,9.1,3.3,10.2,34,171,112,1,7,8.0,70.3,10,3,No
U05810,2025-03-23,40,Software Engineer,6.5,10.0,7.8,2.3,7.6,61,135,93,0,5,10.0,92.0,5,2,No
U01180,2025-03-23,36,Student,6.7,10.0,9.5,,9.6,13,167,90,2,5,8.0,79.7,12,7,Yes
U05137,2025-03-23,25,Freelancer,6.7,7.0,9.7,5.8,7.5,16,207,146,1,8,5.0,56.8,9,4,No
U01142,2025-03-23,50,Designer,6.8,10.0,7.2,1.5,6.2,22,108,59,1,4,7.0,77.9,7,3,No
U04980,2025-03-23,47,Software Engineer,7.1,9.0,6.1,1.9,9.5,28,102,100,2,5,9.0,88.9,10,8,No
U02978,2025-03-24,58,Designer,7.8,10.0,6.8,2.4,6.2,37,131,96,1,4,8.0,76.8,5,2,No
U04207,2025-03-24,39,Student,7.2,,6.2,1.6,9.8,40,123,68,4,5,7.0,86.2,10,7,No
U06439,2025-03-24,20,Software Engineer,7.9,10.0,6.5,0.8,8.6,17,119,69,1,3,10.0,93.8,10,6,Yes
U04237,2025-03-24,44,Freelancer,7.1,10.0,7.7,1.9,7.0,4,142,100,1,7,7.0,67.5,7,2,No
U01693,2025-03-24,27,Freelancer,6.8,8.0,6.9,4.1,12.0,24,135,67,1,5,8.0,88.1,6,4,Yes
U03018,2025-03-24,46,Student,5.1,8.0,3.4,1.8,9.2,76,93,70,2,4,9.0,92.6,4,2,No
U03305,2025-03-24,28,Designer,6.4,10.0,9.7,4.2,10.0,102,158,120,2,3,10.0,96.0,4,1,No
U05559,2025-03-24,37,Designer,5.7,7.0,8.8,2.3,6.9,38,168,122,4,6,8.0,68.9,6,3,No
U03186,2025-03-24,54,Freelancer,8.4,10.0,3.0,0.9,6.7,115,93,43,1,1,10.0,100.0,3,3,Yes
U01168,2025-03-24,54,Student,3.6,3.0,5.7,3.0,9.0,27,86,106,0,7,5.0,66.7,5,3,Yes
U01199,2025-03-24,26,Student,5.6,10.0,1.6,0.3,10.5,50,19,41,2,2,9.0,99.2,4,4,No
U03924,2025-03-24,34,Analyst,6.9,9.0,7.8,2.7,8.9,18,114,118,2,6,8.0,78.0,6,3,No
U03713,2025-03-24,23,Software Engineer,7.2,7.0,9.9,2.5,6.5,31,192,116,2,7,7.0,62.0,7,5,No
U02240,2025-03-24,19,Designer,6.8,9.0,4.6,1.0,11.0,7,80,58,2,2,8.0,96.5,4,4,No
U06886,2025-03-24,55,Analyst,5.2,6.0,10.0,2.3,4.0,22,179,105,0,10,7.0,42.4,11,3,No
U00281,2025-03-24,31,Teacher,7.6,10.0,6.4,5.3,5.8,36,120,109,2,4,7.0,87.5,5,3,No
U06800,2025-03-24,30,Freelancer,6.5,6.0,8.5,2.4,11.7,16,117,121,2,5,9.0,75.6,7,4,No
U05881,2025-03-24,36,Designer,5.9,8.0,7.2,2.4,8.1,27,111,90,4,7,8.0,62.6,4,2,No
U05164,2025-03-24,57,Student,7.7,10.0,5.1,2.3,9.0,40,116,80,1,2,10.0,90.2,9,7,No
U06849,2025-03-24,43,Freelancer,6.5,10.0,7.5,2.1,4.2,53,157,70,0,7,10.0,69.8,8,2,No
U01605,2025-03-24,49,Teacher,6.9,10.0,8.6,2.6,5.5,21,97,112,1,6,7.0,63.1,6,6,No
U06085,2025-03-24,20,Freelancer,5.9,9.0,7.0,3.3,6.7,60,126,101,3,4,9.0,76.8,9,2,No
U03420,2025-03-24,58,Analyst,7.4,10.0,3.2,1.3,10.8,10,51,36,2,3,10.0,100.0,3,1,No
U00043,2025-03-24,26,Student,6.8,10.0,5.4,0.7,6.6,10,75,71,1,3,8.0,91.8,8,4,No
U02530,2025-03-24,57,Student,8.6,10.0,2.9,1.7,10.9,42,41,54,2,3,10.0,100.0,5,4,No
U03446,2025-03-24,40,Software Engineer,5.4,9.0,1.4,1.1,8.4,31,23,14,1,1,9.0,100.0,8,5,Yes
U00907,2025-03-24,23,Teacher,7.2,10.0,7.7,4.7,6.7,48,182,107,3,6,7.0,66.3,8,4,No
U05356,2025-03-25,33,Student,5.9,7.0,7.1,2.5,8.0,39,141,80,4,5,7.0,68.8,13,8,No
U04124,2025-03-25,53,Analyst,8.6,10.0,5.5,4.2,8.9,9,93,85,3,2,10.0,100.0,8,4,No
U00094,2025-03-25,52,Analyst,9.0,10.0,7.5,2.7,7.7,25,150,87,3,4,10.0,91.5,15,9,No
U01838,2025-03-25,31,Designer,5.6,5.0,6.8,1.4,6.4,7,110,62,1,6,7.0,71.1,6,4,Yes
U02204,2025-03-25,44,Designer,5.9,9.0,5.0,2.5,9.5,18,96,54,1,5,9.0,92.0,4,1,No
U06313,2025-03-25,18,Student,7.9,10.0,10.8,3.1,7.3,40,178,139,2,8,10.0,71.6,7,1,No
U03673,2025-03-25,18,Teacher,6.1,9.0,6.9,4.7,6.7,18,182,112,0,8,7.0,60.7,2,0,No
U05035,2025-03-25,38,Designer,8.3,10.0,5.9,2.7,10.3,35,115,86,4,3,8.0,96.6,7,6,No
U01823,2025-03-25,42,Freelancer,6.0,10.0,6.9,2.1,8.9,39,105,119,3,4,9.0,79.7,8,5,Yes
U05196,2025-03-25,29,Designer,7.8,9.0,4.7,2.8,11.5,41,71,41,0,3,9.0,100.0,8,5,No
U05889,2025-03-25,60,Freelancer,10.0,10.0,10.0,6.6,5.2,19,233,141,0,6,10.0,77.9,7,4,Yes
U03333,2025-03-25,33,Analyst,6.9,8.0,4.0,1.5,12.0,6,81,58,1,3,10.0,100.0,9,8,No
U01570,2025-03-25,34,Freelancer,8.0,10.0,8.3,4.3,6.6,26,137,91,2,4,9.0,87.2,5,3,No
U02582,2025-03-25,46,Software Engineer,4.7,8.0,4.9,1.7,8.4,56,116,84,1,4,7.0,80.2,11,7,No
U04763,2025-03-25,57,Designer,6.6,10.0,2.7,1.6,10.6,77,65,32,4,2,10.0,100.0,4,3,No
U01452,2025-03-25,30,Designer,5.3,9.0,10.1,4.8,9.8,39,195,145,2,7,7.0,75.6,7,5,No
U05524,2025-03-25,19,Analyst,8.2,10.0,6.6,5.0,9.9,44,160,99,2,4,9.0,89.5,5,3,No
U05652,2025-03-25,55,Analyst,8.2,10.0,8.1,2.2,9.5,82,142,94,3,2,10.0,92.2,5,3,Yes
U01374,2025-03-26,35,Freelancer,6.5,8.0,7.4,3.4,9.1,37,137,93,1,6,7.0,58.9,5,1,Yes
U04412,2025-03-26,49,Teacher,7.6,10.0,8.0,4.3,5.5,46,140,115,2,3,10.0,82.3,5,5,Yes
U01205,2025-03-26,27,Student,7.9,10.0,6.6,3.4,9.4,28,136,81,1,6,8.0,73.1,8,3,No
U03421,2025-03-26,47,Designer,5.6,7.0,5.2,1.1,9.3,8,103,71,2,6,7.0,75.6,4,3,No
U06784,2025-03-26,36,Designer,7.4,9.0,4.1,1.0,8.9,13,106,60,4,5,8.0,84.0,6,6,No
U06237,2025-03-26,19,Student,6.0,7.0,2.3,0.8,10.6,117,70,23,0,1,10.0,100.0,4,3,No
U02300,2025-03-26,40,Student,6.1,10.0,7.9,1.7,6.0,52,152,104,1,6,7.0,74.3,7,5,No
U04872,2025-03-26,25,Designer,5.3,7.0,8.3,3.3,7.6,49,156,121,2,6,5.0,63.6,10,3,No
U04298,2025-03-26,45,Student,7.3,10.0,7.9,4.6,9.0,6,177,121,1,7,8.0,68.5,4,3,No
U02943,2025-03-26,55,Freelancer,6.2,8.0,6.3,1.4,7.9,63,147,89,4,2,8.0,100.0,3,1,No
U01471,2025-03-26,32,Software Engineer,7.7,10.0,7.7,2.0,8.5,55,147,101,0,5,9.0,98.7,7,1,Yes
U00454,2025-03-26,44,Designer,5.2,7.0,7.5,3.3,9.2,28,150,119,2,7,7.0,77.4,6,2,No
U03031,2025-03-26,44,Designer,6.7,10.0,6.8,1.6,8.4,48,111,69,5,4,9.0,91.0,6,2,No
U04610,2025-03-26,32,Freelancer,7.8,10.0,8.4,6.4,7.2,6,152,116,3,6,8.0,84.9,11,6,No
U04000,2025-03-26,36,Student,6.3,9.0,8.5,1.0,7.0,68,125,113,1,4,10.0,83.9,3,2,No
U03698,2025-03-26,48,Student,8.3,10.0,4.6,1.5,8.0,24,118,62,2,7,10.0,85.2,8,5,No
U05793,2025-03-27,46,Analyst,7.9,10.0,6.8,1.5,8.2,42,134,73,1,4,10.0,88.3,12,7,No
U05691,2025-03-27,45,Freelancer,4.7,7.0,4.7,2.4,12.0,47,93,60,0,6,7.0,94.5,5,4,No
U04754,2025-03-27,36,Analyst,6.7,8.0,7.1,0.6,12.0,37,122,74,1,3,10.0,98.6,12,9,No
U01770,2025-03-27,24,Software Engineer,6.9,10.0,5.2,1.7,9.3,34,89,62,2,3,7.0,96.5,9,5,Yes
U06604,2025-03-27,40,Freelancer,7.1,9.0,8.6,5.6,10.9,30,176,137,4,6,8.0,74.4,8,5,No
U01371,2025-03-27,39,Teacher,5.8,8.0,9.8,5.2,8.6,47,174,144,1,8,6.0,70.0,6,4,No
U00903,2025-03-27,30,Analyst,7.4,8.0,7.9,2.9,7.0,15,169,106,0,4,7.0,77.1,5,2,No
U06242,2025-03-27,47,Designer,6.0,9.0,10.8,6.3,11.2,52,183,127,5,7,7.0,74.6,10,7,No
U03996,2025-03-27,24,Student,7.2,10.0,4.9,1.0,10.5,64,104,59,1,4,10.0,100.0,9,7,No
U00446,2025-03-27,22,Teacher,6.9,10.0,4.9,2.0,5.6,33,98,74,4,5,8.0,75.0,7,3,No
U01609,2025-03-27,39,Analyst,7.0,10.0,7.9,4.4,9.8,21,158,123,3,5,8.0,78.7,14,10,No
U01161,2025-03-27,49,Designer,4.7,8.0,3.5,1.0,10.8,66,67,34,1,2,9.0,99.1,13,9,Yes
U02325,2025-03-27,44,Software Engineer,6.3,9.0,7.7,3.3,7.9,45,163,92,1,7,5.0,56.9,10,2,No
U05254,2025-03-27,24,Designer,7.2,9.0,7.9,3.7,9.5,12,162,91,1,5,8.0,95.3,9,7,Yes
U03894,2025-03-27,44,Designer,7.0,10.0,9.4,2.2,9.6,39,167,108,3,7,8.0,63.5,10,6,Yes
U00349,2025-03-27,43,Software Engineer,7.0,10.0,7.9,5.0,6.3,67,163,123,4,4,10.0,86.5,6,3,No
U00075,2025-03-27,35,Teacher,5.4,7.0,5.6,0.9,8.2,48,107,69,2,6,8.0,76.6,8,6,No
U06761,2025-03-27,19,Analyst,5.9,7.0,3.3,1.6,7.9,26,54,69,2,3,8.0,84.9,7,4,No
U05459,2025-03-27,39,Student,10.0,10.0,7.6,2.2,9.3,70,137,76,1,2,10.0,100.0,4,4,No
U03023,2025-03-27,21,Student,7.5,10.0,7.9,2.4,6.6,47,129,116,0,7,9.0,79.9,7,3,No
U04350,2025-03-27,18,Software Engineer,9.9,10.0,6.8,1.6,11.2,17,115,63,2,5,10.0,100.0,5,5,No
U04813,2025-03-27,37,Freelancer,7.0,9.0,8.5,4.3,12.0,41,187,95,3,5,10.0,95.0,5,3,No
U04431,2025-03-28,53,Analyst,5.8,8.0,10.4,6.8,4.9,39,204,176,1,7,6.0,45.3,10,5,No
U01802,2025-03-28,43,Designer,8.5,10.0,6.4,2.8,8.8,14,120,94,4,6,8.0,84.6,6,3,No
U04006,2025-03-28,28,Designer,9.3,10.0,6.0,2.2,7.5,42,133,84,3,6,10.0,82.7,7,5,No
U04653,2025-03-28,34,Designer,8.0,10.0,6.3,2.6,7.2,98,106,70,2,2,9.0,85.0,7,5,No
U00335,2025-03-28,40,Student,5.4,9.0,7.8,3.9,7.6,75,149,122,4,5,7.0,60.5,11,8,No
U02727,2025-03-28,45,Student,6.4,10.0,4.2,2.1,11.4,18,99,73,2,4,8.0,100.0,9,7,No
U01455,2025-03-28,21,Designer,6.4,10.0,4.3,1.3,10.8,45,93,71,4,3,9.0,100.0,8,6,Yes
U01590,2025-03-28,40,Designer,7.9,10.0,7.1,4.1,7.2,39,143,90,0,2,10.0,94.9,7,4,No
U00926,2025-03-28,52,Student,7.6,10.0,10.6,6.2,5.8,84,236,143,3,7,9.0,74.0,4,0,No
U00922,2025-03-28,28,Analyst,7.6,10.0,5.9,0.8,9.8,25,109,50,3,3,7.0,88.2,11,10,Yes
U05908,2025-03-28,30,Designer,7.8,9.0,5.7,2.0,8.7,72,118,78,2,6,9.0,84.5,4,3,Yes
U05072,2025-03-28,52,Software Engineer,6.2,10.0,6.5,2.0,7.4,52,132,54,3,5,8.0,92.5,7,3,No
U06896,2025-03-28,55,Freelancer,8.0,9.0,3.7,1.3,10.0,59,61,40,2,1,10.0,100.0,11,8,Yes
U00559,2025-03-28,30,Student,6.9,9.0,7.7,3.7,5.2,10,159,95,1,5,8.0,70.7,11,6,No
U06274,2025-03-28,21,Software Engineer,7.9,10.0,5.7,4.2,7.9,10,84,112,2,3,9.0,82.9,8,6,No
U01856,2025-03-28,54,Software Engineer,5.5,7.0,6.2,4.1,8.2,33,116,83,2,4,7.0,78.8,6,2,No
U04989,2025-03-28,32,Designer,7.1,9.0,5.7,1.1,9.1,25,131,72,3,3,7.0,83.4,5,3,No
U00182,2025-03-29,19,Analyst,6.3,7.0,8.3,0.4,7.4,38,121,78,1,7,10.0,76.0,5,3,No
U06959,2025-03-29,60,Designer,6.3,9.0,8.8,5.6,4.9,42,207,112,3,7,7.0,54.0,7,3,No
U04070,2025-03-29,39,Analyst,5.3,7.0,9.4,2.7,8.6,45,157,108,1,7,8.0,62.2,7,3,No
U05734,2025-03-29,29,Designer,9.1,10.0,5.6,3.0,8.3,50,88,73,1,1,10.0,100.0,4,4,No
U03064,2025-03-29,38,Student,7.8,10.0,4.9,2.9,8.1,75,100,81,0,3,10.0,97.7,3,2,No
U03017,2025-03-29,37,Software Engineer,6.9,9.0,6.0,1.4,9.6,24,132,79,3,7,10.0,87.1,7,6,No
U01970,2025-03-29,50,Freelancer,5.4,9.0,7.7,3.3,8.2,34,173,91,2,5,8.0,63.1,8,3,No
U00222,2025-03-29,36,Analyst,6.3,10.0,8.1,3.4,11.6,102,161,106,1,2,10.0,98.5,6,4,Yes
U00218,2025-03-29,53,Student,8.5,10.0,3.3,1.4,7.6,20,73,61,0,2,10.0,98.2,7,4,Yes
U02158,2025-03-29,22,Student,8.2,10.0,8.2,2.3,7.4,16,113,108,1,6,8.0,82.8,8,2,No
U02749,2025-03-29,29,Student,5.7,9.0,7.7,4.7,6.4,35,107,94,5,6,7.0,69.0,8,3,No
U05915,2025-03-29,39,Teacher,7.4,10.0,4.2,0.9,9.2,40,69,37,3,5,7.0,94.4,12,6,No
U04781,2025-03-29,45,Student,8.9,10.0,10.0,0.8,5.1,8,151,87,2,8,8.0,54.0,3,2,No
U01879,2025-03-29,59,Designer,5.4,6.0,7.5,1.0,7.9,34,113,82,2,4,7.0,74.7,7,4,Yes
U05781,2025-03-29,22,Designer,7.6,10.0,10.4,3.3,10.7,43,208,128,2,7,9.0,74.1,4,2,No
U05388,2025-03-29,20,Freelancer,7.2,8.0,5.9,2.3,9.6,43,104,83,2,6,9.0,88.1,4,2,No
U06862,2025-03-29,57,Analyst,7.0,10.0,2.9,2.0,9.9,41,98,50,1,3,6.0,93.4,8,6,Yes
U04394,2025-03-29,48,Student,9.1,10.0,8.9,1.8,4.7,29,122,108,2,6,9.0,73.2,7,2,No
U04170,2025-03-29,36,Software Engineer,7.4,10.0,8.6,4.8,6.1,38,131,99,1,5,10.0,81.8,5,1,No
U03371,2025-03-29,26,Analyst,6.4,10.0,8.6,1.7,8.6,7,145,103,2,7,10.0,71.5,8,6,Yes
U01229,2025-03-30,38,Teacher,7.5,10.0,4.0,2.5,12.0,48,68,58,1,1,10.0,100.0,6,5,No
U06444,2025-03-30,24,Student,4.8,8.0,5.6,1.2,9.5,14,75,80,0,5,6.0,79.3,2,1,No
U04089,2025-03-30,23,Freelancer,5.9,10.0,5.8,1.5,9.7,36,93,61,0,3,9.0,78.9,7,4,No
U04782,2025-03-30,47,Software Engineer,6.5,9.0,10.3,4.6,5.9,48,231,125,3,7,9.0,66.2,6,3,No
U03325,2025-03-30,49,Student,6.9,10.0,6.3,2.0,6.8,40,85,67,4,4,8.0,81.4,9,6,No
U06190,2025-03-30,23,Freelancer,7.2,9.0,2.7,1.8,8.0,34,103,36,0,2,8.0,100.0,8,6,No
U03275,2025-03-30,56,Analyst,8.5,10.0,10.1,1.8,7.8,76,176,96,2,5,7.0,86.5,5,4,Yes
U02621,2025-03-30,56,Teacher,9.4,10.0,6.0,2.3,10.2,21,135,83,4,5,8.0,100.0,11,8,No
U03747,2025-03-30,18,Freelancer,6.4,9.0,9.6,6.4,5.9,114,209,137,4,4,10.0,78.4,4,1,No
U04159,2025-03-30,57,Analyst,7.3,10.0,3.2,2.1,12.0,17,81,54,3,2,10.0,100.0,3,3,No
U04744,2025-03-30,37,Software Engineer,6.0,9.0,3.1,1.5,11.1,8,92,51,5,6,8.0,86.0,8,6,No
U02053,2025-03-30,39,Software Engineer,6.1,8.0,6.8,3.0,6.7,29,119,101,0,6,10.0,74.0,7,4,No
U02322,2025-03-30,54,Teacher,8.2,10.0,3.3,0.6,9.0,108,77,45,1,3,10.0,100.0,2,2,No
U02307,2025-03-30,24,Software Engineer,7.3,10.0,4.1,1.2,12.0,75,88,52,5,1,10.0,100.0,8,5,No
U06012,2025-03-30,60,Designer,7.1,9.0,6.5,2.9,7.6,39,119,98,0,5,9.0,79.5,3,2,Yes
U01423,2025-03-30,51,Freelancer,6.5,9.0,5.3,2.8,10.2,26,107,72,2,5,10.0,86.5,6,2,No
U01079,2025-03-30,28,Software Engineer,7.3,9.0,3.0,1.2,12.0,35,60,70,1,4,7.0,100.0,7,7,Yes
U05262,2025-03-30,38,Analyst,7.1,10.0,7.1,4.3,9.8,40,143,83,0,2,10.0,100.0,7,6,No
U03876,2025-03-30,56,Student,6.4,10.0,5.4,2.6,5.2,9,120,79,4,6,5.0,60.2,2,2,No
U06907,2025-03-30,57,Freelancer,5.9,9.0,3.7,0.9,8.7,32,65,32,0,3,8.0,90.4,3,2,No
U04767,2025-03-30,23,Teacher,6.2,9.0,5.6,3.2,8.7,33,107,73,3,4,8.0,87.9,12,5,No
U03118,2025-03-30,58,Student,5.6,10.0,7.4,3.9,5.8,30,161,135,1,5,6.0,64.2,8,2,No
U06698,2025-03-30,25,Analyst,5.3,8.0,9.2,3.6,8.0,48,195,126,1,9,5.0,48.5,5,1,No
U03551,2025-03-30,25,Freelancer,7.4,7.0,9.6,5.4,8.7,23,169,125,2,8,6.0,73.9,8,3,Yes
U01385,2025-03-31,35,Freelancer,5.7,6.0,4.5,0.9,7.2,72,74,74,3,4,7.0,78.9,8,6,No
U03858,2025-03-31,51,Designer,6.8,8.0,5.3,2.9,8.9,46,109,85,2,3,8.0,84.9,9,6,No
U01540,2025-03-31,58,Software Engineer,7.0,9.0,5.0,3.5,12.0,75,142,108,0,1,9.0,100.0,7,7,No
U01220,2025-03-31,21,Software Engineer,5.8,8.0,4.9,2.5,9.7,18,101,69,2,5,6.0,78.7,6,3,Yes
U06659,2025-03-31,41,Analyst,7.3,10.0,6.5,0.9,7.1,18,129,80,3,2,9.0,91.1,4,2,No
U05746,2025-03-31,56,Student,5.9,10.0,8.5,3.5,8.2,16,178,119,1,9,6.0,60.5,7,2,No
U06713,2025-03-31,47,Software Engineer,5.1,7.0,5.6,1.4,9.2,116,122,82,0,4,9.0,81.8,5,3,Yes
U06371,2025-03-31,33,Designer,7.3,10.0,9.3,3.7,9.0,64,171,113,0,3,9.0,89.1,6,5,Yes
U03952,2025-03-31,32,Freelancer,6.1,10.0,5.2,1.9,8.5,88,93,79,4,2,8.0,100.0,8,7,Yes
U01121,2025-03-31,33,Designer,7.6,10.0,5.3,1.1,10.2,23,79,90,3,4,8.0,94.1,8,6,Yes
U01007,2025-03-31,53,Software Engineer,10.0,10.0,5.5,2.2,7.4,24,117,71,0,6,9.0,95.5,8,4,No
U02676,2025-03-31,59,Student,5.6,9.0,6.0,0.2,6.8,15,92,64,0,5,7.0,78.3,6,3,No
U06923,2025-04-01,21,Teacher,7.0,10.0,8.3,1.5,8.0,39,145,96,1,5,10.0,83.7,3,1,No
U02003,2025-04-01,38,Student,9.2,10.0,3.0,0.4,8.3,83,68,54,3,3,9.0,100.0,7,5,Yes
U06061,2025-04-01,24,Student,6.5,10.0,3.1,0.6,12.0,12,42,44,1,4,8.0,97.8,10,9,No
U04484,2025-04-01,37,Analyst,8.5,10.0,10.7,6.0,8.4,23,231,140,0,8,9.0,74.9,6,4,Yes
U04714,2025-04-01,27,Analyst,6.7,10.0,7.9,1.7,10.8,44,134,104,3,4,10.0,87.3,2,2,No
U04743,2025-04-01,57,Designer,6.0,8.0,5.2,2.1,7.9,66,115,95,1,2,10.0,89.1,6,4,No
U04391,2025-04-01,57,Software Engineer,7.5,10.0,5.6,0.6,8.8,34,70,61,1,5,7.0,83.2,6,4,No
U04090,2025-04-01,32,Freelancer,6.9,10.0,9.6,4.3,10.3,12,183,136,2,7,8.0,73.6,7,3,No
U01986,2025-04-01,19,Teacher,4.0,4.0,1.3,0.4,12.0,61,50,14,2,4,8.0,100.0,7,6,No
U04612,2025-04-01,57,Analyst,6.3,8.0,2.3,0.0,12.0,53,62,32,3,2,10.0,100.0,10,9,Yes
U00348,2025-04-01,59,Designer,7.1,10.0,4.4,3.0,9.6,54,106,59,2,3,9.0,96.9,11,10,No
U04633,2025-04-01,37,Designer,7.7,10.0,9.0,3.9,9.3,152,156,119,0,2,9.0,100.0,3,1,Yes
U02494,2025-04-01,39,Designer,6.1,7.0,6.1,2.4,8.2,73,119,81,2,7,10.0,78.1,6,4,Yes
U00191,2025-04-01,49,Freelancer,8.4,10.0,6.8,2.7,8.8,35,135,101,2,5,10.0,96.4,13,9,No
U00881,2025-04-01,55,Software Engineer,6.9,9.0,1.6,1.1,12.0,44,84,39,2,3,10.0,100.0,12,7,Yes
U03471,2025-04-01,23,Teacher,10.0,10.0,7.7,4.7,7.7,28,155,103,3,4,8.0,95.7,9,4,No
U05637,2025-04-01,36,Software Engineer,6.0,9.0,10.8,2.5,5.3,56,188,116,3,7,9.0,66.4,9,6,Yes
U06482,2025-04-01,42,Freelancer,7.2,10.0,4.9,0.9,10.2,75,114,61,2,4,9.0,98.8,18,12,Yes
U03280,2025-04-01,34,Student,7.2,6.0,8.6,2.4,10.7,62,149,109,0,7,9.0,79.2,4,4,No
U02239,2025-04-01,52,Student,7.1,6.0,4.8,0.4,7.3,20,89,26,2,5,9.0,93.0,5,4,Yes
U02793,2025-04-01,45,Freelancer,6.6,10.0,6.9,0.8,8.9,18,141,86,2,7,6.0,70.9,5,2,No
U06987,2025-04-01,38,Designer,6.6,10.0,5.8,2.4,7.4,58,85,67,1,4,10.0,96.8,8,6,Yes
U06631,2025-04-01,36,Freelancer,9.3,10.0,6.7,3.4,9.8,19,163,82,2,6,9.0,98.7,3,1,No
U03541,2025-04-01,26,Teacher,7.4,9.0,4.9,1.1,7.6,32,92,56,3,5,10.0,95.2,9,6,No
U03236,2025-04-02,26,Designer,5.6,8.0,3.6,0.9,10.0,9,56,50,2,4,5.0,79.2,6,4,Yes
U03898,2025-04-02,33,Software Engineer,5.8,7.0,7.2,1.1,9.2,6,171,92,1,7,5.0,66.4,8,4,Yes
U06553,2025-04-02,53,Software Engineer,9.7,10.0,7.1,1.7,7.1,47,102,86,4,4,10.0,100.0,8,2,No
U03385,2025-04-02,28,Designer,6.7,9.0,5.1,1.5,10.0,51,84,56,1,5,8.0,87.8,6,4,No
U01953,2025-04-02,40,Software Engineer,7.2,10.0,8.1,0.7,5.2,93,123,122,1,3,9.0,85.0,8,4,No
U02520,2025-04-02,54,Software Engineer,7.7,10.0,6.6,4.0,12.0,27,124,76,2,6,9.0,81.4,9,4,No
U01866,2025-04-02,26,Student,4.6,6.0,6.0,4.0,10.5,49,117,85,3,7,6.0,77.7,6,4,No
U04058,2025-04-02,29,Freelancer,7.0,8.0,8.1,2.6,7.4,38,124,108,4,4,9.0,77.1,6,4,No
U00660,2025-04-02,50,Student,8.2,10.0,3.5,1.0,12.0,57,97,21,2,2,10.0,100.0,8,7,No
U03584,2025-04-02,29,Freelancer,6.5,8.0,8.4,,8.9,14,168,130,3,8,6.0,61.7,10,6,No
U05874,2025-04-02,35,Analyst,9.9,10.0,10.3,4.1,4.7,40,148,111,3,4,10.0,88.3,5,3,No
U05102,2025-04-02,49,Designer,5.6,7.0,9.4,5.8,4.0,44,181,119,4,7,8.0,63.7,11,4,No
U00815,2025-04-02,60,Freelancer,5.4,7.0,6.2,3.1,5.6,32,134,95,3,5,6.0,61.5,8,5,Yes
U05278,2025-04-03,54,Designer,7.2,10.0,5.4,2.9,11.0,103,61,86,2,3,10.0,100.0,5,5,No
U03322,2025-04-03,34,Designer,6.5,7.0,5.5,0.7,9.0,56,127,50,1,2,10.0,96.6,3,3,Yes
U04201,2025-04-03,35,Teacher,4.7,7.0,8.9,3.7,6.1,25,167,114,0,9,6.0,47.8,4,1,No
U04864,2025-04-03,51,Analyst,7.2,10.0,10.9,3.0,5.4,14,164,155,3,6,6.0,55.1,8,3,No
U06755,2025-04-03,46,Analyst,6.2,7.0,7.4,1.5,6.9,41,130,74,1,4,5.0,58.6,6,1,No
U04675,2025-04-03,49,Freelancer,7.5,10.0,3.4,0.7,12.0,98,81,50,2,3,10.0,100.0,5,3,Yes
U05910,2025-04-03,39,Analyst,7.0,10.0,8.9,3.0,4.4,50,149,97,4,7,7.0,77.5,4,3,Yes
U02528,2025-04-03,18,Analyst,7.6,9.0,5.1,0.9,7.2,9,92,61,2,6,10.0,74.5,5,2,No
U05473,2025-04-03,55,Analyst,6.8,10.0,5.0,2.3,5.9,40,77,57,1,1,8.0,94.4,7,5,No
U05476,2025-04-03,49,Student,6.8,8.0,6.3,3.4,8.0,17,137,78,1,5,8.0,79.1,10,7,No
U02579,2025-04-03,34,Freelancer,8.9,10.0,5.0,0.9,11.4,44,114,57,0,2,10.0,100.0,5,5,No
U01411,2025-04-03,32,Analyst,7.1,10.0,7.2,3.7,11.7,64,155,98,4,6,10.0,98.7,5,3,No
U02982,2025-04-03,46,Teacher,7.8,10.0,6.5,3.1,6.5,27,129,64,0,4,8.0,76.4,9,5,No
U02798,2025-04-03,25,Freelancer,9.1,10.0,5.0,2.8,9.8,19,94,72,0,2,10.0,100.0,5,4,No
U05719,2025-04-03,23,Student,8.1,10.0,4.9,2.9,8.3,24,120,60,2,7,8.0,87.1,4,1,No
U06116,2025-04-03,59,Teacher,6.5,8.0,6.0,2.3,6.9,136,109,88,0,3,10.0,95.8,13,9,No
U04117,2025-04-03,21,Software Engineer,5.1,6.0,9.3,4.9,7.8,8,145,122,2,7,9.0,73.4,6,4,Yes
U05664,2025-04-03,27,Software Engineer,6.0,8.0,7.0,3.4,7.9,64,171,97,2,4,7.0,70.0,2,1,No
U03686,2025-04-03,51,Analyst,6.3,9.0,5.6,3.0,8.6,28,103,70,1,3,8.0,89.5,7,2,Yes
U03580,2025-04-03,42,Analyst,5.2,8.0,3.0,0.8,12.0,5,83,33,4,6,8.0,85.4,9,6,No
U01186,2025-04-03,22,Teacher,5.6,9.0,7.4,1.9,10.2,20,141,97,2,5,6.0,80.8,6,5,No
U04113,2025-04-03,47,Student,5.9,9.0,4.9,2.1,9.9,34,142,73,1,5,7.0,87.0,5,3,No
U01211,2025-04-03,31,Software Engineer,6.2,9.0,6.3,1.8,10.5,31,133,104,1,4,8.0,84.7,7,5,No
U06891,2025-04-03,25,Designer,8.5,10.0,9.9,1.5,8.0,11,153,92,3,7,8.0,78.9,4,3,Yes
U06597,2025-04-03,38,Teacher,6.3,8.0,7.1,3.6,8.4,24,149,86,1,6,9.0,72.6,14,8,No
U00640,2025-04-03,58,Designer,7.1,10.0,9.8,4.5,5.2,51,207,106,2,7,6.0,65.7,9,5,No
U06472,2025-04-03,24,Designer,6.7,6.0,6.9,3.3,9.2,45,153,118,0,5,10.0,98.7,6,5,No
U06494,2025-04-04,49,Freelancer,6.7,9.0,6.9,3.6,9.0,34,110,82,0,8,4.0,67.2,7,6,No
U01182,2025-04-04,46,Student,7.6,10.0,8.1,1.9,6.6,77,147,98,3,7,9.0,71.7,6,3,No
U06825,2025-04-04,26,Teacher,7.6,10.0,9.9,5.3,7.9,59,159,132,1,5,8.0,68.0,11,6,Yes
U03075,2025-04-04,56,Software Engineer,7.1,10.0,1.9,0.9,7.2,27,45,48,1,1,9.0,100.0,8,6,No
U06921,2025-04-04,58,Freelancer,7.5,9.0,8.1,2.1,9.5,50,103,102,0,4,10.0,85.7,10,5,No
U02861,2025-04-04,19,Teacher,7.0,8.0,8.3,5.6,8.9,33,173,117,3,5,9.0,88.7,8,5,No
U05683,2025-04-04,41,Analyst,8.0,10.0,7.5,3.0,5.5,15,141,85,1,5,10.0,93.9,5,3,No
U02942,2025-04-04,43,Software Engineer,7.6,10.0,11.3,3.5,6.8,41,183,143,2,7,9.0,70.3,7,4,Yes
U02811,2025-04-04,20,Student,6.1,7.0,4.4,3.0,9.1,20,93,71,2,4,6.0,83.7,8,5,No
U03345,2025-04-04,19,Designer,8.7,10.0,5.6,0.9,11.4,43,125,63,2,5,8.0,99.7,5,4,No
U01170,2025-04-04,31,Designer,6.9,10.0,2.3,1.1,10.3,116,105,53,2,1,10.0,100.0,5,3,No
U02272,2025-04-04,29,Software Engineer,7.1,8.0,11.2,6.4,11.0,20,204,161,1,7,6.0,70.7,6,4,Yes
U04750,2025-04-05,33,Teacher,7.2,10.0,5.7,2.4,6.3,16,126,67,0,5,10.0,82.0,9,7,No
U00505,2025-04-05,40,Teacher,5.5,8.0,9.0,6.1,10.5,47,157,143,2,7,5.0,68.6,6,3,Yes
U06342,2025-04-05,59,Freelancer,6.8,10.0,7.6,2.8,6.1,22,117,110,2,4,8.0,76.4,10,7,No
U03546,2025-04-05,53,Student,5.6,8.0,4.4,0.0,8.8,22,84,43,2,5,7.0,81.4,4,0,No
U02281,2025-04-05,46,Software Engineer,6.2,10.0,4.2,0.4,12.0,25,84,33,1,5,8.0,96.1,8,5,No
U05758,2025-04-05,35,Student,8.7,10.0,6.5,1.6,8.7,44,110,79,2,3,10.0,98.8,5,5,No
U06352,2025-04-05,42,Student,7.2,10.0,7.6,4.7,4.5,33,143,126,2,5,9.0,64.8,7,3,No
U02436,2025-04-05,20,Freelancer,7.3,10.0,3.7,1.8,12.0,20,88,66,1,3,9.0,100.0,6,5,No
U02453,2025-04-05,33,Freelancer,6.8,10.0,9.0,1.1,7.7,13,143,99,1,5,10.0,76.6,11,5,No
U00304,2025-04-05,22,Student,7.9,10.0,8.3,2.5,5.9,60,161,111,3,4,10.0,83.7,9,6,No
U03998,2025-04-05,20,Teacher,5.0,7.0,4.1,2.0,8.3,64,70,68,1,2,7.0,90.9,13,7,No
U04281,2025-04-05,54,Student,7.3,10.0,4.7,1.4,8.1,5,108,62,0,3,10.0,78.4,7,5,Yes
U05253,2025-04-05,25,Student,8.5,10.0,7.2,2.8,8.6,17,135,95,1,5,9.0,87.0,5,4,Yes
U03351,2025-04-05,52,Student,6.3,8.0,9.4,5.9,7.9,38,158,134,2,7,4.0,55.8,5,4,No
U01480,2025-04-05,25,Freelancer,7.3,10.0,7.9,2.9,6.4,17,149,112,1,5,10.0,83.1,2,2,No
U06155,2025-04-05,21,Analyst,5.9,8.0,7.0,1.9,6.3,33,96,97,1,6,9.0,74.7,4,2,No
U04616,2025-04-05,20,Designer,7.3,10.0,6.8,3.4,9.7,31,178,97,1,5,8.0,80.8,5,2,No
U00497,2025-04-05,41,Analyst,8.7,10.0,1.3,0.5,12.0,34,32,33,1,2,9.0,100.0,7,6,No
U05628,2025-04-05,45,Teacher,6.8,10.0,4.7,3.4,10.0,24,116,80,0,4,10.0,86.6,9,5,Yes
U00463,2025-04-05,29,Student,5.8,4.0,6.8,1.2,6.4,16,120,59,2,6,7.0,61.8,10,4,Yes
U00562,2025-04-05,26,Analyst,9.0,10.0,5.6,1.2,8.9,59,99,62,1,3,10.0,100.0,6,3,No
U01820,2025-04-05,56,Analyst,6.8,10.0,5.2,1.9,8.9,11,83,56,1,3,8.0,77.1,12,9,No
U04273,2025-04-05,40,Software Engineer,8.2,10.0,5.3,3.7,11.2,32,120,44,2,5,7.0,94.1,8,7,Yes
U05940,2025-04-05,44,Teacher,8.4,10.0,7.1,4.4,10.4,32,151,111,4,5,7.0,94.2,9,6,Yes
U00042,2025-04-06,31,Software Engineer,7.2,4.0,6.1,1.0,7.5,28,89,63,1,3,10.0,94.1,6,2,No
U06888,2025-04-06,50,Student,6.6,10.0,5.6,2.8,8.8,25,101,81,1,3,6.0,76.4,8,6,No
U04656,2025-04-06,32,Analyst,4.5,9.0,4.0,3.2,9.2,42,119,68,1,3,9.0,91.0,7,5,No
U02715,2025-04-06,38,Teacher,6.1,7.0,4.4,2.6,8.9,87,100,62,0,2,8.0,96.4,6,6,No
U06142,2025-04-06,43,Analyst,7.8,10.0,3.0,1.1,12.0,86,83,47,3,3,10.0,100.0,7,6,No
U02954,2025-04-06,31,Analyst,6.3,10.0,4.3,1.0,12.0,144,102,52,1,2,10.0,100.0,13,10,Yes
U02181,2025-04-06,18,Teacher,6.2,8.0,7.8,3.1,9.8,39,135,103,0,9,5.0,55.3,11,3,No
U00703,2025-04-06,48,Freelancer,8.4,10.0,6.5,4.7,10.7,8,151,93,0,5,7.0,96.8,11,7,Yes
U04001,2025-04-06,35,Designer,7.5,9.0,6.9,2.5,8.2,68,156,78,0,4,9.0,86.2,10,6,No
U04011,2025-04-06,23,Analyst,8.0,9.0,4.1,1.9,9.8,24,86,73,1,3,10.0,100.0,2,1,No
U02098,2025-04-06,31,Designer,6.0,9.0,9.1,2.3,8.7,42,150,102,0,9,5.0,60.7,5,2,No
U06933,2025-04-06,59,Software Engineer,8.8,10.0,4.1,0.9,7.7,38,98,40,1,3,8.0,95.1,9,7,Yes
U03418,2025-04-06,18,Teacher,7.1,8.0,7.4,3.6,7.9,69,155,89,1,3,10.0,95.3,10,6,Yes
U04192,2025-04-06,19,Designer,7.6,9.0,5.7,1.9,4.2,71,109,86,2,3,9.0,92.2,6,3,No
U05466,2025-04-06,53,Software Engineer,8.2,10.0,9.8,,6.2,20,155,116,3,7,7.0,55.5,7,5,No
U01655,2025-04-06,37,Software Engineer,7.5,8.0,4.8,2.7,10.7,33,90,102,1,3,9.0,98.9,9,6,No
U06738,2025-04-06,35,Student,7.6,10.0,10.4,5.0,7.1,31,194,115,2,7,6.0,76.3,6,3,No
U02963,2025-04-06,26,Freelancer,4.8,9.0,7.5,3.3,9.4,9,95,99,3,9,4.0,43.3,9,5,No
U04289,2025-04-06,60,Teacher,7.2,10.0,9.4,1.9,8.8,31,146,105,0,6,8.0,75.8,6,4,No
U02998,2025-04-06,34,Freelancer,7.2,10.0,8.6,2.8,9.1,21,140,118,0,8,9.0,86.9,7,4,No
U05631,2025-04-07,40,Designer,5.9,9.0,8.8,0.8,4.5,4,137,108,0,5,6.0,68.8,8,2,No
U03848,2025-04-07,21,Software Engineer,6.1,8.0,6.0,1.4,11.5,30,122,82,1,8,9.0,80.9,8,4,Yes
U05138,2025-04-07,24,Analyst,7.3,10.0,8.9,4.9,11.6,23,157,125,1,6,6.0,72.6,11,10,No
U06623,2025-04-07,53,Software Engineer,8.0,9.0,4.5,2.2,9.3,30,108,59,2,3,10.0,100.0,5,5,No
U02188,2025-04-07,25,Software Engineer,6.5,7.0,4.2,2.3,11.6,47,81,64,1,3,7.0,100.0,3,2,No
U02116,2025-04-07,55,Freelancer,6.0,5.0,6.7,4.4,7.2,36,146,108,1,7,9.0,70.3,10,6,No
U05531,2025-04-07,40,Software Engineer,6.9,8.0,6.7,3.5,8.3,52,134,81,4,5,8.0,87.1,10,4,No
U00359,2025-04-07,33,Software Engineer,9.1,10.0,7.7,2.9,4.9,28,128,83,1,3,10.0,84.5,5,1,Yes
U05295,2025-04-07,39,Student,6.1,8.0,4.1,1.5,8.0,44,61,73,3,4,9.0,95.1,10,7,Yes
U05011,2025-04-07,25,Student,6.0,9.0,10.4,3.0,6.9,14,160,125,2,7,8.0,55.6,8,5,No
U02414,2025-04-07,32,Student,7.6,8.0,5.3,2.4,9.5,74,95,50,1,2,9.0,100.0,6,5,No
U02173,2025-04-07,33,Software Engineer,7.9,10.0,8.6,,7.8,55,195,118,4,7,8.0,75.4,6,4,Yes
U04442,2025-04-07,57,Analyst,6.5,8.0,7.8,3.0,6.4,101,142,87,1,4,8.0,85.1,4,2,No
U03105,2025-04-07,21,Freelancer,7.7,10.0,5.2,3.2,9.8,57,108,69,2,3,9.0,93.8,7,6,No
U05445,2025-04-07,54,Student,4.8,6.0,3.9,1.5,7.1,22,79,50,1,3,6.0,81.9,13,9,No
U04424,2025-04-07,34,Student,5.9,9.0,5.3,3.7,11.4,30,173,103,1,6,6.0,73.9,6,4,No
U00326,2025-04-07,35,Designer,6.5,10.0,11.2,5.6,8.2,8,188,164,0,7,6.0,56.8,10,5,No
U00380,2025-04-07,22,Student,7.3,8.0,4.7,3.2,8.6,24,125,54,2,5,8.0,88.4,7,3,No
U02788,2025-04-07,28,Designer,4.8,9.0,9.4,2.3,9.6,29,162,93,0,8,5.0,58.0,11,6,Yes
U05120,2025-04-07,45,Designer,7.2,9.0,9.4,2.7,7.2,48,188,118,0,4,10.0,79.1,10,4,No
U02841,2025-04-07,48,Student,8.6,10.0,7.8,4.8,8.4,60,124,122,2,7,8.0,69.7,5,1,Yes
U00434,2025-04-08,47,Analyst,6.2,8.0,5.7,2.0,8.8,42,94,79,1,4,9.0,89.7,8,5,No
U00511,2025-04-08,42,Teacher,6.1,8.0,7.1,2.8,6.9,89,144,92,1,4,7.0,96.4,6,4,No
U03056,2025-04-08,30,Software Engineer,5.3,6.0,7.8,2.3,10.5,31,142,89,2,8,9.0,71.8,6,5,No
U06716,2025-04-08,41,Analyst,9.4,10.0,7.0,3.8,9.8,27,95,118,0,4,9.0,100.0,5,2,No
U02365,2025-04-08,55,Teacher,7.0,8.0,4.1,0.6,8.8,15,49,61,1,3,8.0,89.6,10,8,No
U00517,2025-04-08,42,Software Engineer,6.8,8.0,4.6,1.3,8.9,48,45,42,0,3,7.0,88.5,3,2,No
U03116,2025-04-08,29,Teacher,7.3,10.0,4.4,1.2,12.0,83,85,51,1,2,10.0,100.0,11,8,No
U02758,2025-04-08,37,Freelancer,6.8,10.0,2.2,0.7,12.0,78,84,16,1,2,9.0,100.0,4,3,Yes
U02630,2025-04-08,47,Student,8.3,10.0,7.8,1.8,7.9,48,146,91,4,7,8.0,85.0,7,3,Yes
U00509,2025-04-08,30,Designer,7.5,10.0,4.8,1.8,9.7,13,108,57,0,6,6.0,76.7,9,6,No
U02591,2025-04-08,47,Analyst,5.1,10.0,1.7,0.6,12.0,43,58,31,2,1,8.0,100.0,9,6,No
U01662,2025-04-08,25,Analyst,8.4,10.0,5.4,3.5,6.9,48,131,80,2,3,10.0,93.7,3,3,Yes
U04950,2025-04-08,41,Analyst,7.4,10.0,6.5,2.3,7.4,27,133,89,1,5,6.0,79.0,11,7,No
U01661,2025-04-08,41,Student,9.4,10.0,6.1,2.3,6.7,25,111,63,3,2,10.0,95.2,5,4,No
U00301,2025-04-08,50,Freelancer,5.9,9.0,5.9,1.6,11.4,55,105,56,1,5,8.0,90.1,7,5,No
U00370,2025-04-09,42,Freelancer,6.1,8.0,6.5,3.0,10.0,55,125,76,1,7,9.0,85.2,7,4,Yes
U04478,2025-04-09,32,Analyst,5.3,8.0,8.6,2.0,6.9,29,138,117,1,5,8.0,70.1,8,3,Yes
U05806,2025-04-09,21,Freelancer,7.0,8.0,3.1,0.1,10.9,5,64,22,2,1,7.0,100.0,6,5,No
U03366,2025-04-09,54,Designer,7.3,10.0,2.9,0.6,11.7,17,47,41,5,3,10.0,97.7,12,10,No
U04524,2025-04-09,52,Teacher,5.7,7.0,2.5,2.1,11.2,55,48,44,2,2,8.0,100.0,5,5,No
U01441,2025-04-09,52,Software Engineer,8.3,10.0,7.4,2.5,8.5,112,141,91,2,3,10.0,99.3,3,3,Yes
U06329,2025-04-09,18,Teacher,7.9,10.0,8.4,2.0,11.2,14,147,101,5,4,6.0,89.9,10,8,No
U01825,2025-04-09,19,Designer,7.7,10.0,8.3,5.7,7.5,107,125,125,0,4,9.0,100.0,5,2,No
U00873,2025-04-09,19,Designer,8.2,10.0,8.1,4.1,5.5,31,146,130,1,5,9.0,81.7,8,3,No
U06692,2025-04-09,23,Designer,4.6,7.0,10.9,6.5,6.2,13,209,137,3,8,3.0,37.5,10,6,No
U00405,2025-04-09,49,Freelancer,5.7,7.0,5.9,3.4,5.5,18,147,95,0,6,7.0,73.0,7,2,Yes
U00591,2025-04-09,45,Teacher,9.1,10.0,7.6,4.6,10.3,27,141,108,0,3,10.0,100.0,10,7,Yes
U03449,2025-04-09,29,Student,7.4,9.0,3.0,0.9,12.0,11,83,47,1,6,8.0,98.4,6,6,No
U06169,2025-04-09,59,Analyst,6.4,9.0,8.0,3.5,6.6,32,148,101,2,6,9.0,71.1,7,2,No
U04765,2025-04-09,34,Designer,6.6,10.0,5.0,2.3,8.6,31,65,73,3,1,10.0,95.6,8,5,Yes
U05366,2025-04-09,43,Designer,8.4,10.0,10.6,7.9,8.4,42,174,134,1,5,7.0,74.9,10,7,No
U02884,2025-04-10,34,Analyst,9.7,10.0,7.9,4.5,6.7,16,145,97,2,4,10.0,89.1,7,6,No
U04400,2025-04-10,19,Designer,7.0,10.0,8.6,5.5,8.8,37,191,123,2,6,8.0,83.4,6,5,No
U00752,2025-04-10,30,Software Engineer,6.6,8.0,4.9,2.1,12.0,48,123,67,2,5,10.0,100.0,13,9,No
U03146,2025-04-10,58,Software Engineer,7.1,10.0,8.8,3.7,7.6,25,114,128,0,5,7.0,84.3,2,2,No
U03382,2025-04-10,47,Software Engineer,6.8,9.0,6.3,1.5,10.3,35,109,74,2,4,10.0,96.5,2,2,No
U00398,2025-04-10,43,Student,6.7,8.0,6.7,2.4,5.5,34,117,68,0,6,9.0,72.6,9,5,No
U03711,2025-04-10,48,Student,5.9,8.0,5.7,1.3,10.2,34,142,54,1,8,8.0,78.6,3,2,No
U02576,2025-04-10,55,Freelancer,7.2,10.0,8.7,2.7,7.9,20,159,108,0,6,8.0,68.6,12,5,Yes
U02762,2025-04-10,32,Designer,7.9,8.0,8.1,3.9,11.2,39,167,111,1,5,9.0,90.7,7,4,No
U05916,2025-04-10,38,Teacher,7.2,9.0,5.7,3.0,8.6,18,124,83,2,5,10.0,93.5,8,4,No
U06259,2025-04-10,60,Student,7.3,8.0,4.5,2.2,10.5,52,60,74,1,6,5.0,80.1,6,3,No
U06880,2025-04-10,30,Analyst,6.4,9.0,2.2,1.3,10.2,37,85,47,1,4,9.0,99.8,7,6,Yes
U04131,2025-04-10,34,Freelancer,7.6,10.0,3.9,1.9,9.4,78,45,63,1,2,10.0,100.0,7,4,Yes
U01254,2025-04-10,43,Analyst,7.7,10.0,3.5,1.8,5.9,45,98,44,1,3,7.0,99.1,10,9,No
U03211,2025-04-10,21,Student,5.4,5.0,6.3,2.5,7.3,7,135,72,3,7,6.0,62.6,7,2,No
U03098,2025-04-10,40,Teacher,6.8,10.0,8.7,0.7,5.6,19,115,89,3,8,7.0,61.5,12,4,Yes
U00287,2025-04-10,34,Teacher,4.8,9.0,7.2,2.7,7.1,20,128,96,2,7,7.0,62.7,12,6,No
U00379,2025-04-10,25,Analyst,6.7,9.0,4.7,4.2,6.8,38,93,91,2,2,7.0,98.6,10,8,No
U00178,2025-04-10,41,Designer,3.6,4.0,9.1,3.4,9.5,48,167,97,0,6,7.0,65.6,6,4,No
U05702,2025-04-10,58,Analyst,7.4,10.0,1.2,0.8,10.1,25,74,26,1,3,10.0,100.0,4,4,Yes
U00241,2025-04-10,24,Teacher,5.6,8.0,8.1,5.4,11.5,37,152,125,2,4,9.0,89.7,9,8,No
U02862,2025-04-11,26,Designer,6.4,7.0,5.9,1.4,9.4,38,106,69,1,5,8.0,76.3,5,2,No
U01460,2025-04-11,58,Software Engineer,6.1,10.0,8.1,4.7,6.6,50,181,136,2,5,8.0,81.0,7,4,No
U02396,2025-04-11,54,Student,9.3,10.0,4.8,1.9,9.3,124,94,51,1,1,10.0,100.0,11,9,No
U05588,2025-04-11,32,Analyst,7.6,9.0,6.5,2.7,9.4,47,145,83,1,4,10.0,89.3,8,4,Yes
U06167,2025-04-11,58,Software Engineer,7.2,10.0,7.2,2.1,7.2,33,128,128,0,5,10.0,86.6,7,5,No
U02251,2025-04-11,42,Analyst,6.9,10.0,8.8,2.5,7.6,38,147,114,2,6,6.0,68.3,5,3,Yes
U00134,2025-04-11,49,Analyst,7.3,10.0,8.6,2.6,7.5,28,151,97,3,6,6.0,85.4,9,7,No
U02816,2025-04-11,50,Teacher,8.5,10.0,4.4,1.6,8.1,26,97,77,2,3,8.0,100.0,5,5,No
U03598,2025-04-11,45,Student,9.8,10.0,6.5,1.7,9.5,48,131,59,1,2,10.0,100.0,2,2,No
U04510,2025-04-11,25,Designer,8.0,7.0,3.2,1.7,12.0,153,72,57,0,1,10.0,100.0,10,7,No
U04209,2025-04-11,60,Designer,8.0,10.0,9.3,3.9,5.9,43,167,120,1,4,8.0,85.0,8,6,No
U00079,2025-04-11,58,Teacher,7.8,10.0,6.0,3.7,9.7,72,140,92,0,3,10.0,97.0,6,2,No
U01450,2025-04-11,52,Software Engineer,6.5,7.0,9.2,5.2,6.7,44,162,147,2,8,9.0,66.0,12,7,Yes
U01059,2025-04-11,28,Analyst,7.3,10.0,6.3,4.3,11.1,78,165,94,2,4,8.0,100.0,8,7,No
U03989,2025-04-11,48,Designer,4.7,6.0,4.5,2.4,8.1,140,123,76,1,1,10.0,100.0,10,5,No
U06412,2025-04-11,44,Software Engineer,7.7,10.0,5.7,0.7,9.9,69,81,54,2,3,10.0,100.0,3,1,No
U05902,2025-04-11,52,Software Engineer,4.3,6.0,9.9,3.7,5.7,56,188,121,1,9,7.0,47.9,3,3,No
U05830,2025-04-11,25,Software Engineer,7.4,9.0,8.3,5.0,8.3,19,197,125,3,7,7.0,71.2,13,6,No
U06219,2025-04-11,25,Freelancer,6.3,10.0,5.1,1.6,8.9,22,102,47,1,6,8.0,71.3,6,5,No
U01767,2025-04-12,46,Teacher,6.3,9.0,5.3,2.3,9.0,59,139,78,2,5,10.0,100.0,4,4,No
U01098,2025-04-12,43,Designer,6.5,10.0,3.1,1.5,12.0,15,73,44,1,4,8.0,100.0,5,3,Yes
U05563,2025-04-12,36,Designer,6.1,9.0,4.7,2.0,10.1,9,112,74,0,2,8.0,96.4,7,4,Yes
U01417,2025-04-12,60,Designer,8.7,8.0,4.6,1.1,9.6,38,125,55,1,4,9.0,100.0,8,4,No
U06620,2025-04-12,51,Analyst,9.6,10.0,6.7,2.7,11.2,22,110,67,1,5,10.0,100.0,8,5,No
U05504,2025-04-12,60,Designer,7.3,10.0,8.6,2.5,7.5,1,144,100,3,5,10.0,75.7,7,3,No
U01233,2025-04-12,55,Teacher,7.1,9.0,4.6,1.7,9.2,21,102,65,1,6,8.0,83.2,10,6,Yes
U05471,2025-04-12,37,Designer,8.1,10.0,9.4,3.2,6.4,26,175,104,1,7,7.0,71.2,5,2,No
U05027,2025-04-12,43,Teacher,8.2,10.0,6.4,3.9,10.1,49,158,100,1,4,9.0,100.0,12,7,No
U01097,2025-04-12,39,Analyst,8.8,10.0,11.8,7.3,7.1,13,227,168,2,7,7.0,51.8,9,1,Yes
U03946,2025-04-12,34,Student,4.1,6.0,5.6,1.3,7.0,9,115,88,1,7,5.0,60.5,6,3,No
U00096,2025-04-12,22,Teacher,8.4,10.0,2.6,0.7,11.1,23,27,50,2,3,7.0,100.0,7,3,Yes
U00248,2025-04-12,54,Teacher,7.0,8.0,6.8,3.2,9.7,39,137,77,0,4,10.0,91.1,5,4,Yes
U00067,2025-04-12,48,Student,7.9,10.0,9.1,1.9,3.5,11,152,97,2,6,8.0,56.6,8,4,No
U03919,2025-04-12,54,Student,6.1,10.0,7.1,2.9,7.0,23,149,72,1,5,10.0,73.5,10,7,No
U04166,2025-04-12,47,Designer,6.2,7.0,5.6,2.7,5.8,5,97,95,3,4,9.0,80.5,6,3,Yes
U03908,2025-04-12,51,Student,7.5,10.0,7.2,1.5,8.3,61,143,80,1,4,9.0,92.2,6,4,No
U03820,2025-04-12,46,Designer,5.4,6.0,7.1,2.7,7.2,74,118,86,2,4,9.0,84.5,8,4,No
U03953,2025-04-12,53,Teacher,8.3,10.0,10.7,2.2,11.0,75,170,110,1,5,10.0,97.6,9,6,No
U06600,2025-04-12,57,Teacher,8.2,10.0,8.4,3.3,5.2,18,173,82,2,6,8.0,73.9,6,6,Yes
U01718,2025-04-12,23,Software Engineer,6.1,10.0,7.6,5.0,7.2,27,189,96,2,6,7.0,66.5,4,4,No
U04450,2025-04-12,32,Software Engineer,8.8,10.0,6.9,2.7,8.8,8,146,64,0,5,10.0,86.0,10,4,No
U05632,2025-04-12,45,Designer,7.1,10.0,9.9,4.8,6.7,19,180,129,1,9,8.0,69.4,3,2,No
U03374,2025-04-12,52,Analyst,6.1,9.0,6.8,4.2,5.4,128,133,113,3,3,10.0,100.0,4,1,No
U03523,2025-04-12,45,Student,6.3,8.0,9.6,5.7,6.7,57,187,141,1,6,7.0,68.7,14,8,Yes
U03389,2025-04-12,31,Software Engineer,6.1,8.0,8.9,3.3,7.2,49,148,103,4,5,7.0,67.2,6,3,Yes
U01189,2025-04-12,59,Freelancer,9.1,10.0,4.9,2.8,9.8,57,99,79,1,1,10.0,100.0,9,5,No
U05677,2025-04-12,18,Software Engineer,7.7,10.0,8.3,4.3,9.6,60,158,112,0,4,10.0,100.0,8,3,Yes
U06318,2025-04-13,43,Designer,8.1,10.0,7.3,2.7,11.5,43,122,85,2,5,8.0,100.0,6,5,Yes
U02203,2025-04-13,19,Analyst,8.6,10.0,3.5,0.5,9.0,9,41,65,2,4,8.0,91.2,8,5,No
U06996,2025-04-13,53,Analyst,8.2,10.0,10.7,3.7,6.3,95,147,124,3,5,10.0,84.6,8,4,No
U01022,2025-04-13,60,Freelancer,8.4,10.0,7.4,4.2,8.6,40,165,113,0,4,10.0,85.4,10,8,No
U01689,2025-04-13,39,Student,6.1,8.0,4.9,1.0,8.7,29,110,48,0,5,9.0,78.8,5,4,No
U04455,2025-04-13,29,Teacher,4.7,10.0,5.9,2.2,11.1,62,102,99,1,5,9.0,86.4,5,3,No
U03120,2025-04-13,19,Designer,6.0,7.0,4.1,1.7,7.3,21,96,46,3,4,6.0,69.2,8,3,No
U00859,2025-04-13,47,Teacher,7.3,10.0,6.9,2.2,8.9,31,121,82,3,5,9.0,92.6,10,7,Yes
U01924,2025-04-13,33,Designer,7.7,10.0,4.6,2.2,9.4,16,88,49,3,5,7.0,82.5,5,3,No
U06195,2025-04-13,32,Designer,7.1,9.0,5.7,1.3,10.8,37,127,74,1,3,7.0,87.9,8,6,No
U00672,2025-04-13,51,Freelancer,6.1,8.0,5.9,4.4,5.4,17,144,77,0,6,7.0,68.4,5,1,No
U02756,2025-04-13,24,Freelancer,6.5,9.0,4.5,2.2,6.1,46,144,86,1,1,8.0,100.0,7,7,No
U04974,2025-04-13,40,Teacher,6.5,8.0,6.4,2.6,6.5,39,133,87,0,6,6.0,63.4,3,3,No
U06199,2025-04-13,51,Student,8.0,10.0,6.5,2.0,6.2,28,131,88,2,4,8.0,82.2,10,6,No
U04752,2025-04-13,29,Analyst,8.0,9.0,4.8,1.6,12.0,16,71,57,3,3,10.0,100.0,6,6,No
U06064,2025-04-14,56,Analyst,7.4,9.0,4.2,1.2,8.3,31,111,34,0,1,8.0,100.0,4,3,No
U06520,2025-04-14,21,Designer,6.8,9.0,6.5,3.0,9.4,11,140,112,1,4,8.0,74.6,7,5,No
U04696,2025-04-14,53,Teacher,7.4,10.0,7.6,5.2,7.9,33,182,96,1,8,8.0,67.9,7,5,No
U04491,2025-04-14,18,Designer,7.6,10.0,8.3,4.7,7.8,14,158,130,2,5,9.0,88.5,9,4,No
U04927,2025-04-14,57,Freelancer,3.6,6.0,6.5,3.5,10.6,158,141,78,2,3,9.0,100.0,12,6,Yes
U04041,2025-04-14,58,Freelancer,7.4,10.0,7.2,2.2,4.9,29,117,98,3,4,9.0,77.3,7,3,No
U06140,2025-04-14,55,Software Engineer,5.7,5.0,6.3,1.9,7.7,49,126,81,1,5,9.0,87.9,5,4,No
U02496,2025-04-14,46,Designer,5.6,9.0,6.5,0.9,8.4,26,132,86,2,4,7.0,71.4,5,2,Yes
U03964,2025-04-14,31,Teacher,7.0,10.0,7.8,3.6,11.0,11,124,78,3,5,8.0,87.8,3,1,No
U05877,2025-04-14,27,Student,7.2,8.0,6.2,2.6,8.0,39,118,101,1,5,7.0,88.0,7,5,No
U05541,2025-04-14,37,Analyst,7.2,10.0,6.3,1.6,9.4,11,39,94,5,3,8.0,97.7,5,4,No
U03302,2025-04-14,23,Designer,9.5,10.0,7.7,4.2,6.5,22,169,113,1,4,9.0,91.7,5,4,Yes
U00046,2025-04-14,37,Student,5.5,10.0,6.5,1.7,9.7,16,110,83,2,5,8.0,82.2,7,5,No
U00388,2025-04-14,33,Freelancer,7.1,9.0,5.4,0.9,10.7,55,109,47,1,4,10.0,95.6,8,6,No
U00747,2025-04-14,41,Student,8.0,10.0,11.7,4.9,8.6,59,214,137,2,6,8.0,76.3,6,4,Yes
U04375,2025-04-14,57,Software Engineer,6.2,8.0,9.8,6.2,4.2,35,218,140,2,9,8.0,59.5,10,4,No
U04440,2025-04-15,33,Analyst,7.9,10.0,7.0,2.4,6.9,27,125,90,2,3,10.0,85.9,8,5,Yes
U03540,2025-04-15,26,Analyst,6.9,10.0,9.5,2.3,9.5,4,175,110,1,8,7.0,63.8,12,5,Yes
U06402,2025-04-15,36,Designer,8.0,10.0,5.3,1.3,11.8,15,104,34,2,5,9.0,100.0,6,3,No
U01005,2025-04-15,30,Designer,5.6,10.0,6.1,4.0,9.4,34,134,98,1,6,8.0,81.9,8,5,No
U03916,2025-04-15,21,Student,5.0,7.0,9.7,4.1,6.9,22,193,125,0,7,6.0,52.6,6,3,No
U06893,2025-04-15,27,Freelancer,7.4,10.0,5.5,2.6,12.0,11,138,69,3,5,9.0,96.7,7,7,No
U02645,2025-04-15,23,Software Engineer,8.1,10.0,5.4,3.9,12.0,17,159,74,0,4,8.0,100.0,11,11,No
U06297,2025-04-15,59,Freelancer,6.6,8.0,8.9,3.6,5.5,21,156,107,3,5,7.0,61.9,5,2,No
U05722,2025-04-15,41,Analyst,8.5,9.0,4.0,2.0,11.5,4,99,59,4,3,10.0,100.0,11,7,No
U00407,2025-04-15,57,Student,8.4,10.0,6.7,2.4,8.4,29,131,67,2,5,8.0,88.9,8,5,No
U00793,2025-04-15,47,Designer,6.5,10.0,8.8,4.3,7.3,124,158,123,3,4,10.0,91.5,9,6,No
U04083,2025-04-15,52,Analyst,8.2,10.0,9.6,4.6,10.4,58,172,134,2,6,8.0,83.8,9,6,No
U05128,2025-04-15,20,Teacher,5.6,10.0,6.6,2.8,6.6,14,103,97,1,6,7.0,67.4,8,5,Yes
U05493,2025-04-15,49,Designer,7.2,10.0,8.0,5.2,6.7,10,156,141,2,6,7.0,59.9,13,6,No
U01922,2025-04-15,36,Designer,8.5,10.0,7.6,2.4,9.0,27,112,94,0,4,10.0,98.7,7,7,Yes
U02318,2025-04-15,46,Analyst,9.3,10.0,6.4,2.1,8.4,15,92,72,0,3,8.0,100.0,5,4,No
U00515,2025-04-15,34,Teacher,7.7,10.0,6.7,2.7,7.1,55,132,93,3,5,7.0,88.9,7,4,Yes
U06634,2025-04-15,44,Software Engineer,6.2,9.0,8.8,4.6,6.9,35,156,130,1,5,7.0,76.3,8,5,No
U00233,2025-04-15,28,Designer,8.7,10.0,3.2,2.3,10.8,20,68,43,4,2,10.0,100.0,12,10,No
U00504,2025-04-15,41,Freelancer,6.4,10.0,6.8,2.6,9.1,32,138,82,3,7,7.0,82.5,5,4,Yes
U00593,2025-04-15,58,Analyst,9.4,10.0,3.7,1.4,12.0,65,89,62,1,3,10.0,100.0,6,5,Yes
U01617,2025-04-15,33,Designer,7.2,9.0,6.9,4.2,7.4,52,139,109,0,4,8.0,97.3,5,1,No
U02847,2025-04-15,21,Software Engineer,6.6,10.0,6.3,4.7,7.6,14,162,95,4,7,7.0,71.4,17,9,Yes
U01179,2025-04-15,36,Freelancer,7.7,8.0,9.0,1.7,9.6,36,140,124,1,6,8.0,78.4,6,1,Yes
U03182,2025-04-15,41,Student,5.7,8.0,9.7,5.8,8.4,15,197,135,1,9,6.0,47.1,8,3,No
U02599,2025-04-16,29,Freelancer,7.0,10.0,2.7,1.5,11.3,75,69,62,1,3,,100.0,7,4,Yes
U01763,2025-04-16,20,Software Engineer,6.5,10.0,6.3,3.1,10.6,23,155,97,0,6,9.0,88.7,2,0,No
U05239,2025-04-16,43,Freelancer,6.1,8.0,4.2,1.1,7.5,13,77,62,3,1,9.0,93.5,6,2,Yes
U05479,2025-04-16,21,Student,7.6,9.0,6.7,0.8,10.0,9,107,77,1,4,9.0,84.1,6,4,Yes
U04567,2025-04-16,45,Analyst,5.9,8.0,11.3,3.8,3.8,100,186,161,1,5,7.0,69.3,5,2,No
U01421,2025-04-16,28,Teacher,7.2,10.0,6.5,2.0,11.2,54,113,87,4,3,8.0,100.0,4,4,No
U03862,2025-04-16,59,Designer,6.7,9.0,6.1,3.8,6.8,76,113,78,3,5,7.0,81.5,9,3,No
U04122,2025-04-16,18,Designer,6.5,10.0,8.0,3.1,8.7,35,146,103,0,5,9.0,78.6,3,2,No
U06363,2025-04-16,54,Designer,6.1,10.0,4.5,1.7,6.6,33,104,56,2,4,7.0,73.4,6,3,No
U05747,2025-04-16,35,Analyst,5.6,5.0,5.9,3.1,9.0,82,121,74,1,2,9.0,100.0,4,4,No
U02844,2025-04-16,42,Software Engineer,5.3,6.0,4.3,1.1,8.1,41,72,72,1,3,10.0,87.1,6,4,No
U05368,2025-04-16,48,Analyst,7.3,10.0,7.5,4.7,11.3,53,172,115,3,4,8.0,90.4,5,3,No
U02713,2025-04-16,36,Software Engineer,7.4,9.0,4.0,1.7,9.1,14,59,48,1,5,8.0,83.1,9,7,No
U01320,2025-04-16,23,Designer,7.9,10.0,7.3,2.9,10.2,21,156,76,1,6,9.0,92.3,10,5,Yes
U00498,2025-04-16,52,Analyst,10.0,10.0,4.0,2.3,3.2,66,101,73,3,4,9.0,100.0,9,6,Yes
U06576,2025-04-16,43,Software Engineer,8.2,10.0,6.5,2.8,7.1,85,82,86,0,2,10.0,100.0,7,3,No
U05150,2025-04-16,51,Student,8.4,10.0,6.0,3.6,6.6,68,146,82,2,5,9.0,84.8,11,6,No
U02985,2025-04-17,52,Freelancer,5.8,8.0,10.4,6.4,7.8,34,197,136,1,8,7.0,48.0,14,6,No
U00007,2025-04-17,56,Software Engineer,7.7,10.0,9.3,0.6,7.6,33,135,102,4,5,8.0,80.7,4,3,Yes
U03192,2025-04-17,37,Teacher,6.8,8.0,5.1,2.9,8.4,27,94,62,2,4,7.0,71.4,10,3,No
U06112,2025-04-17,35,Student,6.1,8.0,8.3,4.7,6.0,102,201,112,2,5,9.0,77.6,5,1,Yes
U06251,2025-04-17,58,Analyst,7.7,10.0,2.0,1.1,11.4,4,50,60,3,3,9.0,100.0,7,7,No
U00237,2025-04-17,48,Freelancer,7.4,10.0,4.7,0.0,9.4,13,82,60,1,3,5.0,100.0,9,6,Yes
U05079,2025-04-17,43,Teacher,8.5,10.0,6.1,2.6,8.2,51,118,73,1,4,9.0,82.2,10,7,No
U01329,2025-04-17,43,Freelancer,5.9,8.0,9.7,5.9,7.7,30,176,130,6,7,7.0,65.5,2,0,No
U03401,2025-04-17,33,Student,4.9,8.0,3.6,1.3,8.3,85,119,44,4,2,10.0,100.0,9,7,Yes
U02151,2025-04-17,52,Freelancer,5.9,7.0,3.9,1.3,12.0,96,63,46,2,1,10.0,100.0,4,2,No
U04223,2025-04-17,22,Software Engineer,5.4,10.0,8.3,3.7,7.3,57,164,109,0,7,9.0,82.2,3,3,No
U04453,2025-04-17,43,Software Engineer,6.7,10.0,5.4,2.7,12.0,21,114,65,1,5,7.0,95.5,6,3,Yes
U01806,2025-04-17,40,Freelancer,8.2,10.0,4.6,1.0,8.6,47,85,53,3,3,8.0,99.1,3,2,No
U05322,2025-04-17,22,Teacher,6.1,9.0,9.3,2.1,7.4,21,132,107,1,8,7.0,58.5,13,6,No
U03278,2025-04-17,45,Software Engineer,7.9,10.0,4.2,2.1,12.0,42,107,44,3,4,10.0,100.0,7,7,No
U06817,2025-04-17,24,Designer,9.7,10.0,6.3,3.5,9.3,70,154,106,1,2,10.0,100.0,9,6,No
U02409,2025-04-17,38,Software Engineer,7.5,10.0,7.9,0.4,7.9,15,124,101,0,4,8.0,73.8,6,4,No
U01054,2025-04-18,46,Teacher,6.7,10.0,5.7,2.7,10.8,38,143,68,2,4,10.0,98.7,10,7,No
U01280,2025-04-18,60,Analyst,7.0,10.0,6.5,0.9,8.0,37,107,75,0,5,10.0,85.7,7,7,No
U06511,2025-04-18,59,Student,6.5,10.0,3.9,1.6,12.0,16,85,21,1,4,9.0,100.0,9,6,No
U03891,2025-04-18,47,Freelancer,5.9,10.0,6.2,1.2,8.6,30,102,90,0,6,9.0,77.1,6,4,No
U05165,2025-04-18,49,Freelancer,6.6,10.0,6.9,2.7,7.0,31,150,106,1,8,6.0,66.5,6,5,Yes
U02415,2025-04-18,36,Analyst,7.4,10.0,5.5,3.0,8.7,21,156,81,0,4,9.0,90.1,9,6,No
U01297,2025-04-18,56,Designer,5.6,8.0,10.9,4.2,5.1,63,198,128,3,7,8.0,52.6,5,4,Yes
U00132,2025-04-18,49,Designer,7.0,8.0,9.3,5.1,5.9,31,216,120,1,9,7.0,46.0,9,5,No
U01343,2025-04-18,26,Student,7.7,10.0,7.2,3.5,10.5,26,115,107,2,4,7.0,90.8,6,3,Yes
U05257,2025-04-18,30,Freelancer,7.1,9.0,8.1,2.4,10.2,26,153,118,1,7,10.0,83.2,8,6,No
U02200,2025-04-18,19,Student,7.9,10.0,7.2,2.6,6.9,22,119,85,0,6,9.0,83.8,5,1,No
U06135,2025-04-18,43,Analyst,5.8,10.0,5.5,1.6,7.8,109,107,69,1,2,9.0,100.0,4,0,No
U05153,2025-04-18,22,Designer,4.4,6.0,1.1,0.1,12.0,14,30,6,2,6,5.0,67.4,5,2,No
U05811,2025-04-18,33,Software Engineer,7.1,10.0,4.4,2.0,6.8,42,85,52,3,2,8.0,91.8,2,2,Yes
U03177,2025-04-18,57,Teacher,7.5,9.0,8.4,4.7,9.3,47,187,127,0,5,10.0,79.0,2,2,No
U05384,2025-04-18,28,Freelancer,7.0,10.0,6.1,2.2,8.4,61,100,66,2,2,9.0,97.2,6,5,No
U01775,2025-04-18,41,Freelancer,7.9,10.0,7.7,4.3,10.1,50,177,122,1,6,10.0,80.7,7,5,No
U03982,2025-04-18,36,Software Engineer,5.8,7.0,1.0,0.9,9.7,28,21,27,3,2,8.0,100.0,6,6,No
U03327,2025-04-18,36,Analyst,7.5,10.0,6.7,1.8,6.1,12,111,83,2,6,10.0,76.8,7,5,No
U06071,2025-04-18,43,Software Engineer,6.1,9.0,7.8,2.2,8.1,72,126,95,0,5,6.0,66.2,6,3,Yes
U04317,2025-04-18,46,Analyst,7.6,10.0,7.8,2.1,6.8,10,117,91,0,6,8.0,82.5,4,1,No
U04332,2025-04-18,43,Freelancer,6.4,9.0,6.1,1.8,11.4,25,109,79,0,5,8.0,86.8,5,5,No
U04387,2025-04-18,20,Teacher,7.5,8.0,4.7,0.5,6.4,53,50,49,2,1,9.0,100.0,6,4,No
U06424,2025-04-18,33,Analyst,5.6,9.0,6.7,1.2,7.9,41,122,69,4,7,8.0,73.5,7,6,No
U01808,2025-04-18,31,Student,4.1,8.0,3.8,1.1,10.7,47,100,43,0,4,7.0,91.1,4,2,No
U02511,2025-04-18,54,Teacher,8.1,8.0,9.0,4.0,10.7,28,181,118,3,6,7.0,80.5,7,3,No
U02085,2025-04-18,50,Software Engineer,6.6,10.0,4.4,1.3,9.1,29,107,47,3,3,8.0,89.6,3,2,No
U02014,2025-04-18,30,Teacher,8.7,10.0,5.7,2.2,9.8,55,125,98,3,2,10.0,100.0,10,9,Yes
U01959,2025-04-18,42,Analyst,8.5,10.0,9.8,3.5,6.8,51,146,118,3,5,9.0,80.4,8,5,Yes
U05636,2025-04-18,46,Student,8.9,10.0,13.0,5.6,5.6,27,228,176,4,5,10.0,67.5,6,1,No
U01888,2025-04-18,60,Freelancer,7.8,10.0,4.7,1.5,10.0,62,58,35,3,4,9.0,100.0,11,5,No
U06667,2025-04-18,58,Analyst,7.0,10.0,6.6,1.4,6.6,51,125,67,0,2,10.0,95.5,6,4,Yes
U01809,2025-04-18,31,Freelancer,5.0,7.0,4.2,2.0,7.6,25,94,56,2,6,10.0,69.4,5,3,No
U04847,2025-04-18,38,Student,7.0,6.0,9.8,5.8,4.4,39,187,140,3,7,9.0,62.7,7,4,No
U00062,2025-04-19,43,Freelancer,6.3,9.0,2.3,0.2,12.0,58,37,44,2,2,10.0,100.0,11,9,No
U04516,2025-04-19,29,Freelancer,5.5,9.0,9.2,2.4,8.4,18,138,91,3,7,6.0,45.8,4,3,No
U01628,2025-04-19,52,Student,6.1,10.0,3.3,0.9,9.0,33,78,32,1,5,10.0,97.8,9,6,Yes
U00983,2025-04-19,59,Teacher,7.1,10.0,7.7,3.4,8.9,2,164,109,0,7,9.0,78.1,13,8,No
U04341,2025-04-19,32,Teacher,5.9,7.0,6.9,5.2,8.3,91,127,118,1,5,10.0,92.0,5,2,No
U05587,2025-04-19,29,Analyst,7.1,7.0,8.0,1.8,9.8,21,123,91,1,6,9.0,77.3,5,2,No
U04473,2025-04-19,24,Teacher,5.4,7.0,8.2,2.6,8.0,74,149,123,4,6,9.0,78.0,5,3,No
U06291,2025-04-19,30,Analyst,7.6,9.0,5.4,2.1,4.8,21,112,81,2,6,10.0,70.5,9,6,Yes
U05724,2025-04-19,36,Teacher,8.9,10.0,10.6,6.1,7.6,10,197,135,0,6,6.0,63.6,9,7,Yes
U03520,2025-04-19,34,Software Engineer,7.2,10.0,6.2,2.0,7.6,57,112,83,4,5,9.0,72.7,5,4,No
U01675,2025-04-19,42,Teacher,6.2,9.0,8.4,2.0,8.9,29,156,105,1,7,7.0,67.5,10,5,No
U03499,2025-04-19,40,Teacher,6.5,8.0,6.3,3.3,12.0,30,95,96,4,7,6.0,81.3,12,6,Yes
U01053,2025-04-19,26,Software Engineer,7.0,10.0,5.3,3.3,7.9,3,115,77,2,4,9.0,78.7,9,7,Yes
U05841,2025-04-19,23,Software Engineer,7.8,10.0,11.7,3.8,5.1,38,210,127,2,8,7.0,55.3,10,3,Yes
U03796,2025-04-19,43,Student,8.4,10.0,11.0,2.9,7.4,51,181,126,0,6,10.0,92.7,6,3,No
U06966,2025-04-19,44,Software Engineer,5.5,9.0,5.8,1.3,9.4,68,89,68,2,4,9.0,97.3,16,10,No
U03815,2025-04-19,18,Student,6.7,10.0,9.0,1.4,10.6,15,93,95,1,6,7.0,76.6,6,4,No
U02033,2025-04-19,43,Teacher,7.1,10.0,5.8,2.8,6.6,59,125,91,2,4,9.0,84.8,6,5,Yes
U06525,2025-04-19,30,Analyst,6.5,9.0,2.8,0.5,11.3,33,106,39,2,3,9.0,100.0,8,7,No
U05756,2025-04-19,28,Designer,9.3,10.0,8.0,5.0,8.4,12,165,109,2,4,8.0,85.2,5,3,No
U00843,2025-04-20,57,Software Engineer,7.3,9.0,8.6,4.8,7.0,25,140,119,0,6,9.0,74.2,6,3,No
U05147,2025-04-20,22,Designer,6.4,8.0,8.6,2.9,7.8,50,156,103,1,5,7.0,92.0,10,5,No
U06017,2025-04-20,47,Software Engineer,9.2,10.0,5.7,2.4,9.9,6,121,78,1,3,9.0,94.1,5,5,No
U02697,2025-04-20,41,Freelancer,6.3,9.0,5.5,2.0,11.6,64,122,70,1,5,8.0,91.6,5,5,No
U01531,2025-04-20,31,Teacher,6.1,10.0,3.9,0.9,6.7,18,56,44,1,6,10.0,84.5,9,5,No
U03301,2025-04-20,49,Analyst,6.3,10.0,8.8,5.8,7.0,20,197,135,3,7,6.0,40.3,6,3,No
U04470,2025-04-20,30,Designer,6.1,8.0,3.2,1.1,8.3,62,48,54,2,2,9.0,100.0,7,1,No
U04984,2025-04-20,37,Teacher,5.2,8.0,2.1,1.5,11.5,22,60,22,3,3,7.0,100.0,10,6,No
U02614,2025-04-20,21,Teacher,6.9,10.0,2.2,0.2,12.0,38,36,13,1,3,8.0,100.0,5,2,Yes
U06224,2025-04-20,31,Analyst,7.7,10.0,13.1,7.2,3.9,99,235,151,2,8,6.0,50.2,2,0,Yes
U05826,2025-04-20,18,Student,9.5,10.0,9.2,4.1,7.2,32,141,116,1,5,10.0,59.3,6,2,No
U04381,2025-04-21,30,Student,9.5,10.0,7.4,2.1,10.0,13,105,113,1,6,9.0,87.5,9,6,No
U01667,2025-04-21,38,Teacher,7.4,9.0,5.8,1.9,9.7,7,86,67,3,3,7.0,98.1,6,4,No
U01323,2025-04-21,35,Analyst,6.6,7.0,9.6,1.3,8.3,8,144,116,1,8,8.0,71.4,6,3,No
U00444,2025-04-21,49,Freelancer,6.1,10.0,5.7,3.4,6.4,112,101,74,2,3,10.0,100.0,6,4,No
U02209,2025-04-21,40,Analyst,5.5,7.0,10.3,1.6,6.3,14,145,107,3,8,8.0,60.0,6,3,No
U01533,2025-04-21,46,Student,6.6,9.0,3.6,1.8,12.0,9,105,55,2,5,9.0,89.9,6,4,No
U06759,2025-04-21,50,Freelancer,5.9,7.0,6.5,1.8,6.2,28,137,85,3,7,5.0,66.8,4,3,No
U02734,2025-04-21,23,Software Engineer,7.7,10.0,5.9,1.7,9.7,27,80,85,2,5,9.0,100.0,11,7,No
U02769,2025-04-21,44,Software Engineer,6.8,9.0,7.0,1.0,9.7,13,89,89,1,7,8.0,83.3,8,4,No
U00797,2025-04-21,53,Designer,8.0,9.0,5.4,2.7,9.2,12,106,71,2,2,10.0,98.3,6,6,No
U05246,2025-04-21,21,Freelancer,8.1,10.0,9.0,5.1,10.9,11,208,137,0,5,8.0,98.1,9,5,No
U04704,2025-04-21,41,Student,8.3,10.0,6.5,2.8,4.0,33,123,87,3,2,9.0,93.8,6,4,Yes
U01954,2025-04-21,36,Designer,5.7,6.0,12.4,3.1,6.7,33,198,132,3,9,7.0,41.7,10,4,No
U03757,2025-04-21,54,Designer,7.6,10.0,5.1,3.5,8.4,23,142,92,3,5,8.0,90.4,3,0,Yes
U04496,2025-04-21,49,Designer,4.9,7.0,7.9,4.9,6.6,32,152,124,1,7,5.0,58.2,11,5,No
U06466,2025-04-21,32,Software Engineer,7.7,10.0,9.8,4.7,7.5,18,165,134,4,6,8.0,66.9,6,2,No
U01564,2025-04-21,53,Teacher,5.1,9.0,6.3,1.8,10.5,27,87,78,2,5,6.0,78.8,9,6,No
U01387,2025-04-21,49,Freelancer,6.1,10.0,7.9,3.5,7.0,34,135,101,2,6,9.0,63.1,9,6,Yes
U02988,2025-04-21,38,Teacher,5.8,7.0,8.4,5.8,6.1,13,201,110,4,8,6.0,49.0,13,5,No
U00395,2025-04-21,45,Teacher,6.7,8.0,10.5,2.9,4.7,36,153,125,1,6,9.0,68.8,10,4,No
U05859,2025-04-22,50,Software Engineer,7.0,9.0,8.0,0.4,6.1,41,112,89,4,5,8.0,79.6,7,3,No
U05544,2025-04-22,18,Student,6.5,9.0,4.6,2.5,7.2,55,120,84,5,4,8.0,76.6,6,5,Yes
U02353,2025-04-22,52,Analyst,6.9,9.0,7.1,4.1,9.6,13,134,112,1,8,6.0,67.5,9,5,No
U00260,2025-04-22,28,Freelancer,6.9,7.0,6.7,2.4,8.6,22,140,76,2,6,9.0,89.4,7,5,No
U06702,2025-04-22,38,Teacher,5.2,8.0,8.5,2.6,8.9,12,164,106,1,5,8.0,70.6,12,6,No
U01303,2025-04-22,51,Analyst,8.0,10.0,6.9,3.1,7.5,24,121,70,0,4,10.0,100.0,8,4,No
U02424,2025-04-22,27,Software Engineer,6.2,8.0,5.2,1.1,7.9,74,122,59,3,6,9.0,85.5,10,4,Yes
U02288,2025-04-22,36,Analyst,8.4,10.0,8.5,4.6,10.5,91,188,117,0,5,10.0,100.0,14,8,No
U03320,2025-04-22,26,Freelancer,6.4,8.0,8.3,2.5,6.6,7,203,97,3,8,6.0,65.4,6,4,No
U01545,2025-04-22,41,Freelancer,7.4,10.0,7.1,1.8,7.6,48,112,85,0,1,9.0,89.5,10,7,No
U04747,2025-04-22,38,Software Engineer,7.4,10.0,5.6,2.9,7.9,10,97,97,2,5,10.0,96.3,19,12,Yes
U04182,2025-04-22,23,Student,7.0,10.0,3.1,0.6,6.1,43,80,37,3,2,10.0,94.2,8,6,No
U06510,2025-04-22,35,Teacher,6.9,9.0,5.5,2.0,8.6,61,101,64,4,5,7.0,90.1,2,0,No
U02920,2025-04-22,30,Designer,6.1,10.0,4.0,2.8,10.8,26,68,66,1,4,8.0,90.7,6,3,Yes
U00758,2025-04-22,48,Software Engineer,8.9,10.0,5.5,1.3,12.0,67,82,84,3,2,10.0,100.0,7,4,Yes
U05971,2025-04-22,31,Analyst,7.7,10.0,7.1,3.0,8.6,59,116,88,0,5,9.0,88.5,10,8,No
U05868,2025-04-22,56,Student,4.8,6.0,5.0,2.3,6.3,17,78,77,4,5,5.0,78.5,8,4,No
U00244,2025-04-22,19,Software Engineer,6.8,9.0,6.5,2.5,11.2,44,144,60,0,5,7.0,84.2,6,6,No
U00035,2025-04-22,24,Freelancer,4.7,8.0,3.2,2.2,10.6,36,72,44,2,4,8.0,94.7,8,5,Yes
U03376,2025-04-22,57,Software Engineer,5.7,,4.2,0.2,10.9,2,68,46,2,6,7.0,78.2,4,4,Yes
U03005,2025-04-22,57,Analyst,7.3,9.0,7.5,2.4,6.6,67,142,79,2,2,8.0,92.6,6,3,No
U02529,2025-04-23,21,Designer,7.0,8.0,5.7,2.0,9.8,24,132,70,1,5,8.0,87.5,9,7,No
U05086,2025-04-23,21,Software Engineer,7.0,10.0,2.9,0.6,8.5,80,52,46,0,1,9.0,100.0,14,11,No
U06100,2025-04-23,52,Teacher,7.6,10.0,7.8,4.1,11.2,50,171,116,2,4,10.0,97.6,5,4,No
U00034,2025-04-23,54,Student,8.1,10.0,6.6,1.3,7.5,81,128,74,1,5,10.0,95.4,8,5,Yes
U00431,2025-04-23,56,Student,5.0,6.0,5.1,1.9,7.5,51,128,78,4,6,8.0,66.9,8,4,No
U02444,2025-04-23,38,Analyst,7.1,10.0,2.6,0.4,12.0,40,38,31,3,4,9.0,100.0,11,7,Yes
U00078,2025-04-23,42,Analyst,6.9,7.0,6.1,3.4,9.9,44,131,83,2,5,10.0,98.8,11,7,Yes
U01487,2025-04-23,45,Teacher,8.4,10.0,4.3,1.8,9.6,34,94,72,2,1,7.0,100.0,9,7,No
U04784,2025-04-23,45,Teacher,5.9,9.0,5.0,0.5,7.0,47,67,74,2,4,10.0,82.0,6,6,No
U02357,2025-04-23,21,Freelancer,6.2,6.0,6.5,2.3,7.6,17,123,82,1,7,7.0,67.3,3,3,No
U02483,2025-04-23,38,Teacher,9.1,10.0,7.0,2.4,9.6,31,130,93,1,4,10.0,100.0,8,6,No
U03653,2025-04-23,45,Designer,9.4,10.0,6.5,1.8,7.7,33,106,87,5,4,9.0,66.6,7,5,Yes
U05561,2025-04-23,56,Freelancer,7.3,8.0,4.2,2.4,11.0,19,66,71,1,3,7.0,84.3,5,3,Yes
U06152,2025-04-23,18,Freelancer,5.4,10.0,7.7,2.9,7.5,56,187,97,1,7,9.0,78.0,5,1,Yes
U02247,2025-04-23,35,Analyst,7.8,10.0,6.4,,10.2,24,132,69,1,3,9.0,98.5,4,2,No
U06693,2025-04-23,25,Designer,6.9,10.0,4.4,2.2,8.2,10,106,44,3,6,7.0,73.4,5,3,No
U02270,2025-04-23,32,Software Engineer,6.9,10.0,7.2,1.3,5.2,19,126,90,1,6,7.0,72.3,10,6,No
U01215,2025-04-24,42,Software Engineer,7.4,8.0,11.3,5.5,8.1,14,212,125,4,10,6.0,56.3,9,5,No
U06606,2025-04-24,30,Designer,8.0,10.0,5.2,1.2,8.9,62,97,54,1,4,8.0,100.0,14,10,No
U05678,2025-04-24,24,Teacher,7.6,9.0,8.3,1.5,9.3,25,95,105,4,5,7.0,81.8,5,1,No
U00837,2025-04-24,58,Analyst,7.2,9.0,8.4,3.1,6.7,157,150,112,2,1,10.0,100.0,4,4,Yes
U04033,2025-04-24,40,Freelancer,4.0,7.0,8.7,3.1,4.9,40,171,112,2,7,7.0,60.0,8,4,No
U02429,2025-04-24,48,Student,8.9,10.0,7.5,4.6,6.5,24,136,112,0,5,10.0,87.8,9,3,No
U00753,2025-04-24,60,Student,7.2,7.0,4.0,2.7,8.2,23,124,64,2,3,9.0,90.2,9,9,No
U01368,2025-04-24,32,Teacher,7.3,8.0,10.1,5.2,6.4,69,178,130,1,5,8.0,72.7,7,3,No
U02467,2025-04-24,42,Student,9.4,10.0,9.5,5.0,5.5,18,195,142,1,7,10.0,83.1,9,5,No
U06153,2025-04-24,46,Teacher,7.6,10.0,6.9,3.0,9.0,48,123,93,2,4,9.0,88.4,12,7,No
U04067,2025-04-24,41,Student,3.8,6.0,7.4,4.8,9.0,8,162,117,0,8,6.0,43.3,11,3,Yes
U00049,2025-04-24,25,Teacher,6.4,8.0,5.9,2.4,11.3,42,112,67,1,6,8.0,90.6,6,4,No
U00745,2025-04-24,34,Analyst,6.6,9.0,2.1,0.8,9.1,115,68,36,1,2,10.0,100.0,5,4,No
U05047,2025-04-24,59,Teacher,7.6,10.0,6.3,3.7,10.0,34,96,102,0,3,9.0,86.4,7,6,No
U05753,2025-04-24,54,Designer,6.6,10.0,2.8,2.4,9.4,25,91,79,2,3,8.0,95.6,5,3,No
U00996,2025-04-24,50,Analyst,6.4,8.0,3.6,0.7,8.8,24,77,42,1,5,7.0,79.9,4,3,No
U05564,2025-04-24,55,Analyst,6.8,9.0,1.9,1.1,6.0,45,31,37,3,1,10.0,100.0,11,8,No
U02427,2025-04-25,45,Student,6.9,10.0,11.0,6.6,6.3,41,217,165,0,7,8.0,66.5,5,2,No
U00725,2025-04-25,55,Teacher,6.0,10.0,9.5,1.5,4.2,37,169,92,5,9,6.0,41.7,7,3,No
U06339,2025-04-25,37,Analyst,7.4,10.0,2.9,0.9,10.3,104,91,16,1,1,10.0,100.0,3,3,Yes
U01940,2025-04-25,58,Student,6.6,10.0,6.8,2.6,9.8,49,119,106,2,5,10.0,85.0,8,5,Yes
U01551,2025-04-25,27,Freelancer,7.0,9.0,7.8,1.7,7.2,21,137,84,1,4,6.0,77.5,9,6,No
U06984,2025-04-25,45,Software Engineer,6.6,8.0,8.6,4.1,4.4,12,172,101,2,7,6.0,46.2,4,3,No
U00542,2025-04-25,59,Analyst,7.9,10.0,3.7,0.4,8.6,51,111,39,2,5,10.0,94.6,7,4,No
U04017,2025-04-25,50,Student,5.9,9.0,9.2,6.1,5.4,25,200,154,1,8,6.0,58.3,6,2,Yes
U02446,2025-04-25,29,Teacher,5.5,9.0,6.0,3.7,8.9,37,91,78,2,6,8.0,73.9,7,4,Yes
U01803,2025-04-25,25,Software Engineer,8.7,10.0,6.4,1.3,10.6,43,108,67,3,3,9.0,100.0,8,5,Yes
U00761,2025-04-25,25,Freelancer,8.4,10.0,1.0,0.0,11.4,81,28,8,2,2,10.0,100.0,4,4,No
U03801,2025-04-25,37,Student,5.8,6.0,5.9,3.0,5.8,6,111,73,1,4,6.0,61.9,6,3,No
U04643,2025-04-25,24,Teacher,6.0,10.0,6.4,1.5,9.2,56,130,100,1,6,9.0,78.7,7,4,No
U03528,2025-04-25,52,Student,7.0,10.0,9.5,3.9,8.1,126,198,114,2,2,10.0,87.1,11,7,No
U06632,2025-04-26,23,Teacher,7.8,10.0,6.4,2.0,4.6,14,112,84,1,4,7.0,77.4,6,3,No
U04351,2025-04-26,46,Software Engineer,8.3,8.0,5.3,2.2,9.8,51,85,70,1,1,10.0,100.0,5,4,No
U05778,2025-04-26,49,Designer,8.1,9.0,6.7,2.9,5.9,105,116,105,2,2,7.0,96.4,8,4,Yes
U04851,2025-04-26,57,Teacher,5.9,9.0,9.0,2.3,9.7,3,126,111,0,7,8.0,70.9,5,4,No
U06568,2025-04-26,33,Software Engineer,7.0,9.0,6.6,2.7,10.0,4,152,76,0,7,7.0,61.3,4,2,No
U03880,2025-04-26,20,Analyst,7.4,10.0,8.4,4.9,5.9,48,174,121,1,6,7.0,84.6,8,2,No
U03106,2025-04-26,47,Student,5.8,8.0,9.5,5.1,7.6,63,175,113,2,5,7.0,62.7,5,2,No
U05070,2025-04-26,30,Student,6.1,10.0,3.1,0.0,8.5,16,56,22,0,2,7.0,92.1,6,2,No
U05668,2025-04-26,50,Teacher,7.9,10.0,8.4,4.0,10.4,29,184,104,3,7,8.0,82.2,5,1,Yes
U02080,2025-04-26,27,Software Engineer,9.1,10.0,11.1,3.8,6.4,54,207,121,4,7,9.0,71.0,3,1,Yes
U01377,2025-04-26,59,Designer,8.3,9.0,7.4,4.2,7.9,74,160,107,1,4,10.0,90.1,5,2,No
U02934,2025-04-26,36,Designer,5.3,7.0,8.2,4.9,6.5,36,152,118,1,6,7.0,79.1,8,5,No
U01558,2025-04-26,54,Teacher,6.8,8.0,4.7,2.0,8.4,68,96,64,2,3,10.0,89.6,4,1,No
U05834,2025-04-26,34,Freelancer,7.2,10.0,7.9,5.2,6.1,31,166,127,0,2,,74.4,7,6,No
U00084,2025-04-26,24,Teacher,8.8,10.0,8.2,3.4,8.9,17,147,109,2,6,9.0,90.5,5,3,No
U04645,2025-04-26,44,Student,7.7,9.0,9.5,2.4,9.4,58,175,118,1,5,10.0,83.1,8,5,No
U01695,2025-04-27,49,Designer,9.7,10.0,9.1,5.2,7.8,7,220,112,2,6,10.0,84.7,8,5,No
U02949,2025-04-27,36,Student,6.6,10.0,7.3,3.4,10.4,45,158,81,1,4,7.0,88.1,5,3,No
U05386,2025-04-27,60,Teacher,8.0,9.0,1.3,1.3,6.0,1,62,17,2,3,10.0,97.7,7,6,No
U02553,2025-04-27,31,Freelancer,8.3,10.0,7.3,1.7,10.4,54,103,74,1,4,10.0,100.0,10,7,Yes
U02022,2025-04-27,45,Software Engineer,7.4,10.0,5.2,3.0,7.4,71,109,86,0,4,10.0,100.0,7,3,No
U00278,2025-04-27,50,Student,6.8,8.0,7.5,2.0,10.1,19,128,73,1,7,9.0,85.0,6,3,Yes
U02194,2025-04-27,55,Software Engineer,6.5,9.0,7.7,3.4,7.4,31,151,106,3,5,7.0,72.0,6,4,Yes
U01881,2025-04-27,41,Freelancer,5.0,8.0,9.0,1.5,7.6,8,140,90,1,8,7.0,57.2,10,5,Yes
U05417,2025-04-27,51,Analyst,5.1,10.0,7.4,2.1,7.2,29,153,97,1,6,9.0,79.0,6,3,No
U04402,2025-04-27,45,Student,9.0,10.0,4.5,1.8,7.7,18,124,61,0,4,10.0,98.5,8,5,Yes
U01310,2025-04-27,33,Designer,5.7,6.0,8.1,3.0,6.6,10,125,119,2,7,6.0,50.4,7,5,Yes
U04210,2025-04-27,41,Software Engineer,5.9,7.0,8.4,4.4,6.3,72,114,132,1,5,8.0,69.4,9,5,No
U03009,2025-04-27,58,Freelancer,6.0,5.0,3.7,2.0,9.3,13,108,87,1,4,5.0,83.8,7,4,No
U06852,2025-04-28,46,Freelancer,7.1,9.0,6.3,1.4,10.3,9,143,67,1,5,8.0,89.4,5,4,No
U00269,2025-04-28,42,Software Engineer,6.8,10.0,5.1,3.1,11.0,22,117,77,2,6,7.0,98.9,8,5,No
U04654,2025-04-28,48,Freelancer,5.6,7.0,6.6,2.0,10.0,17,142,86,1,5,10.0,89.7,4,2,No
U04012,2025-04-28,50,Analyst,5.4,7.0,3.5,2.1,10.9,47,73,54,4,6,6.0,81.9,14,10,No
U03519,2025-04-28,59,Teacher,7.7,10.0,7.3,2.8,6.9,44,113,85,1,4,7.0,79.1,2,2,No
U04587,2025-04-28,22,Teacher,4.6,8.0,3.8,1.7,9.6,17,68,64,0,6,7.0,70.9,11,8,No
U01818,2025-04-28,37,Teacher,7.0,9.0,7.8,3.9,6.8,31,185,89,0,7,7.0,60.2,7,3,No
U05422,2025-04-28,29,Student,7.1,10.0,5.6,3.6,6.8,19,135,92,0,6,8.0,74.1,10,5,No
U04115,2025-04-28,45,Designer,5.4,5.0,8.9,3.6,8.3,38,185,86,3,9,7.0,49.0,6,2,No
U03256,2025-04-28,28,Teacher,8.4,10.0,7.1,3.6,7.2,15,119,97,2,5,8.0,83.8,6,3,No
U04385,2025-04-28,59,Student,8.1,8.0,7.8,1.2,8.3,94,162,83,3,4,8.0,95.6,6,5,Yes
U03758,2025-04-28,27,Analyst,5.3,9.0,5.2,1.3,9.7,2,90,50,7,6,7.0,67.3,14,7,No
U05151,2025-04-28,60,Software Engineer,9.6,10.0,6.1,0.9,10.6,23,97,51,2,4,8.0,96.8,3,2,No
U06873,2025-04-28,29,Student,8.4,10.0,3.3,0.3,8.1,40,34,33,0,3,10.0,100.0,8,4,No
U00369,2025-04-28,39,Freelancer,6.8,10.0,4.5,1.7,9.5,26,128,66,0,5,9.0,100.0,3,3,Yes
U05904,2025-04-28,52,Freelancer,8.8,10.0,4.5,1.0,8.3,10,99,81,1,8,9.0,72.8,7,3,Yes
U06488,2025-04-28,57,Teacher,6.8,9.0,6.1,2.2,8.2,31,139,81,2,4,10.0,98.1,9,4,No
U02873,2025-04-28,45,Software Engineer,9.6,10.0,5.0,1.5,7.4,33,118,78,3,1,10.0,99.1,7,7,Yes
U01595,2025-04-28,21,Student,6.5,10.0,5.0,4.6,8.6,92,129,74,1,4,10.0,100.0,6,2,Yes
U00712,2025-04-28,47,Analyst,6.2,8.0,1.6,0.0,9.6,41,39,18,5,1,10.0,100.0,7,5,No
U06809,2025-04-29,45,Software Engineer,8.3,10.0,7.1,5.1,8.6,15,159,137,1,5,6.0,81.4,5,2,Yes
U03191,2025-04-29,18,Software Engineer,8.9,10.0,5.7,2.4,8.0,68,92,73,1,1,9.0,100.0,7,5,No
U03683,2025-04-29,50,Freelancer,4.9,7.0,4.0,1.1,9.1,62,89,52,5,4,10.0,80.1,8,5,No
U06639,2025-04-29,28,Teacher,7.6,10.0,10.2,2.9,6.7,4,155,110,0,7,7.0,72.0,8,4,No
U01352,2025-04-29,35,Designer,5.8,10.0,5.1,1.8,8.9,50,86,61,2,2,9.0,91.5,8,5,Yes
U02917,2025-04-29,56,Freelancer,7.5,10.0,7.9,3.7,8.1,1,156,106,1,5,7.0,71.2,12,6,No
U00285,2025-04-29,24,Teacher,7.1,7.0,9.5,3.6,7.1,56,158,122,3,5,7.0,79.2,6,2,No
U03059,2025-04-29,60,Designer,7.0,10.0,6.3,1.7,7.7,25,113,77,2,4,7.0,80.3,8,5,No
U02647,2025-04-29,21,Student,7.7,10.0,6.7,1.4,11.5,43,124,85,1,3,10.0,99.3,6,1,No
U05442,2025-04-29,46,Student,9.3,10.0,5.9,1.2,9.6,85,102,52,5,2,10.0,100.0,10,9,No
U01068,2025-04-29,57,Freelancer,6.2,9.0,3.7,1.0,11.5,10,91,42,1,6,5.0,93.4,5,3,No
U03626,2025-04-29,40,Software Engineer,6.1,9.0,7.1,2.3,6.1,32,104,85,3,6,8.0,68.0,2,2,No
U01145,2025-04-29,49,Designer,7.6,9.0,6.7,1.6,8.4,18,151,92,0,6,8.0,75.7,2,1,No
U05353,2025-04-30,34,Analyst,6.5,7.0,6.9,3.0,7.5,30,128,97,1,4,10.0,95.0,7,4,No
U06986,2025-04-30,54,Student,7.0,9.0,9.7,5.3,7.7,21,205,119,3,8,5.0,51.6,9,4,Yes
U06399,2025-04-30,37,Designer,8.3,10.0,4.4,1.0,7.4,13,84,41,0,5,7.0,92.6,4,3,No
U02766,2025-04-30,39,Software Engineer,7.9,10.0,8.0,3.3,10.5,51,132,113,1,3,10.0,100.0,5,2,No
U00215,2025-04-30,46,Freelancer,8.0,10.0,2.7,0.2,7.6,35,53,48,0,1,10.0,92.4,3,1,No
U06939,2025-04-30,44,Software Engineer,7.1,10.0,4.5,2.4,12.0,16,99,60,1,3,10.0,100.0,6,5,No
U05930,2025-04-30,47,Analyst,7.3,9.0,9.5,2.5,5.0,13,162,117,3,7,9.0,69.9,3,1,No
U00311,2025-04-30,46,Designer,6.4,10.0,4.0,2.3,9.0,35,120,67,3,4,10.0,88.3,3,1,No
U04386,2025-04-30,46,Student,6.6,10.0,8.1,5.0,6.7,21,140,117,2,6,8.0,78.4,10,5,No
U05992,2025-04-30,40,Software Engineer,8.0,10.0,4.2,1.0,7.3,76,82,51,1,1,10.0,99.6,5,3,No
U05173,2025-04-30,28,Analyst,6.2,10.0,6.2,2.4,8.3,20,104,82,1,4,9.0,65.1,12,7,No
U04364,2025-04-30,20,Freelancer,8.0,10.0,8.3,2.4,7.3,29,150,111,4,5,9.0,88.9,8,6,No
U06909,2025-04-30,42,Designer,9.4,10.0,3.2,1.7,11.7,16,100,41,2,3,10.0,100.0,12,9,Yes
U06058,2025-04-30,54,Freelancer,7.8,10.0,7.9,3.7,3.7,60,159,118,1,5,10.0,79.9,5,2,No
U05162,2025-04-30,35,Freelancer,6.8,10.0,6.6,2.3,11.4,105,118,77,2,4,10.0,96.3,6,2,No
U04248,2025-04-30,59,Teacher,7.0,10.0,7.3,2.6,10.2,55,147,104,3,5,9.0,82.8,9,5,No
U04123,2025-04-30,27,Student,5.4,9.0,2.0,1.2,9.9,3,75,36,5,6,5.0,75.2,8,6,Yes
U04889,2025-04-30,38,Student,7.3,10.0,7.8,1.0,8.1,48,140,118,0,4,8.0,88.4,7,3,No
U04600,2025-04-30,57,Analyst,5.9,10.0,8.9,3.1,5.2,107,163,104,2,4,9.0,81.7,8,3,No
U04678,2025-04-30,37,Teacher,7.1,10.0,8.5,5.8,5.0,84,175,143,1,2,10.0,91.6,7,4,No
U00416,2025-04-30,43,Freelancer,6.3,9.0,8.9,5.8,6.5,65,181,129,1,4,7.0,87.5,12,7,No
U00582,2025-04-30,44,Analyst,5.9,9.0,10.8,2.3,10.2,35,164,116,5,6,6.0,59.6,2,2,No
U06126,2025-04-30,41,Designer,5.2,8.0,5.4,1.5,11.8,34,107,63,1,4,8.0,92.2,2,2,No
U05507,2025-05-01,52,Teacher,7.1,10.0,4.9,2.1,9.1,30,91,67,4,4,7.0,76.9,7,2,No
U02999,2025-05-01,51,Student,8.7,10.0,7.2,4.7,8.2,22,170,99,2,7,8.0,68.0,9,5,No
U04052,2025-05-01,22,Analyst,7.0,9.0,8.7,0.3,3.5,73,118,100,3,8,8.0,52.8,9,5,Yes
U05585,2025-05-01,36,Designer,8.2,10.0,10.4,5.4,5.8,27,206,159,0,5,10.0,79.3,6,4,Yes
U05780,2025-05-01,40,Student,8.3,10.0,10.3,3.5,9.4,17,164,139,0,5,8.0,76.2,8,5,No
U05594,2025-05-01,44,Software Engineer,5.4,7.0,5.2,2.0,10.7,53,79,65,5,4,10.0,85.4,8,6,Yes
U06461,2025-05-01,59,Teacher,7.8,9.0,7.6,3.7,7.9,38,112,96,3,4,8.0,81.6,12,4,Yes
U01239,2025-05-01,29,Designer,6.7,9.0,4.8,2.5,10.6,42,142,64,2,7,7.0,75.7,8,5,No
U03354,2025-05-01,43,Analyst,7.2,10.0,5.9,3.0,10.3,55,121,73,1,4,8.0,100.0,8,4,No
U06109,2025-05-01,33,Teacher,7.6,10.0,6.9,2.5,7.0,55,146,87,5,3,9.0,78.0,11,7,No
U00025,2025-05-01,29,Freelancer,7.4,10.0,7.6,3.1,6.8,18,138,101,2,4,7.0,78.0,8,5,Yes
U06264,2025-05-01,51,Designer,5.4,5.0,10.2,3.7,5.3,26,176,134,3,9,8.0,55.5,8,1,Yes
U04711,2025-05-01,49,Analyst,7.4,10.0,4.1,2.6,8.3,30,116,44,5,5,8.0,86.1,7,4,No
U06737,2025-05-01,50,Analyst,6.1,8.0,8.7,0.9,10.7,11,185,95,2,5,8.0,85.7,5,3,No
U02651,2025-05-01,18,Designer,5.2,9.0,8.4,5.6,8.3,41,161,124,2,6,8.0,77.1,6,4,No
U02363,2025-05-01,46,Teacher,7.9,9.0,3.7,1.4,7.9,33,103,48,4,1,10.0,100.0,11,8,Yes
U05276,2025-05-01,27,Freelancer,7.0,10.0,7.0,2.4,6.8,66,133,73,0,5,8.0,75.3,6,2,Yes
U00704,2025-05-01,25,Software Engineer,6.9,9.0,3.8,0.9,10.1,42,59,29,0,4,9.0,100.0,6,3,Yes
U05094,2025-05-01,60,Analyst,9.1,10.0,6.3,0.5,6.6,38,125,58,1,3,10.0,95.8,8,6,Yes
U04698,2025-05-01,43,Analyst,6.7,10.0,6.6,4.0,6.7,31,134,95,2,4,8.0,83.9,7,5,No
U00150,2025-05-01,59,Student,7.1,9.0,7.3,2.7,9.8,50,136,65,4,5,9.0,100.0,11,6,No
U01395,2025-05-02,42,Teacher,6.3,9.0,3.5,0.5,10.5,21,44,45,2,4,8.0,94.0,6,4,Yes
U00169,2025-05-02,44,Software Engineer,6.4,7.0,6.3,2.9,4.9,91,98,90,2,4,8.0,86.8,5,3,Yes
U01256,2025-05-02,45,Analyst,8.9,10.0,5.5,1.3,11.2,76,110,68,1,2,10.0,100.0,5,4,Yes
U04939,2025-05-02,55,Designer,7.2,10.0,9.8,1.7,7.3,94,156,109,0,6,10.0,76.0,9,6,Yes
U02216,2025-05-02,60,Designer,5.0,4.0,4.4,1.8,9.2,23,69,76,1,6,6.0,76.0,6,4,No
U00686,2025-05-02,54,Analyst,7.8,10.0,7.1,3.5,11.2,69,152,92,3,2,10.0,100.0,10,4,No
U06337,2025-05-02,39,Designer,8.4,10.0,6.4,1.1,10.4,23,113,62,3,4,7.0,92.3,7,4,No
U03965,2025-05-02,51,Teacher,6.6,8.0,5.0,1.8,8.3,16,118,57,1,4,10.0,96.1,8,3,Yes
U02153,2025-05-02,40,Teacher,7.6,6.0,6.3,2.1,12.0,3,104,68,2,7,9.0,94.6,7,5,No
U06174,2025-05-02,34,Freelancer,7.5,10.0,6.0,1.3,5.3,29,112,85,1,6,7.0,81.8,8,3,Yes
U03298,2025-05-02,34,Freelancer,7.5,10.0,4.7,3.2,10.0,41,124,66,0,2,10.0,100.0,8,6,No
U02516,2025-05-02,46,Software Engineer,6.9,10.0,5.2,2.5,7.0,29,102,73,1,3,8.0,91.7,8,6,No
U04279,2025-05-02,38,Teacher,7.0,10.0,5.6,0.8,11.3,24,74,65,2,4,9.0,96.3,11,7,No
U01956,2025-05-02,18,Freelancer,8.0,10.0,5.5,0.2,11.7,32,93,57,1,5,9.0,100.0,6,4,No
U01316,2025-05-02,34,Teacher,6.8,10.0,7.9,2.4,7.7,36,160,112,1,7,9.0,63.9,7,5,Yes
U00207,2025-05-02,23,Designer,5.9,10.0,4.0,1.4,10.6,104,101,33,1,2,10.0,100.0,7,4,No
U04838,2025-05-02,47,Analyst,6.4,10.0,5.4,3.2,8.3,14,117,100,1,4,9.0,81.8,7,6,No
U06485,2025-05-02,55,Analyst,7.2,,6.4,2.5,6.4,24,121,57,1,7,7.0,80.6,5,4,No
U06433,2025-05-02,51,Freelancer,5.7,7.0,7.0,3.3,10.0,36,116,106,5,4,7.0,95.3,3,3,No
U00130,2025-05-02,59,Analyst,6.1,7.0,9.8,5.9,7.6,19,245,144,1,7,7.0,56.4,13,6,No
U04362,2025-05-02,58,Student,6.7,10.0,4.8,2.7,8.9,81,112,70,3,4,9.0,93.3,10,5,No
U06032,2025-05-02,52,Analyst,6.7,8.0,7.0,3.2,5.2,42,165,96,2,5,8.0,67.9,9,6,No
U03007,2025-05-03,29,Software Engineer,7.4,10.0,6.0,3.4,7.5,85,130,103,1,2,10.0,97.9,10,9,No
U06161,2025-05-03,18,Student,7.8,10.0,6.3,2.4,7.6,15,94,78,3,5,8.0,93.9,13,9,Yes
U02754,2025-05-03,52,Analyst,6.1,10.0,5.8,2.2,9.5,65,136,53,1,5,8.0,82.3,4,1,No
U00476,2025-05-03,40,Student,4.8,7.0,8.5,2.5,10.7,60,156,116,2,6,7.0,83.0,7,4,No
U02779,2025-05-03,59,Analyst,7.2,10.0,2.8,0.7,11.1,11,62,33,1,3,9.0,100.0,7,4,Yes
U01851,2025-05-03,29,Designer,8.8,10.0,7.0,4.6,5.9,49,150,103,1,5,10.0,91.0,8,5,Yes
U02438,2025-05-03,21,Designer,7.1,9.0,4.2,2.0,10.6,8,99,67,2,6,7.0,85.3,9,5,No
U01191,2025-05-03,20,Designer,7.5,10.0,9.1,2.4,9.3,15,163,127,3,6,8.0,75.4,7,5,No
U01528,2025-05-03,35,Teacher,6.5,8.0,7.1,0.8,9.6,29,126,80,1,6,9.0,79.8,8,5,Yes
U05640,2025-05-03,31,Freelancer,10.0,10.0,4.6,2.8,8.8,38,54,63,0,2,9.0,100.0,5,4,No
U01709,2025-05-03,55,Analyst,6.8,9.0,9.1,2.3,8.6,25,166,96,0,8,8.0,64.7,4,0,No
U00209,2025-05-03,28,Software Engineer,7.7,10.0,5.8,0.6,9.6,29,70,81,3,4,10.0,100.0,9,6,Yes
U00430,2025-05-03,38,Teacher,5.5,6.0,5.5,0.9,7.4,49,96,47,2,6,9.0,92.7,7,4,No
U03714,2025-05-03,58,Freelancer,5.3,7.0,3.7,0.5,8.4,30,74,45,1,4,10.0,90.2,6,5,No
U00621,2025-05-03,40,Designer,6.2,8.0,7.2,3.1,7.2,142,131,100,3,3,7.0,96.2,9,5,Yes
U00848,2025-05-03,23,Freelancer,7.2,10.0,4.6,1.3,8.7,6,84,60,3,4,9.0,91.3,7,3,Yes
U06874,2025-05-03,22,Freelancer,5.5,7.0,8.4,6.1,7.5,4,161,121,1,8,7.0,59.7,10,6,No
U03881,2025-05-03,39,Teacher,7.4,10.0,5.7,3.1,10.5,4,128,74,1,7,6.0,86.7,7,3,No
U06916,2025-05-03,26,Software Engineer,7.5,10.0,1.4,0.2,10.2,70,10,16,4,1,10.0,100.0,5,4,No
U00429,2025-05-04,43,Software Engineer,7.1,10.0,7.6,0.8,7.1,48,151,79,0,5,10.0,73.2,7,5,No
U00600,2025-05-04,50,Software Engineer,5.7,8.0,6.4,3.8,12.0,37,138,91,1,4,9.0,95.2,2,1,No
U03112,2025-05-04,45,Freelancer,6.1,7.0,3.1,1.4,10.2,27,69,56,2,5,9.0,89.3,9,7,No
U01610,2025-05-04,28,Software Engineer,4.6,7.0,4.1,2.6,12.0,23,111,67,4,5,8.0,94.4,9,7,No
U04061,2025-05-04,27,Freelancer,6.0,6.0,8.5,,4.4,9,151,87,0,6,8.0,62.8,4,2,No
U06087,2025-05-04,35,Teacher,7.5,10.0,7.9,2.1,10.9,55,106,89,2,3,9.0,100.0,9,7,No
U01397,2025-05-04,37,Analyst,7.4,10.0,3.9,1.9,9.5,45,95,48,3,4,10.0,100.0,7,4,No
U03004,2025-05-04,40,Freelancer,5.8,10.0,5.2,1.4,11.4,131,81,60,2,3,10.0,100.0,7,6,No
U04327,2025-05-04,43,Analyst,7.0,7.0,7.8,1.5,9.1,11,105,95,2,4,9.0,98.7,9,6,No
U06665,2025-05-04,55,Freelancer,8.2,10.0,5.8,2.8,6.2,37,127,91,2,3,7.0,76.4,6,5,Yes
U00316,2025-05-04,41,Teacher,6.5,10.0,5.1,0.9,9.3,22,72,61,2,5,8.0,94.6,9,3,No
U01394,2025-05-04,47,Freelancer,6.6,6.0,6.1,1.8,9.8,39,113,72,2,6,9.0,77.5,8,3,No
U03909,2025-05-04,26,Freelancer,8.7,10.0,6.9,4.8,6.2,29,135,104,3,4,10.0,82.7,7,4,No
U00423,2025-05-04,22,Teacher,7.2,8.0,3.2,1.8,10.5,18,85,39,1,3,8.0,94.8,3,0,No
U06799,2025-05-04,47,Student,8.3,10.0,7.2,3.7,9.0,74,140,83,1,3,9.0,100.0,8,6,Yes
U05782,2025-05-04,59,Analyst,7.0,10.0,6.1,4.1,8.6,43,123,94,3,4,8.0,73.4,6,2,Yes
U01337,2025-05-04,38,Designer,6.1,7.0,4.4,2.6,7.3,51,112,80,2,5,10.0,85.0,6,4,No
U03854,2025-05-04,41,Designer,6.9,10.0,7.8,1.3,7.8,18,78,73,1,5,7.0,73.5,4,1,No
U06260,2025-05-04,53,Designer,9.0,10.0,2.2,0.0,9.3,77,68,12,2,1,10.0,100.0,6,6,No
U05203,2025-05-04,40,Software Engineer,7.8,10.0,4.4,1.7,10.7,25,104,67,1,4,7.0,100.0,7,3,No
U06458,2025-05-05,34,Freelancer,7.3,10.0,3.2,0.5,12.0,44,98,41,4,4,10.0,100.0,6,5,No
U03567,2025-05-05,27,Freelancer,6.8,10.0,6.7,2.1,7.8,20,116,77,4,5,8.0,79.8,7,5,No
U01362,2025-05-05,54,Teacher,8.4,10.0,1.6,0.0,11.2,78,21,49,1,1,10.0,100.0,7,5,Yes
U02220,2025-05-05,59,Software Engineer,5.9,7.0,6.3,0.9,8.5,65,111,68,1,5,10.0,82.8,9,5,No
U01413,2025-05-05,21,Teacher,7.5,5.0,8.4,3.4,9.5,44,186,102,0,6,9.0,84.7,7,3,No
U05512,2025-05-05,49,Freelancer,6.4,6.0,3.5,1.0,11.3,23,71,41,2,5,10.0,100.0,9,6,Yes
U06113,2025-05-05,45,Analyst,7.6,10.0,5.6,1.8,10.9,52,118,80,1,3,9.0,88.8,8,8,No
U03206,2025-05-05,51,Student,6.3,9.0,4.4,0.9,8.8,40,79,40,2,3,9.0,95.8,11,7,No
U06703,2025-05-05,37,Analyst,8.5,10.0,4.8,1.7,10.1,77,101,64,3,3,10.0,100.0,10,7,No
U06302,2025-05-05,47,Student,5.8,8.0,9.1,4.7,5.1,36,183,129,4,7,8.0,57.9,8,4,No
U03021,2025-05-05,45,Designer,7.5,10.0,6.5,0.3,11.2,10,80,85,1,6,10.0,80.7,5,3,No
U03161,2025-05-05,38,Analyst,6.0,8.0,7.5,3.3,7.0,52,123,108,3,5,9.0,82.2,8,4,No
U00262,2025-05-05,53,Teacher,6.6,9.0,5.6,3.4,5.9,40,122,92,6,6,4.0,63.2,12,5,No
U04999,2025-05-05,44,Freelancer,6.6,7.0,12.1,6.9,7.0,30,250,178,1,9,7.0,63.5,12,4,Yes
U01552,2025-05-05,58,Freelancer,7.7,10.0,7.9,5.8,8.3,46,140,118,0,6,9.0,82.5,6,4,No
U02183,2025-05-05,38,Teacher,6.7,10.0,10.5,3.0,11.2,25,166,127,2,6,9.0,79.5,7,4,Yes
U01013,2025-05-05,46,Analyst,6.9,10.0,7.5,1.3,7.2,83,148,96,0,3,10.0,92.7,7,5,Yes
U02324,2025-05-05,24,Student,7.0,7.0,8.2,2.2,10.8,48,160,111,0,4,9.0,89.4,4,3,Yes
U02983,2025-05-06,47,Software Engineer,8.7,10.0,7.8,1.9,7.2,52,178,89,2,4,10.0,95.6,7,7,Yes
U05605,2025-05-06,52,Student,7.5,10.0,7.8,2.7,7.7,21,157,89,2,3,9.0,70.5,7,3,Yes
U05085,2025-05-06,35,Freelancer,8.3,10.0,4.1,0.4,12.0,18,68,51,1,1,9.0,100.0,10,8,Yes
U01839,2025-05-06,33,Student,6.5,9.0,7.0,2.3,6.7,27,117,87,4,6,9.0,67.4,9,5,Yes
U01857,2025-05-06,54,Analyst,6.5,8.0,5.6,2.5,9.5,37,116,73,2,5,9.0,78.6,3,0,No
U00286,2025-05-06,20,Teacher,6.7,10.0,5.5,2.3,8.4,150,100,55,4,3,10.0,95.5,8,6,Yes
U01470,2025-05-06,26,Teacher,6.3,10.0,8.0,2.0,4.6,103,128,89,1,4,10.0,96.7,4,3,Yes
U01285,2025-05-06,43,Designer,5.9,10.0,6.3,0.6,9.8,44,111,73,2,5,9.0,84.2,4,4,No
U01847,2025-05-06,22,Student,7.5,10.0,4.0,2.0,8.1,11,90,65,3,4,10.0,91.4,8,6,No
U05845,2025-05-06,35,Student,5.8,8.0,11.1,5.1,7.0,23,203,152,1,9,4.0,46.0,4,0,No
U01070,2025-05-06,38,Freelancer,7.7,9.0,7.2,1.9,9.7,53,158,70,3,5,9.0,81.4,8,5,No
U06934,2025-05-06,18,Designer,8.0,10.0,6.1,1.4,7.8,46,95,71,3,2,8.0,85.8,7,5,No
U01144,2025-05-06,45,Software Engineer,6.0,8.0,3.5,1.2,11.3,23,111,69,0,3,6.0,77.1,8,7,Yes
U01133,2025-05-06,25,Freelancer,8.4,10.0,5.8,1.3,10.0,51,117,74,0,4,9.0,100.0,12,8,Yes
U01150,2025-05-06,20,Student,7.3,10.0,1.1,0.2,10.2,21,20,13,4,1,8.0,99.2,11,10,No
U03723,2025-05-06,35,Analyst,7.9,10.0,6.7,1.6,8.1,16,136,69,2,6,8.0,69.9,12,8,No
U02888,2025-05-06,32,Teacher,8.6,10.0,4.0,2.0,10.7,29,124,55,2,3,10.0,100.0,7,5,No
U04611,2025-05-06,29,Analyst,5.2,7.0,4.4,1.5,10.8,46,63,64,0,4,8.0,91.3,7,5,Yes
U03477,2025-05-06,60,Freelancer,5.6,8.0,5.0,2.3,9.2,22,126,66,2,4,6.0,81.0,5,5,No
U01926,2025-05-06,22,Software Engineer,7.5,10.0,6.2,2.5,9.0,26,89,81,2,3,9.0,81.1,10,8,Yes
U02661,2025-05-06,38,Freelancer,6.1,9.0,6.6,1.1,6.8,33,115,80,4,6,6.0,71.3,3,1,No
U06227,2025-05-06,46,Designer,7.7,10.0,6.0,2.4,9.2,47,139,74,2,5,7.0,100.0,8,4,No
U01887,2025-05-06,48,Teacher,6.6,8.0,8.8,3.5,8.3,77,146,104,1,4,9.0,84.4,7,4,No
U00740,2025-05-06,46,Software Engineer,7.7,9.0,3.9,1.2,12.0,28,119,47,3,5,8.0,97.4,6,4,No
U05181,2025-05-06,36,Software Engineer,6.7,8.0,3.1,2.2,12.0,36,71,53,1,3,7.0,93.3,5,3,No
U01050,2025-05-06,59,Student,9.0,10.0,7.6,3.4,7.6,28,169,93,1,6,10.0,85.2,5,3,No
U03101,2025-05-07,37,Analyst,4.9,6.0,2.2,1.5,10.9,45,84,34,5,2,7.0,95.2,4,0,No
U01012,2025-05-07,22,Analyst,6.1,8.0,8.0,2.3,7.5,47,154,116,1,5,9.0,75.4,4,4,Yes
U04303,2025-05-07,32,Student,7.1,10.0,2.6,1.0,11.0,61,67,51,1,2,8.0,100.0,5,4,No
U06504,2025-05-07,38,Software Engineer,5.6,9.0,9.7,3.8,6.6,5,177,119,0,6,8.0,62.1,8,5,Yes
U03931,2025-05-07,56,Freelancer,6.6,9.0,2.4,0.6,7.6,49,54,27,1,1,9.0,93.1,8,6,No
U01741,2025-05-07,59,Software Engineer,8.2,10.0,5.2,2.1,7.5,19,113,91,1,2,10.0,100.0,6,3,No
U02226,2025-05-07,47,Teacher,6.7,10.0,8.6,4.4,8.1,13,177,132,1,8,8.0,56.3,18,7,No
U00127,2025-05-07,32,Designer,4.6,6.0,4.5,0.9,8.9,23,116,59,3,7,5.0,83.5,4,2,Yes
U00357,2025-05-07,18,Designer,6.4,10.0,8.2,0.8,5.3,13,155,83,1,6,9.0,67.1,7,3,No
U06978,2025-05-07,48,Analyst,7.5,10.0,6.6,3.7,5.4,13,126,85,2,3,10.0,85.7,4,2,Yes
U00106,2025-05-07,50,Freelancer,7.0,10.0,2.9,1.2,10.6,31,72,59,0,3,8.0,100.0,12,9,No
U05808,2025-05-07,20,Analyst,6.8,10.0,5.8,1.7,7.7,46,88,73,5,3,9.0,81.4,2,1,Yes
U06690,2025-05-07,27,Freelancer,6.8,10.0,7.8,4.9,6.5,20,135,128,3,6,7.0,73.3,8,3,Yes
U04943,2025-05-07,29,Designer,7.7,10.0,9.0,2.5,4.9,28,163,106,0,5,8.0,63.3,7,3,No
U01295,2025-05-07,59,Teacher,6.6,8.0,6.1,2.5,6.3,46,125,66,2,4,9.0,75.7,7,6,Yes
U04378,2025-05-07,45,Student,6.2,9.0,7.5,3.1,7.7,80,145,99,0,3,10.0,93.0,6,4,No
U06733,2025-05-07,23,Student,5.6,9.0,6.3,1.3,6.2,45,76,75,0,3,9.0,77.7,8,5,No
U05100,2025-05-08,53,Teacher,8.2,10.0,6.4,0.2,7.2,24,90,71,1,5,9.0,74.3,7,5,No
U00891,2025-05-08,36,Student,8.0,10.0,6.3,0.6,8.2,13,71,66,4,4,9.0,88.5,4,1,Yes
U02294,2025-05-08,42,Student,8.1,10.0,6.6,0.8,6.7,58,100,67,2,3,9.0,100.0,9,5,No
U01151,2025-05-08,41,Freelancer,8.5,10.0,6.5,2.8,9.7,13,166,96,0,5,5.0,84.5,10,9,Yes
U06376,2025-05-08,60,Software Engineer,8.6,10.0,5.5,2.6,8.7,60,92,63,1,5,10.0,84.6,11,9,No
U04477,2025-05-08,32,Software Engineer,4.7,7.0,9.5,3.8,7.6,24,155,116,1,6,7.0,59.5,5,2,No
U02684,2025-05-08,35,Designer,8.7,10.0,6.6,3.4,9.2,23,146,93,1,6,7.0,86.4,8,4,No
U04380,2025-05-08,19,Student,8.4,10.0,7.6,3.0,9.1,88,128,100,3,2,10.0,100.0,8,7,Yes
U04709,2025-05-08,28,Analyst,4.4,7.0,3.5,2.0,9.6,36,81,56,0,5,4.0,68.3,8,4,No
U04785,2025-05-08,20,Analyst,7.6,10.0,4.3,2.3,9.5,15,114,60,0,6,6.0,80.0,4,2,No
U03907,2025-05-08,49,Designer,5.2,9.0,4.8,0.9,8.9,24,69,65,2,4,6.0,72.3,6,4,No
U03807,2025-05-08,43,Student,5.8,10.0,3.6,2.2,10.5,35,75,49,0,3,9.0,89.5,12,7,No
U03914,2025-05-08,39,Software Engineer,6.6,8.0,7.6,3.1,9.0,51,199,104,2,6,6.0,68.3,6,5,No
U03972,2025-05-08,57,Designer,7.0,9.0,10.4,2.9,7.9,9,208,139,2,6,5.0,60.7,7,4,No
U01810,2025-05-08,19,Software Engineer,6.2,9.0,7.4,2.0,8.3,29,134,88,2,4,8.0,82.8,3,3,Yes
U03748,2025-05-08,60,Freelancer,8.0,10.0,7.5,3.7,9.0,28,164,81,1,4,8.0,86.1,8,5,No
U05525,2025-05-08,22,Designer,7.9,10.0,8.1,1.6,7.7,15,137,82,4,5,10.0,79.4,5,1,No
U03976,2025-05-08,44,Teacher,5.8,8.0,3.9,0.6,12.0,42,90,44,0,3,10.0,96.4,8,5,No
U01044,2025-05-08,29,Software Engineer,7.5,7.0,7.0,4.5,6.9,13,151,118,2,6,8.0,66.8,2,1,No
U00490,2025-05-09,53,Student,8.0,10.0,9.6,5.4,8.7,36,194,131,1,6,8.0,65.6,8,5,No
U01171,2025-05-09,48,Software Engineer,6.7,10.0,6.4,4.0,9.0,5,132,90,2,5,9.0,74.1,8,3,Yes
U03623,2025-05-09,28,Teacher,6.3,9.0,4.6,3.0,10.2,12,122,79,3,5,9.0,86.8,7,5,No
U01744,2025-05-09,35,Analyst,9.9,10.0,8.7,3.2,7.4,46,136,108,2,4,10.0,100.0,11,5,No
U06928,2025-05-09,59,Designer,6.5,10.0,7.6,4.5,7.5,33,138,117,1,5,7.0,75.2,7,6,No
U02091,2025-05-09,52,Teacher,5.6,8.0,6.8,3.9,8.5,29,135,100,2,2,8.0,84.2,5,2,No
U04382,2025-05-09,32,Teacher,9.1,10.0,10.3,4.9,9.7,47,188,150,2,7,10.0,94.3,9,5,No
U00137,2025-05-09,54,Teacher,6.6,10.0,8.7,4.4,6.7,21,165,125,3,6,8.0,64.4,3,3,No
U04860,2025-05-09,26,Student,7.4,9.0,4.1,2.5,11.2,36,99,90,1,2,10.0,100.0,9,7,Yes
U00759,2025-05-09,28,Freelancer,6.1,9.0,3.6,1.7,9.7,2,101,39,0,2,9.0,97.0,8,6,No
U06678,2025-05-09,30,Freelancer,8.8,10.0,8.3,4.9,10.0,26,163,119,1,4,8.0,100.0,7,3,No
U02524,2025-05-09,25,Software Engineer,9.4,10.0,8.0,5.5,10.2,43,182,101,1,5,10.0,87.0,7,5,No
U01526,2025-05-09,56,Designer,6.8,10.0,8.5,3.7,8.3,28,109,128,3,4,6.0,72.0,5,3,No
U06976,2025-05-09,38,Student,3.1,6.0,3.7,1.5,12.0,50,102,39,1,6,5.0,73.8,10,7,No
U02104,2025-05-09,38,Freelancer,6.7,10.0,4.9,0.9,6.3,67,62,47,0,1,10.0,100.0,12,7,Yes
U06490,2025-05-09,34,Designer,6.1,10.0,7.9,5.7,7.2,120,177,118,2,4,10.0,99.0,6,2,No
U04497,2025-05-09,52,Student,7.6,10.0,6.0,1.0,5.3,52,85,46,2,3,8.0,81.9,4,2,No
U02581,2025-05-09,21,Teacher,7.5,9.0,6.6,1.6,9.2,12,98,94,1,4,9.0,96.2,7,5,Yes
U00554,2025-05-09,26,Freelancer,7.2,10.0,6.6,2.8,4.5,32,90,93,1,5,7.0,65.1,7,3,No
U00232,2025-05-09,18,Freelancer,6.9,10.0,7.9,4.7,6.6,33,147,121,3,6,9.0,77.8,10,6,No
U05213,2025-05-09,27,Software Engineer,6.6,9.0,5.6,1.1,10.0,21,69,81,0,5,6.0,92.2,8,5,No
U01933,2025-05-09,50,Designer,7.9,10.0,7.2,1.3,9.6,23,97,103,3,4,10.0,85.6,5,3,No
U00472,2025-05-09,29,Designer,7.9,10.0,5.9,3.0,8.4,143,148,64,2,2,10.0,95.7,9,9,No
U04538,2025-05-09,31,Designer,7.5,10.0,5.1,0.7,7.1,63,54,77,3,1,10.0,84.9,11,6,No
U01353,2025-05-09,59,Software Engineer,7.8,10.0,7.0,0.8,7.6,121,98,81,3,2,10.0,100.0,6,5,No
U04579,2025-05-10,49,Software Engineer,7.5,10.0,7.4,2.8,8.6,18,141,95,3,8,10.0,74.3,7,4,Yes
U00266,2025-05-10,52,Analyst,5.2,5.0,8.2,5.2,6.9,7,163,126,3,7,5.0,58.3,5,4,No
U03987,2025-05-10,42,Freelancer,8.9,10.0,6.7,3.9,10.0,60,134,111,4,2,10.0,100.0,6,3,No
U03053,2025-05-10,31,Teacher,8.8,10.0,7.1,2.3,10.4,19,130,81,2,4,9.0,97.0,10,7,No
U03821,2025-05-10,21,Analyst,4.1,9.0,11.4,2.5,5.6,33,173,119,0,6,8.0,58.0,2,1,No
U04396,2025-05-10,49,Analyst,5.1,9.0,5.5,2.3,9.6,57,116,48,1,3,9.0,92.4,8,8,No
U06997,2025-05-10,53,Analyst,4.3,5.0,8.0,4.5,5.9,65,112,99,2,5,6.0,60.8,9,3,No
U01890,2025-05-10,55,Software Engineer,10.0,10.0,4.8,1.5,8.2,25,106,66,1,2,10.0,100.0,4,3,Yes
U04446,2025-05-10,47,Software Engineer,6.5,10.0,6.2,1.9,8.2,20,99,82,1,5,10.0,81.8,5,4,Yes
U04969,2025-05-10,51,Student,6.4,8.0,4.0,1.5,10.7,72,60,76,2,4,10.0,100.0,2,1,No
U00197,2025-05-10,49,Teacher,6.7,9.0,4.5,2.5,11.1,22,123,63,4,5,7.0,95.1,7,3,No
U02279,2025-05-10,37,Analyst,6.3,7.0,2.3,0.3,10.3,34,62,33,1,1,10.0,99.4,6,4,No
U03290,2025-05-10,56,Analyst,9.2,10.0,6.2,2.3,9.6,24,96,73,2,4,10.0,100.0,4,2,No
U02349,2025-05-10,54,Designer,7.3,10.0,7.8,2.5,6.1,24,131,103,0,6,9.0,73.1,4,1,Yes
U05092,2025-05-10,32,Software Engineer,7.5,8.0,5.6,3.3,8.9,17,109,68,2,3,10.0,93.5,7,7,Yes
U00324,2025-05-10,50,Designer,7.4,10.0,5.0,0.8,11.7,11,105,51,2,3,10.0,100.0,15,10,No
U01094,2025-05-10,50,Analyst,7.3,10.0,8.9,3.8,4.6,18,176,114,2,6,9.0,67.7,10,8,No
U05917,2025-05-10,43,Teacher,6.1,10.0,6.6,3.6,12.0,80,72,94,5,3,9.0,94.2,11,9,No
U06543,2025-05-10,59,Teacher,8.0,10.0,9.1,5.6,5.6,43,195,125,3,6,9.0,82.6,12,4,Yes
U04292,2025-05-10,31,Software Engineer,7.7,10.0,4.5,0.7,9.3,11,99,36,3,5,10.0,88.5,5,4,No
U03001,2025-05-10,49,Freelancer,6.7,10.0,4.3,1.0,11.0,83,75,33,1,4,9.0,100.0,11,6,No
U00012,2025-05-11,41,Analyst,6.4,10.0,8.0,3.0,7.9,14,173,97,3,9,7.0,54.7,7,5,No
U06822,2025-05-11,33,Analyst,7.3,10.0,10.8,2.5,7.4,5,149,144,0,9,9.0,64.9,5,2,No
U02256,2025-05-11,18,Analyst,5.7,10.0,4.9,2.2,9.4,55,104,79,2,4,9.0,94.7,7,5,No
U06306,2025-05-11,24,Teacher,8.2,10.0,6.5,3.2,11.0,35,140,91,4,5,9.0,82.7,5,4,No
U05259,2025-05-11,34,Student,6.9,9.0,3.5,1.4,10.4,19,92,59,3,3,6.0,93.1,8,6,Yes
U02923,2025-05-11,50,Student,3.0,7.0,7.0,1.9,7.1,21,107,66,3,8,5.0,62.0,9,4,No
U01901,2025-05-11,55,Freelancer,7.2,10.0,6.0,2.6,8.7,7,98,74,1,6,8.0,79.0,7,5,No
U00074,2025-05-11,33,Analyst,7.4,9.0,6.4,2.5,7.2,59,146,82,0,3,9.0,100.0,4,2,No
U02081,2025-05-11,50,Teacher,9.1,10.0,4.5,2.7,8.5,40,90,80,1,2,10.0,100.0,7,7,No
U00706,2025-05-11,43,Student,6.9,10.0,9.6,4.9,3.8,49,162,129,4,6,10.0,78.5,4,2,No
U00993,2025-05-11,50,Student,6.1,8.0,5.2,2.2,9.6,49,112,67,0,7,6.0,84.6,7,5,No
U02562,2025-05-11,21,Freelancer,6.2,9.0,3.3,1.9,8.4,44,80,55,1,5,10.0,100.0,5,3,Yes
U01481,2025-05-12,22,Designer,6.3,6.0,5.7,3.2,11.3,69,119,74,0,3,9.0,93.0,6,6,Yes
U01108,2025-05-12,57,Software Engineer,6.6,10.0,4.2,1.3,10.1,77,38,67,1,1,10.0,100.0,10,8,Yes
U04651,2025-05-12,54,Student,7.4,10.0,8.0,4.8,7.1,6,167,124,2,6,7.0,73.1,3,1,No
U02905,2025-05-12,40,Analyst,6.9,10.0,8.5,2.8,3.7,14,132,97,3,6,8.0,54.5,5,3,No
U06841,2025-05-12,52,Designer,3.5,5.0,6.8,2.6,6.3,34,120,67,4,5,7.0,64.6,9,3,No
U05075,2025-05-12,39,Designer,7.9,10.0,7.0,2.9,8.4,10,153,75,1,6,7.0,77.3,13,8,Yes
U06794,2025-05-12,51,Designer,6.9,10.0,8.5,4.2,9.9,24,163,105,2,6,10.0,73.1,8,5,Yes
U01735,2025-05-12,21,Student,6.6,10.0,4.0,3.1,12.0,7,83,60,3,3,8.0,100.0,9,8,No
U06220,2025-05-12,44,Student,7.6,10.0,6.9,2.8,6.1,37,109,94,2,3,8.0,83.0,7,5,No
U01458,2025-05-12,51,Designer,7.7,9.0,4.5,1.8,7.8,105,113,68,1,3,,100.0,7,5,No
U03312,2025-05-12,34,Freelancer,9.6,10.0,7.0,3.8,7.4,57,170,122,1,3,10.0,100.0,10,7,No
U00618,2025-05-13,18,Freelancer,6.9,10.0,6.2,1.0,7.4,49,134,60,1,3,9.0,87.0,8,6,No
U00913,2025-05-13,30,Analyst,9.2,9.0,8.0,3.1,10.3,27,156,108,2,6,9.0,91.1,6,5,No
U02914,2025-05-13,53,Student,5.5,7.0,3.0,1.0,12.0,11,74,58,1,3,8.0,93.2,11,9,No
U03915,2025-05-13,34,Designer,7.0,9.0,3.6,2.4,10.4,43,101,61,2,3,8.0,100.0,4,3,No
U06361,2025-05-13,46,Freelancer,6.0,10.0,6.3,1.2,9.0,36,103,72,0,3,10.0,78.4,8,6,No
U05932,2025-05-13,60,Freelancer,7.2,10.0,12.3,4.8,4.1,11,207,142,2,9,7.0,46.1,12,5,No
U04004,2025-05-13,50,Analyst,8.2,10.0,4.1,1.6,10.7,42,132,49,2,4,9.0,100.0,10,6,No
U06829,2025-05-13,30,Designer,6.4,8.0,5.2,1.2,10.9,34,125,65,2,5,8.0,88.3,5,1,Yes
U03791,2025-05-13,47,Freelancer,8.1,10.0,8.8,4.3,6.4,49,185,106,3,6,8.0,71.5,4,2,Yes
U03225,2025-05-13,47,Software Engineer,5.5,10.0,3.7,1.4,11.5,48,46,51,2,3,10.0,98.2,6,4,No
U02863,2025-05-13,38,Teacher,8.0,10.0,1.0,0.5,9.7,10,44,24,4,2,10.0,100.0,5,1,No
U04175,2025-05-13,55,Freelancer,7.6,10.0,6.1,2.0,10.3,18,85,72,2,4,8.0,100.0,3,2,No
U06715,2025-05-13,37,Freelancer,6.5,10.0,9.3,4.6,8.1,14,159,130,2,7,7.0,60.2,7,4,No
U04165,2025-05-13,35,Teacher,5.2,7.0,3.9,0.1,9.3,92,87,43,0,4,10.0,89.8,6,4,Yes
U00805,2025-05-13,45,Freelancer,8.4,10.0,9.2,5.3,8.0,16,177,122,0,8,10.0,67.1,10,4,No
U00861,2025-05-13,47,Software Engineer,7.5,10.0,5.3,3.4,7.3,5,116,68,2,5,9.0,81.1,8,5,No
U06031,2025-05-13,32,Student,7.6,10.0,5.8,2.8,5.0,21,113,83,4,4,10.0,93.2,5,3,Yes
U06273,2025-05-13,41,Software Engineer,7.6,10.0,5.4,2.1,9.4,73,128,64,4,4,8.0,100.0,3,0,No
U04588,2025-05-13,40,Student,7.0,8.0,5.5,2.9,10.5,23,115,91,1,6,10.0,85.2,4,1,No
U00612,2025-05-13,37,Analyst,7.7,8.0,6.4,2.8,9.2,22,109,61,1,6,8.0,86.8,6,3,Yes
U03642,2025-05-13,43,Teacher,9.3,10.0,4.6,1.0,7.5,41,96,48,2,2,10.0,100.0,7,4,No
U02535,2025-05-13,60,Freelancer,7.5,10.0,5.0,3.0,11.0,16,88,62,1,4,8.0,98.6,8,6,No
U02093,2025-05-13,24,Analyst,7.8,10.0,8.6,3.6,5.5,39,159,109,1,6,10.0,89.5,3,0,No
U01248,2025-05-13,57,Designer,5.7,8.0,6.7,2.2,7.1,20,141,81,2,8,7.0,73.5,6,3,No
U02323,2025-05-13,52,Designer,4.1,6.0,4.9,1.5,7.0,57,99,92,1,5,7.0,71.7,8,6,No
U02800,2025-05-14,32,Teacher,7.2,8.0,5.3,1.9,10.1,24,104,68,4,5,10.0,92.1,5,5,No
U02930,2025-05-14,31,Teacher,6.4,9.0,4.9,3.5,8.9,38,149,76,1,5,8.0,82.5,3,2,Yes
U00774,2025-05-14,22,Teacher,4.9,8.0,5.4,2.9,8.8,14,105,93,0,7,7.0,58.0,5,3,No
U05864,2025-05-14,25,Student,5.7,7.0,8.6,5.2,9.2,44,172,104,1,6,8.0,74.7,4,2,No
U05073,2025-05-14,23,Analyst,6.6,8.0,3.0,2.2,12.0,11,93,75,1,3,8.0,100.0,4,3,Yes
U05950,2025-05-14,26,Teacher,6.4,10.0,5.8,2.7,7.6,14,79,77,1,3,9.0,92.3,6,2,No
U03763,2025-05-14,59,Teacher,6.1,7.0,4.2,0.5,11.3,46,108,43,0,5,,100.0,8,4,No
U06973,2025-05-14,39,Software Engineer,6.7,10.0,7.1,2.2,6.2,7,145,103,5,5,9.0,66.8,5,2,No
U04867,2025-05-14,49,Teacher,7.0,9.0,9.7,3.9,5.5,25,187,128,3,8,8.0,56.7,4,2,Yes
U03828,2025-05-15,36,Teacher,6.9,8.0,6.3,2.4,7.2,35,79,86,2,4,8.0,88.6,11,7,No
U06191,2025-05-15,44,Freelancer,5.8,7.0,5.4,2.9,12.0,21,107,84,1,3,9.0,82.7,2,2,No
U03831,2025-05-15,43,Student,5.7,9.0,5.5,2.9,7.0,34,110,72,5,4,8.0,80.2,7,3,Yes
U02196,2025-05-15,31,Designer,9.2,10.0,6.5,3.4,6.1,40,118,109,1,6,10.0,92.0,7,5,No
U00267,2025-05-15,42,Student,7.8,10.0,6.5,3.1,11.0,46,149,81,2,3,10.0,100.0,4,3,Yes
U01440,2025-05-15,26,Analyst,9.2,10.0,5.7,1.4,8.0,133,110,67,0,1,10.0,100.0,10,6,No
U03610,2025-05-15,42,Freelancer,7.0,10.0,4.7,3.3,11.2,41,94,65,1,2,8.0,100.0,4,0,No
U00643,2025-05-15,34,Teacher,7.8,10.0,5.1,3.1,7.6,93,137,71,2,2,8.0,98.4,12,7,No
U02823,2025-05-15,54,Freelancer,10.0,10.0,8.8,2.8,5.9,42,115,74,0,5,10.0,94.5,9,4,No
U00356,2025-05-15,37,Student,6.4,10.0,8.2,1.9,8.3,56,130,108,0,6,9.0,75.9,2,2,No
U05829,2025-05-15,33,Analyst,7.8,10.0,7.6,4.6,5.0,27,164,106,0,5,10.0,80.7,7,5,No
U06645,2025-05-15,26,Student,6.7,8.0,7.7,4.2,6.7,63,159,99,2,5,9.0,78.5,9,4,No
U01951,2025-05-15,30,Analyst,6.1,8.0,4.9,0.0,9.3,5,53,48,0,5,9.0,84.9,10,8,No
U04944,2025-05-15,48,Teacher,4.5,6.0,8.2,5.2,8.4,20,128,119,1,6,5.0,66.9,3,3,No
U00170,2025-05-15,26,Teacher,9.8,10.0,9.9,5.4,7.3,18,168,113,2,7,9.0,76.4,4,2,No
U03585,2025-05-16,41,Designer,7.4,10.0,6.8,4.3,7.2,26,125,113,3,4,9.0,99.0,7,3,No
U05521,2025-05-16,42,Software Engineer,6.5,9.0,6.5,2.3,10.9,12,151,58,1,6,7.0,95.4,7,4,No
U06320,2025-05-16,26,Analyst,9.4,10.0,10.4,2.3,9.6,86,158,116,2,6,7.0,90.9,10,7,No
U00321,2025-05-16,38,Teacher,6.0,9.0,4.2,2.0,9.3,36,81,32,5,2,7.0,90.1,9,7,No
U06311,2025-05-16,23,Teacher,8.8,10.0,8.8,4.7,7.0,180,173,138,2,2,10.0,95.1,10,6,Yes
U01060,2025-05-16,40,Student,5.3,9.0,7.0,1.3,8.1,21,111,79,0,7,7.0,61.7,5,3,No
U04030,2025-05-16,32,Designer,7.7,10.0,10.7,2.5,7.5,56,193,154,0,3,10.0,87.3,3,1,No
U05274,2025-05-16,33,Analyst,8.1,10.0,4.0,1.1,10.2,85,86,58,5,2,10.0,100.0,4,2,No
U03277,2025-05-16,25,Software Engineer,6.6,9.0,6.1,0.8,9.7,58,106,83,1,4,9.0,91.6,12,10,No
U03110,2025-05-16,54,Analyst,6.7,10.0,9.0,2.7,6.3,53,152,96,2,4,8.0,71.9,7,5,Yes
U00385,2025-05-16,47,Analyst,5.3,9.0,5.4,3.3,8.9,51,124,66,2,5,8.0,85.1,4,2,Yes
U03793,2025-05-16,52,Analyst,6.8,10.0,6.3,3.4,10.7,7,126,85,1,4,7.0,78.4,5,1,No
U01833,2025-05-16,40,Student,7.9,10.0,5.1,1.6,12.0,12,112,69,2,5,10.0,96.8,10,7,No
U04506,2025-05-16,30,Designer,7.3,,5.4,2.2,9.4,27,85,60,5,5,10.0,100.0,6,3,No
U01496,2025-05-16,51,Freelancer,7.5,7.0,7.7,3.8,7.5,21,115,127,1,5,9.0,67.4,10,6,No
U03440,2025-05-16,41,Freelancer,7.5,8.0,9.7,1.8,6.6,64,159,96,1,5,9.0,90.1,3,0,No
U00972,2025-05-17,50,Analyst,6.4,6.0,4.8,1.5,8.3,48,137,45,4,4,8.0,83.1,7,5,Yes
U03139,2025-05-17,55,Teacher,8.1,10.0,2.4,0.5,10.8,81,15,51,1,1,10.0,100.0,6,4,Yes
U03413,2025-05-17,31,Software Engineer,7.5,10.0,8.2,2.5,5.7,46,168,112,4,4,8.0,75.8,8,3,No
U06041,2025-05-17,21,Designer,6.7,10.0,4.5,1.3,8.7,21,77,69,1,5,8.0,81.2,2,2,No
U04523,2025-05-17,44,Software Engineer,7.0,9.0,6.4,1.3,6.8,35,125,72,1,5,9.0,97.9,4,2,No
U04945,2025-05-17,41,Teacher,8.1,10.0,4.4,2.7,10.8,10,106,64,1,2,9.0,100.0,8,8,No
U04369,2025-05-17,19,Analyst,7.6,10.0,4.6,2.8,8.8,31,97,53,1,3,10.0,100.0,9,7,No
U06652,2025-05-17,38,Freelancer,6.8,9.0,6.2,2.8,10.3,58,141,85,1,5,10.0,95.3,9,5,Yes
U06383,2025-05-17,21,Designer,4.7,9.0,9.8,1.1,7.1,58,165,104,1,9,7.0,50.8,5,1,No
U06790,2025-05-17,33,Designer,8.3,10.0,5.0,2.5,9.6,12,115,80,2,3,8.0,86.8,9,7,Yes
U06940,2025-05-17,41,Designer,8.2,10.0,6.7,2.5,10.7,55,134,91,2,4,10.0,98.9,6,4,Yes
U05726,2025-05-17,35,Designer,7.1,9.0,7.2,1.6,5.3,12,133,53,0,4,8.0,78.0,6,4,No
U04959,2025-05-17,41,Freelancer,7.8,10.0,6.9,4.5,10.6,37,153,123,0,6,9.0,89.9,9,6,No
U01028,2025-05-17,57,Student,6.7,9.0,5.9,1.3,9.2,11,120,83,0,6,8.0,70.8,8,6,Yes
U01432,2025-05-17,51,Designer,7.2,10.0,2.8,0.7,9.9,23,75,45,2,3,7.0,92.4,10,9,No
U00534,2025-05-17,52,Freelancer,5.2,9.0,4.8,1.8,11.2,45,123,49,0,5,7.0,83.9,4,2,No
U05931,2025-05-17,30,Designer,7.0,9.0,6.8,4.2,9.8,21,153,89,1,4,8.0,83.3,9,5,Yes
U05382,2025-05-17,36,Designer,5.4,8.0,4.0,1.4,11.3,20,86,63,2,3,7.0,92.0,8,4,No
U01485,2025-05-17,54,Software Engineer,7.1,9.0,6.2,2.7,7.2,30,120,71,1,4,10.0,92.9,9,4,No
U00624,2025-05-17,27,Analyst,8.7,10.0,5.4,2.0,9.0,41,107,75,0,3,10.0,100.0,9,6,No
U05832,2025-05-17,29,Freelancer,6.3,8.0,7.9,2.2,4.4,54,123,89,1,5,,77.4,6,4,No
U04127,2025-05-17,49,Designer,8.0,10.0,7.4,3.0,10.6,23,138,101,3,5,10.0,77.2,2,0,No
U05291,2025-05-17,42,Analyst,6.8,10.0,7.5,1.8,9.0,63,153,66,3,5,10.0,96.8,7,5,No
U04472,2025-05-18,53,Software Engineer,4.2,6.0,5.6,1.1,11.0,7,85,61,2,7,5.0,67.6,6,2,No
U02075,2025-05-18,27,Software Engineer,6.2,8.0,7.4,2.8,9.0,56,155,106,0,5,8.0,80.5,6,4,Yes
U02600,2025-05-18,47,Teacher,5.9,9.0,9.4,4.1,8.5,6,151,108,3,7,6.0,53.5,6,2,No
U01694,2025-05-18,57,Teacher,7.4,10.0,8.4,6.1,10.9,12,159,128,1,6,7.0,73.6,4,2,No
U00872,2025-05-18,23,Analyst,5.0,7.0,3.5,1.3,11.2,72,122,56,1,2,7.0,96.0,13,8,No
U02745,2025-05-18,51,Student,7.2,10.0,5.5,3.8,2.6,27,148,68,1,2,10.0,90.0,6,5,No
U06696,2025-05-18,26,Designer,7.3,10.0,6.0,1.8,8.4,27,68,69,1,2,10.0,92.3,5,4,No
U00960,2025-05-18,25,Software Engineer,7.2,10.0,10.9,3.6,8.5,33,230,133,1,6,10.0,76.6,7,4,No
U02694,2025-05-18,49,Teacher,6.4,10.0,9.0,2.9,7.2,53,138,102,3,5,7.0,87.7,10,5,Yes
U00778,2025-05-18,39,Freelancer,8.8,10.0,8.9,5.5,8.8,44,172,141,0,5,,81.0,6,2,No
U03689,2025-05-18,38,Software Engineer,7.4,10.0,7.2,3.9,7.0,45,161,105,2,5,7.0,73.5,14,8,No
U01099,2025-05-18,45,Analyst,5.4,10.0,5.2,1.3,11.2,84,132,82,0,6,8.0,86.9,4,4,No
U02984,2025-05-18,29,Freelancer,7.4,10.0,6.3,1.4,7.7,47,120,71,3,3,8.0,93.3,8,7,No
U01736,2025-05-18,23,Freelancer,6.3,8.0,3.5,1.2,8.0,19,65,55,1,4,8.0,84.3,8,8,No
U02868,2025-05-18,29,Teacher,3.9,7.0,8.8,4.9,9.0,38,196,117,0,9,8.0,39.2,6,2,No
U06524,2025-05-18,26,Student,8.6,10.0,4.4,0.8,9.4,57,87,48,2,2,10.0,100.0,2,1,No
U05730,2025-05-19,59,Software Engineer,7.6,10.0,6.2,4.7,3.3,63,155,88,0,5,9.0,73.8,6,1,No
U04844,2025-05-19,35,Designer,5.7,8.0,4.7,0.8,8.5,18,87,53,3,5,7.0,69.3,9,7,Yes
U03169,2025-05-19,51,Software Engineer,7.0,10.0,8.5,1.2,8.4,44,142,89,1,4,10.0,66.8,7,2,No
U05017,2025-05-19,22,Analyst,5.6,9.0,5.0,1.6,12.0,27,97,59,0,1,7.0,100.0,12,9,No
U03877,2025-05-19,55,Freelancer,8.1,10.0,8.2,4.4,7.6,29,161,112,2,6,8.0,78.1,5,4,No
U02592,2025-05-19,35,Analyst,6.1,6.0,8.6,2.5,5.2,62,125,98,1,4,9.0,91.9,10,3,Yes
U05912,2025-05-19,45,Student,8.4,10.0,5.4,1.5,6.4,31,104,68,1,3,9.0,97.5,2,2,Yes
U06141,2025-05-19,31,Freelancer,5.5,9.0,4.8,1.8,8.7,46,72,67,0,3,9.0,94.6,6,5,No
U05352,2025-05-19,41,Analyst,7.1,10.0,6.8,1.4,8.4,56,126,87,3,5,9.0,90.0,11,6,No
U06502,2025-05-19,28,Designer,7.5,10.0,1.9,0.8,8.4,57,34,32,1,3,9.0,100.0,9,5,No
U01159,2025-05-19,51,Teacher,8.6,9.0,5.9,1.8,6.5,8,117,91,1,5,5.0,70.1,6,5,No
U01391,2025-05-19,46,Freelancer,9.1,10.0,2.0,1.3,10.2,54,87,52,1,3,10.0,100.0,6,2,Yes
U03255,2025-05-19,38,Designer,8.7,10.0,9.8,5.0,7.6,38,139,131,0,6,10.0,84.0,6,3,No
U05556,2025-05-19,44,Student,7.5,10.0,7.1,1.9,11.9,12,142,87,2,6,9.0,94.2,6,2,Yes
U04617,2025-05-19,45,Teacher,6.7,9.0,6.5,4.4,9.4,54,139,89,2,5,9.0,95.2,9,8,Yes
U04622,2025-05-19,19,Software Engineer,6.9,9.0,4.5,2.7,10.3,35,104,73,1,4,7.0,97.6,4,3,No
U00838,2025-05-19,35,Freelancer,4.3,5.0,10.6,6.0,8.3,174,198,154,2,4,10.0,79.8,6,3,Yes
U03408,2025-05-19,51,Software Engineer,6.6,9.0,8.4,2.1,8.1,33,108,72,0,6,10.0,88.0,7,2,Yes
U03640,2025-05-19,32,Software Engineer,7.9,10.0,5.5,3.4,7.9,42,132,64,4,5,9.0,100.0,6,6,No
U04791,2025-05-19,25,Analyst,7.0,10.0,9.7,5.0,7.1,27,211,122,2,8,6.0,62.9,13,5,Yes
U05890,2025-05-19,39,Designer,5.9,10.0,6.5,2.1,6.5,23,161,90,4,6,6.0,90.9,5,2,No
U05927,2025-05-19,60,Teacher,9.0,10.0,5.0,2.4,7.2,17,108,67,1,3,9.0,100.0,6,6,No
U05630,2025-05-19,40,Designer,6.7,10.0,5.3,3.3,8.2,22,120,89,1,3,8.0,75.2,8,5,No
U01949,2025-05-19,51,Analyst,6.1,9.0,8.7,2.2,4.6,58,128,97,3,5,8.0,77.2,11,3,No
U02309,2025-05-19,33,Analyst,7.8,9.0,10.2,3.6,8.9,10,206,113,1,7,5.0,53.6,7,3,No
U03639,2025-05-20,30,Freelancer,4.4,5.0,6.3,1.8,10.2,39,122,75,1,4,8.0,80.9,5,3,No
U04409,2025-05-20,26,Freelancer,5.8,8.0,4.8,1.8,9.4,54,104,66,0,2,5.0,86.3,3,2,Yes
U03311,2025-05-20,28,Freelancer,10.0,10.0,9.1,3.8,8.0,11,129,109,1,5,9.0,88.2,7,7,Yes
U04085,2025-05-20,47,Analyst,8.2,10.0,3.6,1.7,9.4,28,120,50,2,4,10.0,100.0,7,4,Yes
U06404,2025-05-20,23,Freelancer,8.1,10.0,7.0,1.1,7.0,13,122,70,1,6,7.0,85.8,4,4,Yes
U04306,2025-05-20,25,Teacher,6.6,8.0,4.3,0.9,10.5,15,102,46,0,5,6.0,80.8,4,2,Yes
U04925,2025-05-20,36,Analyst,6.1,8.0,6.5,3.2,7.5,36,108,97,3,5,9.0,84.7,5,5,No
U01475,2025-05-20,28,Student,7.2,,3.9,1.4,8.5,3,82,54,3,5,7.0,79.9,11,5,No
U00867,2025-05-20,57,Software Engineer,5.3,8.0,7.5,2.1,10.8,31,147,79,1,6,9.0,75.3,6,3,No
U02316,2025-05-20,54,Teacher,5.8,8.0,10.8,6.1,7.3,23,223,143,1,7,7.0,64.8,11,5,No
U03841,2025-05-20,46,Software Engineer,9.0,10.0,5.1,2.3,9.4,40,105,63,0,3,9.0,100.0,8,5,No
U04877,2025-05-21,60,Teacher,6.8,,10.0,6.1,7.8,55,164,149,2,6,10.0,81.2,6,2,No
U04274,2025-05-21,30,Analyst,8.2,9.0,7.9,3.1,7.3,10,152,98,1,5,8.0,79.4,8,2,Yes
U06028,2025-05-21,21,Analyst,7.9,10.0,1.6,0.3,12.0,28,5,18,4,2,10.0,100.0,5,5,Yes
U06380,2025-05-21,24,Software Engineer,7.2,8.0,4.9,0.4,9.6,39,80,62,5,5,10.0,87.2,6,4,No
U01650,2025-05-21,42,Designer,7.6,10.0,1.0,0.2,10.9,43,39,3,2,1,9.0,100.0,6,5,Yes
U04426,2025-05-21,40,Student,8.6,10.0,7.5,1.7,9.4,15,125,99,3,4,10.0,99.6,8,4,Yes
U06831,2025-05-21,28,Software Engineer,7.9,10.0,2.4,1.1,11.0,28,55,40,1,3,7.0,100.0,8,8,No
U01425,2025-05-21,24,Designer,5.4,7.0,7.2,0.3,7.4,104,84,68,2,5,10.0,81.7,11,5,No
U00265,2025-05-21,37,Designer,4.7,5.0,4.5,3.4,9.6,24,121,68,4,5,7.0,99.9,10,6,No
U04014,2025-05-21,45,Software Engineer,6.9,10.0,11.9,4.9,6.9,58,189,146,0,6,9.0,77.7,5,2,No
U06949,2025-05-21,26,Analyst,4.4,7.0,4.0,0.6,6.2,16,92,45,1,5,,71.1,5,4,Yes
U04114,2025-05-21,42,Designer,6.3,10.0,3.4,0.9,8.9,6,85,25,2,6,8.0,73.7,9,2,No
U02044,2025-05-21,59,Software Engineer,7.3,9.0,4.7,2.4,12.0,23,105,61,4,4,10.0,100.0,6,5,No
U04592,2025-05-21,27,Teacher,5.8,9.0,7.5,2.5,7.5,11,145,115,3,9,9.0,57.8,9,4,No
U03259,2025-05-21,18,Software Engineer,7.5,10.0,4.6,1.3,8.0,81,121,70,3,2,10.0,100.0,7,6,Yes
U04736,2025-05-21,32,Designer,6.8,10.0,3.9,1.4,12.0,66,65,58,1,3,9.0,100.0,6,3,Yes
U01782,2025-05-22,49,Freelancer,6.7,10.0,4.7,3.8,7.1,43,112,86,4,3,7.0,89.7,6,5,No
U06764,2025-05-22,54,Designer,8.4,10.0,5.5,3.5,7.3,101,116,88,0,3,10.0,96.9,10,5,Yes
U06011,2025-05-22,58,Analyst,6.6,10.0,11.8,6.7,8.6,133,214,160,1,5,10.0,86.9,3,2,No
U05879,2025-05-22,30,Designer,7.1,9.0,4.8,0.3,6.0,20,102,45,0,5,7.0,76.0,4,2,No
U00595,2025-05-22,18,Freelancer,7.2,8.0,7.0,4.6,10.2,28,137,91,1,5,8.0,85.4,5,3,No
U01390,2025-05-22,46,Student,8.3,9.0,4.2,0.7,8.5,46,68,38,2,2,10.0,100.0,6,4,No
U00462,2025-05-22,54,Student,6.0,7.0,5.9,2.7,8.2,24,104,69,3,4,8.0,80.6,5,3,Yes
U02487,2025-05-22,40,Designer,7.1,10.0,10.5,1.9,7.4,16,163,132,1,9,7.0,59.0,8,5,No
U02643,2025-05-22,22,Designer,6.6,7.0,6.2,1.2,6.4,47,101,76,3,1,10.0,94.5,2,2,No
U00484,2025-05-22,51,Designer,7.6,9.0,3.7,1.6,10.3,46,97,55,2,3,9.0,100.0,7,4,No
U01219,2025-05-22,60,Teacher,6.5,10.0,3.6,2.1,9.7,83,69,46,3,1,10.0,100.0,5,5,Yes
U03307,2025-05-22,41,Freelancer,9.3,10.0,10.4,3.1,6.0,21,186,112,2,7,10.0,78.6,9,4,No
U02073,2025-05-22,53,Software Engineer,6.2,9.0,8.2,1.2,6.1,36,161,98,0,8,5.0,63.5,6,4,No
U01859,2025-05-22,54,Designer,6.5,10.0,7.8,3.0,7.9,30,124,97,1,5,10.0,71.5,7,2,No
U04529,2025-05-22,52,Software Engineer,6.5,8.0,7.1,1.3,10.3,40,110,62,2,4,9.0,80.7,10,8,No
U01707,2025-05-23,56,Freelancer,6.9,9.0,10.5,6.6,6.2,13,219,154,0,9,7.0,45.6,14,5,No
U01478,2025-05-23,32,Student,7.2,10.0,8.3,3.7,7.6,14,146,96,0,6,10.0,69.0,3,1,No
U03402,2025-05-23,55,Software Engineer,6.6,9.0,4.8,1.2,8.8,25,124,64,1,5,7.0,99.3,12,7,No
U04526,2025-05-23,32,Student,5.0,5.0,2.0,1.0,9.9,21,62,22,1,3,8.0,98.5,7,6,No
U03538,2025-05-23,19,Designer,3.8,7.0,6.9,0.7,9.3,50,114,64,1,4,6.0,64.8,6,4,Yes
U04689,2025-05-23,47,Designer,5.7,10.0,3.2,0.7,10.0,50,94,20,0,3,9.0,97.1,3,0,No
U04492,2025-05-23,54,Freelancer,8.2,10.0,7.1,5.2,7.9,50,158,80,4,4,9.0,91.8,5,4,No
U02045,2025-05-23,59,Software Engineer,6.4,9.0,10.9,3.1,4.2,75,169,94,0,6,9.0,70.1,8,2,No
U03044,2025-05-23,43,Student,6.0,8.0,9.5,5.9,5.8,19,160,122,2,6,6.0,50.3,8,5,No
U01656,2025-05-23,53,Designer,8.8,10.0,3.5,1.4,12.0,16,68,72,1,3,8.0,100.0,4,3,No
U03666,2025-05-23,25,Analyst,5.8,7.0,5.4,1.6,7.5,14,81,61,1,4,6.0,73.9,8,3,No
U01486,2025-05-23,30,Designer,5.8,9.0,7.7,3.4,7.1,40,161,112,1,7,6.0,73.2,11,6,No
U01846,2025-05-23,18,Teacher,7.8,10.0,4.9,2.6,8.7,19,109,74,3,4,9.0,100.0,6,4,No
U03231,2025-05-23,52,Designer,7.1,9.0,5.7,1.2,7.6,67,111,79,2,4,9.0,100.0,5,3,Yes
U03272,2025-05-24,41,Student,6.7,9.0,4.4,2.5,6.7,76,112,51,1,3,8.0,89.6,4,2,No
U02960,2025-05-24,57,Designer,6.0,8.0,8.2,3.3,5.4,87,157,128,2,5,8.0,75.7,10,6,No
U06405,2025-05-24,50,Software Engineer,6.4,8.0,6.7,0.8,9.5,50,109,75,2,2,9.0,81.6,6,4,No
U04897,2025-05-24,58,Student,5.3,10.0,7.3,2.8,8.3,44,134,98,1,7,5.0,59.3,9,6,No
U04347,2025-05-24,42,Teacher,6.4,10.0,6.9,3.5,4.9,61,182,86,1,5,7.0,60.6,6,3,No
U04376,2025-05-24,53,Teacher,8.0,10.0,10.2,1.9,6.1,56,132,126,0,5,10.0,83.4,7,2,No
U01542,2025-05-24,57,Teacher,6.4,8.0,6.2,3.3,8.1,12,164,96,1,8,7.0,73.7,14,8,No
U00850,2025-05-24,51,Freelancer,5.6,9.0,5.6,1.3,6.8,59,94,58,1,3,9.0,91.9,7,4,Yes
U03670,2025-05-24,45,Freelancer,6.4,10.0,5.0,3.5,6.0,152,122,81,2,1,10.0,99.6,6,2,No
U00408,2025-05-24,18,Teacher,6.3,6.0,6.2,1.7,8.5,30,108,69,1,5,7.0,78.0,7,1,Yes
U01865,2025-05-24,19,Software Engineer,7.5,9.0,4.6,0.9,7.8,25,119,74,1,5,9.0,100.0,9,8,No
U01269,2025-05-24,57,Designer,6.0,8.0,7.2,0.9,6.9,46,140,71,1,5,8.0,65.5,13,6,No
U01276,2025-05-24,53,Designer,5.8,9.0,4.9,2.1,10.8,28,126,43,1,4,9.0,97.0,9,7,No
U01831,2025-05-24,29,Software Engineer,7.0,8.0,7.9,3.9,8.6,18,123,124,2,5,8.0,82.3,6,1,No
U00492,2025-05-24,38,Software Engineer,6.7,9.0,7.6,2.2,9.2,41,165,77,4,5,8.0,82.4,6,4,Yes
U03746,2025-05-24,47,Analyst,7.8,9.0,5.5,,9.1,15,71,98,3,2,10.0,100.0,6,4,No
U00718,2025-05-24,38,Student,7.6,8.0,6.9,2.0,10.3,34,105,90,2,6,7.0,79.4,14,11,No
U01027,2025-05-24,27,Software Engineer,8.0,10.0,7.7,3.7,9.8,47,170,93,1,5,8.0,89.9,9,5,Yes
U03318,2025-05-25,24,Student,4.9,7.0,6.6,3.6,8.8,124,130,125,3,3,9.0,97.0,5,1,Yes
U02814,2025-05-25,57,Software Engineer,5.0,7.0,5.6,2.3,9.1,27,126,69,1,6,8.0,82.7,8,5,No
U00031,2025-05-25,33,Student,5.3,7.0,1.5,0.0,11.2,39,34,7,1,3,8.0,100.0,6,4,Yes
U05681,2025-05-25,52,Freelancer,7.9,10.0,11.0,4.5,10.0,12,176,120,5,8,7.0,65.6,8,5,Yes
U00809,2025-05-25,19,Designer,6.6,8.0,4.6,1.9,8.1,117,124,52,1,1,10.0,100.0,10,7,No
U02780,2025-05-25,52,Designer,8.3,10.0,4.7,1.6,11.2,120,123,81,3,2,10.0,100.0,3,2,No
U00386,2025-05-25,52,Software Engineer,5.9,9.0,8.6,4.4,8.1,43,167,118,1,4,9.0,80.9,10,4,No
U01923,2025-05-25,48,Student,5.2,7.0,7.1,2.7,4.2,17,153,111,3,7,6.0,55.1,10,6,No
U04360,2025-05-25,36,Student,6.7,9.0,8.0,1.9,12.0,36,140,100,2,4,6.0,87.3,7,4,Yes
U04628,2025-05-25,28,Analyst,6.6,10.0,7.9,0.6,7.4,55,91,72,1,3,8.0,85.9,10,7,No
U01594,2025-05-25,46,Student,6.6,9.0,3.6,2.4,7.0,10,107,64,2,6,6.0,84.6,8,3,No
U05380,2025-05-25,41,Student,7.5,9.0,8.5,1.3,8.8,22,112,77,2,5,10.0,82.8,13,8,Yes
U01468,2025-05-25,29,Software Engineer,5.5,8.0,8.4,4.8,9.2,36,193,108,2,7,6.0,73.2,10,3,No
U05961,2025-05-25,45,Teacher,3.9,8.0,9.6,3.6,5.9,47,189,132,2,7,9.0,54.0,8,2,Yes
U01872,2025-05-25,52,Software Engineer,6.8,10.0,8.0,5.3,10.9,56,157,134,1,5,8.0,77.2,7,4,No
U05823,2025-05-25,39,Analyst,4.0,8.0,6.8,3.0,9.3,21,95,100,2,5,6.0,79.2,9,4,Yes
U05583,2025-05-26,26,Designer,8.1,10.0,9.6,2.6,5.6,21,141,122,1,4,7.0,78.9,3,3,No
U01208,2025-05-26,49,Freelancer,5.0,6.0,10.8,4.8,3.9,36,200,128,3,6,6.0,46.3,8,3,No
U03535,2025-05-26,30,Teacher,8.3,10.0,10.4,5.2,7.7,57,217,139,3,7,9.0,86.2,8,5,No
U03824,2025-05-26,38,Designer,8.2,10.0,3.6,0.9,10.1,67,125,63,2,2,9.0,100.0,4,2,No
U03724,2025-05-26,36,Software Engineer,6.8,7.0,3.5,0.7,9.3,49,69,37,0,1,8.0,100.0,8,6,No
U06288,2025-05-26,40,Designer,5.5,8.0,7.6,4.1,8.3,65,142,102,1,5,8.0,89.3,10,5,No
U06889,2025-05-26,24,Student,7.7,9.0,8.0,2.9,10.8,42,117,104,2,3,9.0,92.6,8,6,No
U01435,2025-05-26,20,Student,9.1,9.0,4.5,2.0,9.7,46,105,78,2,3,10.0,100.0,10,8,No
U06863,2025-05-26,33,Designer,7.4,10.0,6.0,1.6,7.7,50,135,76,1,6,7.0,74.4,6,4,No
U06256,2025-05-26,59,Analyst,4.7,8.0,1.8,1.1,6.1,100,33,43,0,1,9.0,99.6,11,9,No
U00708,2025-05-26,20,Teacher,6.5,7.0,4.5,3.1,11.8,26,82,83,1,5,8.0,100.0,7,4,Yes
U03885,2025-05-26,55,Teacher,7.5,10.0,6.0,0.7,6.4,18,108,75,3,5,8.0,76.3,6,4,No
U04336,2025-05-26,18,Software Engineer,6.3,8.0,8.7,5.2,10.9,52,151,123,2,6,9.0,75.5,2,1,No
U01658,2025-05-27,55,Student,7.2,7.0,5.9,2.7,8.0,16,128,77,1,5,9.0,80.5,9,7,No
U03495,2025-05-27,50,Student,6.1,10.0,7.8,4.0,4.7,23,169,101,2,5,10.0,84.0,9,6,No
U04928,2025-05-27,45,Student,7.1,9.0,8.2,4.0,6.9,24,172,119,1,6,10.0,68.0,11,7,No
U02615,2025-05-27,37,Teacher,8.2,10.0,2.8,0.4,7.5,25,95,27,0,2,10.0,100.0,12,7,No
U01301,2025-05-27,47,Teacher,6.3,10.0,6.9,3.5,12.0,3,175,102,1,6,9.0,86.7,4,3,No
U06088,2025-05-27,28,Teacher,5.8,7.0,3.1,0.3,7.4,39,76,47,2,7,9.0,61.5,9,5,Yes
U00655,2025-05-27,42,Student,7.9,7.0,7.1,4.0,6.7,117,165,77,2,1,10.0,100.0,5,3,No
U00243,2025-05-27,43,Freelancer,7.8,10.0,6.2,1.9,10.0,25,77,91,2,5,8.0,88.3,9,6,Yes
U05784,2025-05-27,27,Freelancer,5.9,10.0,9.5,2.1,7.1,29,142,83,5,9,5.0,54.7,5,2,No
U04498,2025-05-27,32,Software Engineer,5.6,8.0,4.5,2.1,10.5,19,105,55,0,4,5.0,85.3,9,6,No
U05345,2025-05-27,36,Teacher,8.2,10.0,7.3,4.2,10.0,11,103,111,2,4,10.0,100.0,7,4,No
U05449,2025-05-27,41,Teacher,5.5,7.0,5.9,4.7,8.6,26,101,104,1,4,6.0,63.8,7,3,No
U05008,2025-05-27,57,Student,7.9,10.0,6.9,1.7,5.9,47,113,87,1,4,10.0,78.4,2,2,No
U01500,2025-05-28,50,Student,8.4,10.0,2.7,0.9,9.7,32,80,59,0,2,10.0,100.0,6,6,Yes
U01834,2025-05-28,48,Student,8.8,10.0,3.2,1.7,7.8,48,48,38,1,2,10.0,100.0,10,7,No
U00027,2025-05-28,42,Freelancer,6.9,8.0,4.1,1.4,9.0,15,53,65,2,3,5.0,90.0,11,7,No
U03770,2025-05-28,25,Student,8.7,10.0,1.6,0.9,8.9,18,67,39,2,1,9.0,100.0,3,1,No
U00927,2025-05-28,47,Teacher,5.8,9.0,7.6,3.6,9.6,47,114,90,1,5,7.0,66.2,5,2,Yes
U01935,2025-05-28,42,Software Engineer,6.5,9.0,6.7,1.7,10.4,39,122,98,1,6,7.0,72.1,11,8,No
U03264,2025-05-28,51,Teacher,6.2,,7.2,1.9,7.1,19,113,62,2,4,5.0,61.8,4,3,No
U02510,2025-05-28,60,Software Engineer,7.7,10.0,5.3,0.8,12.0,57,133,58,2,2,10.0,100.0,7,5,No
U03260,2025-05-28,45,Student,5.8,7.0,8.0,2.7,10.6,36,138,113,1,5,9.0,75.5,4,2,No
U03865,2025-05-28,51,Freelancer,6.9,8.0,6.9,2.3,8.7,22,121,98,1,6,10.0,91.0,8,6,Yes
U06083,2025-05-28,59,Software Engineer,8.5,9.0,4.6,3.3,12.0,22,105,71,3,2,10.0,100.0,13,11,No
U01322,2025-05-28,42,Teacher,5.2,8.0,8.1,3.5,9.6,36,142,104,1,5,8.0,80.6,5,4,No
U05300,2025-05-28,53,Software Engineer,8.4,8.0,5.7,2.8,8.1,6,122,79,2,6,9.0,82.2,5,3,Yes
U02525,2025-05-28,18,Student,4.4,5.0,4.4,0.7,8.4,57,98,61,3,3,10.0,83.0,7,2,No
U03089,2025-05-29,29,Freelancer,7.3,10.0,5.2,0.9,7.2,40,81,70,4,2,6.0,85.4,4,2,No
U03355,2025-05-29,57,Designer,7.5,10.0,4.6,1.7,9.6,46,97,70,0,4,8.0,95.5,6,5,Yes
U02855,2025-05-29,46,Freelancer,7.0,10.0,9.3,4.5,9.1,28,137,122,4,4,7.0,73.6,10,7,No
U02726,2025-05-29,51,Designer,5.5,9.0,5.0,2.4,8.8,27,81,73,2,5,7.0,68.0,10,6,No
U00325,2025-05-29,20,Analyst,8.4,10.0,2.0,0.3,12.0,61,103,29,5,1,10.0,100.0,5,5,No
U02748,2025-05-29,39,Student,7.3,10.0,8.9,2.8,9.7,54,167,82,2,7,9.0,83.9,8,5,Yes
U05598,2025-05-29,60,Student,7.0,9.0,9.9,5.6,10.3,44,195,128,1,7,6.0,77.9,9,4,Yes
U03705,2025-05-29,60,Teacher,8.5,10.0,7.1,3.7,8.4,15,129,94,1,4,8.0,77.2,9,6,No
U01921,2025-05-29,18,Analyst,6.8,10.0,5.3,1.7,9.3,61,140,55,2,5,10.0,94.6,5,4,No
U02072,2025-05-29,36,Software Engineer,7.9,10.0,6.2,2.8,10.1,8,164,66,1,5,9.0,87.2,10,9,No
U02155,2025-05-29,25,Freelancer,5.8,10.0,3.7,2.3,8.3,45,78,59,0,3,10.0,100.0,6,3,No
U03480,2025-05-29,44,Designer,6.4,8.0,4.1,0.5,10.5,44,100,60,2,3,9.0,99.8,14,13,No
U02456,2025-05-29,51,Software Engineer,6.8,10.0,8.7,3.6,6.6,25,163,122,1,6,8.0,79.6,5,2,No
U02507,2025-05-29,41,Software Engineer,4.6,5.0,6.0,3.4,8.7,38,117,90,3,6,5.0,68.3,4,2,No
U04644,2025-05-29,33,Teacher,6.5,7.0,2.3,0.2,8.8,15,54,44,3,4,9.0,88.6,6,5,No
U00081,2025-05-29,32,Analyst,3.8,6.0,6.7,1.8,9.6,41,133,74,0,8,4.0,63.3,11,5,No
U02077,2025-05-29,35,Student,7.2,10.0,8.8,4.2,7.8,46,176,117,1,8,7.0,65.2,4,2,Yes
U03627,2025-05-29,42,Software Engineer,7.6,10.0,8.7,3.2,8.3,1,163,101,1,7,7.0,65.8,3,3,Yes
U06879,2025-05-29,51,Freelancer,7.4,10.0,7.5,2.4,8.3,61,124,63,2,5,9.0,94.3,14,7,No
U03745,2025-05-30,53,Software Engineer,5.7,7.0,1.0,0.1,12.0,17,47,5,1,4,9.0,100.0,7,4,No
U03616,2025-05-30,60,Software Engineer,7.2,10.0,9.2,4.6,5.3,12,168,126,2,7,8.0,54.2,8,4,No
U05795,2025-05-30,52,Software Engineer,6.5,8.0,8.0,2.2,8.9,48,126,110,1,5,10.0,86.7,12,7,No
U06489,2025-05-30,50,Analyst,8.3,7.0,2.1,0.3,12.0,17,62,18,1,1,10.0,100.0,10,8,No
U03504,2025-05-30,54,Student,7.9,10.0,5.7,3.0,10.8,9,120,105,2,6,9.0,77.4,4,3,Yes
U03553,2025-05-30,53,Designer,8.6,10.0,8.7,1.2,8.8,41,144,87,1,3,10.0,90.6,7,4,No
U04525,2025-05-30,48,Student,7.6,10.0,6.7,4.6,6.6,17,144,90,3,4,10.0,82.7,2,1,Yes
U04321,2025-05-30,51,Student,6.8,10.0,6.5,1.6,10.0,42,89,72,2,3,9.0,91.7,4,4,No
U02118,2025-05-30,49,Student,6.5,10.0,8.6,4.4,7.9,14,173,99,1,8,7.0,62.9,2,0,No
U04958,2025-05-30,20,Software Engineer,8.2,10.0,7.3,4.3,5.8,48,157,99,2,4,9.0,79.9,2,2,No
U00298,2025-05-30,51,Freelancer,7.8,10.0,10.3,5.1,5.0,6,172,134,3,6,9.0,70.4,6,4,No
U04808,2025-05-30,56,Analyst,8.8,9.0,6.8,3.7,8.8,53,137,79,2,4,10.0,100.0,4,2,No
U02140,2025-05-30,55,Software Engineer,7.4,10.0,10.0,3.5,9.2,41,201,133,4,7,9.0,65.0,6,4,No
U01998,2025-05-30,32,Student,6.4,10.0,6.0,2.3,10.5,36,131,65,2,5,8.0,90.4,6,4,No
U02492,2025-05-30,60,Analyst,8.0,10.0,6.4,1.8,6.7,33,132,87,1,3,10.0,87.7,8,4,No
U03167,2025-05-31,55,Teacher,6.8,9.0,5.4,1.2,8.8,14,107,50,1,6,8.0,94.0,11,7,No
U05228,2025-05-31,39,Designer,6.7,10.0,8.4,4.6,8.1,26,151,118,3,7,8.0,81.7,5,1,Yes
U03871,2025-05-31,23,Freelancer,4.9,10.0,10.2,1.9,8.2,23,147,125,1,7,6.0,54.5,7,3,No
U05436,2025-05-31,41,Teacher,7.9,10.0,6.4,1.5,8.8,59,100,76,4,3,10.0,100.0,4,3,No
U05061,2025-05-31,55,Teacher,7.3,10.0,7.7,2.1,8.4,3,122,91,0,4,10.0,82.6,5,1,No
U05014,2025-05-31,54,Designer,9.2,10.0,6.3,1.7,8.6,11,104,87,0,6,8.0,81.5,4,2,No
U03028,2025-05-31,19,Software Engineer,7.5,10.0,3.0,0.5,11.0,38,51,34,2,2,8.0,100.0,12,8,No
U01354,2025-05-31,56,Analyst,9.7,10.0,1.8,0.6,8.1,29,50,47,3,2,10.0,100.0,5,3,Yes
U06228,2025-05-31,37,Software Engineer,8.4,10.0,8.2,4.6,9.3,50,150,124,1,7,8.0,89.5,6,3,No
U01073,2025-05-31,27,Analyst,6.3,8.0,10.5,3.2,4.3,50,190,122,2,7,7.0,49.1,6,2,No
U04157,2025-05-31,60,Analyst,7.2,9.0,8.1,2.1,7.8,24,172,98,0,6,8.0,77.3,6,3,Yes
U04155,2025-05-31,50,Software Engineer,6.2,7.0,7.9,2.7,8.2,67,156,78,2,5,8.0,86.0,8,5,No
U03091,2025-05-31,43,Student,6.9,10.0,5.7,1.8,8.6,24,111,90,2,4,10.0,76.3,4,1,No
U03592,2025-05-31,18,Teacher,6.7,8.0,13.6,4.1,9.7,70,260,151,2,9,8.0,67.7,4,1,No
U02108,2025-05-31,56,Analyst,8.2,10.0,7.8,2.8,6.7,100,189,79,0,6,10.0,87.4,8,5,Yes
U03759,2025-05-31,53,Student,4.8,7.0,5.0,2.0,11.3,33,118,91,0,5,5.0,81.6,6,4,No
U00284,2025-05-31,25,Designer,6.8,8.0,5.7,1.5,12.0,59,92,60,4,3,10.0,100.0,6,4,No
U02036,2025-05-31,28,Designer,7.1,7.0,7.4,2.5,6.2,44,149,70,4,4,10.0,75.9,6,2,No
U01995,2025-05-31,54,Analyst,6.8,8.0,2.9,1.4,9.9,30,54,44,2,2,8.0,100.0,7,7,Yes
U04634,2025-05-31,25,Analyst,5.1,7.0,5.0,2.2,9.7,33,87,68,1,4,9.0,97.1,7,2,Yes
U04757,2025-05-31,35,Analyst,6.3,10.0,7.3,3.5,7.9,28,127,90,0,6,7.0,78.0,8,5,No
U06006,2025-05-31,42,Designer,6.9,10.0,6.5,3.8,6.4,30,136,110,2,5,8.0,76.5,8,4,Yes
U03234,2025-06-01,21,Teacher,5.5,8.0,7.8,0.8,6.4,59,109,83,0,5,7.0,72.0,6,5,No
U02849,2025-06-01,37,Analyst,5.7,9.0,7.4,4.7,6.7,49,191,109,1,4,8.0,74.4,10,4,Yes
U05067,2025-06-01,25,Designer,6.2,10.0,5.1,2.9,11.0,34,121,79,0,6,6.0,81.2,9,6,No
U01448,2025-06-01,20,Freelancer,6.9,10.0,8.8,5.7,8.4,48,187,139,2,5,8.0,71.8,7,3,No
U04996,2025-06-01,60,Student,7.5,10.0,5.6,2.3,9.6,48,95,64,3,4,10.0,94.8,4,2,Yes
U01724,2025-06-01,49,Designer,5.6,9.0,7.8,3.4,7.1,27,165,95,1,7,8.0,74.8,5,3,No
U02629,2025-06-01,60,Software Engineer,6.7,10.0,5.5,1.5,9.8,33,92,72,0,6,7.0,81.7,7,6,No
U05142,2025-06-01,52,Software Engineer,8.3,9.0,5.1,0.4,11.2,12,94,51,1,2,10.0,100.0,6,6,No
U01271,2025-06-01,51,Analyst,6.0,6.0,4.1,1.1,7.1,22,68,66,2,1,10.0,92.3,8,5,Yes
U01619,2025-06-01,37,Analyst,7.6,10.0,5.8,1.4,9.4,17,98,65,0,4,9.0,90.1,8,5,No
U00100,2025-06-01,45,Student,6.9,9.0,12.4,9.2,9.6,57,242,189,0,6,8.0,66.4,7,2,No
U02918,2025-06-01,26,Analyst,5.7,9.0,10.0,3.4,6.7,99,178,121,3,3,10.0,88.4,5,3,No
U02607,2025-06-01,50,Software Engineer,4.7,6.0,8.4,2.2,7.6,30,160,117,3,6,7.0,70.3,5,2,No
U04708,2025-06-01,48,Teacher,6.4,7.0,10.4,5.8,7.0,82,165,131,0,5,8.0,68.0,6,1,No
U02410,2025-06-01,57,Student,7.2,9.0,6.7,3.9,10.2,9,149,115,3,5,6.0,95.3,6,3,Yes
U06802,2025-06-01,46,Freelancer,6.9,10.0,8.8,3.3,8.8,57,159,118,3,5,9.0,72.4,9,7,No
U05408,2025-06-01,59,Designer,6.1,10.0,5.1,2.9,12.0,29,101,90,3,6,5.0,88.7,7,6,Yes
U03776,2025-06-01,20,Teacher,5.1,6.0,8.5,4.5,8.7,14,190,114,1,7,7.0,60.4,4,2,No
U02542,2025-06-01,19,Analyst,7.6,8.0,2.6,1.6,7.2,35,81,57,1,4,8.0,90.1,7,3,No
U02921,2025-06-02,32,Software Engineer,8.2,10.0,4.6,2.0,8.7,11,117,89,1,4,9.0,89.1,9,6,Yes
U00626,2025-06-02,33,Software Engineer,7.3,10.0,5.4,1.7,8.0,54,102,59,0,3,7.0,96.7,9,6,No
U04603,2025-06-02,39,Designer,6.1,10.0,3.9,2.0,7.4,18,67,58,1,3,8.0,80.8,6,5,No
U05577,2025-06-02,43,Student,7.7,10.0,4.8,0.0,8.3,12,48,79,4,4,10.0,93.5,3,2,No
U05846,2025-06-02,30,Analyst,6.6,10.0,4.4,2.3,8.1,3,74,88,3,3,10.0,91.8,8,7,No
U00077,2025-06-02,43,Student,8.1,10.0,7.9,2.9,5.0,10,119,95,1,3,9.0,75.3,12,7,No
U01606,2025-06-02,19,Freelancer,7.5,10.0,6.4,3.8,9.0,32,120,99,2,5,10.0,100.0,5,2,No
U04008,2025-06-02,44,Student,6.3,10.0,7.4,2.1,9.0,37,109,97,3,7,6.0,75.0,14,9,No
U02311,2025-06-02,21,Student,5.5,8.0,6.9,0.8,8.6,35,108,68,1,7,6.0,68.6,6,3,No
U03424,2025-06-02,36,Student,7.9,10.0,9.9,1.0,5.2,31,147,91,1,7,9.0,51.3,5,3,No
U01929,2025-06-02,45,Teacher,5.8,9.0,3.1,0.0,11.1,180,79,31,2,1,10.0,100.0,3,1,No
U00470,2025-06-02,46,Software Engineer,6.9,8.0,2.7,1.6,11.5,8,85,33,1,4,6.0,89.3,7,6,Yes
U01576,2025-06-02,31,Designer,6.0,7.0,4.6,1.2,9.8,30,90,66,0,4,8.0,93.8,6,6,No
U01277,2025-06-02,37,Software Engineer,7.3,10.0,4.9,2.3,7.9,50,96,59,2,4,10.0,88.1,5,4,Yes
U04310,2025-06-02,50,Software Engineer,7.0,7.0,9.3,3.4,5.3,18,165,96,2,6,6.0,64.0,10,4,Yes
U01532,2025-06-02,30,Designer,7.1,10.0,10.7,1.8,6.8,35,146,112,2,6,8.0,76.6,7,4,No
U03783,2025-06-02,18,Software Engineer,8.6,10.0,5.4,1.6,8.6,40,124,65,3,1,10.0,100.0,8,4,No
U01556,2025-06-02,32,Teacher,5.3,10.0,3.7,1.5,9.6,23,99,47,3,4,4.0,77.8,10,4,No
U05710,2025-06-02,47,Analyst,7.0,10.0,5.4,0.6,9.7,28,130,52,0,6,5.0,71.1,4,1,Yes
U00083,2025-06-02,42,Student,7.2,8.0,5.5,1.7,11.6,26,93,66,1,5,6.0,94.6,12,10,No
U00165,2025-06-02,20,Analyst,7.4,8.0,5.1,1.3,8.8,30,108,61,2,5,9.0,100.0,5,4,Yes
U06627,2025-06-03,47,Student,5.4,8.0,6.5,4.5,6.7,60,139,111,3,5,9.0,77.9,9,5,No
U06658,2025-06-03,59,Software Engineer,8.7,10.0,8.0,4.5,5.1,45,177,96,1,7,8.0,87.2,4,2,Yes
U01356,2025-06-03,31,Designer,6.4,9.0,5.5,4.0,7.8,64,112,76,1,5,10.0,99.1,8,4,No
U05851,2025-06-03,45,Designer,5.4,8.0,8.6,2.2,7.2,13,156,105,2,9,5.0,40.1,10,7,No
U06767,2025-06-03,52,Designer,8.0,9.0,3.4,2.4,10.9,13,58,47,2,3,9.0,100.0,7,5,Yes
U05839,2025-06-03,40,Teacher,6.6,9.0,7.9,1.9,9.3,61,153,100,0,4,10.0,91.2,7,4,No
U06943,2025-06-03,56,Analyst,9.3,10.0,6.0,0.6,6.2,20,86,74,1,1,10.0,97.6,5,4,No
U01252,2025-06-03,27,Analyst,7.8,10.0,7.1,1.7,9.0,8,112,62,2,7,9.0,79.9,8,6,No
U04842,2025-06-03,46,Designer,7.9,10.0,3.2,0.3,12.0,23,41,50,3,3,10.0,100.0,6,4,No
U05406,2025-06-03,30,Teacher,8.2,10.0,9.0,2.2,7.3,43,133,124,0,2,10.0,91.5,8,6,Yes
U03019,2025-06-03,21,Freelancer,4.1,7.0,8.1,1.2,6.7,27,133,85,1,5,9.0,58.5,5,3,Yes
U06905,2025-06-03,35,Teacher,7.6,10.0,7.8,1.1,7.2,87,124,94,1,5,9.0,97.1,8,2,No
U01234,2025-06-03,51,Designer,6.1,9.0,9.2,4.6,6.3,65,151,125,0,5,6.0,62.6,11,7,No
U01692,2025-06-03,50,Freelancer,5.7,7.0,3.1,2.1,11.3,4,73,35,2,6,9.0,86.5,6,4,No
U02462,2025-06-03,35,Designer,8.9,10.0,5.9,,8.8,30,145,68,4,5,10.0,95.6,7,4,No
U06051,2025-06-03,52,Software Engineer,5.6,10.0,8.1,1.4,7.2,15,163,105,2,5,8.0,65.0,11,6,No
U01307,2025-06-03,34,Software Engineer,6.2,8.0,2.1,1.3,9.1,6,70,37,3,4,7.0,99.2,11,7,No
U05111,2025-06-03,53,Teacher,7.3,9.0,8.3,2.5,5.7,39,130,98,6,5,10.0,82.1,3,2,No
U00791,2025-06-03,43,Student,7.6,10.0,6.0,1.5,11.1,17,123,82,3,5,8.0,97.9,9,7,Yes
U04688,2025-06-03,46,Freelancer,6.9,9.0,3.1,1.8,10.0,11,33,55,6,3,8.0,98.8,6,6,No
U00355,2025-06-04,53,Freelancer,6.1,8.0,5.4,1.9,7.6,36,111,77,3,3,10.0,95.8,6,4,Yes
U00047,2025-06-04,45,Freelancer,5.8,9.0,3.7,0.8,12.0,29,76,53,2,3,8.0,96.4,9,9,No
U03012,2025-06-04,46,Software Engineer,6.8,10.0,4.0,2.4,4.6,36,138,54,1,6,7.0,80.3,8,4,No
U00227,2025-06-04,50,Designer,7.1,9.0,3.4,0.5,9.2,73,84,55,0,2,8.0,100.0,3,3,No
U04076,2025-06-04,55,Analyst,7.1,10.0,7.5,2.2,7.3,5,161,90,0,6,7.0,67.8,12,9,No
U05158,2025-06-04,40,Designer,6.3,10.0,8.9,4.0,8.6,30,122,124,1,3,7.0,93.8,5,4,No
U02223,2025-06-04,55,Analyst,6.9,8.0,8.4,2.9,7.2,45,146,111,3,7,7.0,66.5,9,5,No
U01197,2025-06-04,55,Freelancer,8.3,8.0,4.8,1.2,7.0,26,77,37,1,2,10.0,100.0,9,7,Yes
U00537,2025-06-04,38,Analyst,5.3,7.0,11.9,2.3,4.5,32,168,143,2,6,9.0,56.5,5,1,No
U00527,2025-06-04,24,Freelancer,5.6,10.0,5.9,2.7,7.4,56,99,72,1,5,8.0,68.4,7,4,No
U00098,2025-06-04,56,Analyst,6.2,10.0,6.3,0.9,7.1,87,121,78,1,3,10.0,83.6,11,7,No
U01414,2025-06-04,29,Freelancer,7.8,10.0,5.0,2.3,8.5,64,104,69,3,3,10.0,96.7,8,5,No
U06248,2025-06-04,22,Freelancer,8.4,10.0,3.6,2.0,5.4,33,89,55,1,3,8.0,97.6,8,6,No
U02898,2025-06-04,45,Software Engineer,8.2,10.0,6.1,2.5,8.9,40,153,82,1,3,9.0,100.0,7,4,Yes
U01559,2025-06-04,46,Student,6.7,10.0,4.8,2.0,11.2,65,114,70,0,4,7.0,100.0,4,4,Yes
U05949,2025-06-04,44,Software Engineer,7.5,10.0,4.4,1.6,7.1,35,119,47,0,5,8.0,88.6,11,7,No
U00119,2025-06-04,20,Analyst,5.9,9.0,8.0,4.2,5.6,15,157,97,1,7,5.0,54.0,9,5,No
U01018,2025-06-04,48,Software Engineer,8.9,10.0,5.8,0.9,6.7,53,137,59,3,4,9.0,91.6,11,6,No
U06226,2025-06-04,47,Software Engineer,7.8,10.0,10.5,5.5,6.2,54,199,147,2,8,10.0,62.7,10,6,Yes
U05802,2025-06-05,20,Software Engineer,7.9,10.0,7.7,1.4,6.8,40,120,92,2,6,10.0,74.6,5,3,No
U00097,2025-06-05,59,Analyst,6.0,10.0,6.4,0.9,10.2,21,101,56,2,6,10.0,70.0,9,6,No
U02402,2025-06-05,18,Software Engineer,4.8,10.0,7.7,2.4,6.1,35,159,93,2,5,10.0,74.8,4,4,Yes
U02356,2025-06-05,43,Software Engineer,8.3,9.0,6.9,5.0,7.9,20,165,106,0,4,8.0,90.4,6,3,No
U03487,2025-06-05,36,Analyst,7.4,10.0,5.0,1.5,11.9,60,105,71,2,2,8.0,100.0,4,4,No
U00153,2025-06-05,45,Student,9.0,10.0,9.2,1.5,9.7,55,116,103,1,4,7.0,87.8,6,2,Yes
U02683,2025-06-05,37,Teacher,5.5,7.0,5.8,3.5,7.1,30,115,79,1,7,6.0,72.8,6,1,Yes
U05141,2025-06-05,33,Designer,7.7,10.0,5.8,0.9,6.8,29,99,60,1,4,6.0,85.2,6,6,No
U04630,2025-06-05,57,Freelancer,6.2,7.0,7.0,1.9,7.1,11,128,87,0,8,9.0,65.8,7,5,Yes
U00088,2025-06-05,25,Analyst,6.4,9.0,5.3,2.6,10.1,42,70,86,2,4,10.0,100.0,9,4,No
U01781,2025-06-05,41,Teacher,6.8,9.0,10.2,6.0,9.1,49,187,122,2,4,7.0,76.0,6,4,No
U01406,2025-06-05,54,Designer,8.1,10.0,7.4,1.4,9.5,77,124,80,1,3,10.0,100.0,8,5,Yes
U04294,2025-06-05,53,Analyst,4.2,6.0,5.3,3.3,7.8,86,95,97,2,2,10.0,99.6,6,5,Yes
U06963,2025-06-05,33,Freelancer,8.6,10.0,7.4,2.2,8.4,12,139,69,3,6,8.0,68.3,10,7,Yes
U02707,2025-06-05,22,Student,6.9,10.0,5.0,3.9,8.0,127,121,89,2,1,10.0,100.0,4,4,No
U06330,2025-06-05,41,Freelancer,7.4,9.0,4.4,1.8,10.7,86,72,54,2,2,10.0,100.0,5,5,Yes
U06307,2025-06-05,35,Designer,7.7,10.0,5.6,3.9,8.6,44,141,97,3,2,9.0,87.8,4,2,No
U03927,2025-06-05,19,Freelancer,5.9,9.0,9.7,4.1,5.7,25,173,99,4,6,6.0,65.1,8,3,No
U01700,2025-06-05,58,Freelancer,6.2,10.0,5.8,2.0,9.5,35,152,68,1,4,8.0,88.4,6,4,No
U03629,2025-06-05,39,Analyst,7.9,10.0,8.5,4.4,7.8,75,174,122,1,6,9.0,69.0,7,2,No
U03697,2025-06-05,30,Teacher,7.3,9.0,9.6,3.7,7.2,36,134,146,4,6,8.0,72.9,6,3,No
U04677,2025-06-05,54,Software Engineer,7.8,9.0,5.3,2.6,9.9,70,132,88,1,3,10.0,100.0,8,6,No
U06357,2025-06-05,51,Software Engineer,5.7,7.0,5.2,2.4,7.6,24,131,65,3,6,5.0,74.7,13,8,No
U01445,2025-06-05,35,Freelancer,6.6,10.0,5.3,2.7,7.8,56,98,84,1,2,7.0,100.0,7,3,No
U00496,2025-06-06,26,Analyst,7.3,9.0,8.6,1.8,8.4,38,186,91,2,5,7.0,71.1,5,3,No
U00911,2025-06-06,27,Software Engineer,8.5,10.0,4.9,2.7,9.7,36,92,66,0,3,9.0,100.0,9,7,Yes
U02698,2025-06-06,32,Freelancer,8.4,10.0,8.0,3.1,8.0,10,143,107,3,5,7.0,88.2,10,6,No
U01864,2025-06-06,31,Analyst,7.7,10.0,5.6,2.9,7.4,39,91,70,7,6,10.0,93.9,8,6,No
U02390,2025-06-06,41,Teacher,7.5,9.0,6.4,5.0,6.7,87,161,104,3,2,10.0,91.5,2,0,No
U00702,2025-06-06,45,Analyst,7.9,10.0,9.2,2.6,8.0,48,151,112,1,5,10.0,86.6,4,1,No
U06780,2025-06-06,57,Student,9.4,10.0,3.3,1.5,10.4,21,70,63,2,3,9.0,100.0,6,5,No
U05379,2025-06-06,59,Analyst,5.1,6.0,10.2,3.7,6.7,8,166,137,1,9,6.0,49.8,3,0,Yes
U05234,2025-06-06,35,Software Engineer,6.8,8.0,11.2,1.8,6.3,47,188,135,3,8,7.0,58.1,6,4,No
U04214,2025-06-06,18,Student,6.0,10.0,4.0,2.7,9.0,8,99,89,0,3,10.0,86.2,8,5,No
U03889,2025-06-06,30,Designer,6.6,8.0,4.1,1.9,7.0,13,88,63,1,6,7.0,72.0,6,2,No
U05119,2025-06-06,33,Teacher,8.6,10.0,4.0,2.4,10.6,35,69,50,1,2,10.0,100.0,10,8,No
U05692,2025-06-06,46,Software Engineer,7.6,10.0,5.3,2.8,11.6,12,82,78,3,4,8.0,85.5,11,6,Yes
U06375,2025-06-06,27,Designer,5.1,3.0,7.1,3.5,8.0,64,136,106,4,6,5.0,66.0,5,3,No
U02368,2025-06-06,59,Analyst,7.2,9.0,2.2,0.7,11.5,28,53,32,3,1,7.0,100.0,5,3,No
U01503,2025-06-06,36,Software Engineer,6.6,10.0,6.1,1.3,9.4,17,115,65,3,6,7.0,70.8,7,5,No
U00133,2025-06-06,56,Designer,6.0,7.0,5.2,2.1,8.0,16,109,62,3,4,6.0,75.7,8,6,No
U01463,2025-06-07,46,Designer,6.1,8.0,10.5,3.7,8.8,17,160,119,1,7,7.0,66.3,12,6,No
U03042,2025-06-07,29,Freelancer,8.3,10.0,4.2,1.2,6.0,66,107,64,4,2,10.0,100.0,10,9,No
U01752,2025-06-07,25,Teacher,6.0,5.0,5.9,0.7,6.6,45,119,85,1,4,9.0,86.3,6,3,No
U00143,2025-06-07,53,Teacher,7.7,10.0,8.3,3.8,10.3,36,190,94,2,4,10.0,93.1,9,6,No
U06440,2025-06-07,49,Designer,8.4,10.0,5.1,1.2,12.0,23,106,85,1,4,10.0,100.0,7,5,No
U05624,2025-06-07,28,Freelancer,6.4,9.0,5.3,2.4,8.1,65,94,55,1,4,6.0,80.5,7,5,Yes
U05180,2025-06-07,58,Teacher,7.1,7.0,7.7,2.0,6.7,25,142,78,1,6,9.0,77.9,8,4,No
U02125,2025-06-07,20,Analyst,6.3,10.0,4.1,1.4,6.0,23,65,54,1,6,8.0,81.0,8,5,No
U05143,2025-06-07,47,Student,9.3,10.0,11.2,7.2,8.7,30,197,168,1,4,9.0,71.4,8,6,Yes
U03054,2025-06-07,52,Analyst,6.7,10.0,1.1,0.4,9.6,13,62,4,2,3,10.0,100.0,6,3,No
U01860,2025-06-07,45,Software Engineer,7.4,10.0,4.3,2.7,7.3,21,120,72,1,4,10.0,100.0,8,3,No
U02969,2025-06-07,58,Designer,6.2,9.0,11.2,6.2,8.9,26,190,161,0,6,8.0,71.7,10,7,No
U00200,2025-06-07,21,Analyst,7.4,10.0,6.5,3.8,8.0,15,152,93,2,6,8.0,69.6,8,7,No
U06915,2025-06-07,20,Student,7.0,8.0,6.7,3.1,10.1,18,143,98,4,6,7.0,72.8,4,4,No
U03641,2025-06-07,40,Teacher,6.7,9.0,4.8,0.0,11.0,64,84,41,1,4,10.0,100.0,11,5,No
U06900,2025-06-07,36,Teacher,7.8,10.0,4.3,0.3,12.0,49,52,56,2,2,,100.0,5,5,No
U04338,2025-06-07,60,Teacher,6.0,10.0,7.0,3.4,6.9,26,148,95,4,7,7.0,74.8,10,5,No
U01685,2025-06-08,29,Designer,6.9,10.0,2.5,0.9,10.3,24,70,40,3,3,9.0,100.0,9,8,No
U06117,2025-06-08,34,Software Engineer,5.1,7.0,6.8,5.3,7.6,60,148,100,1,6,8.0,83.4,8,2,Yes
U03912,2025-06-08,49,Software Engineer,7.6,10.0,10.8,2.5,7.4,21,156,139,1,9,8.0,54.8,4,2,No
U05622,2025-06-08,42,Student,5.4,9.0,9.3,2.7,6.0,8,166,104,1,7,6.0,50.3,7,2,No
U05435,2025-06-08,53,Software Engineer,7.2,10.0,5.8,3.0,9.5,12,133,64,2,3,10.0,100.0,6,4,No
U02662,2025-06-08,47,Student,9.7,10.0,6.3,2.5,7.0,59,124,79,0,3,10.0,100.0,7,5,No
U01582,2025-06-08,24,Analyst,6.8,10.0,10.7,3.0,2.7,73,197,125,0,5,9.0,55.5,4,1,Yes
U01535,2025-06-08,56,Analyst,7.6,10.0,6.4,1.3,8.0,13,120,84,0,4,8.0,85.9,3,3,No
U00974,2025-06-08,31,Student,7.4,10.0,8.5,5.3,6.2,19,196,116,2,4,10.0,77.0,6,3,Yes
U00019,2025-06-08,41,Designer,6.3,9.0,11.0,4.6,8.2,34,181,148,2,9,5.0,49.8,8,3,No
U05019,2025-06-08,19,Software Engineer,5.1,8.0,10.8,4.4,2.7,66,193,129,2,7,6.0,62.0,11,3,No
U02720,2025-06-08,59,Designer,7.3,10.0,4.2,1.9,11.0,15,85,59,0,3,7.0,100.0,9,6,No
U03897,2025-06-08,56,Analyst,7.8,10.0,8.6,2.3,7.5,43,166,117,4,6,10.0,83.4,7,4,Yes
U03986,2025-06-08,27,Designer,9.5,10.0,3.9,1.1,12.0,63,78,58,0,2,10.0,100.0,7,6,No
U02534,2025-06-08,51,Analyst,7.2,8.0,9.5,5.5,9.9,5,156,150,2,6,7.0,76.7,9,4,No
U00556,2025-06-08,34,Analyst,7.4,10.0,5.8,1.6,6.8,17,104,76,2,4,9.0,84.8,9,9,Yes
U01863,2025-06-08,37,Freelancer,6.5,9.0,5.7,0.5,7.1,41,129,52,3,5,9.0,82.2,7,3,Yes
U05309,2025-06-08,39,Freelancer,8.1,10.0,9.3,3.1,10.3,45,155,110,3,7,8.0,90.9,6,3,Yes
U01299,2025-06-08,20,Teacher,6.4,9.0,3.7,0.7,8.8,53,69,39,5,1,8.0,97.7,3,2,Yes
U00823,2025-06-08,27,Student,7.7,10.0,4.1,1.3,12.0,28,73,39,1,4,10.0,100.0,10,9,No
U01742,2025-06-08,31,Student,8.3,10.0,6.9,3.0,11.2,67,125,97,1,4,10.0,96.4,6,2,No
U00308,2025-06-08,34,Software Engineer,7.2,10.0,6.5,2.7,6.4,47,139,73,2,4,6.0,79.2,8,3,No
U02906,2025-06-08,20,Teacher,8.2,10.0,2.9,0.5,10.3,35,89,47,2,3,9.0,100.0,6,3,No
U05973,2025-06-08,57,Student,7.7,10.0,3.5,2.0,6.8,13,70,39,7,4,9.0,99.8,9,5,Yes
U06704,2025-06-08,25,Student,5.8,10.0,10.2,3.9,6.2,39,180,125,6,4,7.0,75.8,6,3,No
U00830,2025-06-08,34,Analyst,5.7,9.0,7.7,4.1,9.0,35,158,106,1,7,9.0,82.5,8,2,No
U02996,2025-06-09,21,Teacher,7.4,9.0,6.7,2.4,6.7,64,146,83,1,4,10.0,94.4,9,6,Yes
U00820,2025-06-09,42,Teacher,7.4,10.0,10.7,6.7,8.5,27,249,134,3,8,10.0,65.3,7,5,No
U00558,2025-06-09,24,Student,8.4,10.0,9.7,3.2,5.0,40,172,117,4,5,10.0,79.3,8,4,No
U02145,2025-06-09,23,Student,6.2,8.0,4.7,2.1,6.3,11,125,72,3,7,7.0,85.7,5,4,No
U03078,2025-06-09,30,Software Engineer,9.0,10.0,7.3,5.0,8.9,89,150,125,1,2,10.0,100.0,8,7,No
U04893,2025-06-09,39,Analyst,6.4,9.0,8.3,3.4,11.0,49,171,95,4,7,7.0,73.3,8,6,No
U00323,2025-06-09,40,Software Engineer,8.1,10.0,4.5,1.5,11.9,43,81,61,5,1,10.0,100.0,8,5,No
U00548,2025-06-09,40,Analyst,8.0,10.0,7.1,3.7,5.9,32,124,83,5,6,5.0,61.1,7,4,No
U06624,2025-06-09,39,Software Engineer,5.9,10.0,7.6,5.5,9.3,79,134,139,5,4,8.0,71.7,7,2,Yes
U02421,2025-06-09,47,Software Engineer,5.1,6.0,7.7,3.7,9.3,47,158,107,1,8,8.0,65.7,10,7,No
U05284,2025-06-09,30,Analyst,7.2,10.0,9.0,4.7,6.8,19,188,131,1,7,6.0,51.1,3,2,No
U03733,2025-06-09,34,Software Engineer,7.0,10.0,4.6,2.5,11.8,44,117,72,1,4,7.0,100.0,8,5,Yes
U06843,2025-06-09,53,Student,8.2,10.0,7.7,3.8,9.8,11,113,89,2,5,10.0,83.8,8,5,No
U04946,2025-06-09,31,Analyst,8.0,10.0,5.4,2.3,10.4,41,130,59,1,4,10.0,100.0,5,5,No
U03407,2025-06-09,48,Teacher,8.0,10.0,5.2,2.2,12.0,39,95,73,0,2,8.0,100.0,2,0,Yes
U05182,2025-06-09,22,Teacher,6.3,10.0,5.3,2.5,6.8,12,117,70,2,7,8.0,61.3,11,5,No
U05470,2025-06-09,53,Analyst,7.4,7.0,4.1,1.1,8.5,89,83,55,1,4,9.0,100.0,10,8,No
U02569,2025-06-09,54,Freelancer,7.7,10.0,4.2,1.4,11.7,100,74,42,3,2,10.0,100.0,9,7,No
U02064,2025-06-09,25,Teacher,5.8,10.0,8.0,1.2,10.3,39,121,88,1,7,5.0,64.0,8,3,No
U00937,2025-06-09,18,Student,8.1,10.0,11.0,6.0,4.8,75,210,161,2,5,8.0,65.5,6,4,No
U02152,2025-06-09,51,Designer,6.4,8.0,3.9,0.5,9.5,89,92,37,2,4,9.0,100.0,4,3,No
U04419,2025-06-09,45,Analyst,5.2,10.0,2.6,0.0,9.5,28,73,42,2,4,10.0,99.7,8,6,Yes
U01618,2025-06-09,54,Teacher,8.4,10.0,6.9,5.4,6.2,92,124,88,4,3,10.0,92.4,3,2,Yes
U06154,2025-06-10,25,Software Engineer,7.8,10.0,7.6,5.4,9.7,73,146,136,3,4,10.0,92.8,7,6,No
U02773,2025-06-10,43,Analyst,6.8,9.0,4.8,2.1,9.0,22,98,66,3,4,8.0,82.7,5,3,Yes
U02936,2025-06-10,31,Student,8.2,8.0,5.9,2.9,10.3,4,122,78,2,4,10.0,95.4,5,3,No
U04493,2025-06-10,39,Software Engineer,6.3,9.0,4.0,0.6,7.8,12,80,56,1,5,10.0,77.2,9,5,No
U06711,2025-06-10,39,Student,7.0,10.0,10.0,2.6,5.6,74,156,110,1,4,8.0,80.8,9,3,No
U06857,2025-06-10,30,Teacher,7.4,10.0,3.3,0.6,11.5,67,63,26,3,1,10.0,100.0,6,6,No
U04857,2025-06-10,40,Teacher,6.3,7.0,10.8,4.7,6.9,22,190,134,2,7,7.0,53.2,10,6,No
U00802,2025-06-10,39,Student,8.1,10.0,5.2,1.4,8.4,26,124,55,0,4,9.0,97.1,6,5,No
U04184,2025-06-10,42,Student,6.5,9.0,7.5,3.1,8.0,45,128,100,0,4,8.0,83.6,11,5,No
U01660,2025-06-10,19,Teacher,5.3,9.0,4.6,2.5,10.0,25,84,59,1,6,8.0,84.2,3,3,No
U06786,2025-06-10,54,Software Engineer,7.3,10.0,7.8,2.2,3.3,94,124,91,1,4,10.0,90.4,8,5,No
U04046,2025-06-10,34,Analyst,8.4,10.0,6.6,1.7,8.1,10,105,72,3,4,10.0,85.3,8,5,No
U06474,2025-06-10,32,Analyst,5.0,8.0,7.1,2.8,6.5,34,131,101,1,6,6.0,67.9,9,2,No
U04862,2025-06-10,52,Designer,5.8,9.0,1.5,1.3,11.3,35,69,23,5,2,10.0,100.0,10,7,No
U01262,2025-06-10,46,Freelancer,8.3,10.0,8.4,6.8,10.7,18,165,123,1,7,10.0,72.8,10,4,No
U02940,2025-06-10,41,Designer,7.9,9.0,8.3,0.2,7.4,15,135,77,0,6,6.0,75.3,7,4,No
U05837,2025-06-10,58,Student,7.2,7.0,9.2,2.9,9.6,33,136,93,1,7,7.0,63.7,5,2,No
U02136,2025-06-10,44,Teacher,9.1,10.0,3.6,1.2,10.7,27,100,47,1,3,10.0,100.0,7,6,No
U05296,2025-06-10,49,Freelancer,6.9,8.0,5.1,0.1,10.2,11,64,49,0,3,9.0,88.8,9,7,No
U04432,2025-06-10,59,Designer,7.7,10.0,4.8,3.6,7.5,33,78,86,0,2,10.0,100.0,11,6,No
U03391,2025-06-10,49,Designer,7.1,10.0,6.1,2.3,10.6,80,112,68,2,2,10.0,100.0,7,3,No
U02070,2025-06-11,21,Freelancer,7.3,10.0,4.1,2.4,5.2,64,125,83,1,2,8.0,91.0,11,7,Yes
U05069,2025-06-11,44,Student,4.7,8.0,4.7,1.4,9.3,48,53,51,1,6,7.0,71.9,5,3,No
U06216,2025-06-11,42,Software Engineer,7.8,10.0,9.0,1.8,7.2,16,184,118,1,7,8.0,58.3,10,6,No
U05643,2025-06-11,47,Designer,7.6,9.0,11.6,6.4,6.0,25,227,168,2,7,6.0,64.5,5,2,Yes
U04452,2025-06-11,34,Student,7.0,10.0,1.5,0.1,8.4,15,47,54,1,2,9.0,100.0,7,4,No
U02512,2025-06-11,50,Teacher,8.0,10.0,1.9,1.4,9.1,80,58,18,2,1,10.0,100.0,8,6,No
U02803,2025-06-11,59,Software Engineer,8.6,10.0,7.4,3.7,8.6,79,135,99,1,2,9.0,82.0,3,3,No
U01758,2025-06-11,36,Designer,8.2,10.0,5.8,2.8,7.6,22,107,96,2,5,10.0,84.1,6,5,No
U03162,2025-06-11,60,Analyst,5.4,7.0,4.0,1.5,9.3,7,73,38,2,5,9.0,86.6,8,3,No
U04342,2025-06-11,46,Teacher,6.4,8.0,5.7,0.5,10.6,31,94,65,3,5,10.0,100.0,6,5,Yes
U05848,2025-06-11,31,Designer,5.4,7.0,4.9,2.4,8.2,5,97,60,2,5,5.0,69.8,9,6,No
U06869,2025-06-11,54,Teacher,7.5,10.0,5.3,0.9,7.5,28,103,69,2,3,10.0,95.7,8,5,Yes
U04180,2025-06-11,34,Teacher,6.6,6.0,5.5,2.3,7.6,152,102,66,0,1,10.0,100.0,9,5,Yes
U01941,2025-06-11,28,Software Engineer,6.3,9.0,8.4,3.8,8.0,10,169,109,1,5,5.0,60.6,10,6,No
U03582,2025-06-11,55,Freelancer,6.3,5.0,7.0,0.9,8.4,12,106,79,2,4,7.0,86.2,9,5,Yes
U04324,2025-06-11,46,Teacher,8.0,9.0,8.1,4.6,9.1,26,159,108,2,6,8.0,78.8,2,1,No
U03581,2025-06-11,20,Analyst,6.9,10.0,4.3,1.5,7.7,26,71,60,4,4,9.0,89.8,4,4,No
U00008,2025-06-11,36,Analyst,3.6,6.0,4.0,0.0,9.4,51,85,30,2,5,6.0,83.4,13,8,Yes
U00633,2025-06-11,45,Freelancer,5.8,10.0,8.2,1.4,8.2,22,126,88,2,6,7.0,64.4,9,5,No
U05245,2025-06-12,30,Designer,7.9,10.0,9.1,5.3,6.3,73,194,115,0,5,8.0,84.9,4,1,No
U01476,2025-06-12,51,Analyst,6.0,6.0,7.5,5.4,8.7,14,147,132,1,3,9.0,92.0,7,2,Yes
U03925,2025-06-12,58,Software Engineer,7.0,10.0,6.7,4.2,8.0,49,108,102,1,3,7.0,89.1,11,6,Yes
U00887,2025-06-12,22,Student,5.7,7.0,7.7,3.4,7.7,51,134,103,3,6,7.0,77.0,7,4,No
U02595,2025-06-12,36,Analyst,7.2,10.0,7.9,1.4,4.1,35,157,68,2,7,7.0,71.5,9,4,Yes
U05635,2025-06-12,42,Teacher,6.3,9.0,5.2,3.8,6.7,133,140,98,2,4,10.0,100.0,10,7,Yes
U01978,2025-06-12,31,Analyst,7.5,10.0,11.4,2.6,5.5,24,214,133,2,8,10.0,44.2,5,3,Yes
U05297,2025-06-12,33,Software Engineer,3.0,4.0,10.4,5.8,6.3,24,210,155,2,7,4.0,38.0,5,2,No
U02428,2025-06-12,34,Student,7.3,9.0,1.0,0.7,8.8,32,30,3,5,1,10.0,100.0,11,8,No
U06395,2025-06-12,23,Analyst,6.7,8.0,8.1,4.3,5.4,21,131,98,1,8,7.0,58.3,5,2,No
U06724,2025-06-12,39,Software Engineer,8.0,10.0,6.4,3.0,6.0,42,112,97,3,4,8.0,83.9,4,0,No
U06425,2025-06-12,31,Software Engineer,8.0,10.0,5.6,1.0,8.5,8,104,60,5,3,10.0,100.0,6,5,No
U01523,2025-06-12,49,Designer,7.4,9.0,9.5,1.6,6.4,8,114,72,1,6,7.0,61.9,5,5,No
U05983,2025-06-12,53,Freelancer,3.2,7.0,6.9,4.5,7.6,48,130,88,0,9,8.0,49.4,6,0,Yes
U01265,2025-06-12,57,Analyst,8.6,10.0,6.7,1.8,5.4,25,114,97,1,5,8.0,75.5,8,6,No
U05647,2025-06-12,33,Teacher,7.3,10.0,5.9,3.3,8.0,62,108,81,2,4,10.0,92.2,2,2,Yes
U04563,2025-06-12,40,Software Engineer,6.4,9.0,11.1,4.4,5.9,99,213,182,3,6,9.0,69.5,7,1,Yes
U06967,2025-06-12,21,Freelancer,8.1,10.0,9.3,5.6,6.0,34,177,132,2,7,7.0,76.5,4,1,Yes
U01785,2025-06-12,51,Student,7.8,10.0,4.7,2.4,10.5,43,130,64,1,4,8.0,92.0,11,9,No
U02944,2025-06-12,40,Designer,5.6,7.0,4.3,1.0,9.5,19,72,47,3,2,10.0,100.0,7,5,Yes
U01588,2025-06-13,49,Analyst,8.8,10.0,6.4,3.7,7.9,44,139,100,1,2,10.0,100.0,5,5,No
U00460,2025-06-13,50,Teacher,6.1,9.0,4.8,2.5,9.1,20,100,59,0,4,8.0,87.0,7,4,No
U02981,2025-06-13,33,Student,6.8,10.0,7.8,2.8,8.6,22,170,100,0,4,10.0,71.5,6,3,No
U05573,2025-06-13,36,Teacher,5.7,,7.5,3.5,7.6,8,169,79,2,8,8.0,79.2,7,4,No
U04511,2025-06-13,28,Analyst,8.9,10.0,10.2,5.8,7.4,20,183,139,1,5,8.0,75.9,5,2,No
U02556,2025-06-13,28,Teacher,8.5,8.0,4.0,1.3,6.9,7,80,51,2,3,9.0,94.9,9,6,No
U05133,2025-06-13,48,Designer,9.4,10.0,4.7,1.3,10.9,12,117,54,1,4,9.0,98.2,6,4,No
U03933,2025-06-13,18,Software Engineer,6.6,9.0,5.0,2.3,10.8,45,111,97,2,4,8.0,98.2,7,4,Yes
U03088,2025-06-13,25,Student,6.5,8.0,2.4,1.2,11.7,33,65,44,3,2,7.0,100.0,6,4,No
U03850,2025-06-13,52,Freelancer,7.1,10.0,5.8,2.3,5.5,21,101,81,1,5,9.0,75.3,8,3,No
U06689,2025-06-13,34,Software Engineer,6.3,10.0,10.6,4.6,6.0,11,198,144,0,9,6.0,48.5,7,3,Yes
U00874,2025-06-13,37,Designer,8.0,10.0,9.4,5.6,4.0,2,183,138,1,9,4.0,42.0,8,4,No
U04871,2025-06-13,31,Analyst,7.2,9.0,8.1,3.6,8.6,41,151,104,2,5,8.0,87.2,7,4,No
U04293,2025-06-13,27,Analyst,6.5,9.0,5.9,2.1,8.4,31,123,79,2,6,9.0,77.8,3,1,Yes
U02213,2025-06-13,23,Software Engineer,9.4,10.0,2.7,0.6,12.0,50,66,53,1,3,10.0,100.0,5,5,No
U05508,2025-06-13,34,Freelancer,8.0,10.0,7.1,1.0,7.9,70,137,94,3,3,10.0,93.7,4,0,No
U05495,2025-06-13,34,Freelancer,4.6,8.0,9.7,1.7,7.6,28,132,95,3,6,7.0,61.8,6,3,No
U06470,2025-06-14,19,Teacher,8.3,10.0,4.5,3.2,9.7,32,109,51,2,3,10.0,94.8,8,7,Yes
U02249,2025-06-14,42,Student,7.7,10.0,5.2,3.3,6.7,46,117,75,3,1,10.0,100.0,2,1,Yes
U02228,2025-06-14,59,Analyst,4.6,7.0,5.0,2.9,9.5,78,130,59,1,4,7.0,85.1,10,6,No
U03332,2025-06-14,48,Student,6.0,7.0,4.5,3.1,9.7,79,80,72,0,2,10.0,94.4,8,5,No
U00986,2025-06-14,50,Software Engineer,6.6,10.0,11.4,4.0,7.2,42,181,144,0,10,8.0,62.7,3,0,No
U04467,2025-06-14,49,Freelancer,6.1,7.0,9.2,3.5,3.5,6,188,114,1,7,4.0,43.2,6,5,Yes
U01908,2025-06-14,27,Student,6.0,9.0,7.2,3.4,8.4,20,147,103,1,7,7.0,51.7,4,2,No
U05060,2025-06-14,34,Software Engineer,5.6,9.0,5.8,1.5,6.5,60,54,77,2,6,10.0,85.6,9,4,No
U01916,2025-06-14,44,Designer,6.9,8.0,5.1,1.3,9.9,25,110,65,0,5,7.0,76.6,12,8,Yes
U02464,2025-06-14,42,Teacher,6.3,9.0,7.3,3.6,5.3,51,142,82,0,5,7.0,67.4,5,3,Yes
U01631,2025-06-14,29,Teacher,8.0,10.0,3.9,1.9,9.6,27,91,63,0,3,7.0,100.0,5,3,No
U02897,2025-06-14,57,Student,6.8,8.0,7.1,2.4,7.2,70,122,99,1,5,8.0,82.3,4,1,Yes
U00737,2025-06-14,59,Analyst,5.9,10.0,8.2,5.3,7.3,41,156,114,1,7,8.0,65.8,14,7,No
U02964,2025-06-14,50,Freelancer,7.9,10.0,3.8,2.3,11.9,46,61,72,3,1,10.0,100.0,5,5,No
U06387,2025-06-14,24,Teacher,7.7,10.0,7.1,1.8,7.3,110,101,97,2,1,10.0,100.0,10,8,No
U00280,2025-06-14,50,Analyst,7.2,10.0,5.2,0.0,9.3,8,98,84,1,2,9.0,99.9,3,0,No
U04016,2025-06-14,22,Student,6.0,8.0,4.0,1.4,8.2,51,87,47,3,3,9.0,100.0,6,2,No
U05938,2025-06-15,56,Freelancer,6.7,8.0,4.8,2.0,10.1,40,98,41,4,6,9.0,100.0,16,9,No
U06451,2025-06-15,27,Software Engineer,8.2,10.0,8.6,1.8,8.1,71,102,107,1,4,10.0,95.2,5,5,No
U06593,2025-06-15,31,Designer,8.3,10.0,6.2,2.6,10.8,63,99,118,1,4,10.0,98.0,8,6,No
U03949,2025-06-15,34,Teacher,5.7,6.0,6.4,2.5,6.6,19,114,56,1,5,7.0,80.1,4,3,Yes
U00273,2025-06-15,19,Designer,7.1,10.0,7.3,4.6,9.8,33,129,97,3,4,8.0,93.0,4,2,Yes
U00693,2025-06-15,31,Software Engineer,5.1,7.0,8.0,2.0,4.9,19,146,113,3,7,7.0,62.9,8,4,No
U00738,2025-06-15,34,Student,7.1,10.0,8.1,3.1,9.4,19,126,111,2,5,8.0,84.7,6,2,No
U00383,2025-06-15,23,Freelancer,8.1,8.0,9.3,4.4,5.3,79,150,114,2,4,8.0,82.5,9,4,Yes
U01515,2025-06-15,55,Software Engineer,9.0,10.0,10.1,3.8,8.9,33,150,150,2,9,10.0,65.8,10,7,No
U01625,2025-06-15,55,Freelancer,6.7,9.0,4.4,0.8,10.9,139,88,57,1,1,10.0,100.0,9,9,Yes
U04305,2025-06-15,41,Designer,7.3,10.0,9.3,3.0,4.3,40,156,105,2,5,9.0,86.2,7,5,No
U02301,2025-06-15,36,Student,7.3,10.0,9.2,4.9,10.7,59,169,132,1,5,7.0,82.5,10,7,Yes
U06419,2025-06-15,19,Student,8.2,10.0,6.7,4.5,9.6,33,142,100,0,5,5.0,83.6,6,5,No
U02907,2025-06-15,21,Freelancer,7.5,10.0,6.5,2.5,9.9,46,136,91,1,3,8.0,74.5,7,4,No
U04290,2025-06-15,49,Freelancer,7.6,10.0,7.3,3.9,11.0,17,185,105,1,7,9.0,73.1,11,5,No
U02454,2025-06-15,49,Software Engineer,6.5,10.0,6.8,3.4,7.6,61,149,95,2,3,8.0,82.2,3,1,No
U05033,2025-06-15,56,Designer,6.3,8.0,6.2,2.7,9.0,74,105,78,0,5,7.0,83.0,4,3,Yes
U05738,2025-06-15,26,Designer,5.3,8.0,7.7,4.5,10.9,33,165,95,4,7,7.0,76.1,8,3,No
U00489,2025-06-15,46,Freelancer,6.4,8.0,2.6,0.9,11.2,82,57,10,1,3,10.0,100.0,16,11,No
U02411,2025-06-15,48,Designer,6.7,9.0,7.3,5.1,9.6,29,157,112,2,5,8.0,77.0,11,7,No
U01422,2025-06-16,30,Software Engineer,5.8,9.0,6.8,2.7,8.4,33,126,91,1,5,6.0,62.7,4,2,No
U03217,2025-06-16,21,Freelancer,5.9,9.0,7.2,4.9,8.8,19,174,122,1,6,6.0,65.2,2,0,No
U01118,2025-06-16,46,Analyst,7.0,10.0,4.4,2.3,10.1,69,69,78,0,2,10.0,96.5,8,5,Yes
U03676,2025-06-16,48,Freelancer,6.4,9.0,6.5,1.8,8.3,7,120,71,1,6,7.0,67.1,8,4,Yes
U03586,2025-06-16,46,Student,5.5,8.0,6.6,2.5,9.5,74,121,89,2,4,8.0,81.1,7,4,No
U02221,2025-06-16,29,Student,7.6,10.0,6.7,1.4,8.8,3,98,84,0,5,8.0,82.0,4,2,No
U01169,2025-06-16,38,Software Engineer,6.7,10.0,6.4,2.4,8.9,24,150,65,0,5,10.0,77.3,9,5,No
U01153,2025-06-16,25,Designer,6.1,8.0,7.5,3.4,7.1,31,142,113,1,7,9.0,73.0,3,0,No
U01021,2025-06-16,43,Teacher,7.2,10.0,6.3,2.2,12.0,98,142,83,2,3,10.0,100.0,8,4,Yes
U04571,2025-06-16,29,Freelancer,7.9,10.0,12.0,4.3,8.2,55,213,133,0,7,9.0,78.8,3,2,No
U04702,2025-06-16,35,Designer,8.0,10.0,5.7,4.2,7.8,39,161,90,2,3,9.0,98.1,6,5,No
U05880,2025-06-16,28,Designer,9.4,10.0,6.8,3.1,7.9,47,156,86,2,5,10.0,95.9,5,5,Yes
U04144,2025-06-16,36,Freelancer,6.1,10.0,4.5,1.0,4.9,37,83,35,1,4,8.0,80.8,4,3,No
U00933,2025-06-16,51,Analyst,7.4,10.0,8.8,4.6,7.3,38,150,136,2,5,9.0,66.6,10,7,No
U06601,2025-06-16,19,Analyst,6.7,10.0,8.1,2.5,8.4,39,129,78,2,6,8.0,79.8,9,5,No
U01331,2025-06-16,27,Software Engineer,6.7,10.0,6.3,4.8,9.3,7,94,105,2,4,6.0,82.4,3,2,No
U00999,2025-06-16,19,Student,9.1,10.0,7.1,1.9,8.1,17,103,98,0,4,10.0,91.8,8,6,Yes
U01899,2025-06-16,46,Designer,7.2,10.0,4.9,2.6,10.3,4,121,76,1,5,7.0,80.7,11,4,No
U01261,2025-06-16,43,Freelancer,6.7,10.0,7.4,2.4,10.5,24,136,103,0,8,7.0,74.4,6,3,No
U02161,2025-06-16,48,Designer,7.3,10.0,10.3,4.9,3.9,15,208,157,2,6,9.0,73.4,3,0,Yes
U02166,2025-06-16,29,Analyst,6.2,9.0,7.1,3.4,7.3,28,141,92,1,8,7.0,55.7,6,5,Yes
U04573,2025-06-16,59,Teacher,6.5,7.0,6.7,2.8,8.0,28,100,85,1,7,8.0,69.3,8,4,No
U02470,2025-06-16,37,Freelancer,7.3,10.0,7.9,3.1,9.2,21,154,121,1,3,9.0,92.4,2,1,No
U05642,2025-06-16,52,Software Engineer,6.7,10.0,8.1,4.9,10.9,58,178,119,2,5,7.0,89.1,6,4,Yes
U00895,2025-06-16,29,Teacher,7.5,8.0,2.7,1.2,12.0,8,79,51,3,5,10.0,95.4,7,5,No
U00440,2025-06-17,51,Analyst,6.6,8.0,12.1,5.7,6.8,12,221,154,1,9,7.0,50.3,13,6,Yes
U02959,2025-06-17,53,Designer,5.9,10.0,5.0,3.2,8.6,23,103,81,0,3,7.0,81.1,8,5,Yes
U06808,2025-06-17,28,Student,7.8,10.0,5.8,1.0,8.0,13,109,59,0,4,10.0,91.5,5,5,Yes
U06118,2025-06-17,30,Student,8.2,8.0,4.4,3.0,6.2,17,121,58,3,3,10.0,91.3,10,8,No
U02853,2025-06-17,52,Analyst,6.6,10.0,6.5,1.0,7.8,41,110,75,1,3,7.0,82.1,13,7,No
U05450,2025-06-17,38,Designer,7.9,10.0,6.0,2.0,10.7,19,84,88,2,3,10.0,94.0,10,7,No
U01900,2025-06-17,49,Software Engineer,7.6,8.0,4.9,1.8,10.0,30,54,48,3,1,10.0,100.0,4,3,No
U03753,2025-06-17,39,Software Engineer,7.6,10.0,8.6,1.2,10.0,65,144,104,3,7,8.0,87.7,3,2,Yes
U02442,2025-06-17,42,Software Engineer,7.5,9.0,9.9,2.1,5.9,12,187,118,5,9,7.0,54.4,6,1,No
U01415,2025-06-17,54,Software Engineer,6.4,6.0,5.9,0.5,9.6,9,100,54,6,6,7.0,85.4,12,7,Yes
U00880,2025-06-17,47,Freelancer,7.9,10.0,7.8,3.6,8.1,82,149,116,3,3,10.0,82.5,5,3,No
U03071,2025-06-17,58,Student,8.3,10.0,3.1,2.1,12.0,13,109,69,1,3,10.0,100.0,5,4,No
U05669,2025-06-17,18,Freelancer,5.6,10.0,4.2,0.7,9.4,35,96,55,1,5,8.0,89.4,9,6,Yes
U01355,2025-06-17,34,Analyst,6.3,8.0,7.5,3.9,6.6,44,169,112,2,5,8.0,89.0,4,2,No
U00400,2025-06-17,26,Freelancer,7.0,10.0,8.0,1.7,8.7,24,124,89,4,4,8.0,75.3,6,5,Yes
U05390,2025-06-17,20,Freelancer,6.8,10.0,7.2,2.1,9.7,72,124,71,3,4,9.0,76.6,5,3,No
U04575,2025-06-17,55,Teacher,6.0,8.0,4.8,1.4,8.0,6,71,70,1,6,7.0,87.5,2,2,No
U02178,2025-06-17,22,Freelancer,10.0,10.0,5.9,3.1,9.2,25,99,78,0,2,10.0,100.0,6,4,No
U00235,2025-06-17,42,Student,8.2,10.0,6.9,3.5,7.2,128,146,90,2,4,10.0,100.0,11,5,No
U05025,2025-06-17,29,Designer,8.5,10.0,6.2,1.2,6.1,43,83,84,0,5,8.0,96.3,7,3,No
U05105,2025-06-17,34,Software Engineer,8.8,10.0,7.8,1.6,8.3,28,142,95,3,4,10.0,100.0,12,9,No
U04896,2025-06-18,25,Teacher,7.2,10.0,5.7,2.2,9.0,21,105,77,0,6,10.0,79.2,6,5,No
U05084,2025-06-18,23,Designer,5.8,8.0,4.7,2.3,9.7,29,110,67,2,3,8.0,91.1,3,1,No
U00466,2025-06-18,50,Designer,7.8,10.0,4.5,0.9,10.0,23,114,38,1,2,10.0,100.0,7,7,Yes
U00796,2025-06-18,43,Software Engineer,10.0,10.0,9.5,3.5,6.0,29,170,129,4,4,9.0,65.1,5,2,No
U04253,2025-06-18,38,Analyst,6.4,10.0,5.0,2.9,12.0,15,133,82,1,4,9.0,84.0,4,1,Yes
U06369,2025-06-18,57,Analyst,6.8,10.0,3.9,1.0,10.4,42,76,60,0,4,9.0,100.0,11,7,No
U03899,2025-06-18,39,Software Engineer,5.9,10.0,4.3,0.4,10.4,13,97,68,0,5,5.0,87.8,9,8,No
U03052,2025-06-18,57,Designer,5.3,8.0,7.2,3.1,8.0,134,126,118,0,2,10.0,91.4,8,3,Yes
U06382,2025-06-18,51,Freelancer,9.2,10.0,5.5,1.9,9.4,46,111,75,1,1,10.0,100.0,11,8,No
U06654,2025-06-18,38,Freelancer,9.3,10.0,3.8,0.8,9.6,22,60,40,2,1,10.0,100.0,8,8,No
U04094,2025-06-18,50,Software Engineer,9.4,10.0,4.8,2.0,8.6,9,93,61,0,3,10.0,100.0,5,0,Yes
U01467,2025-06-18,51,Freelancer,5.8,7.0,5.1,3.4,9.4,16,111,76,4,3,8.0,87.4,9,5,Yes
U00667,2025-06-18,42,Analyst,5.8,7.0,7.0,1.3,5.8,44,122,100,2,3,10.0,90.9,7,4,No
U06746,2025-06-18,49,Freelancer,7.4,10.0,4.7,1.5,9.7,20,97,54,2,4,8.0,85.5,8,5,No
U04411,2025-06-18,56,Analyst,6.4,10.0,4.0,1.8,9.0,15,60,61,2,5,8.0,86.9,5,5,No
U04367,2025-06-18,57,Freelancer,6.2,10.0,2.5,2.0,10.5,83,92,51,2,3,10.0,100.0,11,9,No
U06734,2025-06-18,38,Student,7.0,10.0,3.7,1.4,8.5,63,99,34,3,5,8.0,86.9,9,4,No
U01237,2025-06-18,42,Freelancer,7.2,10.0,9.5,1.8,6.4,35,140,91,2,7,9.0,70.0,8,5,Yes
U03943,2025-06-18,23,Software Engineer,8.3,10.0,7.0,2.9,2.6,27,150,99,2,2,9.0,72.7,7,4,No
U05684,2025-06-18,36,Software Engineer,7.9,10.0,7.2,3.1,8.5,50,155,87,0,7,9.0,93.6,3,3,Yes
U04936,2025-06-18,41,Analyst,6.3,10.0,3.8,0.9,11.7,74,93,46,0,2,9.0,100.0,3,1,No
U04561,2025-06-18,37,Student,8.9,10.0,5.4,1.5,6.3,31,114,68,4,2,10.0,92.1,6,2,No
U02291,2025-06-18,36,Designer,8.5,10.0,4.7,1.2,10.1,77,125,52,1,3,10.0,100.0,7,5,No
U06785,2025-06-19,35,Analyst,7.5,6.0,5.2,1.2,11.7,24,114,56,2,3,10.0,100.0,3,3,No
U01623,2025-06-19,20,Designer,9.1,10.0,4.9,3.8,8.6,36,116,75,2,2,10.0,100.0,7,6,No
U01942,2025-06-19,21,Freelancer,8.1,9.0,6.2,2.8,8.9,23,128,85,1,4,9.0,100.0,8,5,No
U04405,2025-06-19,32,Software Engineer,6.7,8.0,3.9,1.1,12.0,80,87,45,4,2,10.0,100.0,5,4,Yes
U02859,2025-06-19,36,Analyst,6.6,10.0,5.3,2.4,7.4,20,93,68,1,6,8.0,81.3,4,4,No
U00647,2025-06-19,30,Software Engineer,6.7,8.0,5.9,2.6,9.7,23,143,74,2,2,10.0,99.6,7,6,No
U05465,2025-06-19,33,Freelancer,8.5,10.0,4.5,1.9,9.3,49,90,47,3,4,10.0,100.0,6,4,No
U04002,2025-06-19,33,Freelancer,7.3,10.0,4.3,0.0,8.1,7,77,49,3,2,9.0,91.1,5,3,No
U04769,2025-06-19,30,Analyst,5.5,10.0,7.6,5.5,8.8,147,171,113,1,3,8.0,97.0,8,4,No
U03780,2025-06-19,26,Analyst,6.2,8.0,7.6,2.9,7.3,11,121,110,4,5,7.0,68.7,11,7,No
U06162,2025-06-19,44,Software Engineer,7.1,8.0,2.4,1.2,9.0,37,49,34,1,2,10.0,100.0,5,5,No
U05985,2025-06-19,60,Teacher,6.2,10.0,7.8,3.3,8.1,13,128,88,4,6,,72.3,8,6,No
U03168,2025-06-19,47,Software Engineer,5.9,9.0,8.8,3.1,8.6,40,178,122,3,5,7.0,71.0,8,5,No
U03164,2025-06-19,53,Analyst,5.3,9.0,7.6,4.4,7.7,60,159,103,4,6,7.0,68.7,12,5,No
U02230,2025-06-19,31,Software Engineer,6.6,6.0,6.8,4.2,7.6,31,118,97,4,5,6.0,75.3,4,2,No
U01147,2025-06-19,46,Analyst,8.6,10.0,6.6,0.6,9.5,118,93,63,2,1,10.0,100.0,8,5,No
U00185,2025-06-19,34,Freelancer,8.1,10.0,10.1,4.2,5.8,114,180,138,1,5,9.0,78.8,8,6,Yes
U00217,2025-06-19,37,Student,7.7,10.0,7.4,2.2,11.2,18,145,98,2,5,7.0,87.7,5,5,Yes
U00126,2025-06-19,26,Analyst,6.0,9.0,5.4,3.0,10.9,16,119,94,1,4,9.0,85.1,5,2,No
U00201,2025-06-20,28,Freelancer,6.1,9.0,4.8,1.9,8.2,72,125,72,2,6,7.0,70.7,8,5,No
U00833,2025-06-20,42,Designer,7.2,9.0,8.4,5.6,8.0,25,167,127,2,4,7.0,84.2,4,1,No
U06803,2025-06-20,20,Designer,5.6,8.0,4.1,0.4,6.7,7,68,36,0,2,8.0,89.8,10,5,Yes
U00452,2025-06-20,45,Software Engineer,7.4,10.0,2.0,0.0,8.5,14,57,20,2,2,9.0,100.0,5,3,No
U00212,2025-06-20,26,Freelancer,7.1,8.0,6.9,3.9,10.6,31,157,121,2,4,8.0,90.4,6,2,No
U05818,2025-06-20,32,Student,5.9,9.0,9.6,5.2,7.6,73,214,126,1,6,10.0,98.7,7,3,Yes
U03625,2025-06-20,50,Designer,9.0,10.0,7.0,1.6,7.0,58,100,93,1,5,9.0,93.8,11,6,No
U05482,2025-06-20,31,Teacher,6.2,9.0,6.5,3.8,11.0,45,104,89,1,2,4.0,94.3,7,5,No
U02746,2025-06-20,33,Designer,6.8,9.0,4.2,2.6,10.5,7,73,55,3,5,9.0,87.2,9,7,Yes
U05897,2025-06-20,50,Freelancer,9.7,10.0,7.9,4.5,7.3,13,145,108,2,4,10.0,85.6,7,2,No
U01793,2025-06-20,59,Designer,8.7,10.0,8.9,5.6,6.9,32,178,117,0,5,9.0,66.4,10,5,No
U03849,2025-06-20,32,Software Engineer,9.1,10.0,4.1,1.6,9.8,3,75,48,0,2,10.0,100.0,6,5,No
U00739,2025-06-20,22,Software Engineer,6.8,10.0,5.2,1.8,10.2,17,122,67,2,4,9.0,88.4,7,5,Yes
U06812,2025-06-20,54,Analyst,8.7,10.0,2.8,0.8,10.5,31,43,33,5,1,10.0,100.0,9,7,No
U04835,2025-06-20,19,Analyst,9.2,10.0,5.4,1.6,8.4,29,90,63,4,5,9.0,91.1,10,8,No
U00020,2025-06-20,47,Teacher,10.0,10.0,5.9,2.1,9.4,20,116,77,1,2,10.0,97.2,11,8,No
U06536,2025-06-20,43,Teacher,8.4,8.0,1.5,1.8,9.5,19,44,23,2,2,9.0,100.0,10,8,Yes
U04725,2025-06-20,51,Freelancer,7.8,9.0,4.8,1.3,9.2,58,95,63,2,2,9.0,100.0,8,5,No
U00685,2025-06-20,40,Analyst,5.9,9.0,8.5,5.3,5.8,11,203,119,3,8,6.0,45.7,6,2,No
U01911,2025-06-20,34,Student,6.7,10.0,6.5,2.8,8.5,25,121,105,1,6,7.0,79.0,4,2,No
U06756,2025-06-20,48,Teacher,5.4,8.0,7.4,4.1,4.1,30,159,76,4,6,8.0,58.7,9,5,No
U03417,2025-06-20,56,Freelancer,8.0,10.0,6.3,2.2,7.7,28,128,85,2,3,10.0,100.0,10,7,No
U03490,2025-06-20,54,Student,8.2,9.0,7.1,3.9,6.1,27,145,107,2,7,9.0,65.9,5,3,No
U04882,2025-06-20,60,Designer,9.1,10.0,7.6,4.8,8.7,28,199,83,1,2,10.0,100.0,3,1,No
U01974,2025-06-20,43,Freelancer,5.7,9.0,5.7,2.1,6.1,19,106,84,0,7,8.0,66.8,7,6,No
U06625,2025-06-21,35,Freelancer,6.5,9.0,9.3,1.6,8.3,46,146,100,1,5,10.0,70.8,6,3,No
U01330,2025-06-21,49,Freelancer,8.1,6.0,8.9,3.9,7.5,49,113,107,1,5,10.0,95.5,8,4,No
U05568,2025-06-21,30,Software Engineer,6.1,7.0,7.6,2.8,7.4,29,120,100,2,5,7.0,76.4,9,6,Yes
U01010,2025-06-21,46,Student,8.3,10.0,6.1,1.4,9.5,19,137,47,1,5,10.0,93.0,9,8,Yes
U01251,2025-06-21,24,Student,7.1,10.0,7.5,2.9,8.6,10,158,96,0,7,9.0,89.5,2,0,Yes
U05468,2025-06-21,49,Student,6.6,8.0,12.2,5.6,6.3,53,231,160,2,10,7.0,52.8,10,4,No
U03668,2025-06-21,21,Freelancer,6.5,10.0,5.7,1.7,8.2,17,124,41,0,5,8.0,77.0,4,3,No
U04308,2025-06-21,26,Student,9.2,10.0,7.7,4.0,6.1,7,176,88,0,2,10.0,93.2,9,6,Yes
U06295,2025-06-21,60,Student,7.1,9.0,8.5,2.3,7.9,43,157,119,1,7,7.0,71.3,9,5,No
U05797,2025-06-21,29,Software Engineer,7.0,7.0,5.9,1.1,7.5,31,75,67,0,3,10.0,93.8,6,5,Yes
U02078,2025-06-21,36,Software Engineer,8.0,10.0,6.0,2.8,7.0,61,139,85,1,2,8.0,90.6,3,2,No
U06838,2025-06-21,57,Teacher,4.5,4.0,9.5,5.9,4.9,22,183,115,2,10,5.0,33.1,7,3,Yes
U02951,2025-06-21,45,Software Engineer,6.5,9.0,2.7,1.8,12.0,15,55,34,5,5,8.0,98.1,9,7,Yes
U02335,2025-06-21,38,Freelancer,9.7,10.0,3.2,1.8,10.1,35,54,51,2,1,9.0,100.0,3,3,No
U01644,2025-06-21,20,Designer,6.1,8.0,5.0,0.8,11.2,37,99,54,3,4,9.0,91.5,9,5,No
U00701,2025-06-22,51,Designer,7.4,8.0,9.5,2.5,8.9,15,170,129,4,8,7.0,60.8,5,3,No
U06326,2025-06-22,44,Student,7.6,9.0,7.3,2.0,8.6,54,128,90,1,4,8.0,91.2,6,6,No
U02837,2025-06-22,51,Teacher,7.9,9.0,8.8,3.3,7.8,24,166,105,3,4,8.0,83.3,5,2,No
U01418,2025-06-22,23,Analyst,7.0,10.0,5.8,1.6,9.2,50,95,81,2,2,10.0,100.0,7,5,No
U05243,2025-06-22,59,Software Engineer,8.7,10.0,6.7,3.3,8.5,9,119,80,0,7,9.0,80.5,4,0,No
U04738,2025-06-22,56,Student,7.1,7.0,5.4,1.5,6.6,12,123,58,1,7,9.0,94.9,2,2,Yes
U03873,2025-06-22,27,Student,7.7,8.0,6.1,1.8,10.0,25,99,79,0,5,7.0,91.7,2,2,No
U02895,2025-06-22,19,Teacher,6.6,10.0,5.5,2.1,9.9,34,67,65,2,4,6.0,87.5,2,1,Yes
U00777,2025-06-22,59,Software Engineer,6.6,8.0,7.3,2.1,9.9,27,128,73,0,3,9.0,100.0,6,4,Yes
U04932,2025-06-22,57,Designer,7.3,10.0,7.0,2.9,10.2,59,143,93,0,4,9.0,100.0,6,2,Yes
U05009,2025-06-22,27,Freelancer,8.6,10.0,5.1,0.8,12.0,95,92,56,2,1,10.0,100.0,7,5,Yes
U05125,2025-06-22,49,Designer,7.1,9.0,9.1,3.4,5.8,38,141,115,0,3,10.0,79.5,4,4,Yes
U01885,2025-06-22,46,Student,7.3,10.0,10.1,3.2,6.2,24,185,105,4,8,9.0,68.7,8,4,No
U03835,2025-06-22,31,Software Engineer,6.8,10.0,4.4,0.7,11.2,6,94,46,2,3,9.0,100.0,8,5,No
U05195,2025-06-22,26,Freelancer,5.5,8.0,4.9,3.3,11.4,130,90,81,2,3,10.0,100.0,4,2,No
U01482,2025-06-23,43,Student,8.2,10.0,6.1,2.5,10.0,18,86,82,1,3,10.0,100.0,5,5,No
U05192,2025-06-23,30,Software Engineer,6.7,10.0,6.1,3.6,10.6,69,128,97,0,4,10.0,100.0,4,3,Yes
U04222,2025-06-23,46,Designer,4.0,6.0,5.6,0.0,8.1,49,105,60,2,5,7.0,70.6,11,4,No
U02860,2025-06-23,28,Analyst,6.9,8.0,3.4,0.4,9.0,43,90,39,0,5,9.0,91.1,3,1,Yes
U02259,2025-06-23,52,Analyst,7.8,10.0,7.3,4.0,10.6,16,163,119,1,3,8.0,91.0,10,4,Yes
U05515,2025-06-23,37,Designer,7.2,10.0,4.5,2.8,10.0,35,96,86,3,4,10.0,98.1,4,3,No
U06063,2025-06-23,40,Designer,5.5,8.0,7.3,3.6,8.3,19,155,95,1,8,8.0,62.9,8,4,Yes
U01577,2025-06-23,46,Student,5.1,10.0,10.8,2.7,8.4,11,150,123,5,8,9.0,64.0,10,4,No
U04742,2025-06-23,26,Freelancer,6.1,9.0,12.9,2.5,7.6,56,212,158,5,9,7.0,47.1,8,2,Yes
U04015,2025-06-23,31,Freelancer,5.5,7.0,7.9,1.3,6.2,38,103,107,3,5,8.0,68.4,16,7,No
U01443,2025-06-23,59,Freelancer,6.8,10.0,5.5,2.0,10.6,50,127,73,0,4,10.0,89.0,9,5,No
U04013,2025-06-23,22,Freelancer,8.4,7.0,5.4,1.7,10.7,49,74,71,2,3,10.0,89.0,7,7,No
U05617,2025-06-23,60,Freelancer,6.3,10.0,10.3,5.5,5.8,46,202,134,2,10,9.0,66.6,5,2,Yes
U05448,2025-06-23,56,Freelancer,8.2,10.0,7.4,3.9,7.2,89,175,102,1,2,10.0,96.2,11,7,Yes
U03175,2025-06-23,58,Student,7.8,10.0,4.5,1.1,11.9,10,89,73,3,4,9.0,100.0,7,7,No
U06427,2025-06-24,43,Software Engineer,6.2,5.0,7.6,1.4,8.9,11,118,97,3,7,8.0,77.9,7,3,Yes
U00700,2025-06-24,49,Designer,7.6,10.0,2.6,0.8,11.6,20,37,58,0,3,9.0,100.0,12,9,No
U04189,2025-06-24,26,Student,8.2,10.0,6.1,2.8,7.4,57,114,85,4,2,10.0,100.0,5,3,No
U00539,2025-06-24,40,Freelancer,10.0,10.0,8.3,4.6,7.9,23,172,118,1,3,8.0,83.7,2,2,No
U06323,2025-06-24,23,Teacher,8.1,9.0,2.3,1.4,9.0,89,47,34,1,1,10.0,100.0,11,8,No
U04556,2025-06-24,60,Teacher,8.1,10.0,9.5,3.3,8.5,22,151,129,1,6,6.0,64.6,10,7,Yes
U04956,2025-06-24,27,Freelancer,8.2,9.0,7.5,3.8,11.6,71,157,97,1,5,10.0,100.0,7,4,No
U00765,2025-06-24,42,Designer,10.0,10.0,6.9,3.1,9.0,78,109,104,3,2,10.0,100.0,4,2,No
U05565,2025-06-24,44,Teacher,7.5,10.0,6.9,1.7,8.9,43,138,102,2,6,7.0,79.6,7,3,Yes
U06023,2025-06-24,21,Designer,7.9,10.0,6.9,3.8,8.5,70,149,92,2,6,10.0,85.5,5,2,No
U04150,2025-06-24,37,Freelancer,7.5,10.0,4.7,1.8,8.6,25,112,56,2,4,8.0,92.0,7,6,No
U04695,2025-06-24,49,Designer,6.2,7.0,4.4,2.6,9.4,25,113,60,5,5,6.0,87.9,7,4,No
U04043,2025-06-24,43,Analyst,7.3,10.0,6.6,1.3,8.9,29,116,75,1,6,9.0,82.2,13,9,Yes
U06010,2025-06-24,49,Freelancer,10.0,10.0,7.6,4.1,9.0,17,122,113,1,5,9.0,73.4,16,12,Yes
U05429,2025-06-24,49,Freelancer,7.3,10.0,6.6,2.6,12.0,14,107,92,5,3,8.0,100.0,9,6,No
U00991,2025-06-24,46,Teacher,6.1,9.0,4.5,2.6,11.0,20,91,69,2,5,7.0,84.8,5,2,No
U01292,2025-06-24,42,Designer,6.5,10.0,7.8,1.7,3.2,55,122,95,1,5,9.0,70.8,6,1,No
U02880,2025-06-24,35,Designer,8.0,10.0,2.4,1.9,11.8,63,58,43,0,3,9.0,100.0,5,3,Yes
U03920,2025-06-24,55,Teacher,6.0,6.0,11.6,6.5,4.7,59,193,162,3,8,7.0,44.6,9,3,No
U06159,2025-06-24,24,Teacher,6.1,10.0,7.8,3.4,11.5,18,117,109,1,6,9.0,75.7,12,8,No
U01873,2025-06-24,23,Analyst,8.4,10.0,8.5,2.7,6.3,16,129,89,0,6,10.0,66.3,8,4,No
U04574,2025-06-24,37,Teacher,7.0,10.0,3.2,2.0,12.0,36,119,63,1,3,9.0,100.0,5,2,Yes
U05800,2025-06-24,46,Analyst,7.5,10.0,4.1,1.0,11.0,10,101,43,0,4,10.0,100.0,9,8,No
U06426,2025-06-24,46,Analyst,6.6,10.0,7.9,4.5,4.2,86,177,114,2,4,8.0,83.0,3,0,No
U01283,2025-06-24,51,Designer,8.1,9.0,2.5,0.4,9.2,45,73,47,0,2,10.0,96.0,6,4,No
U06712,2025-06-24,38,Analyst,7.7,10.0,7.3,3.7,8.4,62,142,104,3,7,6.0,72.0,9,5,Yes
U04414,2025-06-24,52,Teacher,6.1,10.0,2.0,0.9,11.3,21,84,39,2,2,9.0,100.0,8,7,Yes
U02646,2025-06-24,43,Teacher,7.0,10.0,9.5,3.2,6.4,55,176,142,0,4,10.0,89.7,4,1,Yes
U02385,2025-06-24,39,Designer,7.3,10.0,5.6,3.6,10.2,45,113,61,1,7,7.0,81.2,9,6,Yes
U05852,2025-06-25,44,Freelancer,9.2,10.0,7.0,0.8,9.3,26,130,61,4,3,10.0,100.0,3,2,No
U03486,2025-06-25,30,Teacher,8.0,8.0,9.2,5.3,3.7,86,125,126,2,6,7.0,61.6,11,4,Yes
U00279,2025-06-25,21,Teacher,6.8,7.0,5.0,1.5,8.8,17,72,63,2,2,10.0,89.1,10,9,Yes
U03517,2025-06-25,29,Software Engineer,7.7,10.0,4.1,1.2,6.4,67,46,46,3,4,10.0,82.9,5,2,No
U02590,2025-06-25,51,Student,5.2,9.0,8.1,1.3,6.1,44,132,90,1,5,9.0,63.5,5,2,No
U02212,2025-06-25,35,Student,7.1,10.0,7.5,2.3,9.1,10,132,103,2,5,8.0,87.8,9,3,Yes
U06550,2025-06-25,43,Software Engineer,5.6,9.0,3.0,2.0,12.0,40,80,62,2,3,7.0,100.0,7,5,Yes
U02821,2025-06-25,49,Student,6.9,10.0,5.7,2.6,6.9,88,141,82,2,5,6.0,75.7,7,4,No
U05891,2025-06-25,40,Teacher,5.1,7.0,8.8,2.8,8.6,13,129,88,2,7,6.0,67.1,9,6,No
U06566,2025-06-25,45,Designer,7.4,10.0,7.5,1.5,6.1,38,139,85,3,6,9.0,75.9,11,5,No
U04778,2025-06-25,49,Freelancer,7.1,8.0,7.2,2.0,8.7,39,121,107,0,5,10.0,97.9,4,1,Yes
U01566,2025-06-25,44,Software Engineer,7.5,9.0,8.6,5.0,6.9,91,168,122,2,5,8.0,72.4,8,4,No
U05175,2025-06-25,34,Designer,6.7,10.0,4.9,1.9,5.8,17,102,64,2,2,8.0,78.5,5,2,No
U05675,2025-06-25,43,Software Engineer,7.0,10.0,10.9,5.4,7.9,21,179,143,2,6,8.0,62.2,8,3,Yes
U05774,2025-06-25,49,Teacher,6.3,10.0,4.5,0.9,9.5,71,96,68,2,3,10.0,94.3,11,7,No
U02024,2025-06-25,25,Student,7.4,9.0,5.0,2.9,11.7,51,128,68,3,1,10.0,100.0,11,9,No
U03645,2025-06-26,57,Freelancer,5.7,9.0,7.7,0.9,11.2,44,120,100,2,4,8.0,81.0,6,4,Yes
U00828,2025-06-26,43,Student,10.0,10.0,9.5,2.0,6.2,16,157,117,0,6,9.0,88.3,5,4,No
U02986,2025-06-26,28,Teacher,5.9,8.0,1.1,0.4,12.0,109,50,30,1,1,10.0,100.0,4,4,No
U04482,2025-06-26,23,Teacher,9.5,10.0,1.0,0.0,9.8,16,54,23,1,3,9.0,100.0,8,8,No
U05227,2025-06-26,38,Designer,9.5,10.0,8.3,2.3,7.4,180,142,99,2,1,,100.0,10,7,No
U01529,2025-06-26,53,Teacher,7.9,10.0,7.8,3.0,9.0,88,152,101,0,4,10.0,97.2,4,4,No
U04211,2025-06-26,21,Software Engineer,5.8,5.0,8.1,3.9,8.3,50,146,129,1,4,9.0,93.3,8,7,No
U03788,2025-06-26,20,Designer,7.2,8.0,2.5,0.1,10.6,93,69,36,4,2,10.0,100.0,8,7,Yes
U00742,2025-06-26,27,Teacher,6.1,9.0,3.8,0.5,11.5,44,79,59,1,3,9.0,100.0,9,7,No
U04910,2025-06-26,55,Designer,6.1,9.0,6.5,3.9,6.6,42,110,75,2,4,8.0,85.2,8,5,No
U01549,2025-06-26,47,Teacher,7.5,10.0,6.9,4.1,10.3,13,183,133,0,4,8.0,87.4,8,7,No
U06684,2025-06-26,35,Freelancer,6.9,10.0,4.0,2.7,7.4,11,115,56,3,5,6.0,67.2,3,2,Yes
U03782,2025-06-26,51,Software Engineer,6.2,8.0,8.4,4.7,9.1,51,164,115,1,7,8.0,82.8,4,3,Yes
U06124,2025-06-26,42,Designer,6.6,9.0,6.0,3.1,9.5,48,149,102,2,5,10.0,93.3,13,8,No
U04218,2025-06-26,18,Student,5.7,9.0,7.3,3.1,7.4,42,166,105,1,6,7.0,88.5,8,3,Yes
U00092,2025-06-26,25,Analyst,8.3,10.0,6.3,4.3,5.9,27,132,92,3,5,8.0,71.8,8,5,No
U02625,2025-06-26,22,Designer,5.8,10.0,6.9,1.9,7.3,34,106,79,3,6,8.0,66.8,3,1,No
U01727,2025-06-26,25,Teacher,7.4,10.0,6.3,2.9,7.6,23,109,72,2,5,8.0,88.1,5,1,No
U01797,2025-06-26,57,Teacher,6.5,10.0,4.9,3.0,11.8,32,83,57,1,3,7.0,94.5,7,4,No
U03773,2025-06-26,54,Software Engineer,9.1,10.0,7.1,1.7,7.0,2,113,95,3,4,8.0,73.3,10,6,No
U04601,2025-06-26,29,Teacher,6.7,9.0,4.3,2.1,10.9,6,76,68,2,2,8.0,100.0,5,0,No
U01725,2025-06-26,58,Teacher,8.2,9.0,8.2,5.0,8.6,108,188,128,2,2,10.0,100.0,8,5,No
U05241,2025-06-27,23,Teacher,4.8,8.0,8.5,3.4,8.1,15,154,106,3,7,5.0,58.5,2,2,No
U04240,2025-06-27,42,Freelancer,9.7,10.0,4.6,2.4,8.9,8,91,62,0,4,10.0,97.9,8,7,No
U05218,2025-06-27,42,Designer,9.7,10.0,2.3,1.4,12.0,3,69,54,1,4,10.0,100.0,6,4,No
U03072,2025-06-27,34,Software Engineer,7.9,10.0,4.7,3.0,9.3,62,100,65,1,4,9.0,91.7,6,4,No
U05335,2025-06-27,48,Freelancer,7.6,9.0,9.2,5.1,6.8,21,197,134,3,7,8.0,75.3,10,7,Yes
U03607,2025-06-27,24,Analyst,8.6,10.0,4.7,1.0,6.5,87,123,44,2,1,10.0,100.0,5,4,No
U03187,2025-06-27,24,Software Engineer,6.6,10.0,8.1,5.0,7.7,40,169,122,2,5,8.0,80.5,8,4,No
U05600,2025-06-27,23,Freelancer,7.6,9.0,6.2,3.5,6.4,56,121,78,0,4,10.0,96.6,6,4,Yes
U03853,2025-06-27,20,Freelancer,7.2,10.0,5.2,2.8,10.8,15,129,63,3,4,8.0,91.8,10,8,No
U04267,2025-06-27,20,Software Engineer,7.7,10.0,6.0,1.5,8.9,36,128,88,2,3,10.0,100.0,7,5,No
U05506,2025-06-27,48,Student,9.2,10.0,8.2,2.3,8.2,39,98,108,2,2,10.0,90.4,6,4,Yes
U00172,2025-06-27,50,Freelancer,6.8,8.0,3.6,0.6,7.7,6,58,29,1,2,10.0,100.0,7,4,No
U04830,2025-06-28,56,Freelancer,8.3,10.0,8.0,3.7,8.0,43,143,94,1,5,9.0,92.4,9,7,No
U01759,2025-06-28,39,Teacher,7.7,10.0,5.0,2.4,9.4,45,134,79,2,6,7.0,94.1,10,5,No
U02771,2025-06-28,57,Designer,5.1,7.0,6.0,2.1,8.0,19,104,50,1,6,10.0,73.2,12,5,No
U05543,2025-06-28,18,Analyst,7.9,10.0,3.3,2.8,12.0,17,136,56,1,5,9.0,100.0,3,2,No
U02004,2025-06-28,40,Student,8.1,10.0,8.5,2.2,10.6,133,130,77,2,3,9.0,100.0,8,6,Yes
U05820,2025-06-28,55,Analyst,7.3,10.0,6.6,3.7,9.8,105,152,96,2,1,9.0,100.0,8,5,No
U01384,2025-06-28,30,Student,6.8,10.0,4.2,2.1,7.9,55,82,68,3,1,10.0,100.0,8,5,Yes
U01837,2025-06-28,20,Analyst,8.4,9.0,6.7,3.2,10.2,84,148,87,3,2,10.0,100.0,7,4,Yes
U03353,2025-06-28,25,Teacher,6.5,9.0,6.3,2.2,7.7,39,135,78,4,5,6.0,80.0,6,6,Yes
U02730,2025-06-28,56,Student,8.5,10.0,7.6,4.1,12.0,19,177,86,4,4,7.0,92.3,11,8,Yes
U02751,2025-06-28,57,Software Engineer,8.3,10.0,6.5,2.4,9.6,12,89,73,0,4,9.0,92.5,8,6,Yes
U05431,2025-06-28,37,Student,5.5,9.0,1.0,0.3,10.2,75,25,3,1,1,7.0,100.0,3,0,No
U00531,2025-06-28,36,Analyst,6.4,10.0,9.1,1.8,4.4,21,135,110,2,4,8.0,72.8,4,2,Yes
U04357,2025-06-28,31,Analyst,5.9,7.0,10.6,3.2,4.5,36,176,124,3,6,8.0,60.9,4,2,No
U00942,2025-06-28,28,Freelancer,6.6,10.0,9.8,5.9,7.6,51,168,128,0,6,7.0,61.4,7,3,No
U05401,2025-06-28,49,Teacher,3.5,4.0,5.4,1.6,8.6,53,60,83,0,3,6.0,77.5,7,5,Yes
U03646,2025-06-28,26,Student,7.8,7.0,9.0,4.0,7.7,27,179,121,3,5,7.0,77.1,4,2,No
U03135,2025-06-28,23,Teacher,6.2,7.0,6.8,1.7,10.2,85,131,87,2,2,10.0,100.0,8,3,Yes
U04608,2025-06-29,50,Freelancer,6.5,10.0,7.8,2.6,6.8,36,117,100,1,6,8.0,68.2,9,5,No
U02171,2025-06-29,37,Software Engineer,5.1,6.0,7.0,2.1,8.2,45,123,85,1,4,8.0,84.8,6,2,Yes
U03635,2025-06-29,46,Designer,8.4,10.0,8.1,3.9,5.9,67,132,79,3,3,10.0,85.5,11,6,No
U04340,2025-06-29,20,Student,5.1,7.0,6.6,0.7,7.8,67,100,74,1,4,8.0,81.2,6,4,No
U05990,2025-06-29,46,Teacher,5.4,8.0,4.1,2.6,9.4,17,119,81,2,5,5.0,78.5,8,5,No
U03525,2025-06-29,52,Analyst,7.0,9.0,4.3,0.8,10.0,72,98,47,0,3,9.0,100.0,7,4,No
U00292,2025-06-29,47,Teacher,5.4,6.0,6.5,2.2,11.1,33,99,91,0,6,9.0,83.5,8,4,Yes
U03664,2025-06-29,28,Analyst,6.7,10.0,4.4,1.8,6.9,75,108,80,1,3,10.0,95.1,4,2,No
U01896,2025-06-29,38,Teacher,6.9,7.0,5.3,2.9,8.2,98,130,56,0,3,9.0,98.5,13,9,No
U06235,2025-06-29,34,Teacher,4.7,9.0,4.7,3.1,10.0,14,112,80,1,5,6.0,84.8,9,4,Yes
U00206,2025-06-29,51,Student,5.9,9.0,8.4,1.0,5.9,62,130,84,1,6,9.0,75.4,15,6,Yes
U03178,2025-06-29,28,Freelancer,5.8,6.0,3.7,2.7,7.5,89,91,52,3,3,10.0,88.2,9,6,No
U00052,2025-06-29,34,Software Engineer,7.8,10.0,3.4,0.6,10.6,9,46,33,0,3,9.0,100.0,6,3,No
U06619,2025-06-29,36,Designer,5.8,7.0,3.1,2.4,9.6,34,45,50,2,2,10.0,100.0,7,5,No
U02326,2025-06-29,45,Analyst,7.2,9.0,6.2,3.6,8.5,23,121,78,1,3,9.0,91.5,9,6,Yes
U01075,2025-06-29,58,Analyst,6.1,9.0,6.6,0.9,12.0,21,115,56,2,6,9.0,87.8,5,3,Yes
U00011,2025-06-29,28,Student,6.2,9.0,6.0,0.2,9.5,41,129,68,2,6,7.0,68.3,7,5,No
U02372,2025-06-29,26,Software Engineer,7.0,9.0,7.3,1.8,8.2,4,137,79,0,6,7.0,62.5,8,2,Yes
U05785,2025-06-30,56,Designer,6.1,7.0,5.1,1.4,9.5,34,113,87,1,6,8.0,80.5,7,4,Yes
U00521,2025-06-30,53,Freelancer,7.4,10.0,5.7,1.7,7.0,50,85,61,0,5,10.0,92.1,7,4,Yes
U00987,2025-06-30,47,Teacher,8.2,9.0,5.6,3.7,7.3,36,135,87,3,4,10.0,94.5,4,3,No
U03189,2025-06-30,54,Software Engineer,7.0,8.0,6.6,1.2,7.0,23,128,102,2,3,9.0,85.0,9,7,No
U06992,2025-06-30,36,Designer,8.8,10.0,7.1,4.3,8.0,43,120,101,1,4,8.0,99.8,7,5,No
U05362,2025-06-30,28,Freelancer,6.2,9.0,5.9,4.7,8.5,24,157,101,3,7,8.0,71.8,10,4,No
U01627,2025-06-30,51,Teacher,6.4,7.0,3.2,0.6,9.6,32,58,44,4,1,10.0,100.0,6,3,No
U00204,2025-06-30,41,Designer,5.1,8.0,5.9,3.7,8.5,34,126,97,1,5,9.0,87.3,6,2,Yes
U03253,2025-06-30,49,Designer,8.4,10.0,5.4,1.4,11.8,10,121,46,1,2,7.0,100.0,12,10,No
U05492,2025-06-30,24,Analyst,8.3,10.0,12.0,1.6,6.1,37,160,125,2,6,10.0,55.0,10,4,No
U04623,2025-06-30,54,Teacher,7.9,10.0,8.1,5.7,8.2,50,176,111,1,5,8.0,86.1,4,3,No
U01399,2025-06-30,18,Software Engineer,6.2,7.0,3.9,2.2,11.7,27,75,50,2,3,9.0,100.0,5,4,Yes
U06730,2025-06-30,27,Teacher,7.6,10.0,4.7,3.1,11.0,40,99,71,1,4,10.0,100.0,5,2,No
U00220,2025-06-30,43,Designer,4.7,8.0,5.7,2.0,5.8,90,109,81,1,4,9.0,92.0,8,4,No
U04671,2025-06-30,37,Student,8.4,10.0,4.6,1.9,11.0,60,113,42,1,4,10.0,100.0,2,2,Yes
U01370,2025-06-30,46,Student,4.6,6.0,5.5,3.4,6.8,96,114,81,1,5,8.0,75.0,8,5,No
U06638,2025-06-30,22,Teacher,7.0,9.0,7.0,2.8,8.4,81,139,111,4,3,9.0,91.6,6,6,No
U02341,2025-06-30,56,Freelancer,8.5,9.0,9.2,6.4,6.2,10,156,128,2,6,7.0,75.8,9,5,Yes
U03445,2025-06-30,30,Teacher,7.7,10.0,4.8,2.3,12.0,21,150,40,3,2,10.0,100.0,7,7,Yes
U01501,2025-07-01,23,Software Engineer,6.3,6.0,9.2,5.2,10.6,36,153,120,4,7,8.0,71.2,8,5,No
U04481,2025-07-01,40,Analyst,6.6,9.0,7.4,4.3,8.8,19,179,97,2,6,8.0,69.9,12,7,Yes
U02972,2025-07-01,58,Analyst,7.0,9.0,6.0,2.6,9.8,43,104,79,2,5,9.0,100.0,3,2,No
U00529,2025-07-01,31,Teacher,7.9,10.0,6.2,1.8,8.6,20,158,49,3,5,7.0,80.0,5,3,No
U06929,2025-07-01,33,Freelancer,6.5,6.0,6.9,0.9,8.1,40,76,78,1,3,10.0,95.6,10,7,No
U06276,2025-07-01,35,Analyst,7.4,9.0,5.9,1.7,8.0,31,107,64,3,3,10.0,93.6,4,3,No
U01614,2025-07-01,45,Designer,7.1,9.0,6.5,3.1,8.0,25,130,103,0,6,8.0,75.4,12,7,No
U03866,2025-07-01,40,Freelancer,8.9,10.0,12.0,6.3,8.3,16,222,140,2,8,9.0,62.9,10,4,No
U05306,2025-07-01,60,Analyst,8.5,10.0,8.1,2.9,10.4,53,136,80,0,2,7.0,100.0,8,7,Yes
U05415,2025-07-01,58,Teacher,5.9,10.0,5.4,1.1,10.3,50,94,72,2,4,10.0,81.9,6,4,No
U00925,2025-07-01,55,Teacher,7.5,10.0,5.7,2.8,7.0,44,129,65,2,4,7.0,83.2,5,2,No
U04647,2025-07-01,41,Analyst,10.0,10.0,5.5,3.1,7.7,89,97,84,0,1,10.0,100.0,6,6,No
U03609,2025-07-01,49,Student,8.2,10.0,7.2,3.3,8.3,9,151,98,4,5,8.0,74.0,6,4,No
U06584,2025-07-01,43,Student,7.8,10.0,9.8,3.9,6.1,29,166,115,1,2,10.0,83.4,6,3,Yes
U03562,2025-07-01,53,Student,3.9,4.0,4.1,2.4,12.0,71,97,68,0,4,6.0,88.3,7,5,No
U05155,2025-07-01,23,Designer,5.1,6.0,4.1,2.8,10.2,39,120,62,2,4,9.0,87.7,4,4,No
U03068,2025-07-01,26,Software Engineer,6.5,10.0,7.8,1.6,9.8,37,145,98,0,5,9.0,81.5,10,6,No
U03573,2025-07-01,19,Teacher,7.1,10.0,5.7,3.7,9.4,19,116,74,3,5,8.0,87.0,8,5,No
U00821,2025-07-01,54,Freelancer,8.3,9.0,8.0,4.8,11.6,95,138,137,0,4,7.0,99.2,10,8,No
U02677,2025-07-01,42,Teacher,5.6,8.0,6.4,2.2,9.7,25,110,59,2,4,6.0,81.7,4,1,No
U00729,2025-07-02,32,Analyst,6.3,9.0,2.7,1.0,12.0,16,49,34,0,4,8.0,99.5,6,3,Yes
U03524,2025-07-02,58,Software Engineer,5.3,8.0,6.7,2.3,8.2,22,130,93,4,5,8.0,67.2,5,5,Yes
U03963,2025-07-02,50,Student,6.6,7.0,2.0,0.0,8.9,47,46,27,3,2,9.0,100.0,5,3,No
U01196,2025-07-02,54,Software Engineer,8.4,10.0,4.5,2.5,9.0,4,91,67,0,4,9.0,96.0,10,8,No
U00384,2025-07-02,49,Software Engineer,6.9,8.0,4.0,0.4,11.7,18,83,28,2,4,8.0,91.4,6,6,Yes
U02137,2025-07-02,49,Software Engineer,7.7,10.0,8.1,2.6,10.3,17,160,93,3,5,9.0,88.1,10,7,No
U03571,2025-07-02,55,Analyst,5.5,10.0,9.8,4.2,6.5,93,196,141,0,4,8.0,90.0,7,3,Yes
U02902,2025-07-02,37,Teacher,7.2,10.0,6.7,1.3,8.3,39,118,72,0,5,10.0,96.3,7,4,No
U00782,2025-07-02,22,Software Engineer,8.3,10.0,8.1,3.1,6.5,89,123,91,1,2,10.0,100.0,4,2,Yes
U03335,2025-07-02,39,Software Engineer,7.6,10.0,7.9,3.4,11.4,12,133,116,4,7,7.0,70.8,8,3,No
U04605,2025-07-02,46,Designer,6.2,10.0,6.1,4.0,9.8,39,120,83,2,6,7.0,95.3,8,7,No
U01314,2025-07-02,48,Software Engineer,6.8,9.0,5.9,1.8,9.5,37,122,70,0,5,10.0,86.3,3,1,Yes
U02021,2025-07-02,46,Freelancer,9.4,10.0,5.4,1.8,7.1,9,126,54,1,3,10.0,94.2,11,8,No
U02688,2025-07-02,50,Student,5.4,8.0,5.7,3.3,9.1,20,132,80,1,5,9.0,85.5,7,6,No
U06327,2025-07-02,55,Freelancer,6.2,8.0,8.7,3.6,7.6,28,183,131,0,5,7.0,66.7,7,3,No
U05389,2025-07-02,29,Student,7.7,10.0,6.2,1.1,12.0,54,125,87,0,5,8.0,95.8,8,7,No
U06244,2025-07-02,34,Freelancer,7.1,10.0,7.4,2.4,5.5,39,143,92,1,6,5.0,62.1,4,3,Yes
U05266,2025-07-03,33,Analyst,6.4,10.0,6.3,2.9,8.9,21,90,84,2,4,10.0,74.0,10,8,Yes
U01373,2025-07-03,30,Freelancer,5.9,8.0,8.5,1.8,6.5,9,163,97,2,5,6.0,64.6,8,4,No
U05535,2025-07-03,41,Student,7.2,9.0,6.4,1.3,10.1,88,104,59,1,3,10.0,92.9,10,8,No
U05148,2025-07-03,46,Software Engineer,8.7,10.0,5.5,2.2,7.4,37,83,66,3,3,10.0,95.4,6,4,No
U02824,2025-07-03,21,Freelancer,9.1,10.0,4.6,1.3,10.0,25,61,44,1,1,10.0,100.0,3,2,No
U03545,2025-07-03,50,Designer,5.6,9.0,8.4,3.4,4.0,62,191,98,2,5,5.0,56.1,10,5,No
U05430,2025-07-03,51,Designer,6.2,6.0,5.0,1.7,10.7,65,95,59,0,6,9.0,93.6,6,4,No
U02682,2025-07-03,60,Student,7.0,8.0,7.9,3.0,8.2,36,127,85,1,5,10.0,89.0,7,6,No
U06414,2025-07-03,50,Freelancer,8.3,10.0,6.6,3.1,9.2,54,123,90,1,3,6.0,98.8,9,8,No
U05689,2025-07-03,31,Analyst,6.3,7.0,5.7,2.4,6.3,9,112,61,5,5,9.0,67.1,5,2,No
U02563,2025-07-03,21,Student,5.9,9.0,7.5,4.5,10.4,76,116,88,4,6,8.0,81.7,8,4,No
U05177,2025-07-03,21,Software Engineer,6.7,9.0,5.3,3.5,11.1,38,88,74,1,4,7.0,86.1,11,7,Yes
U01981,2025-07-03,26,Software Engineer,6.5,9.0,8.9,3.5,6.6,41,163,97,3,6,9.0,73.8,6,4,Yes
U04569,2025-07-03,22,Student,6.8,10.0,2.5,0.8,7.9,25,74,29,3,1,9.0,100.0,7,4,No
U00399,2025-07-03,40,Freelancer,6.8,10.0,9.7,4.9,8.4,142,188,122,2,2,10.0,100.0,7,1,Yes
U06848,2025-07-03,28,Software Engineer,8.6,10.0,5.9,0.7,12.0,15,112,60,3,4,8.0,100.0,8,8,No
U02831,2025-07-04,28,Designer,6.6,9.0,4.8,2.3,11.3,57,92,44,4,2,9.0,88.6,8,7,No
U00851,2025-07-04,23,Teacher,5.6,7.0,7.6,4.9,10.0,50,174,103,1,8,5.0,68.8,12,4,No
U00332,2025-07-04,41,Designer,8.1,10.0,5.7,1.2,10.4,64,87,50,4,3,8.0,86.2,7,7,No
U05546,2025-07-04,19,Freelancer,7.1,10.0,5.6,1.6,11.2,24,131,66,2,4,10.0,93.5,7,5,No
U02537,2025-07-04,27,Software Engineer,6.5,10.0,8.9,3.7,7.2,31,160,96,1,7,7.0,61.8,3,1,No
U02132,2025-07-04,21,Teacher,5.9,8.0,8.4,0.7,11.0,19,123,63,1,8,7.0,64.1,6,4,No
U06057,2025-07-04,29,Analyst,7.6,10.0,4.3,1.6,9.3,32,85,44,0,2,10.0,100.0,7,3,No
U03622,2025-07-04,49,Freelancer,8.9,10.0,4.3,2.3,10.0,72,137,62,1,1,10.0,100.0,5,3,No
U04072,2025-07-04,60,Software Engineer,6.5,9.0,7.2,2.0,6.3,108,121,102,2,6,9.0,78.2,7,6,No
U05651,2025-07-04,42,Software Engineer,7.4,10.0,5.6,2.8,8.8,45,121,54,1,5,10.0,99.7,7,4,No
U01604,2025-07-04,28,Student,7.3,7.0,4.7,1.6,8.8,29,112,49,1,5,10.0,89.1,9,4,Yes
U02801,2025-07-04,57,Software Engineer,6.7,10.0,6.9,3.7,10.9,12,114,86,1,5,8.0,81.2,10,6,No
U05606,2025-07-04,57,Teacher,4.8,10.0,10.0,2.7,5.8,31,149,105,0,6,7.0,70.2,6,3,No
U00029,2025-07-04,59,Student,6.9,9.0,5.5,3.4,7.6,5,127,100,2,5,8.0,76.0,10,7,No
U01206,2025-07-04,47,Teacher,7.0,10.0,3.1,1.4,10.8,37,83,47,2,2,10.0,100.0,4,3,No
U01867,2025-07-04,54,Teacher,7.7,10.0,5.4,2.6,11.0,37,137,66,1,2,10.0,100.0,10,6,No
U05363,2025-07-04,38,Analyst,8.5,10.0,10.0,6.6,7.1,72,218,134,4,6,9.0,70.7,9,4,Yes
U02716,2025-07-04,29,Software Engineer,7.9,10.0,5.5,1.8,7.0,22,88,75,2,4,10.0,93.9,4,1,No
U02589,2025-07-05,41,Software Engineer,7.4,8.0,4.1,2.5,9.5,24,116,52,2,4,7.0,94.9,3,2,No
U02611,2025-07-05,50,Student,7.0,10.0,3.6,1.8,11.0,78,72,64,1,3,10.0,100.0,9,7,Yes
U01871,2025-07-05,18,Analyst,8.8,10.0,7.7,2.6,10.0,14,101,100,2,4,8.0,91.8,3,1,Yes
U04371,2025-07-05,25,Student,6.3,9.0,3.6,1.0,8.5,18,109,56,0,5,7.0,82.7,2,1,No
U01608,2025-07-05,37,Designer,9.5,10.0,6.6,4.5,9.8,23,169,80,0,6,10.0,96.7,7,3,Yes
U01119,2025-07-05,46,Analyst,6.8,8.0,8.8,3.5,8.0,20,150,120,2,4,8.0,86.0,5,2,No
U04723,2025-07-05,59,Software Engineer,9.7,10.0,7.2,5.3,7.6,5,161,120,2,4,8.0,88.6,10,6,No
U03228,2025-07-05,54,Software Engineer,7.4,10.0,10.8,6.4,5.7,55,213,140,3,10,8.0,65.9,4,3,No
U04541,2025-07-05,53,Software Engineer,5.9,10.0,4.1,1.3,9.1,48,100,75,1,4,10.0,100.0,8,4,No
U00841,2025-07-05,51,Software Engineer,7.7,10.0,3.0,0.7,9.7,17,90,61,1,2,10.0,100.0,4,2,Yes
U04972,2025-07-05,37,Software Engineer,6.8,10.0,9.0,1.6,5.8,14,153,93,2,7,8.0,53.6,9,4,No
U00929,2025-07-05,22,Software Engineer,7.8,8.0,4.8,1.8,11.0,21,120,46,1,3,9.0,97.1,5,3,Yes
U02699,2025-07-05,24,Software Engineer,6.1,9.0,7.3,1.1,7.4,24,113,81,2,7,7.0,70.2,9,5,No
U04715,2025-07-05,57,Analyst,6.6,10.0,3.3,2.3,10.6,23,51,62,1,4,7.0,98.8,5,5,No
U04135,2025-07-05,38,Software Engineer,7.3,9.0,8.1,1.0,5.9,15,132,93,3,5,10.0,69.5,7,4,No
U03497,2025-07-05,42,Software Engineer,6.4,8.0,5.6,3.8,8.6,45,157,67,0,6,8.0,86.4,9,6,Yes
U02552,2025-07-05,31,Teacher,6.7,10.0,5.0,3.0,9.5,156,99,73,2,1,10.0,100.0,4,4,Yes
U05970,2025-07-05,28,Analyst,4.7,10.0,7.5,2.7,8.0,49,125,96,2,6,8.0,74.9,6,2,No
U01645,2025-07-06,46,Student,6.5,10.0,8.2,1.6,9.7,21,134,92,1,6,7.0,82.3,5,1,No
U06621,2025-07-06,23,Teacher,6.5,10.0,1.0,0.1,10.0,72,60,3,0,3,10.0,100.0,7,7,No
U00613,2025-07-06,35,Designer,5.1,8.0,5.1,3.3,9.5,26,129,73,1,6,6.0,79.2,6,1,No
U03367,2025-07-06,30,Analyst,6.9,10.0,8.2,1.9,4.8,27,157,90,2,7,8.0,56.2,8,3,No
U02127,2025-07-06,25,Software Engineer,7.1,8.0,4.9,2.4,9.4,17,122,77,3,4,8.0,89.1,4,2,No
U02946,2025-07-06,36,Student,6.9,8.0,7.9,5.2,6.5,17,165,104,1,5,9.0,73.6,10,8,No
U06598,2025-07-06,45,Freelancer,7.1,10.0,5.2,3.2,10.3,27,99,92,1,2,6.0,94.9,6,6,No
U04691,2025-07-06,56,Designer,7.4,10.0,4.8,1.8,12.0,5,90,51,0,4,8.0,99.4,5,2,Yes
U01963,2025-07-06,29,Analyst,5.3,7.0,8.4,2.1,4.6,101,131,94,2,6,10.0,75.6,6,3,No
U01431,2025-07-06,60,Teacher,8.4,10.0,9.6,4.3,9.7,36,166,102,2,6,9.0,75.5,10,7,No
U06258,2025-07-06,26,Designer,7.2,8.0,5.1,1.9,8.0,99,85,46,4,2,10.0,100.0,4,3,No
U03484,2025-07-06,35,Designer,5.7,9.0,3.7,0.2,10.3,54,89,43,0,5,9.0,91.4,8,5,No
U01904,2025-07-06,51,Analyst,5.0,8.0,6.6,2.8,9.6,110,111,83,4,5,10.0,93.0,5,2,No
U05068,2025-07-06,32,Analyst,6.7,7.0,3.5,1.3,11.2,27,85,31,2,3,9.0,100.0,9,6,No
U02392,2025-07-06,22,Freelancer,8.3,7.0,3.3,1.1,7.6,39,78,39,2,2,9.0,100.0,3,3,No
U05088,2025-07-06,31,Student,10.0,10.0,2.6,0.7,10.9,48,39,23,1,1,8.0,100.0,11,9,No
U00977,2025-07-06,56,Student,6.8,10.0,4.1,1.2,9.2,6,105,44,2,5,8.0,89.8,6,4,No
U04683,2025-07-06,57,Analyst,6.8,10.0,3.2,0.9,9.1,19,39,41,2,1,9.0,100.0,6,4,Yes
U05327,2025-07-06,39,Student,7.0,10.0,3.8,2.2,11.0,11,93,52,2,5,9.0,91.0,9,6,No
U04680,2025-07-06,54,Teacher,6.8,7.0,3.3,1.4,8.8,55,100,65,3,3,10.0,92.3,5,3,No
U04300,2025-07-06,31,Analyst,9.1,10.0,5.6,2.6,5.5,53,118,93,3,2,9.0,97.8,9,6,No
U06824,2025-07-06,57,Student,7.6,10.0,5.5,3.1,7.0,33,106,79,2,3,9.0,98.8,5,5,No
U06708,2025-07-06,29,Designer,7.7,10.0,5.3,2.4,10.7,75,101,69,2,2,10.0,100.0,6,5,No
U01360,2025-07-07,51,Student,6.9,8.0,10.2,5.3,4.2,23,178,157,3,4,7.0,68.0,8,4,No
U00087,2025-07-07,18,Freelancer,7.1,10.0,4.9,0.7,10.3,33,96,51,1,4,9.0,95.4,5,4,No
U02574,2025-07-07,38,Teacher,9.0,10.0,5.2,2.5,9.7,17,101,65,1,3,7.0,92.4,10,7,No
U01910,2025-07-07,35,Student,7.9,10.0,5.8,2.9,7.0,58,123,84,1,1,8.0,95.4,6,3,No
U01333,2025-07-07,24,Student,6.7,8.0,7.4,2.1,11.4,41,96,102,1,3,10.0,100.0,11,9,No
U00730,2025-07-07,44,Software Engineer,6.8,8.0,5.2,1.6,11.1,46,95,35,2,1,10.0,100.0,6,4,Yes
U02344,2025-07-07,30,Software Engineer,9.1,10.0,4.5,0.4,9.2,88,106,43,0,2,10.0,100.0,9,8,Yes
U03647,2025-07-07,22,Analyst,6.2,,7.4,1.6,9.9,83,96,65,2,5,10.0,79.0,7,6,No
U05012,2025-07-07,28,Student,6.0,7.0,6.3,1.8,7.5,23,119,70,1,5,5.0,65.9,7,5,Yes
U02184,2025-07-07,37,Freelancer,6.9,9.0,5.8,3.2,9.1,88,135,124,1,2,8.0,96.4,8,5,No
U05924,2025-07-07,40,Designer,9.5,10.0,5.6,0.9,10.2,49,70,63,2,1,10.0,100.0,5,4,No
U03638,2025-07-07,45,Analyst,7.3,7.0,4.2,2.1,10.7,36,99,58,0,3,10.0,100.0,7,7,No
U04196,2025-07-07,53,Designer,7.8,10.0,6.7,1.4,8.8,26,147,105,3,7,,81.8,9,7,No
U00630,2025-07-07,41,Teacher,6.7,7.0,9.2,2.2,7.8,7,174,100,0,8,9.0,58.9,7,4,Yes
U05857,2025-07-07,37,Teacher,5.1,7.0,5.2,3.1,6.0,17,59,76,3,4,6.0,73.1,6,2,Yes
U00189,2025-07-07,40,Software Engineer,8.8,10.0,4.3,0.7,8.8,25,46,43,0,2,8.0,100.0,11,8,No
U05207,2025-07-07,40,Teacher,6.8,8.0,5.4,2.6,7.9,42,112,94,1,6,8.0,77.9,8,5,No
U01886,2025-07-07,56,Freelancer,9.2,10.0,5.2,2.1,8.5,27,134,75,0,3,8.0,100.0,4,3,No
U03229,2025-07-07,59,Designer,5.6,10.0,10.8,3.3,6.3,63,221,101,2,7,8.0,63.7,9,5,No
U05419,2025-07-08,43,Student,7.7,10.0,10.6,2.2,5.4,59,179,114,2,6,8.0,72.5,8,4,No
U03818,2025-07-08,51,Software Engineer,7.6,9.0,7.5,4.2,9.3,87,164,98,4,1,10.0,100.0,7,3,No
U02218,2025-07-08,39,Student,7.4,9.0,8.6,3.9,7.4,14,170,90,2,6,7.0,77.5,9,4,No
U02233,2025-07-08,33,Designer,6.7,8.0,10.1,3.9,5.4,47,185,110,1,7,6.0,49.5,5,1,No
U01798,2025-07-08,38,Teacher,6.9,9.0,8.9,5.4,7.7,7,187,107,1,7,4.0,53.8,8,5,Yes
U06607,2025-07-08,40,Software Engineer,7.1,10.0,12.1,6.1,3.7,17,231,163,1,7,7.0,42.3,8,5,No
U03284,2025-07-08,44,Student,6.6,9.0,8.5,3.9,9.9,70,185,96,0,5,8.0,80.9,6,5,No
U03268,2025-07-08,52,Teacher,6.4,9.0,9.4,3.9,5.4,66,141,138,4,6,7.0,74.9,8,4,No
U00767,2025-07-08,49,Software Engineer,8.1,10.0,5.1,2.6,6.6,19,118,90,0,6,9.0,84.1,3,2,No
U02485,2025-07-08,57,Designer,6.0,7.0,8.2,4.5,4.3,42,160,112,2,6,7.0,61.3,7,5,Yes
U00162,2025-07-08,44,Designer,5.9,10.0,8.2,1.8,9.3,30,125,85,1,6,7.0,75.0,6,4,No
U04036,2025-07-08,37,Software Engineer,6.9,8.0,3.6,1.8,10.1,25,50,45,2,4,9.0,100.0,5,3,No
U04261,2025-07-08,59,Designer,7.7,10.0,7.2,1.7,10.3,11,122,79,2,6,8.0,69.8,5,2,No
U00057,2025-07-08,23,Student,7.0,9.0,6.4,0.9,8.4,42,102,65,0,5,9.0,90.8,2,2,No
U06549,2025-07-08,60,Teacher,4.6,6.0,8.2,5.2,6.7,78,165,130,0,5,9.0,80.4,6,2,No
U06189,2025-07-08,32,Student,7.4,10.0,6.5,2.0,9.1,72,142,100,0,5,9.0,96.4,7,4,No
U05602,2025-07-08,59,Student,6.4,8.0,5.3,1.4,11.0,63,83,63,0,4,10.0,91.3,15,11,No
U04456,2025-07-08,43,Freelancer,5.1,5.0,4.2,2.1,6.6,52,93,51,3,2,10.0,89.9,12,7,No
U05555,2025-07-08,22,Designer,7.3,10.0,8.3,5.0,9.7,62,143,116,0,2,7.0,85.2,8,8,Yes
U05821,2025-07-08,51,Designer,7.5,10.0,3.8,2.3,10.2,81,110,63,2,2,10.0,100.0,10,7,No
U01483,2025-07-08,35,Teacher,7.5,10.0,6.4,1.7,6.8,39,78,57,1,5,8.0,83.5,10,8,No
U06700,2025-07-08,53,Teacher,7.1,9.0,9.8,1.6,7.8,10,201,108,1,8,8.0,70.3,6,3,Yes
U02029,2025-07-08,35,Freelancer,6.7,10.0,5.6,2.4,7.7,20,134,67,1,4,9.0,93.7,5,3,Yes
U04586,2025-07-08,38,Designer,9.3,10.0,7.4,2.7,7.9,58,191,81,2,3,10.0,98.1,11,8,Yes
U05701,2025-07-08,56,Analyst,6.4,9.0,3.6,1.4,10.3,38,49,35,0,2,8.0,98.4,5,4,Yes
U00692,2025-07-09,38,Analyst,7.0,9.0,6.8,3.1,10.0,46,151,96,3,6,8.0,90.6,6,5,No
U01635,2025-07-09,44,Freelancer,5.8,9.0,8.6,5.4,7.3,31,166,117,1,6,8.0,78.2,8,5,Yes
U02163,2025-07-09,59,Teacher,7.3,10.0,5.7,3.6,7.7,44,118,86,4,5,10.0,88.5,4,4,No
U05815,2025-07-09,31,Software Engineer,7.8,10.0,10.6,3.6,9.1,69,153,126,5,5,8.0,81.0,8,4,No
U02102,2025-07-09,52,Student,6.0,9.0,7.8,4.8,6.7,46,121,103,0,6,7.0,71.4,8,3,No
U02527,2025-07-09,20,Freelancer,10.0,10.0,7.8,4.0,9.1,27,140,117,2,4,10.0,100.0,8,6,No
U04283,2025-07-09,35,Freelancer,4.9,6.0,6.7,3.0,7.9,38,136,101,3,6,7.0,71.9,11,6,Yes
U00205,2025-07-09,22,Designer,6.4,7.0,3.4,2.0,9.3,29,59,38,3,4,7.0,92.5,3,3,No
U00501,2025-07-09,35,Designer,7.1,9.0,7.5,4.2,8.6,22,138,87,2,6,9.0,87.9,6,3,No
U05438,2025-07-09,19,Designer,8.0,10.0,4.6,2.1,10.9,18,106,61,1,5,6.0,83.9,6,3,No
U03785,2025-07-09,42,Designer,6.3,10.0,11.7,3.0,6.2,50,208,140,1,8,8.0,58.2,4,2,No
U06218,2025-07-09,31,Analyst,8.7,10.0,3.3,1.9,8.3,15,62,27,4,2,8.0,99.4,8,4,No
U00879,2025-07-09,23,Teacher,6.7,10.0,4.0,2.0,8.2,35,76,46,1,3,8.0,90.4,8,7,Yes
U03138,2025-07-09,46,Student,7.5,7.0,4.8,1.4,10.0,39,84,45,0,2,10.0,100.0,4,4,No
U02571,2025-07-09,38,Student,8.4,10.0,9.7,5.8,10.6,52,196,131,1,6,7.0,79.9,10,7,No
U00223,2025-07-09,37,Designer,9.2,10.0,5.4,0.5,9.8,49,100,73,3,4,9.0,100.0,9,6,No
U04260,2025-07-09,22,Software Engineer,7.9,10.0,5.6,3.7,8.8,33,134,81,6,6,9.0,87.6,14,8,Yes
U05397,2025-07-10,37,Freelancer,6.9,8.0,1.7,0.3,10.9,27,19,46,0,4,10.0,100.0,6,6,No
U03383,2025-07-10,48,Student,7.3,10.0,9.6,6.1,10.9,23,174,149,4,6,7.0,83.1,5,2,No
U03165,2025-07-10,52,Teacher,8.6,9.0,5.2,1.9,10.6,8,107,66,1,4,9.0,100.0,6,5,No
U03435,2025-07-10,25,Analyst,6.2,10.0,8.6,4.8,12.0,29,170,136,0,7,8.0,76.3,4,1,No
U03470,2025-07-10,58,Software Engineer,6.7,10.0,5.5,3.4,6.8,60,134,85,1,2,7.0,98.4,7,5,No
U05805,2025-07-10,37,Teacher,5.8,10.0,6.2,4.4,8.3,35,113,99,2,5,8.0,80.2,9,5,No
U01690,2025-07-10,45,Software Engineer,8.5,10.0,8.2,3.3,6.9,67,178,109,2,4,10.0,89.2,4,4,No
U00461,2025-07-10,60,Designer,7.2,9.0,5.4,2.5,9.5,39,111,67,1,4,10.0,100.0,3,1,No
U03439,2025-07-10,45,Student,8.5,9.0,8.3,4.9,7.9,19,191,135,2,6,8.0,86.0,7,4,No
U00902,2025-07-10,53,Software Engineer,7.9,10.0,11.4,6.4,6.9,71,215,165,4,9,7.0,51.0,2,1,Yes
U02846,2025-07-10,50,Software Engineer,7.0,10.0,8.2,1.8,7.8,162,155,96,0,2,10.0,100.0,5,3,No
U00342,2025-07-10,57,Software Engineer,8.0,10.0,5.6,0.6,8.5,46,119,66,4,4,9.0,92.9,10,6,No
U00320,2025-07-10,50,Teacher,8.5,10.0,10.3,2.7,5.5,29,180,130,1,5,10.0,72.4,6,3,No
U03921,2025-07-10,18,Student,7.2,8.0,8.7,2.2,11.7,53,120,114,1,5,9.0,84.5,5,4,No
U03892,2025-07-10,54,Software Engineer,4.9,5.0,7.7,2.7,7.1,9,149,121,1,7,5.0,42.2,9,4,Yes
U06209,2025-07-10,31,Teacher,7.1,10.0,5.6,2.6,10.7,20,102,100,2,5,8.0,100.0,4,3,Yes
U06204,2025-07-10,47,Student,7.8,10.0,9.2,4.6,9.4,57,183,106,3,7,7.0,75.0,4,3,No
U05776,2025-07-10,26,Teacher,6.3,9.0,7.2,5.6,8.8,91,133,121,3,5,8.0,69.5,6,3,Yes
U06268,2025-07-10,35,Student,6.1,9.0,7.5,1.4,9.3,15,120,79,1,8,8.0,72.7,6,2,No
U06448,2025-07-11,49,Designer,8.1,10.0,7.1,4.3,11.1,29,144,118,0,5,9.0,87.4,2,1,No
U04564,2025-07-11,41,Student,7.5,10.0,4.4,1.0,5.8,9,101,60,0,6,10.0,86.4,6,3,No
U03475,2025-07-11,28,Student,6.9,10.0,8.1,3.7,11.0,37,155,103,2,7,6.0,66.7,5,4,No
U03604,2025-07-11,51,Student,9.3,10.0,7.8,1.2,8.8,27,134,90,4,4,10.0,100.0,6,3,No
U05118,2025-07-11,57,Software Engineer,5.3,10.0,5.1,1.5,10.7,17,114,82,3,6,6.0,80.1,7,2,No
U04905,2025-07-11,56,Freelancer,7.6,10.0,6.6,1.9,7.8,9,136,80,1,5,8.0,79.4,5,4,Yes
U06403,2025-07-11,35,Analyst,6.8,10.0,6.2,2.9,9.9,26,120,86,3,4,9.0,75.4,5,2,Yes
U02476,2025-07-11,47,Designer,7.1,10.0,9.8,5.0,6.4,17,184,128,2,9,9.0,56.1,11,6,No
U06301,2025-07-11,40,Student,8.1,10.0,6.9,2.2,8.0,92,117,98,0,1,10.0,94.2,4,3,No
U01047,2025-07-11,22,Freelancer,6.1,9.0,6.0,1.8,9.0,37,136,60,1,6,5.0,64.1,8,5,No
U06701,2025-07-11,27,Software Engineer,6.7,8.0,4.5,1.7,9.7,44,68,54,3,5,8.0,84.0,8,4,No
U06649,2025-07-11,23,Teacher,6.7,9.0,10.4,6.8,6.6,34,202,167,2,6,7.0,56.3,8,5,Yes
U03564,2025-07-11,60,Freelancer,7.5,9.0,6.4,3.0,8.2,50,116,85,1,4,9.0,95.1,13,9,No
U03317,2025-07-11,21,Designer,7.1,10.0,6.8,3.2,8.4,50,143,86,2,5,10.0,89.9,2,2,No
U01236,2025-07-11,54,Student,7.3,9.0,10.2,4.4,7.8,14,188,143,2,7,6.0,49.0,6,1,No
U04349,2025-07-11,26,Teacher,5.6,6.0,6.5,2.4,9.7,12,148,75,1,7,6.0,67.6,10,7,No
U01008,2025-07-11,41,Designer,8.3,10.0,3.7,1.4,10.7,38,51,61,1,3,10.0,100.0,4,1,No
U01996,2025-07-11,32,Teacher,7.0,10.0,6.6,4.1,8.6,14,137,90,2,4,7.0,93.5,7,4,No
U05742,2025-07-11,50,Teacher,8.6,10.0,2.7,0.3,9.7,44,76,28,2,2,10.0,100.0,9,6,No
U06261,2025-07-11,39,Freelancer,7.2,10.0,10.6,3.7,8.9,66,176,143,0,3,10.0,100.0,5,1,No
U03786,2025-07-11,46,Student,8.5,10.0,3.8,0.3,9.8,18,115,45,2,3,10.0,100.0,6,6,No
U06555,2025-07-12,53,Designer,8.6,10.0,3.3,0.4,12.0,33,26,36,1,1,9.0,100.0,6,4,No
U04020,2025-07-12,39,Student,8.0,10.0,4.6,2.4,11.7,24,100,80,1,3,7.0,96.6,7,5,Yes
U01101,2025-07-12,24,Analyst,6.3,10.0,4.3,3.4,9.4,29,67,64,1,4,8.0,70.8,3,3,No
U00363,2025-07-12,32,Student,6.2,8.0,4.3,2.1,10.0,30,116,70,1,4,8.0,89.9,6,4,Yes
U03121,2025-07-12,46,Designer,7.8,10.0,8.4,1.4,10.6,37,139,83,0,4,10.0,97.7,8,5,No
U03813,2025-07-12,58,Designer,8.0,8.0,9.4,5.3,8.9,30,174,120,2,7,8.0,75.6,5,5,No
U05976,2025-07-12,50,Designer,7.3,8.0,6.8,4.6,7.7,17,101,95,4,6,7.0,80.4,6,4,Yes
U01826,2025-07-12,52,Teacher,6.8,10.0,3.5,1.0,10.9,59,39,35,1,3,9.0,100.0,9,4,No
U04520,2025-07-12,49,Analyst,7.4,10.0,6.8,1.4,8.6,19,120,84,3,4,9.0,83.7,4,3,No
U03119,2025-07-12,56,Teacher,5.4,7.0,7.3,3.6,10.9,14,168,112,1,6,8.0,78.3,13,8,No
U02386,2025-07-12,25,Software Engineer,5.5,9.0,10.2,2.7,9.9,15,157,125,2,8,7.0,64.3,8,3,No
U00390,2025-07-12,59,Analyst,5.7,5.0,8.5,5.7,8.9,50,202,116,3,7,6.0,55.2,12,4,No
U02423,2025-07-12,25,Freelancer,8.0,9.0,5.7,1.8,5.9,48,116,60,0,2,9.0,90.7,8,6,No
U06505,2025-07-12,35,Student,7.8,10.0,7.0,1.9,9.8,11,138,94,1,6,9.0,85.9,9,4,No
U01287,2025-07-12,26,Software Engineer,6.6,10.0,5.2,3.3,7.6,25,132,81,1,5,10.0,83.3,9,6,No
U04722,2025-07-12,48,Analyst,7.9,10.0,5.8,1.9,9.5,95,84,98,0,4,10.0,97.4,12,9,No
U00670,2025-07-12,30,Teacher,6.2,10.0,4.9,2.1,10.2,4,44,88,2,5,7.0,84.2,9,4,No
U03450,2025-07-12,48,Analyst,7.1,10.0,9.3,3.7,10.0,28,142,106,2,5,9.0,85.9,10,5,No
U02348,2025-07-12,35,Software Engineer,8.1,10.0,9.5,0.7,8.9,5,141,110,2,7,7.0,66.8,10,7,No
U00949,2025-07-12,54,Designer,8.1,10.0,7.3,3.7,8.2,20,158,96,1,4,10.0,85.8,3,3,Yes
U05836,2025-07-12,31,Freelancer,6.9,7.0,13.0,5.5,4.2,48,221,166,2,9,7.0,53.1,7,3,Yes
U02370,2025-07-12,58,Student,7.7,10.0,6.8,4.6,8.3,101,174,105,1,2,10.0,96.1,7,5,No
U05247,2025-07-12,56,Student,9.9,10.0,8.8,3.9,4.5,40,187,89,2,5,10.0,83.9,9,5,No
U01567,2025-07-13,34,Designer,6.8,10.0,8.8,1.7,8.0,45,149,75,0,8,7.0,64.0,6,2,No
U05786,2025-07-13,32,Software Engineer,7.9,9.0,5.6,3.3,11.2,25,92,86,0,6,8.0,98.8,7,3,Yes
U04926,2025-07-13,52,Teacher,6.3,9.0,4.3,3.2,11.3,136,103,79,3,1,10.0,100.0,5,3,No
U06816,2025-07-13,54,Student,7.1,9.0,6.4,3.3,12.0,6,114,92,2,7,10.0,80.4,4,4,No
U04604,2025-07-13,34,Analyst,5.9,10.0,9.7,5.5,7.3,40,167,154,0,5,7.0,74.8,8,5,No
U02583,2025-07-13,31,Freelancer,6.1,10.0,3.6,0.9,9.3,18,75,34,0,4,7.0,82.6,7,4,No
U01507,2025-07-13,50,Teacher,9.0,10.0,4.1,2.5,7.9,27,94,60,2,2,10.0,98.9,6,4,No
U06821,2025-07-13,29,Software Engineer,7.0,8.0,5.6,0.9,8.2,24,77,69,2,2,10.0,100.0,6,4,Yes
U00679,2025-07-13,34,Analyst,6.4,9.0,7.6,1.8,6.6,84,123,73,4,4,8.0,70.9,7,5,No
U06545,2025-07-13,34,Teacher,8.3,10.0,6.6,2.6,4.6,38,101,82,2,4,8.0,68.6,6,4,No
U06408,2025-07-13,43,Teacher,6.4,10.0,10.4,3.5,7.6,17,170,118,0,5,6.0,57.9,6,3,No
U03170,2025-07-13,49,Designer,7.0,9.0,8.1,2.0,10.3,54,180,111,1,6,8.0,83.5,12,7,Yes
U03036,2025-07-13,55,Student,4.1,5.0,3.6,0.9,10.5,46,56,63,1,6,7.0,82.5,6,2,Yes
U06428,2025-07-13,52,Designer,5.9,10.0,3.9,0.2,5.4,9,72,25,3,5,9.0,78.9,11,5,No
U00544,2025-07-13,31,Designer,5.4,10.0,4.5,3.4,8.1,15,81,71,3,6,4.0,69.8,9,3,No
U03493,2025-07-13,43,Student,6.7,9.0,9.8,2.6,5.5,35,195,115,3,8,8.0,52.3,8,5,No
U04641,2025-07-13,33,Designer,6.6,9.0,4.8,2.5,6.8,39,135,74,3,3,9.0,87.1,6,3,No
U00203,2025-07-13,55,Freelancer,7.2,10.0,5.2,1.9,10.7,50,69,41,1,3,9.0,91.4,7,2,Yes
U05229,2025-07-13,24,Teacher,8.9,10.0,1.0,0.0,9.8,9,35,29,2,4,10.0,100.0,7,6,No
U04086,2025-07-14,51,Freelancer,6.4,7.0,6.7,4.1,7.5,39,139,103,0,6,6.0,68.3,9,6,No
U01461,2025-07-14,20,Designer,7.6,10.0,1.4,1.0,10.6,25,74,40,1,3,9.0,100.0,7,6,No
U05943,2025-07-14,57,Software Engineer,4.6,5.0,5.6,4.2,7.2,45,148,96,1,6,9.0,72.7,5,5,Yes
U00775,2025-07-14,35,Software Engineer,5.5,9.0,5.8,3.3,9.3,35,132,72,1,6,5.0,65.3,6,2,No
U06614,2025-07-14,57,Student,5.0,6.0,5.1,2.3,6.8,37,96,68,2,4,8.0,84.5,8,5,Yes
U02417,2025-07-14,45,Freelancer,7.9,10.0,10.0,5.3,6.9,39,191,136,1,5,8.0,77.2,2,1,No
U00352,2025-07-14,41,Analyst,9.6,10.0,1.8,0.7,10.3,56,66,31,2,1,,100.0,9,8,No
U04410,2025-07-14,54,Analyst,6.0,10.0,6.8,4.8,10.8,16,122,98,4,8,7.0,64.2,8,6,No
U05804,2025-07-14,25,Freelancer,8.2,10.0,4.4,1.2,11.1,41,73,46,2,3,10.0,100.0,4,1,No
U02493,2025-07-14,42,Designer,5.5,6.0,6.4,,8.3,12,148,103,2,5,9.0,76.6,7,4,No
U05994,2025-07-14,42,Teacher,7.4,10.0,8.2,3.0,7.3,13,97,100,1,5,8.0,71.5,7,4,No
U06707,2025-07-14,59,Freelancer,6.6,9.0,5.2,2.2,11.6,24,105,63,0,3,8.0,94.9,5,3,Yes
U01766,2025-07-14,52,Student,7.4,10.0,2.8,2.0,12.0,54,87,42,0,2,10.0,100.0,13,10,No
U05497,2025-07-14,51,Software Engineer,6.9,9.0,5.3,1.9,9.1,23,71,38,3,6,9.0,86.1,2,1,No
U04637,2025-07-14,43,Designer,5.1,7.0,6.5,3.3,9.2,14,137,80,0,8,7.0,70.2,7,5,No
U00744,2025-07-14,27,Analyst,10.0,10.0,7.5,2.5,8.0,25,108,98,4,2,10.0,97.8,7,4,Yes
U06662,2025-07-14,31,Freelancer,6.8,10.0,5.0,1.2,10.4,31,99,68,2,5,10.0,88.1,12,7,No
U02549,2025-07-14,43,Freelancer,6.3,10.0,9.3,6.0,5.8,6,157,138,1,6,9.0,71.5,6,2,No
U06123,2025-07-15,53,Student,7.7,8.0,7.4,1.0,12.0,121,123,98,2,1,10.0,100.0,6,3,No
U06344,2025-07-15,18,Student,8.4,10.0,7.3,1.4,10.6,60,117,73,2,2,10.0,100.0,8,5,Yes
U05413,2025-07-15,60,Teacher,7.6,10.0,6.9,1.7,9.9,45,110,75,0,3,10.0,80.3,5,5,No
U04885,2025-07-15,50,Analyst,9.1,10.0,8.4,1.9,7.1,25,160,97,2,5,7.0,84.5,5,3,Yes
U06062,2025-07-15,19,Software Engineer,9.9,10.0,8.5,3.6,6.0,41,163,99,4,5,10.0,91.7,11,6,Yes
U02069,2025-07-15,54,Software Engineer,6.2,10.0,5.6,3.4,7.9,17,125,76,3,3,10.0,97.9,7,4,No
U06509,2025-07-15,34,Teacher,6.6,10.0,5.9,,6.7,19,142,71,1,5,7.0,84.7,6,5,No
U00149,2025-07-15,19,Teacher,6.4,6.0,6.2,3.7,6.9,30,109,86,0,5,9.0,80.9,6,4,Yes
U02286,2025-07-15,19,Student,4.0,8.0,4.4,1.4,12.0,22,88,48,2,6,6.0,88.1,9,3,No
U03065,2025-07-15,59,Designer,9.5,10.0,3.4,1.0,11.9,31,87,36,4,2,10.0,100.0,11,8,No
U01312,2025-07-15,36,Designer,6.8,9.0,6.0,1.2,11.9,6,136,93,0,6,10.0,90.8,7,6,No
U05965,2025-07-15,58,Freelancer,8.6,10.0,7.2,1.8,8.4,29,129,62,2,4,10.0,90.3,7,4,Yes
U00652,2025-07-15,23,Teacher,9.1,10.0,6.3,1.5,8.5,7,140,89,1,7,7.0,73.2,2,2,No
U04870,2025-07-15,50,Software Engineer,8.0,10.0,7.3,1.8,7.3,5,163,87,0,6,,75.6,8,5,No
U02199,2025-07-15,40,Teacher,9.6,10.0,8.4,2.4,4.5,91,105,104,2,1,10.0,100.0,7,4,No
U05428,2025-07-15,27,Freelancer,6.9,10.0,9.9,6.0,11.5,26,207,131,3,8,8.0,77.5,7,4,No
U02732,2025-07-15,34,Analyst,10.0,10.0,6.2,3.6,10.8,22,151,85,3,6,10.0,95.7,9,5,No
U01877,2025-07-15,31,Analyst,7.3,10.0,7.7,1.1,8.5,27,114,86,1,4,9.0,84.7,5,5,Yes
U01213,2025-07-15,57,Student,5.2,8.0,5.6,2.0,8.1,53,123,71,3,6,10.0,83.7,11,6,No
U05098,2025-07-15,36,Freelancer,7.4,10.0,5.8,3.8,9.4,84,110,103,1,2,10.0,100.0,7,5,No
U01563,2025-07-16,49,Analyst,5.8,10.0,11.0,2.8,4.9,14,164,123,0,8,8.0,41.5,4,2,Yes
U02333,2025-07-16,19,Teacher,6.0,10.0,8.2,2.3,9.2,5,165,102,2,9,4.0,54.7,12,8,No
U05215,2025-07-16,59,Teacher,6.0,10.0,4.1,2.8,9.5,37,104,67,1,3,8.0,100.0,9,4,No
U01164,2025-07-16,49,Freelancer,8.2,10.0,8.1,,11.4,26,104,137,4,6,8.0,75.3,7,6,No
U03414,2025-07-16,44,Analyst,7.4,10.0,7.5,5.3,7.0,59,193,117,3,6,8.0,79.7,9,5,No
U01524,2025-07-16,60,Student,7.4,10.0,9.0,4.7,8.7,27,141,124,3,9,4.0,53.4,10,5,No
U01084,2025-07-16,44,Teacher,5.7,9.0,6.4,1.9,5.3,59,144,94,3,5,6.0,57.6,4,4,No
U01464,2025-07-16,26,Teacher,9.3,10.0,10.3,2.5,6.8,99,181,123,5,3,10.0,100.0,8,3,Yes
U06952,2025-07-16,40,Freelancer,7.5,10.0,6.5,0.4,9.0,25,104,69,7,4,7.0,79.8,15,10,No
U04079,2025-07-16,58,Teacher,8.4,10.0,1.0,0.7,10.8,23,30,40,3,2,10.0,100.0,12,8,No
U04074,2025-07-16,44,Freelancer,7.5,10.0,2.8,0.7,12.0,87,99,33,1,1,10.0,100.0,4,2,No
U05672,2025-07-16,34,Freelancer,6.4,9.0,4.6,1.6,9.3,23,110,53,1,4,10.0,98.0,10,8,No
U02317,2025-07-16,56,Software Engineer,8.7,10.0,7.2,3.6,6.2,75,184,111,2,5,10.0,79.7,3,2,Yes
U02263,2025-07-16,30,Freelancer,7.8,10.0,12.0,4.2,6.3,22,206,151,3,4,7.0,62.5,7,4,No
U05455,2025-07-16,41,Freelancer,6.4,9.0,3.9,2.6,9.3,24,78,69,4,4,7.0,89.5,9,6,Yes
U05944,2025-07-17,59,Teacher,8.0,10.0,6.7,5.1,6.2,9,154,94,3,4,8.0,72.6,6,1,No
U06450,2025-07-17,56,Freelancer,7.8,9.0,8.1,2.1,9.0,36,149,93,4,5,9.0,80.9,6,4,No
U01218,2025-07-17,39,Teacher,4.6,6.0,7.2,1.5,7.6,26,118,77,0,7,3.0,59.7,9,3,No
U06792,2025-07-17,29,Designer,8.0,8.0,3.9,1.4,11.2,39,81,40,0,5,10.0,100.0,6,3,No
U01512,2025-07-17,59,Freelancer,6.8,9.0,6.7,3.7,4.4,96,138,104,2,5,10.0,84.0,7,2,No
U03030,2025-07-17,51,Teacher,7.1,8.0,4.8,2.8,10.6,8,91,60,1,4,6.0,88.8,6,5,Yes
U01585,2025-07-17,50,Freelancer,6.8,8.0,6.1,3.2,6.8,17,100,78,0,5,10.0,65.6,5,4,No
U04164,2025-07-17,33,Software Engineer,6.5,8.0,3.7,1.2,9.4,32,84,45,0,1,10.0,100.0,6,6,Yes
U04126,2025-07-17,59,Teacher,4.2,9.0,8.9,2.6,8.7,58,158,109,1,8,7.0,54.7,5,4,No
U04499,2025-07-17,22,Student,8.1,10.0,8.2,3.9,7.2,27,178,114,1,8,9.0,63.1,4,1,No
U04500,2025-07-17,23,Student,9.6,10.0,10.5,3.8,8.0,69,170,109,0,6,9.0,81.9,8,5,No
U02165,2025-07-17,33,Designer,5.8,8.0,9.8,4.9,6.9,99,203,123,5,4,9.0,88.0,7,4,Yes
U06468,2025-07-17,45,Freelancer,6.6,6.0,6.2,,11.0,43,137,77,4,4,9.0,92.8,8,5,No
U06030,2025-07-17,33,Software Engineer,8.1,10.0,7.9,1.7,11.2,28,129,87,0,5,10.0,95.4,6,2,Yes
U03181,2025-07-17,50,Teacher,8.9,10.0,6.3,0.8,6.1,15,84,64,2,5,8.0,87.7,11,7,Yes
U01401,2025-07-17,20,Freelancer,3.8,5.0,5.3,3.3,7.3,12,84,90,2,7,6.0,52.6,9,3,No
U02737,2025-07-18,18,Analyst,5.2,10.0,9.3,4.8,4.5,57,208,118,2,5,6.0,67.8,12,6,Yes
U06895,2025-07-18,32,Analyst,7.8,9.0,9.2,2.0,8.9,11,146,92,2,6,9.0,77.2,3,3,No
U03775,2025-07-18,46,Software Engineer,4.7,6.0,7.5,4.1,9.0,23,141,97,2,7,4.0,68.1,7,4,No
U03576,2025-07-18,53,Student,8.1,10.0,6.3,2.3,6.3,83,138,72,1,3,10.0,95.5,8,3,No
U03306,2025-07-18,50,Analyst,6.2,10.0,4.2,1.3,5.3,7,91,37,1,6,7.0,68.3,5,2,Yes
U03464,2025-07-18,39,Designer,5.6,8.0,10.0,5.4,8.5,100,209,147,2,6,6.0,63.7,7,4,No
U00653,2025-07-18,35,Teacher,6.3,10.0,9.4,1.6,6.3,91,180,111,2,4,7.0,69.7,12,6,No
U06316,2025-07-18,46,Analyst,7.8,10.0,8.8,4.8,7.6,36,144,135,0,5,7.0,60.5,11,7,No
U02197,2025-07-18,53,Designer,8.7,10.0,11.1,7.2,7.3,44,196,145,0,7,9.0,80.3,6,2,No
U05578,2025-07-18,43,Teacher,7.8,8.0,7.9,1.8,9.4,24,160,108,1,5,7.0,90.8,3,0,No
U03651,2025-07-18,32,Teacher,5.6,10.0,7.5,5.4,8.0,73,159,103,0,5,8.0,75.4,6,4,No
U05775,2025-07-18,45,Software Engineer,6.2,9.0,5.5,2.7,5.4,30,99,89,1,3,10.0,86.2,5,2,No
U02626,2025-07-18,27,Analyst,5.6,7.0,8.4,5.0,7.8,16,155,118,5,8,6.0,65.6,9,4,No
U01687,2025-07-18,32,Student,7.7,10.0,6.0,1.2,8.7,23,75,70,0,5,9.0,91.7,8,4,Yes
U06249,2025-07-18,37,Freelancer,7.0,10.0,7.5,3.1,8.4,25,136,88,3,6,9.0,86.8,10,4,No
U00632,2025-07-18,25,Teacher,9.5,9.0,9.3,1.1,7.9,18,153,82,2,6,10.0,84.4,13,8,No
U06851,2025-07-18,40,Designer,6.9,9.0,2.8,2.2,12.0,63,38,55,4,5,7.0,95.9,8,7,No
U01300,2025-07-18,54,Designer,8.4,10.0,5.8,2.6,7.2,72,79,69,1,1,10.0,91.5,5,5,No
U05409,2025-07-18,54,Software Engineer,6.4,9.0,7.8,4.7,6.3,35,152,118,0,6,5.0,56.8,3,0,Yes
U02336,2025-07-18,55,Designer,7.4,10.0,7.1,5.0,7.9,36,119,115,2,5,9.0,80.5,9,6,No
U00869,2025-07-18,53,Software Engineer,7.4,10.0,7.8,2.9,8.0,9,89,101,1,4,10.0,79.9,7,4,No
U05221,2025-07-19,51,Freelancer,8.3,9.0,5.9,2.5,11.7,14,130,108,2,4,9.0,95.1,11,8,No
U06763,2025-07-19,50,Teacher,5.3,9.0,6.5,1.6,9.1,47,107,72,3,1,8.0,92.1,10,7,No
U02869,2025-07-19,45,Software Engineer,8.5,10.0,7.9,5.0,10.0,24,123,127,0,5,6.0,81.8,5,2,No
U04664,2025-07-19,47,Freelancer,8.4,10.0,6.8,4.7,8.1,21,132,108,2,4,9.0,86.6,8,5,No
U06496,2025-07-19,26,Analyst,7.8,10.0,5.4,2.4,8.1,5,128,87,3,5,8.0,77.9,4,4,No
U05947,2025-07-19,44,Designer,6.2,10.0,8.5,1.5,7.2,62,138,85,2,5,8.0,74.9,10,3,No
U05522,2025-07-19,48,Freelancer,8.2,9.0,5.9,3.1,8.0,5,150,79,1,4,8.0,93.3,8,5,No
U01429,2025-07-19,46,Analyst,6.1,6.0,7.0,4.3,8.3,139,142,91,1,3,10.0,92.4,7,2,No
U06819,2025-07-19,43,Software Engineer,6.9,10.0,6.6,2.1,6.7,61,116,74,2,6,7.0,63.0,9,5,No
U00159,2025-07-19,56,Teacher,8.1,9.0,5.0,1.0,9.2,69,68,70,1,1,10.0,100.0,6,4,No
U02543,2025-07-19,58,Designer,5.8,5.0,8.2,0.9,9.8,21,129,95,0,7,7.0,69.6,6,3,Yes
U02376,2025-07-19,46,Student,6.8,10.0,7.7,1.3,11.1,31,156,70,3,6,10.0,87.8,7,4,Yes
U04823,2025-07-20,25,Designer,7.2,10.0,9.6,3.1,6.6,4,207,121,1,4,10.0,80.0,2,0,Yes
U04161,2025-07-20,20,Teacher,6.7,8.0,2.6,1.1,12.0,45,51,36,2,2,9.0,100.0,8,5,No
U02820,2025-07-20,54,Software Engineer,6.9,9.0,8.9,3.5,6.8,40,156,110,1,7,9.0,70.9,8,5,No
U02829,2025-07-20,26,Teacher,5.9,10.0,4.9,2.3,12.0,44,102,54,4,5,8.0,91.1,4,2,Yes
U05279,2025-07-20,46,Software Engineer,7.2,10.0,4.4,1.6,6.4,42,82,52,1,3,7.0,84.3,4,3,No
U02805,2025-07-20,23,Freelancer,7.8,8.0,4.2,1.4,7.4,84,83,42,4,1,8.0,99.0,9,3,No
U03289,2025-07-20,28,Designer,5.6,10.0,10.3,3.0,9.0,141,163,108,1,4,10.0,100.0,7,1,Yes
U03466,2025-07-20,34,Student,6.7,10.0,3.9,2.3,5.4,36,88,47,2,4,6.0,71.1,10,5,No
U03983,2025-07-20,29,Analyst,5.6,10.0,6.0,1.2,9.6,54,81,73,3,6,6.0,75.6,5,4,Yes
U05339,2025-07-20,59,Teacher,6.7,9.0,3.8,2.1,8.8,31,78,32,1,4,10.0,96.2,9,8,Yes
U05870,2025-07-20,30,Student,7.1,7.0,5.3,2.2,7.9,105,87,88,1,4,9.0,82.3,10,8,Yes
U02750,2025-07-20,41,Designer,7.9,10.0,10.7,5.3,7.6,73,159,148,4,6,8.0,73.3,6,4,No
U01023,2025-07-20,44,Designer,7.7,10.0,9.1,5.6,8.7,44,150,141,2,5,8.0,72.7,7,3,Yes
U00735,2025-07-20,32,Designer,6.4,9.0,3.4,2.4,8.5,7,58,41,0,6,8.0,76.4,8,4,No
U04668,2025-07-20,51,Analyst,5.8,9.0,4.2,1.8,9.0,24,83,54,2,5,7.0,83.3,4,1,Yes
U04692,2025-07-20,45,Designer,7.0,9.0,5.3,3.2,9.0,32,142,90,0,6,8.0,77.8,3,2,No
U04229,2025-07-20,37,Designer,9.4,10.0,6.0,4.0,7.9,53,132,111,3,4,10.0,90.2,5,3,No
U04852,2025-07-20,36,Freelancer,7.4,7.0,5.5,1.2,8.8,68,115,46,1,4,9.0,100.0,4,3,Yes
U04270,2025-07-20,26,Software Engineer,5.6,8.0,5.6,1.7,7.5,53,113,80,3,6,7.0,81.2,9,3,Yes
U01240,2025-07-20,40,Student,5.8,8.0,7.9,3.1,9.6,11,155,103,2,4,8.0,84.9,10,6,No
U06483,2025-07-20,54,Freelancer,6.3,8.0,11.5,2.8,4.6,15,165,103,3,7,6.0,58.9,5,2,No
U05905,2025-07-21,57,Freelancer,7.0,9.0,5.7,2.4,8.3,30,113,84,1,6,9.0,86.6,4,0,No
U00291,2025-07-21,39,Freelancer,7.3,8.0,7.0,1.2,7.6,50,61,91,3,4,10.0,98.4,8,5,Yes
U03020,2025-07-21,24,Analyst,6.1,10.0,3.1,1.8,12.0,53,98,40,4,1,10.0,100.0,5,4,Yes
U04277,2025-07-21,34,Software Engineer,6.7,9.0,4.6,2.3,9.3,41,71,82,2,3,6.0,86.3,10,6,No
U06328,2025-07-21,25,Software Engineer,7.5,10.0,8.5,,9.9,95,175,112,2,4,10.0,99.5,7,3,No
U00727,2025-07-21,35,Teacher,7.2,10.0,7.3,0.1,6.8,78,100,94,3,3,10.0,88.9,9,8,Yes
U05324,2025-07-21,40,Freelancer,7.7,9.0,6.4,1.6,7.4,12,117,76,2,6,7.0,83.0,10,6,Yes
U05163,2025-07-21,32,Student,7.1,9.0,5.0,2.8,7.7,41,116,48,2,6,9.0,75.4,6,3,No
U00394,2025-07-21,36,Software Engineer,8.8,10.0,5.0,2.3,6.8,24,98,99,3,2,10.0,90.6,6,6,No
U03766,2025-07-21,41,Freelancer,5.7,8.0,6.1,3.2,12.0,34,117,95,0,5,6.0,100.0,6,5,No
U03760,2025-07-21,54,Student,4.6,,7.3,1.7,9.9,19,111,93,0,8,6.0,59.8,3,3,No
U00365,2025-07-21,51,Teacher,7.4,10.0,4.9,2.9,10.8,27,109,86,0,3,7.0,88.5,3,3,No
U00392,2025-07-21,36,Teacher,7.5,10.0,10.2,2.9,6.8,99,154,129,2,7,8.0,81.6,9,6,No
U02019,2025-07-21,21,Freelancer,8.3,10.0,9.3,3.4,5.5,49,156,120,2,5,9.0,86.4,8,5,No
U01230,2025-07-21,59,Student,6.1,8.0,5.4,2.8,11.5,36,106,81,1,6,,73.8,3,2,No
U00360,2025-07-21,31,Software Engineer,8.7,10.0,4.0,3.3,6.8,38,101,61,2,2,10.0,100.0,7,4,No
U06176,2025-07-21,22,Freelancer,4.9,8.0,5.7,3.1,9.8,69,117,76,2,4,8.0,71.4,5,3,No
U00755,2025-07-21,28,Student,8.6,10.0,6.8,1.5,10.5,15,156,109,4,3,9.0,94.7,5,3,Yes
U00968,2025-07-21,32,Analyst,8.1,10.0,6.9,4.3,8.2,34,137,101,4,5,8.0,79.6,8,5,No
U01506,2025-07-21,45,Freelancer,4.9,8.0,8.2,4.2,8.3,21,189,116,1,7,6.0,66.6,8,3,No
U02433,2025-07-22,26,Freelancer,5.9,7.0,8.0,0.7,12.0,88,152,49,1,3,7.0,93.0,8,4,No
U06926,2025-07-22,32,Designer,6.6,8.0,7.9,2.5,6.8,84,118,88,3,3,9.0,85.1,5,2,No
U00471,2025-07-22,30,Freelancer,6.5,10.0,7.7,1.8,8.1,48,149,74,3,4,10.0,87.2,8,4,Yes
U04737,2025-07-22,32,Teacher,7.6,10.0,9.7,3.9,5.8,24,151,147,4,5,5.0,46.4,6,3,No
U06720,2025-07-22,18,Software Engineer,8.4,10.0,5.7,2.3,9.5,29,138,68,0,5,9.0,97.9,5,5,No
U05444,2025-07-22,29,Designer,6.0,10.0,3.7,2.3,8.7,52,86,69,2,3,8.0,93.6,10,6,No
U03684,2025-07-22,55,Freelancer,6.7,9.0,8.6,5.1,10.3,13,172,131,3,5,5.0,73.1,8,4,No
U03210,2025-07-22,48,Teacher,7.1,8.0,6.4,2.8,9.1,53,92,78,3,4,10.0,94.9,7,7,No
U06143,2025-07-22,38,Software Engineer,3.9,7.0,8.7,1.1,8.5,16,132,102,4,8,6.0,51.4,11,5,Yes
U06147,2025-07-22,37,Designer,7.9,10.0,6.5,3.8,6.7,25,119,115,1,4,7.0,81.4,10,5,No
U03479,2025-07-22,26,Teacher,7.4,10.0,9.7,6.5,7.9,10,220,137,2,7,7.0,63.9,7,4,No
U00101,2025-07-22,24,Student,7.1,7.0,7.9,5.4,9.4,62,188,121,1,6,7.0,68.1,4,3,No
U06335,2025-07-22,47,Freelancer,6.1,10.0,8.4,5.1,5.2,19,152,107,1,7,8.0,62.5,6,2,Yes
U03331,2025-07-22,30,Freelancer,6.8,10.0,4.2,1.4,8.7,79,86,54,2,4,8.0,100.0,11,6,No
U04812,2025-07-22,59,Software Engineer,8.5,9.0,7.3,1.7,7.8,101,119,100,1,2,8.0,94.2,5,3,No
U05063,2025-07-22,31,Software Engineer,7.4,9.0,2.4,1.1,8.8,54,25,60,2,2,10.0,99.0,5,4,No
U01160,2025-07-22,52,Software Engineer,6.8,9.0,6.3,2.8,9.0,13,118,91,2,5,9.0,92.8,8,4,Yes
U05292,2025-07-23,23,Teacher,8.0,10.0,7.3,4.0,10.3,39,151,123,1,5,9.0,97.8,6,3,No
U02695,2025-07-23,28,Teacher,7.9,10.0,7.9,4.1,6.8,26,149,117,1,7,9.0,73.3,4,3,Yes
U03304,2025-07-23,55,Student,8.1,10.0,9.4,5.3,6.5,46,208,133,0,8,7.0,75.9,8,2,No
U01382,2025-07-23,47,Software Engineer,6.5,8.0,8.8,2.5,7.4,5,160,83,1,7,6.0,69.0,7,4,No
U03589,2025-07-23,53,Software Engineer,6.1,9.0,4.4,0.4,7.6,32,80,37,3,4,10.0,89.9,6,4,Yes
U01520,2025-07-23,40,Designer,6.0,8.0,8.5,2.5,9.6,24,139,110,3,7,8.0,55.7,6,4,Yes
U00638,2025-07-23,45,Software Engineer,8.5,10.0,5.6,3.9,9.6,10,149,102,2,7,8.0,97.9,9,7,Yes
U00835,2025-07-23,27,Software Engineer,7.4,10.0,3.5,2.2,9.0,52,85,43,1,4,10.0,100.0,5,3,No
U05771,2025-07-23,31,Student,7.0,9.0,8.4,3.5,7.7,45,141,84,2,7,8.0,67.0,7,7,No
U00142,2025-07-23,46,Student,8.3,9.0,5.4,0.1,12.0,46,109,63,2,4,10.0,100.0,6,5,Yes
U05886,2025-07-23,41,Freelancer,7.6,9.0,6.0,1.6,9.1,85,121,52,3,4,10.0,94.9,6,3,No
U00914,2025-07-23,57,Software Engineer,4.9,10.0,1.0,0.0,12.0,13,55,46,2,3,7.0,93.0,11,6,Yes
U03902,2025-07-23,25,Teacher,6.2,8.0,7.0,3.3,8.7,36,103,103,2,3,10.0,82.3,5,2,No
U01620,2025-07-23,23,Designer,5.5,9.0,3.8,1.8,12.0,44,77,51,1,1,10.0,100.0,6,5,No
U01681,2025-07-23,39,Software Engineer,7.0,10.0,9.7,4.6,7.3,48,180,141,2,5,7.0,76.3,4,3,No
U02783,2025-07-23,40,Software Engineer,7.5,10.0,9.3,1.2,9.6,33,134,104,5,5,10.0,78.5,9,9,No
U05049,2025-07-23,32,Software Engineer,6.1,10.0,4.5,2.0,8.5,58,114,64,2,6,10.0,93.0,9,6,No
U01126,2025-07-23,31,Designer,6.1,8.0,7.3,4.2,6.9,16,143,97,0,4,8.0,88.1,10,6,No
U02361,2025-07-23,52,Freelancer,6.5,10.0,4.8,2.6,4.8,46,101,57,2,4,10.0,82.2,6,5,No
U01730,2025-07-23,37,Freelancer,5.3,7.0,5.7,3.4,11.3,89,132,81,1,4,7.0,98.7,5,1,No
U05176,2025-07-24,49,Designer,10.0,10.0,5.9,1.6,9.7,42,153,80,3,3,10.0,100.0,8,6,No
U03319,2025-07-24,52,Analyst,7.6,10.0,9.8,2.9,5.3,23,157,105,0,5,8.0,54.7,8,5,No
U06022,2025-07-24,32,Designer,4.8,8.0,1.1,0.6,12.0,60,85,11,2,1,7.0,100.0,5,2,Yes
U06775,2025-07-24,19,Designer,6.7,8.0,4.5,2.9,10.2,42,109,72,1,3,9.0,100.0,3,1,No
U01751,2025-07-24,53,Software Engineer,6.4,8.0,4.4,0.6,9.7,25,66,51,1,6,7.0,78.1,8,4,No
U04666,2025-07-24,36,Teacher,7.5,10.0,4.8,1.2,6.5,15,82,51,2,4,10.0,97.1,7,5,Yes
U02000,2025-07-24,40,Student,7.2,10.0,8.4,2.9,8.4,33,144,85,1,7,6.0,71.0,10,4,No
U02254,2025-07-24,48,Designer,6.0,7.0,10.5,4.0,9.4,21,180,129,3,7,10.0,81.9,6,4,No
U04951,2025-07-24,59,Teacher,7.0,10.0,7.8,2.2,9.4,98,148,78,4,4,8.0,79.5,15,8,No
U02466,2025-07-24,31,Freelancer,7.1,8.0,7.0,2.5,12.0,39,123,89,0,4,8.0,93.7,6,2,No
U04595,2025-07-24,18,Freelancer,8.4,10.0,5.6,1.9,11.1,71,104,63,0,4,10.0,99.8,7,6,No
U05028,2025-07-24,30,Analyst,8.4,9.0,8.2,1.5,6.3,38,73,100,1,3,9.0,88.7,4,2,No
U05892,2025-07-24,36,Freelancer,9.0,7.0,7.4,2.4,11.4,60,160,102,2,4,9.0,100.0,9,9,Yes
U02387,2025-07-24,32,Student,8.6,10.0,8.3,3.9,7.6,36,147,129,1,7,9.0,67.0,8,5,Yes
U02808,2025-07-24,24,Teacher,6.5,8.0,6.4,3.8,9.3,11,120,88,3,5,7.0,77.7,8,4,No
U05463,2025-07-24,39,Software Engineer,7.5,10.0,6.0,3.6,12.0,56,98,83,0,3,8.0,100.0,10,7,No
U01697,2025-07-24,19,Analyst,5.9,8.0,8.1,2.7,7.7,19,166,99,0,5,7.0,69.3,4,2,No
U01290,2025-07-24,34,Freelancer,7.8,10.0,10.0,5.3,8.9,16,192,113,4,8,8.0,65.1,8,4,Yes
U04971,2025-07-24,48,Designer,6.0,10.0,10.9,5.6,9.6,27,233,149,1,9,7.0,51.2,6,3,Yes
U00318,2025-07-24,48,Freelancer,7.4,10.0,4.8,1.8,7.7,32,107,61,2,4,8.0,93.0,13,7,No
U03085,2025-07-24,36,Freelancer,7.8,10.0,4.9,1.6,8.3,32,115,82,1,3,9.0,86.0,7,4,No
U05763,2025-07-24,39,Teacher,6.4,8.0,10.3,4.2,2.5,30,169,137,1,6,10.0,54.2,10,3,Yes
U00319,2025-07-24,52,Teacher,6.7,10.0,9.7,2.8,8.1,17,149,93,1,7,6.0,75.6,5,2,No
U00366,2025-07-25,19,Freelancer,6.8,7.0,10.9,5.7,6.2,35,213,153,1,8,9.0,59.1,7,3,Yes
U00038,2025-07-25,56,Freelancer,8.6,10.0,6.9,0.9,7.7,106,120,74,2,2,9.0,100.0,7,4,No
U06615,2025-07-25,19,Designer,5.3,5.0,5.8,2.4,4.5,39,140,102,2,4,6.0,67.3,7,4,Yes
U00070,2025-07-25,31,Analyst,4.9,7.0,5.7,1.1,5.3,31,137,73,4,4,8.0,65.3,7,5,No
U01769,2025-07-25,50,Designer,8.8,10.0,5.7,3.0,8.9,20,102,78,0,5,9.0,96.4,6,2,Yes
U06860,2025-07-25,47,Designer,6.8,8.0,13.5,5.8,5.5,65,244,160,0,9,10.0,50.2,8,5,No
U04021,2025-07-25,22,Designer,9.0,10.0,6.7,3.0,9.8,113,125,81,2,2,10.0,100.0,3,3,No
U00588,2025-07-25,30,Student,6.4,9.0,6.0,1.4,8.1,22,113,93,3,4,10.0,99.6,5,5,No
U00794,2025-07-25,60,Analyst,8.0,7.0,9.5,2.9,6.1,15,159,124,2,4,10.0,79.9,7,3,No
U02722,2025-07-25,39,Analyst,6.3,10.0,4.4,0.6,12.0,64,114,31,1,4,8.0,85.4,9,8,No
U06571,2025-07-25,24,Software Engineer,6.6,8.0,1.5,0.9,10.5,65,25,9,1,3,8.0,100.0,11,7,No
U06527,2025-07-25,44,Teacher,6.7,9.0,2.2,0.4,9.4,59,41,19,3,3,10.0,100.0,8,8,Yes
U04171,2025-07-25,53,Software Engineer,9.7,10.0,11.5,3.9,7.6,32,200,124,1,6,10.0,83.7,10,6,No
U01336,2025-07-25,43,Designer,8.3,10.0,8.3,3.7,7.1,37,148,115,2,5,10.0,92.1,5,4,No
U00606,2025-07-25,38,Designer,5.4,8.0,3.6,1.5,9.5,127,88,65,3,3,10.0,99.0,6,6,Yes
U04551,2025-07-26,36,Analyst,8.1,10.0,6.6,4.1,9.2,55,145,96,4,5,8.0,87.4,6,4,No
U04543,2025-07-26,32,Designer,5.1,10.0,2.6,0.2,10.5,20,68,42,2,4,8.0,83.8,4,4,Yes
U00250,2025-07-26,26,Software Engineer,6.3,9.0,1.8,1.3,8.2,6,71,16,1,5,6.0,83.4,8,6,No
U00089,2025-07-26,41,Designer,6.3,7.0,10.0,4.4,6.1,27,154,151,2,6,7.0,65.8,8,5,No
U03115,2025-07-26,50,Designer,6.5,7.0,2.8,1.8,9.0,20,55,68,0,3,8.0,84.2,10,7,No
U05545,2025-07-26,34,Freelancer,7.1,9.0,9.0,2.9,9.3,44,149,95,0,6,10.0,91.1,9,6,Yes
U00781,2025-07-26,18,Software Engineer,5.5,9.0,7.9,2.5,10.5,23,142,106,0,8,7.0,59.7,8,5,No
U03184,2025-07-26,51,Analyst,7.5,10.0,7.7,2.1,8.1,35,137,79,3,4,8.0,88.9,4,1,Yes
U01350,2025-07-26,56,Designer,6.3,10.0,5.2,1.8,10.2,73,109,63,2,4,10.0,100.0,4,2,Yes
U06464,2025-07-26,58,Analyst,6.3,10.0,6.6,2.1,7.8,17,114,81,4,5,7.0,73.2,6,3,No
U00234,2025-07-26,45,Software Engineer,7.5,10.0,5.0,0.7,8.1,29,101,45,2,5,9.0,82.0,7,4,No
U01176,2025-07-26,50,Software Engineer,7.0,6.0,6.9,2.9,9.5,13,146,96,6,4,7.0,85.8,5,3,No
U02910,2025-07-26,32,Software Engineer,7.2,8.0,7.5,2.4,7.8,17,108,73,0,4,10.0,95.6,4,4,No
U02234,2025-07-26,24,Student,4.6,5.0,6.2,3.4,6.6,104,125,102,1,3,9.0,68.5,4,4,Yes
U03966,2025-07-26,21,Analyst,6.7,8.0,7.2,2.0,7.1,21,95,85,1,7,8.0,72.5,4,4,No
U00662,2025-07-27,35,Designer,6.3,10.0,4.0,2.0,8.2,60,90,68,3,1,9.0,100.0,5,3,Yes
U02843,2025-07-27,22,Designer,6.8,10.0,5.9,1.9,6.4,18,99,54,1,5,7.0,77.4,3,0,No
U03701,2025-07-27,47,Software Engineer,7.6,7.0,7.7,2.0,8.6,9,126,99,0,5,7.0,81.6,7,4,Yes
U03160,2025-07-27,45,Freelancer,6.6,9.0,5.3,3.5,8.5,17,150,62,1,5,8.0,78.4,4,3,No
U03323,2025-07-27,34,Teacher,6.5,8.0,8.0,3.6,12.0,20,207,117,1,7,7.0,85.1,9,3,Yes
U03488,2025-07-27,23,Freelancer,6.7,5.0,6.4,1.6,10.7,11,85,85,3,3,10.0,91.2,7,4,Yes
U06535,2025-07-27,43,Analyst,6.9,10.0,6.4,4.3,6.1,20,127,88,1,3,7.0,69.8,11,7,No
U02570,2025-07-27,55,Freelancer,6.1,8.0,10.7,1.4,6.7,61,152,95,0,5,8.0,69.4,11,6,No
U02970,2025-07-27,31,Software Engineer,7.0,10.0,7.4,4.0,8.0,93,121,103,1,1,10.0,100.0,6,5,Yes
U05510,2025-07-27,36,Analyst,5.7,7.0,8.8,1.0,8.1,38,133,106,0,6,9.0,76.2,5,4,Yes
U04749,2025-07-27,30,Teacher,6.9,8.0,4.1,1.7,6.9,24,103,64,3,4,9.0,88.2,5,1,No
U02733,2025-07-27,51,Designer,6.4,10.0,5.0,1.4,9.7,5,98,62,2,4,8.0,89.2,6,4,No
U04901,2025-07-27,38,Student,5.4,10.0,4.8,3.5,11.8,36,112,71,2,5,8.0,95.0,7,4,Yes
U02687,2025-07-27,21,Student,8.5,10.0,9.0,5.0,6.5,28,171,139,0,7,8.0,54.9,6,5,Yes
U04774,2025-07-27,56,Analyst,7.9,10.0,3.0,1.4,12.0,12,45,58,2,4,8.0,100.0,7,5,Yes
U00979,2025-07-27,23,Software Engineer,8.8,10.0,10.1,2.4,7.3,25,192,111,1,6,7.0,64.5,6,4,No
U03394,2025-07-27,55,Student,6.4,9.0,1.0,0.1,12.0,9,26,20,0,4,6.0,100.0,7,5,No
U00555,2025-07-27,27,Freelancer,7.4,10.0,6.0,2.0,8.7,90,118,62,2,1,10.0,100.0,7,5,Yes
U05013,2025-07-27,22,Software Engineer,7.2,10.0,4.2,2.4,10.4,73,108,69,1,4,9.0,99.7,10,8,No
U00635,2025-07-27,43,Software Engineer,5.7,9.0,7.7,3.9,5.4,104,136,99,2,5,9.0,68.7,6,3,Yes
U02896,2025-07-28,52,Teacher,9.3,10.0,6.3,1.9,9.1,30,64,78,0,4,10.0,100.0,10,8,No
U01796,2025-07-28,35,Designer,6.7,9.0,6.2,3.0,8.3,12,149,79,1,6,6.0,69.5,9,3,No
U00866,2025-07-28,48,Designer,8.7,10.0,7.3,1.3,11.4,61,142,59,3,4,10.0,100.0,6,4,No
U03570,2025-07-28,54,Software Engineer,7.5,9.0,8.3,6.1,7.3,84,190,102,2,5,8.0,92.0,4,4,No
U05440,2025-07-28,31,Student,7.6,10.0,5.4,4.0,11.0,29,129,82,0,4,6.0,100.0,7,5,No
U02458,2025-07-28,27,Freelancer,6.2,9.0,4.0,2.6,10.9,13,88,52,1,5,8.0,84.2,4,4,Yes
U06355,2025-07-28,20,Teacher,6.4,9.0,7.4,3.9,5.6,54,145,91,1,4,,93.6,5,3,Yes
U06602,2025-07-28,59,Teacher,9.9,10.0,6.7,1.5,8.5,22,122,90,0,5,10.0,98.2,15,11,No
U03550,2025-07-28,41,Student,5.0,8.0,4.1,1.3,4.0,42,85,40,2,4,8.0,74.9,9,4,No
U05658,2025-07-28,24,Designer,7.1,9.0,9.3,4.4,7.8,19,178,129,1,8,7.0,55.5,7,4,No
U02670,2025-07-28,45,Designer,6.1,10.0,6.7,1.1,9.8,45,115,81,1,3,9.0,88.7,9,5,No
U05169,2025-07-28,37,Teacher,6.6,10.0,10.7,3.2,5.0,52,198,100,1,6,8.0,76.5,5,3,No
U05686,2025-07-28,60,Freelancer,6.3,8.0,5.0,2.2,6.8,45,87,76,1,5,8.0,80.5,3,1,No
U06072,2025-07-28,22,Teacher,5.0,8.0,7.4,3.7,6.9,72,110,102,2,5,7.0,68.3,9,5,Yes
U03468,2025-07-28,41,Designer,8.2,10.0,7.0,2.2,6.3,63,119,76,0,3,8.0,88.9,8,4,No
U06560,2025-07-28,27,Student,7.7,10.0,1.9,0.4,12.0,55,62,30,1,1,10.0,100.0,7,5,Yes
U00583,2025-07-28,27,Teacher,7.3,10.0,1.5,0.3,10.4,13,58,32,1,2,8.0,100.0,2,2,No
U05529,2025-07-28,18,Analyst,8.7,10.0,10.8,3.8,8.6,32,206,137,3,7,10.0,73.7,10,5,Yes
U04177,2025-07-28,44,Teacher,6.8,10.0,2.3,1.2,12.0,29,61,27,1,2,7.0,98.0,9,7,Yes
U03649,2025-07-28,37,Designer,5.7,9.0,4.7,0.9,10.3,63,79,43,5,5,8.0,95.4,11,7,No
U00155,2025-07-28,47,Designer,7.8,10.0,5.7,2.0,12.0,49,87,70,4,1,10.0,100.0,5,3,No
U05034,2025-07-28,48,Teacher,7.3,10.0,8.1,4.8,6.6,20,149,135,4,8,6.0,59.4,10,4,Yes
U00253,2025-07-28,36,Freelancer,7.0,9.0,5.7,1.1,7.5,26,57,68,1,3,10.0,96.8,12,10,Yes
U06281,2025-07-28,45,Software Engineer,7.6,10.0,3.5,1.0,11.3,93,50,52,2,4,10.0,100.0,12,8,No
U06198,2025-07-28,58,Designer,6.8,10.0,6.0,2.4,9.2,70,147,97,2,5,8.0,96.9,7,1,No
U01166,2025-07-29,33,Software Engineer,7.3,9.0,7.4,2.5,9.1,43,147,79,2,4,8.0,88.0,9,6,No
U03870,2025-07-29,58,Analyst,6.5,10.0,10.8,7.4,3.6,28,167,140,3,5,6.0,60.5,5,1,No
U01174,2025-07-29,27,Teacher,7.1,10.0,6.4,4.0,7.3,63,138,85,5,6,9.0,72.7,7,4,No
U05816,2025-07-29,30,Software Engineer,7.2,9.0,9.0,3.9,5.1,57,191,111,0,7,10.0,60.0,2,2,No
U00535,2025-07-29,29,Software Engineer,8.2,8.0,3.8,1.2,11.4,74,83,55,4,4,6.0,100.0,10,8,No
U02459,2025-07-29,32,Student,7.9,10.0,5.4,0.5,7.7,26,108,50,0,5,9.0,86.0,7,6,No
U02564,2025-07-29,37,Analyst,6.2,8.0,7.7,1.4,7.5,27,123,88,0,6,7.0,64.5,6,3,No
U04037,2025-07-29,46,Designer,7.4,10.0,6.7,4.4,9.7,44,105,100,0,4,5.0,87.9,8,5,No
U03436,2025-07-29,37,Freelancer,6.9,9.0,5.8,3.9,11.8,9,123,89,0,5,7.0,82.9,2,1,No
U03287,2025-07-29,29,Analyst,5.3,10.0,10.0,2.3,6.7,58,136,104,4,7,9.0,74.9,10,5,Yes
U05024,2025-07-29,45,Freelancer,5.7,8.0,7.6,4.4,9.4,43,130,109,1,5,6.0,80.3,8,5,No
U02147,2025-07-29,40,Software Engineer,6.8,10.0,6.0,3.4,8.0,14,127,77,1,3,7.0,72.8,10,9,No
U02966,2025-07-29,31,Student,7.6,10.0,7.8,3.3,8.3,75,142,103,2,2,10.0,94.1,6,5,Yes
U00118,2025-07-29,31,Student,4.9,8.0,7.9,1.5,10.8,100,145,107,2,4,9.0,100.0,4,1,No
U04753,2025-07-29,55,Student,8.1,9.0,6.4,2.6,8.3,16,89,72,4,4,9.0,79.3,8,3,No
U06988,2025-07-29,32,Designer,7.0,10.0,4.9,3.0,8.3,29,132,37,2,3,10.0,100.0,11,9,No
U00404,2025-07-29,51,Software Engineer,7.0,8.0,6.8,3.7,10.2,54,109,106,2,5,9.0,90.5,5,4,No
U02832,2025-07-30,33,Analyst,6.5,9.0,7.2,1.9,9.5,36,144,87,0,7,6.0,68.6,8,5,No
U06580,2025-07-30,43,Software Engineer,8.1,10.0,6.5,3.6,8.7,12,144,93,0,3,9.0,97.1,5,2,No
U03502,2025-07-30,60,Designer,6.5,9.0,7.5,3.2,7.1,71,164,84,1,4,10.0,89.1,6,4,No
U01842,2025-07-30,27,Analyst,7.5,10.0,5.3,1.2,6.4,40,110,63,1,3,10.0,87.1,7,4,Yes
U02261,2025-07-30,23,Designer,5.5,8.0,6.7,2.5,12.0,63,135,87,1,5,10.0,98.8,4,3,No
U05685,2025-07-30,53,Freelancer,8.7,10.0,1.8,0.6,9.9,8,45,29,4,2,7.0,94.5,7,7,Yes
U03250,2025-07-30,20,Designer,8.0,9.0,6.0,1.3,6.7,17,127,72,0,4,10.0,79.7,6,6,No
U03798,2025-07-30,34,Teacher,9.1,10.0,9.1,3.1,9.7,24,137,110,2,5,10.0,90.4,9,6,No
U05549,2025-07-30,23,Designer,7.5,9.0,4.6,1.5,9.4,34,99,44,0,5,10.0,89.0,5,2,No
U00276,2025-07-30,58,Analyst,9.4,10.0,5.6,2.9,9.0,45,103,80,2,3,9.0,97.3,5,5,No
U06569,2025-07-30,37,Analyst,5.3,10.0,6.4,2.5,8.5,35,96,104,2,5,7.0,79.8,6,6,No
U04863,2025-07-30,28,Freelancer,5.8,7.0,6.6,0.7,6.1,19,76,63,3,5,9.0,74.9,12,6,Yes
U02150,2025-07-30,34,Student,8.7,10.0,8.3,3.0,8.1,67,143,102,2,3,10.0,100.0,6,5,No
U03537,2025-07-30,48,Analyst,8.6,10.0,6.4,3.3,6.1,65,95,105,1,3,8.0,80.1,9,5,Yes
U01092,2025-07-30,23,Teacher,7.5,10.0,6.0,2.4,8.3,28,110,85,4,4,9.0,74.4,9,6,No
U06298,2025-07-31,34,Teacher,7.9,10.0,5.3,0.4,10.1,86,98,67,1,2,10.0,100.0,5,4,Yes
U00347,2025-07-31,46,Software Engineer,6.2,5.0,5.4,1.8,9.0,8,96,72,0,5,6.0,78.6,11,6,No
U01116,2025-07-31,49,Student,8.2,10.0,8.8,2.3,5.8,70,146,96,0,2,9.0,99.6,7,4,No
U06962,2025-07-31,43,Teacher,6.9,9.0,6.0,3.6,6.5,24,114,91,1,6,7.0,65.6,15,10,No
U05854,2025-07-31,26,Student,6.3,10.0,8.0,3.9,6.4,30,174,102,0,7,6.0,66.3,7,7,No
U02246,2025-07-31,37,Freelancer,7.2,10.0,8.5,1.8,9.2,10,157,112,3,6,9.0,75.4,7,3,Yes
U03717,2025-07-31,52,Software Engineer,7.1,8.0,10.2,5.0,4.9,31,186,136,2,8,7.0,59.7,7,5,Yes
U01066,2025-07-31,40,Designer,8.6,10.0,7.6,3.6,9.4,17,158,87,3,6,7.0,72.3,9,6,Yes
U03738,2025-07-31,51,Designer,8.0,,5.3,1.6,9.7,9,97,59,3,5,9.0,96.1,7,4,Yes
U00882,2025-07-31,19,Teacher,6.8,10.0,8.9,1.9,7.4,48,126,79,0,4,9.0,94.4,8,3,Yes
U05767,2025-07-31,42,Freelancer,7.8,10.0,8.0,3.6,8.5,12,130,108,2,6,9.0,77.3,9,5,Yes
U06827,2025-07-31,32,Designer,7.2,9.0,6.3,2.6,9.2,32,96,86,2,4,7.0,85.0,9,7,No
U02128,2025-07-31,50,Freelancer,5.2,7.0,6.1,1.6,6.4,22,86,96,0,6,6.0,62.0,6,5,Yes
U02540,2025-07-31,44,Designer,6.5,8.0,5.6,1.1,4.9,15,127,67,1,6,8.0,79.0,7,3,No
U04100,2025-07-31,46,Teacher,6.2,8.0,3.3,1.2,10.7,38,104,35,1,6,8.0,90.4,6,5,No
U05097,2025-07-31,52,Teacher,6.2,8.0,7.5,1.1,9.0,44,125,57,2,5,6.0,83.7,7,6,No
U06454,2025-07-31,51,Freelancer,8.7,10.0,4.0,1.0,9.3,5,100,62,1,5,7.0,94.6,5,5,Yes
U02371,2025-07-31,34,Software Engineer,5.9,10.0,7.9,3.7,7.8,92,167,116,3,6,8.0,79.5,6,3,Yes
U04183,2025-07-31,60,Teacher,5.5,8.0,6.6,3.9,8.2,26,135,89,3,4,6.0,75.7,4,4,No
U04848,2025-07-31,47,Student,5.9,8.0,4.9,2.4,10.9,28,111,64,2,5,6.0,93.1,6,5,No
U01456,2025-07-31,31,Analyst,6.2,7.0,9.4,4.1,6.9,77,130,129,3,5,8.0,73.8,5,4,Yes
U02979,2025-07-31,39,Analyst,7.3,10.0,8.2,3.7,9.9,79,148,93,1,6,8.0,92.1,6,2,Yes
U06354,2025-07-31,39,Analyst,4.5,4.0,4.3,1.9,8.8,115,114,61,1,3,9.0,86.9,11,7,No
U05398,2025-08-01,55,Teacher,7.4,10.0,9.4,2.0,9.0,57,176,107,1,6,9.0,80.2,7,4,Yes
U04907,2025-08-01,34,Analyst,6.4,10.0,8.2,5.4,9.6,88,208,106,2,5,9.0,90.7,7,4,No
U05342,2025-08-01,52,Freelancer,7.4,9.0,6.7,1.9,8.3,2,103,79,0,6,7.0,93.1,5,3,Yes
U06561,2025-08-01,33,Analyst,5.9,9.0,8.2,4.1,8.4,101,163,102,3,5,8.0,75.7,9,3,No
U01096,2025-08-01,60,Software Engineer,7.6,10.0,9.5,5.7,6.6,33,191,146,1,6,10.0,56.0,8,5,No
U03438,2025-08-01,31,Designer,8.8,10.0,6.8,3.3,6.5,40,117,65,1,4,9.0,84.6,10,6,No
U03433,2025-08-01,27,Student,7.9,10.0,7.0,3.0,10.6,46,124,98,1,3,8.0,100.0,8,6,Yes
U05538,2025-08-01,43,Analyst,7.8,10.0,9.8,2.2,4.5,45,133,117,3,6,8.0,74.8,9,5,Yes
U04243,2025-08-01,42,Designer,6.3,8.0,2.5,1.2,10.7,1,46,34,2,4,8.0,92.2,4,3,No
U05798,2025-08-01,55,Software Engineer,7.2,9.0,5.6,2.7,8.3,28,113,50,3,3,9.0,100.0,10,8,No
U02243,2025-08-01,52,Student,5.6,10.0,12.4,7.4,6.6,99,248,181,1,7,7.0,53.3,8,4,Yes
U05167,2025-08-01,54,Analyst,7.0,10.0,6.3,2.8,9.6,70,144,86,2,5,10.0,100.0,10,6,Yes
U05212,2025-08-01,42,Designer,7.3,10.0,7.0,4.1,6.9,40,131,95,1,6,7.0,81.2,5,2,No
U05202,2025-08-01,26,Designer,4.9,8.0,5.9,4.3,9.8,16,146,83,2,5,6.0,84.1,8,3,Yes
U05718,2025-08-01,43,Analyst,8.2,10.0,6.0,1.2,8.4,116,117,74,0,2,10.0,100.0,11,10,No
U03836,2025-08-01,21,Student,8.6,10.0,2.9,2.3,11.9,4,84,30,3,2,9.0,100.0,6,5,Yes
U02440,2025-08-01,58,Student,7.5,10.0,4.0,1.3,11.0,61,125,50,2,2,10.0,100.0,10,9,Yes
U01041,2025-08-01,50,Analyst,5.7,9.0,8.8,5.9,5.3,24,192,135,1,6,5.0,64.7,8,3,Yes
U04158,2025-08-01,51,Student,7.8,9.0,3.5,0.8,9.9,73,97,48,0,3,10.0,100.0,3,2,Yes
U04132,2025-08-01,27,Software Engineer,8.0,10.0,3.0,0.3,8.5,34,68,46,3,1,9.0,100.0,4,3,No
U01318,2025-08-01,54,Teacher,7.6,10.0,4.0,1.1,10.8,20,68,59,1,3,9.0,100.0,5,4,No
U06265,2025-08-01,46,Analyst,6.8,9.0,6.6,3.0,7.5,3,111,80,2,6,7.0,67.7,10,5,Yes
U06753,2025-08-01,57,Software Engineer,6.5,9.0,9.3,0.5,9.2,16,148,100,0,4,8.0,84.9,8,6,Yes
U00426,2025-08-02,29,Designer,6.0,10.0,6.1,3.3,5.5,26,114,94,5,5,8.0,83.3,9,6,No
U03688,2025-08-02,49,Freelancer,6.2,10.0,6.5,3.3,6.5,18,165,95,1,6,9.0,71.1,8,8,No
U05975,2025-08-02,52,Designer,7.0,9.0,5.6,2.5,8.9,30,113,75,2,5,9.0,77.2,7,3,No
U02050,2025-08-02,18,Analyst,7.4,8.0,10.5,4.7,8.2,78,177,148,1,4,10.0,93.7,5,5,No
U00377,2025-08-02,54,Student,6.4,10.0,7.4,2.1,10.5,31,156,87,2,6,7.0,83.0,6,5,No
U01438,2025-08-02,22,Software Engineer,8.5,10.0,8.8,2.1,5.3,45,168,107,0,6,10.0,81.4,6,3,No
U01801,2025-08-02,52,Student,5.8,8.0,6.8,1.3,7.8,62,136,58,3,4,10.0,88.2,4,0,No
U02705,2025-08-02,38,Software Engineer,4.1,7.0,3.7,1.7,12.0,46,102,44,0,5,6.0,82.9,5,2,No
U04406,2025-08-02,42,Freelancer,8.9,10.0,3.6,1.2,12.0,33,66,62,2,1,10.0,100.0,2,0,No
U01488,2025-08-02,22,Teacher,6.3,10.0,10.7,2.1,8.2,95,155,145,2,5,9.0,73.3,2,2,No
U05679,2025-08-02,47,Software Engineer,5.2,9.0,1.8,0.0,12.0,69,59,23,2,1,8.0,90.7,3,3,No
U02701,2025-08-02,59,Software Engineer,6.1,8.0,6.7,4.6,7.6,16,128,95,1,6,5.0,72.0,4,1,No
U05340,2025-08-02,47,Analyst,7.1,10.0,4.4,1.6,9.5,29,110,61,1,2,9.0,89.7,9,8,Yes
U00002,2025-08-02,46,Designer,8.2,10.0,7.9,3.9,11.9,42,130,110,1,4,8.0,97.4,4,3,No
U01804,2025-08-02,53,Teacher,6.2,6.0,5.4,1.6,8.8,23,115,67,3,5,7.0,75.7,9,5,Yes
U04203,2025-08-02,39,Analyst,7.2,7.0,5.1,1.2,9.5,25,92,70,2,4,9.0,93.9,6,4,Yes
U06714,2025-08-02,56,Freelancer,8.3,10.0,7.8,2.5,7.7,54,180,83,0,5,10.0,92.8,12,7,No
U05878,2025-08-02,29,Student,6.1,8.0,6.9,5.1,7.0,10,178,99,5,7,5.0,67.3,13,6,No
U05058,2025-08-02,43,Teacher,7.9,10.0,6.1,2.0,10.5,18,114,76,3,5,9.0,81.2,6,4,No
U00090,2025-08-03,28,Designer,6.5,7.0,8.2,4.2,7.9,48,158,108,2,6,10.0,89.0,11,7,No
U06173,2025-08-03,58,Teacher,5.2,6.0,4.7,2.7,10.1,62,100,71,1,4,9.0,91.0,6,3,No
U02099,2025-08-03,30,Freelancer,4.8,5.0,7.6,2.6,6.7,36,114,103,1,6,7.0,61.7,6,1,No
U02383,2025-08-03,51,Freelancer,6.6,9.0,6.9,,8.0,4,117,108,1,8,7.0,46.2,7,3,No
U03751,2025-08-03,37,Software Engineer,4.9,7.0,5.2,1.6,10.3,12,111,43,1,4,7.0,88.2,7,5,No
U01386,2025-08-03,49,Designer,8.0,10.0,10.8,4.3,2.2,41,192,126,3,6,9.0,56.2,9,5,No
U06283,2025-08-03,58,Student,6.2,10.0,5.6,2.1,10.5,9,132,97,1,7,8.0,81.0,11,6,Yes
U06420,2025-08-03,50,Software Engineer,5.7,7.0,10.2,3.4,10.7,22,170,102,2,8,6.0,73.7,5,2,Yes
U01893,2025-08-03,33,Freelancer,7.8,10.0,8.0,2.8,9.1,16,142,125,1,4,7.0,77.3,11,6,No
U02265,2025-08-03,25,Teacher,5.3,8.0,8.3,4.8,10.0,16,135,126,3,6,7.0,63.9,7,3,No
U06533,2025-08-03,43,Teacher,5.9,9.0,10.0,5.7,5.2,47,192,143,4,5,8.0,73.1,8,2,No
U04591,2025-08-03,58,Designer,7.8,10.0,10.6,4.0,5.7,24,173,148,2,8,8.0,59.5,6,3,No
U05772,2025-08-03,56,Freelancer,7.0,10.0,3.6,1.8,9.7,26,93,58,0,1,9.0,100.0,3,1,No
U06551,2025-08-03,52,Teacher,6.4,8.0,7.1,3.2,6.2,2,162,87,3,7,6.0,70.1,8,4,No
U02932,2025-08-03,25,Student,6.7,9.0,7.4,3.2,8.3,74,151,78,1,6,7.0,86.2,7,3,Yes
U06587,2025-08-03,31,Freelancer,6.1,10.0,4.9,3.0,9.7,44,88,79,2,4,7.0,90.7,7,5,No
U02634,2025-08-03,59,Analyst,5.1,8.0,7.0,2.5,8.2,58,158,92,1,7,8.0,68.9,5,3,No
U03680,2025-08-03,37,Analyst,7.2,10.0,8.7,5.1,7.1,13,159,132,0,6,6.0,66.0,8,5,Yes
U01779,2025-08-03,45,Analyst,6.6,8.0,8.4,2.0,6.9,1,129,88,3,7,7.0,64.1,6,3,Yes
U01074,2025-08-03,43,Teacher,4.8,9.0,6.0,2.7,12.0,42,89,75,2,4,8.0,82.9,9,5,No
U02056,2025-08-04,45,Student,4.5,4.0,8.3,2.7,7.8,12,136,91,1,7,7.0,65.3,18,7,No
U04140,2025-08-04,46,Analyst,6.9,10.0,4.6,2.9,9.9,48,66,84,1,4,8.0,92.0,9,7,No
U02418,2025-08-04,60,Software Engineer,7.0,8.0,5.1,3.0,9.3,86,82,85,1,3,9.0,91.8,2,0,No
U01543,2025-08-04,48,Software Engineer,6.4,10.0,7.9,1.4,9.5,27,90,95,2,5,8.0,83.2,12,8,No
U05095,2025-08-04,52,Software Engineer,5.9,9.0,6.6,1.4,7.8,43,106,76,2,5,10.0,78.9,6,4,Yes
U03932,2025-08-04,23,Freelancer,7.2,10.0,5.8,0.6,9.9,42,66,63,0,4,9.0,89.3,6,2,No
U05127,2025-08-04,48,Analyst,5.8,7.0,6.5,4.6,7.8,26,135,100,2,6,6.0,75.1,6,2,No
U00510,2025-08-04,40,Analyst,9.2,10.0,9.6,5.4,5.4,35,216,130,0,5,10.0,89.2,10,5,No
U04197,2025-08-04,60,Designer,6.7,8.0,4.5,2.6,8.7,11,54,61,1,5,8.0,88.2,10,6,No
U04585,2025-08-04,28,Software Engineer,4.3,5.0,5.5,2.8,10.7,101,126,78,2,4,9.0,100.0,5,4,Yes
U00402,2025-08-04,18,Software Engineer,10.0,10.0,7.1,4.1,8.7,67,138,100,2,3,10.0,100.0,10,7,No
U01829,2025-08-04,18,Designer,7.9,9.0,6.2,2.0,10.1,63,137,84,2,4,7.0,100.0,10,7,Yes
U04805,2025-08-04,48,Software Engineer,7.2,9.0,9.1,4.6,6.3,63,185,123,5,6,10.0,80.3,5,2,Yes
U01530,2025-08-04,19,Student,5.7,8.0,5.8,2.1,6.6,49,135,77,3,6,8.0,72.0,7,3,No
U00757,2025-08-04,33,Analyst,8.3,10.0,3.5,0.9,11.6,14,55,27,1,3,10.0,100.0,5,5,No
U02894,2025-08-04,51,Software Engineer,5.3,7.0,7.2,4.8,8.9,39,136,97,2,8,9.0,73.1,7,3,No
U00175,2025-08-04,32,Software Engineer,7.0,9.0,5.0,2.8,10.4,18,113,48,1,4,10.0,100.0,9,7,No
U03102,2025-08-04,35,Software Engineer,8.4,10.0,8.8,2.4,11.7,48,175,103,1,5,8.0,90.8,12,7,No
U02753,2025-08-04,27,Freelancer,6.4,9.0,3.0,1.1,9.1,50,82,56,3,3,7.0,100.0,9,8,No
U06379,2025-08-04,24,Student,7.0,10.0,6.9,2.7,8.8,143,173,97,0,4,10.0,100.0,8,6,No
U05790,2025-08-05,36,Teacher,8.6,10.0,4.4,1.7,8.8,42,124,49,1,4,10.0,100.0,6,5,No
U04954,2025-08-05,37,Student,7.7,10.0,1.1,0.3,11.3,21,34,28,2,1,10.0,100.0,4,4,Yes
U05941,2025-08-05,35,Student,8.0,10.0,4.2,1.4,12.0,65,108,48,0,4,8.0,100.0,8,7,Yes
U02435,2025-08-05,32,Teacher,6.7,10.0,4.1,2.1,9.4,6,101,58,0,2,10.0,100.0,7,4,Yes
U00898,2025-08-05,31,Teacher,4.5,6.0,6.3,3.1,6.2,27,152,68,1,8,6.0,58.3,9,5,No
U02778,2025-08-05,50,Designer,6.6,10.0,9.2,2.4,8.1,27,164,120,2,6,7.0,88.8,6,4,No
U04626,2025-08-05,53,Teacher,6.6,10.0,5.5,1.3,9.2,24,92,83,2,4,9.0,77.5,3,3,No
U06238,2025-08-05,21,Analyst,5.0,9.0,7.2,1.8,5.1,56,109,90,4,4,8.0,70.2,9,6,Yes
U03441,2025-08-05,32,Designer,9.1,10.0,7.7,4.5,9.3,28,154,88,1,6,8.0,88.1,7,5,No
U00939,2025-08-05,39,Software Engineer,5.1,7.0,7.9,2.0,6.1,16,123,92,0,8,5.0,51.3,3,1,No
U05136,2025-08-05,19,Freelancer,8.4,10.0,6.7,2.7,7.0,25,159,93,1,5,9.0,84.1,5,3,No
U00589,2025-08-05,45,Freelancer,5.5,7.0,9.6,5.9,4.9,52,240,138,1,7,7.0,54.3,6,3,No
U03557,2025-08-05,23,Software Engineer,7.4,10.0,6.2,3.7,7.1,21,146,96,2,4,7.0,89.8,11,8,No
U02775,2025-08-05,42,Software Engineer,6.3,8.0,7.1,2.9,7.5,6,174,101,1,4,8.0,95.6,6,2,Yes
U01732,2025-08-05,28,Freelancer,7.1,8.0,7.1,1.1,8.2,64,123,67,1,2,10.0,100.0,4,2,No
U01270,2025-08-05,52,Software Engineer,8.1,10.0,10.4,6.4,5.7,50,236,131,3,8,9.0,64.4,7,4,Yes
U03750,2025-08-05,34,Analyst,5.5,10.0,5.6,2.9,7.6,35,88,87,1,6,8.0,65.7,3,2,No
U04133,2025-08-05,44,Designer,5.7,7.0,7.0,1.7,9.3,60,103,100,1,5,9.0,81.2,8,5,No
U05898,2025-08-05,36,Teacher,7.2,10.0,6.1,1.4,7.0,47,132,76,2,4,10.0,84.3,8,3,No
U01740,2025-08-05,58,Teacher,6.8,10.0,6.6,3.2,10.9,26,130,88,4,6,9.0,86.5,4,4,No
U05043,2025-08-06,54,Analyst,5.8,8.0,8.3,5.1,8.5,43,157,103,4,7,9.0,68.7,5,2,Yes
U01282,2025-08-06,60,Student,6.7,10.0,7.4,2.3,7.9,43,128,81,3,3,10.0,88.1,13,6,No
U04390,2025-08-06,31,Analyst,4.9,5.0,5.3,3.5,7.6,57,120,64,1,3,8.0,85.8,8,3,No
U05183,2025-08-06,49,Student,7.6,8.0,5.7,1.2,10.0,18,116,63,4,5,9.0,93.1,6,5,No
U05263,2025-08-06,25,Freelancer,7.2,10.0,7.9,2.0,6.7,21,132,104,1,6,9.0,69.0,11,4,No
U03521,2025-08-06,54,Software Engineer,6.5,9.0,5.9,2.7,7.4,27,113,84,2,6,7.0,70.1,6,4,Yes
U04309,2025-08-06,50,Designer,5.9,9.0,4.7,1.7,7.1,33,110,67,1,3,8.0,83.2,6,4,Yes
U01902,2025-08-06,22,Student,7.2,9.0,6.5,0.2,9.1,27,118,72,1,5,8.0,82.4,9,5,No
U01677,2025-08-06,55,Teacher,7.5,10.0,5.1,1.7,7.8,44,74,59,5,4,9.0,92.8,6,6,No
U05607,2025-08-06,25,Analyst,8.4,9.0,4.1,1.3,8.1,35,70,64,2,4,10.0,96.6,5,4,No
U05858,2025-08-06,45,Analyst,5.6,8.0,3.8,0.5,11.6,99,77,35,0,3,7.0,100.0,9,5,Yes
U01527,2025-08-06,48,Analyst,7.0,10.0,9.0,5.4,8.3,15,191,135,2,8,6.0,62.3,9,4,No
U06758,2025-08-06,57,Software Engineer,8.0,10.0,5.9,0.8,8.9,63,122,62,0,1,10.0,100.0,4,3,No
U00890,2025-08-06,21,Designer,8.0,10.0,5.5,1.8,9.5,71,134,101,1,3,10.0,92.6,6,5,No
U06942,2025-08-06,59,Analyst,6.8,9.0,6.6,3.2,10.1,80,125,73,4,5,9.0,100.0,8,3,Yes
U02538,2025-08-06,38,Student,6.4,10.0,8.5,4.0,10.8,77,121,118,0,5,10.0,95.6,8,7,No
U01812,2025-08-06,22,Analyst,7.9,10.0,9.7,4.3,7.0,67,182,100,5,7,10.0,80.0,5,2,No
U02076,2025-08-06,42,Designer,5.5,9.0,7.3,2.6,9.0,4,133,92,2,5,7.0,66.2,10,6,No
U04040,2025-08-06,27,Software Engineer,7.6,9.0,5.4,1.5,11.5,49,67,80,3,2,9.0,100.0,3,3,No
U05737,2025-08-07,56,Freelancer,5.0,10.0,8.5,0.9,8.3,64,108,76,2,5,7.0,80.7,9,5,No
U06503,2025-08-07,38,Software Engineer,9.2,9.0,3.8,1.5,9.9,2,64,52,1,4,10.0,100.0,8,4,Yes
U02639,2025-08-07,54,Teacher,7.8,9.0,9.6,3.0,8.5,48,155,107,2,4,10.0,90.1,7,3,No
U04866,2025-08-07,26,Analyst,7.9,9.0,8.9,4.1,6.9,11,160,130,0,7,10.0,60.3,6,4,No
U06676,2025-08-07,21,Teacher,5.5,7.0,7.9,2.3,7.7,16,171,102,3,7,7.0,67.2,10,5,No
U01984,2025-08-07,43,Student,7.1,,10.7,3.7,6.7,49,191,132,2,7,4.0,57.5,6,5,Yes
U02648,2025-08-07,56,Analyst,6.5,10.0,8.5,4.3,8.5,35,200,110,1,7,6.0,50.5,10,5,No
U00104,2025-08-07,29,Teacher,7.9,10.0,2.8,0.0,7.9,83,90,30,0,1,9.0,100.0,6,6,No
U03941,2025-08-07,30,Teacher,6.5,9.0,11.1,4.3,3.5,40,201,142,1,8,7.0,48.9,7,2,No
U02719,2025-08-07,21,Designer,8.5,10.0,8.1,3.0,11.7,22,155,76,3,7,7.0,84.2,12,6,No
U00412,2025-08-07,39,Analyst,7.5,9.0,6.0,2.1,10.9,64,133,85,5,2,10.0,100.0,8,4,No
U06768,2025-08-07,35,Student,7.1,8.0,9.5,2.6,9.7,32,153,103,3,4,6.0,76.2,5,4,No
U04539,2025-08-07,41,Analyst,6.0,9.0,10.3,5.4,10.8,69,163,127,1,6,9.0,81.1,10,5,Yes
U04672,2025-08-07,55,Software Engineer,6.0,7.0,4.3,1.2,6.9,45,106,71,2,4,10.0,84.4,4,2,Yes
U04514,2025-08-07,44,Freelancer,6.5,5.0,1.5,0.2,11.1,9,26,44,1,3,10.0,100.0,9,7,No
U06036,2025-08-07,32,Analyst,7.3,9.0,5.4,1.5,9.6,50,97,58,1,2,10.0,100.0,8,5,No
U04795,2025-08-07,49,Freelancer,5.8,6.0,8.5,5.3,9.5,15,162,123,0,5,10.0,87.3,11,6,Yes
U06374,2025-08-07,53,Designer,7.2,10.0,5.9,2.4,8.2,70,137,91,1,3,9.0,100.0,3,1,No
U01985,2025-08-07,25,Freelancer,5.6,8.0,3.2,0.7,8.1,8,80,35,1,4,6.0,69.2,6,5,No
U00427,2025-08-07,33,Software Engineer,7.4,10.0,7.5,3.5,7.7,15,136,97,1,7,9.0,69.4,7,3,Yes
U04660,2025-08-07,56,Freelancer,7.4,10.0,8.6,2.4,6.9,55,148,109,1,6,9.0,67.7,4,3,No
U01497,2025-08-07,57,Freelancer,9.3,10.0,5.3,1.3,10.1,12,95,59,2,5,9.0,93.0,7,4,No
U03790,2025-08-07,37,Teacher,6.6,6.0,12.4,4.8,6.8,87,229,181,1,6,9.0,60.2,5,4,No
U02532,2025-08-08,49,Freelancer,7.9,10.0,4.6,2.5,5.9,8,113,66,1,3,10.0,93.0,9,5,No
U02518,2025-08-08,56,Analyst,5.4,8.0,9.0,1.8,7.6,180,175,108,2,3,10.0,85.8,4,2,No
U04407,2025-08-08,53,Software Engineer,8.1,9.0,2.5,1.9,10.2,13,75,33,2,3,10.0,100.0,11,7,No
U05179,2025-08-08,34,Analyst,8.6,10.0,7.7,3.6,9.0,23,125,122,1,6,9.0,89.2,6,5,Yes
U00967,2025-08-08,40,Student,5.5,8.0,3.3,2.2,12.0,32,60,42,1,3,10.0,100.0,5,4,No
U01132,2025-08-08,18,Student,6.8,10.0,7.4,1.0,9.0,32,154,76,6,6,8.0,84.3,10,6,No
U06160,2025-08-08,44,Student,9.0,10.0,6.4,3.0,5.9,14,184,87,1,5,10.0,74.6,10,5,Yes
U04372,2025-08-08,39,Designer,5.7,9.0,7.4,4.4,10.8,20,149,95,1,6,7.0,74.8,6,3,No
U04834,2025-08-08,33,Designer,9.4,10.0,9.1,3.8,6.7,22,187,140,0,6,8.0,65.8,6,6,Yes
U00328,2025-08-08,59,Student,5.0,9.0,5.1,3.0,9.6,30,111,77,3,5,6.0,83.0,9,4,No
U04994,2025-08-08,22,Teacher,6.8,10.0,3.9,0.6,9.5,57,106,25,2,3,9.0,92.1,8,6,Yes
U05500,2025-08-08,40,Analyst,10.0,10.0,9.8,5.6,8.1,88,212,141,4,6,10.0,76.7,9,3,Yes
U06842,2025-08-08,32,Student,8.5,10.0,8.8,3.6,9.6,67,156,95,2,3,10.0,86.8,5,3,No
U04024,2025-08-08,56,Designer,6.2,9.0,10.5,2.2,7.7,40,191,140,1,7,6.0,54.0,3,3,No
U06818,2025-08-08,43,Freelancer,8.0,10.0,10.7,2.0,9.8,12,208,135,1,8,8.0,73.6,5,2,No
U05942,2025-08-08,41,Student,5.5,8.0,7.9,4.5,7.4,3,147,128,2,6,8.0,64.9,9,3,Yes
U05489,2025-08-08,34,Designer,8.0,10.0,11.8,5.1,5.3,31,219,152,1,9,6.0,58.1,9,5,No
U01344,2025-08-08,25,Analyst,7.8,10.0,8.8,3.4,9.9,67,156,131,3,6,8.0,95.8,6,4,Yes
U04570,2025-08-08,38,Designer,7.3,9.0,1.8,0.6,10.9,29,53,51,1,3,9.0,100.0,3,1,Yes
U04589,2025-08-08,58,Teacher,7.7,9.0,8.8,4.5,3.1,12,169,115,3,7,7.0,66.6,9,4,No
U03975,2025-08-08,22,Teacher,8.9,10.0,4.9,1.3,11.9,16,52,69,1,3,10.0,100.0,6,4,No
U00513,2025-08-08,58,Software Engineer,5.3,8.0,6.1,1.5,10.0,20,126,76,4,6,8.0,82.1,9,6,No
U01014,2025-08-08,21,Teacher,7.1,9.0,7.9,1.3,5.7,20,124,79,2,7,8.0,65.0,6,3,No
U00669,2025-08-08,44,Designer,8.5,10.0,9.5,3.9,9.2,31,163,120,1,5,9.0,92.7,12,8,Yes
U06099,2025-08-08,42,Freelancer,8.0,10.0,3.9,2.3,7.1,23,65,66,3,3,10.0,100.0,9,6,Yes
U02219,2025-08-09,54,Analyst,5.3,7.0,7.7,0.6,5.9,14,80,54,2,6,7.0,49.2,5,2,No
U03913,2025-08-09,27,Software Engineer,7.2,8.0,6.4,2.5,12.0,33,128,93,0,4,9.0,98.5,10,6,No
U02007,2025-08-09,32,Software Engineer,7.8,10.0,4.7,3.4,9.4,13,107,78,2,3,7.0,100.0,6,3,No
U03395,2025-08-09,33,Software Engineer,6.6,10.0,5.7,1.8,8.0,2,99,52,4,3,6.0,80.6,7,4,No
U06613,2025-08-09,29,Analyst,8.8,10.0,8.3,5.6,7.6,113,174,130,1,3,10.0,90.2,14,9,No
U03784,2025-08-09,49,Freelancer,7.4,8.0,5.3,1.9,5.9,34,129,62,1,1,8.0,96.7,6,3,No
U04444,2025-08-09,19,Analyst,9.4,10.0,7.2,4.2,7.9,39,140,98,0,6,8.0,87.7,9,5,No
U01263,2025-08-09,38,Software Engineer,7.7,10.0,7.2,2.3,7.4,29,96,87,2,3,10.0,91.9,8,6,Yes
U04734,2025-08-09,32,Software Engineer,7.3,8.0,7.2,2.6,5.2,49,108,94,0,4,9.0,72.7,6,3,No
U06610,2025-08-09,37,Teacher,6.1,10.0,5.5,0.3,8.5,59,81,37,2,2,9.0,91.7,7,2,Yes
U05480,2025-08-09,38,Student,8.5,10.0,8.0,5.7,11.6,14,172,104,4,5,10.0,76.2,5,3,No
U06034,2025-08-09,22,Student,6.8,8.0,8.7,1.9,9.3,79,134,100,1,5,10.0,90.7,4,4,No
U02084,2025-08-09,51,Freelancer,5.9,8.0,9.6,2.7,11.6,15,152,99,0,8,5.0,61.5,9,5,Yes
U00884,2025-08-09,28,Designer,8.0,10.0,2.3,1.2,11.7,10,100,48,2,3,10.0,100.0,4,2,Yes
U04181,2025-08-09,26,Freelancer,6.9,10.0,8.7,3.2,8.1,8,140,93,2,6,8.0,74.5,7,3,Yes
U01747,2025-08-09,29,Teacher,5.0,8.0,5.7,0.5,9.3,40,105,64,1,2,7.0,83.2,7,6,Yes
U06577,2025-08-09,31,Freelancer,8.1,9.0,10.6,6.8,7.2,23,187,144,3,9,8.0,63.7,4,3,No
U03726,2025-08-09,55,Software Engineer,4.5,7.0,4.3,2.3,8.3,49,92,53,1,3,8.0,93.8,5,3,No
U06948,2025-08-09,21,Designer,7.0,10.0,5.7,2.2,9.8,19,137,80,1,5,7.0,91.7,6,4,Yes
U02340,2025-08-09,40,Software Engineer,8.6,10.0,6.5,4.4,5.9,18,169,110,0,3,10.0,100.0,2,0,No
U00728,2025-08-09,47,Teacher,9.0,10.0,5.0,3.3,12.0,45,129,79,2,2,10.0,100.0,8,7,No
U03128,2025-08-09,31,Teacher,7.3,10.0,4.2,2.9,11.4,70,82,63,4,2,10.0,100.0,6,4,Yes
U06359,2025-08-09,18,Software Engineer,6.9,9.0,5.9,2.7,9.5,48,110,77,3,5,10.0,88.7,9,6,No
U02271,2025-08-10,21,Software Engineer,5.2,8.0,8.4,1.5,7.9,10,152,103,0,8,7.0,57.6,5,4,No
U05474,2025-08-10,20,Teacher,8.3,10.0,7.2,3.7,10.6,28,101,64,1,7,8.0,68.5,8,5,Yes
U06217,2025-08-10,55,Student,5.6,9.0,4.9,3.0,11.9,38,86,76,1,6,9.0,88.4,7,3,No
U01712,2025-08-10,32,Software Engineer,5.1,7.0,4.2,0.7,8.4,26,40,53,2,2,8.0,76.2,10,6,Yes
U03364,2025-08-10,18,Analyst,7.6,10.0,2.6,0.2,10.6,15,61,23,3,3,8.0,100.0,8,6,Yes
U06356,2025-08-10,36,Designer,7.0,10.0,8.3,2.5,4.9,20,141,99,2,5,8.0,75.9,7,4,No
U02154,2025-08-10,47,Student,5.8,8.0,4.1,2.4,6.3,35,116,59,2,3,5.0,91.4,6,3,No
U03273,2025-08-10,36,Student,6.9,8.0,8.8,2.0,7.1,73,144,98,2,6,10.0,72.6,10,7,Yes
U00863,2025-08-10,41,Software Engineer,7.6,9.0,1.1,1.1,11.7,31,95,23,1,2,10.0,100.0,2,0,No
U04771,2025-08-10,31,Designer,7.8,10.0,5.2,3.4,11.7,22,124,71,0,5,6.0,78.9,8,4,Yes
U01883,2025-08-10,51,Analyst,7.6,9.0,6.2,2.6,10.8,25,106,79,3,5,8.0,87.7,9,6,No
U02319,2025-08-10,53,Freelancer,7.7,10.0,6.9,5.0,7.0,27,169,91,2,5,8.0,79.4,10,4,No
U01776,2025-08-10,37,Freelancer,5.2,9.0,6.4,0.5,8.5,4,152,64,7,6,8.0,87.7,13,6,No
U03575,2025-08-10,34,Software Engineer,6.5,9.0,4.7,1.9,12.0,22,85,76,2,5,8.0,95.5,6,3,No
U00530,2025-08-10,48,Freelancer,7.0,8.0,3.6,3.2,6.0,71,116,63,2,1,10.0,100.0,10,5,No
U01665,2025-08-10,34,Analyst,6.3,9.0,3.1,1.0,11.5,33,69,35,3,2,8.0,97.9,9,6,No
U01449,2025-08-10,49,Designer,5.6,8.0,10.0,4.5,8.6,62,198,119,3,6,6.0,64.2,5,4,No
U03864,2025-08-10,20,Designer,8.3,10.0,7.1,1.9,8.8,50,138,103,2,4,9.0,83.0,7,4,No
U02026,2025-08-10,59,Analyst,7.5,10.0,3.6,0.1,8.1,34,85,43,0,2,9.0,100.0,8,6,No
U01111,2025-08-10,49,Freelancer,6.6,7.0,7.3,3.1,9.2,41,164,98,2,5,6.0,87.1,6,3,No
U01997,2025-08-11,53,Student,6.4,9.0,4.6,0.0,12.0,21,87,53,3,4,9.0,92.0,8,6,No
U06814,2025-08-11,29,Software Engineer,7.7,10.0,2.3,0.9,10.0,52,56,32,2,4,10.0,100.0,8,6,No
U00124,2025-08-11,56,Student,5.8,9.0,7.6,1.7,8.3,9,135,81,1,7,7.0,61.4,6,4,Yes
U04861,2025-08-11,18,Analyst,8.2,10.0,6.6,2.5,10.2,36,139,85,4,5,9.0,100.0,8,4,Yes
U03295,2025-08-11,58,Student,5.5,10.0,6.3,1.7,8.9,28,94,91,1,3,10.0,92.1,13,9,No
U02174,2025-08-11,47,Teacher,7.2,8.0,3.2,2.0,10.3,55,118,68,0,3,8.0,100.0,8,5,No
U00086,2025-08-11,41,Analyst,6.0,9.0,6.3,1.7,11.4,43,120,84,1,4,9.0,87.7,2,0,Yes
U01870,2025-08-11,46,Teacher,7.5,10.0,4.7,2.0,10.0,13,95,85,0,6,7.0,78.6,2,1,Yes
U04841,2025-08-11,49,Student,6.1,9.0,9.0,2.3,7.7,38,149,99,4,6,9.0,77.1,5,3,Yes
U01245,2025-08-11,48,Analyst,7.2,7.0,4.6,1.5,8.4,13,100,55,2,5,9.0,82.4,6,6,No
U05533,2025-08-11,28,Designer,6.1,7.0,8.4,3.8,8.8,69,144,117,3,6,8.0,90.6,7,4,No
U03618,2025-08-11,30,Analyst,5.5,8.0,4.2,0.7,10.1,33,90,55,1,4,9.0,93.4,5,0,Yes
U01077,2025-08-11,42,Teacher,4.8,7.0,8.4,2.2,7.3,37,170,104,1,6,7.0,69.8,2,0,No
U00166,2025-08-11,56,Student,6.8,10.0,8.1,3.4,9.8,44,119,110,1,4,10.0,90.0,5,3,No
U01786,2025-08-11,53,Designer,7.8,10.0,9.7,1.5,9.6,17,134,106,2,8,8.0,82.4,11,7,No
U02502,2025-08-11,32,Designer,6.3,10.0,3.7,1.5,12.0,47,81,84,3,3,8.0,100.0,3,2,No
U05123,2025-08-12,43,Teacher,8.1,10.0,6.4,2.4,8.4,54,160,98,2,2,10.0,92.0,13,10,No
U01541,2025-08-12,34,Student,6.6,9.0,6.8,1.6,9.4,15,122,82,3,6,9.0,82.7,5,3,Yes
U00656,2025-08-12,19,Software Engineer,7.8,10.0,4.8,2.7,6.9,63,123,73,2,1,10.0,98.0,3,3,No
U06279,2025-08-12,49,Designer,8.1,10.0,8.1,1.4,3.3,23,150,86,1,5,7.0,61.9,6,4,No
U06683,2025-08-12,21,Analyst,8.1,10.0,6.6,0.5,5.9,14,111,74,4,4,9.0,95.8,7,3,No
U03396,2025-08-12,19,Student,6.7,9.0,7.5,3.6,9.8,63,151,94,0,5,10.0,100.0,6,5,Yes
U02826,2025-08-12,23,Analyst,8.3,9.0,6.2,2.8,6.7,42,145,83,1,4,10.0,93.7,2,2,Yes
U03349,2025-08-12,47,Student,8.7,10.0,10.9,2.5,4.5,10,168,111,0,7,10.0,58.6,5,5,No
U04582,2025-08-12,44,Software Engineer,5.6,10.0,8.9,5.1,8.8,10,154,116,2,7,4.0,63.2,8,4,No
U03381,2025-08-12,21,Freelancer,7.1,9.0,6.1,4.0,8.0,23,128,82,0,4,8.0,86.4,5,4,Yes
U03779,2025-08-12,53,Teacher,5.6,10.0,5.9,2.3,8.7,29,105,70,8,5,7.0,69.4,6,4,Yes
U06547,2025-08-12,29,Analyst,4.3,6.0,6.2,0.4,10.5,10,81,74,2,7,6.0,66.6,7,5,No
U02351,2025-08-12,53,Analyst,7.4,10.0,5.5,1.7,11.3,41,143,61,0,2,10.0,100.0,5,2,Yes
U04179,2025-08-12,59,Designer,7.9,10.0,5.1,3.2,10.0,21,89,77,1,4,9.0,88.6,5,5,No
U04363,2025-08-12,32,Student,8.8,10.0,6.4,3.5,11.1,15,117,76,3,4,8.0,95.5,7,5,No
U06171,2025-08-12,53,Analyst,8.2,10.0,10.3,3.5,7.3,35,156,135,3,6,10.0,66.9,5,1,Yes
U01993,2025-08-12,22,Designer,6.7,10.0,8.4,4.6,6.3,28,182,116,1,5,7.0,67.8,8,3,Yes
U02506,2025-08-12,40,Freelancer,9.3,10.0,6.6,2.1,9.8,25,146,67,1,3,10.0,100.0,3,3,No
U05387,2025-08-12,28,Designer,6.4,10.0,9.4,4.8,6.2,22,183,123,1,7,7.0,61.4,10,6,No
U06362,2025-08-12,23,Freelancer,7.3,10.0,9.1,1.6,8.1,77,142,102,2,5,10.0,96.1,8,5,No
U06735,2025-08-12,56,Student,6.0,8.0,6.2,1.4,8.6,25,126,85,3,4,8.0,86.7,5,2,No
U05149,2025-08-12,56,Freelancer,8.1,10.0,8.2,3.9,6.1,15,158,89,2,5,9.0,83.2,10,5,Yes
U05913,2025-08-12,52,Student,6.7,6.0,3.7,2.3,7.8,61,96,61,2,2,10.0,100.0,8,5,No
U01639,2025-08-12,46,Software Engineer,7.4,10.0,6.4,2.8,11.6,70,97,86,1,3,10.0,100.0,9,7,Yes
U03867,2025-08-12,40,Analyst,6.6,8.0,4.8,2.6,9.7,43,112,75,0,6,9.0,87.1,7,3,No
U02469,2025-08-12,47,Student,4.5,7.0,5.1,1.6,11.6,41,115,65,1,6,7.0,91.6,10,8,Yes
U00754,2025-08-12,60,Freelancer,4.6,6.0,5.7,0.8,9.8,84,101,63,3,4,7.0,77.5,6,5,No
U04815,2025-08-12,34,Software Engineer,6.5,7.0,8.9,5.8,7.5,30,179,132,1,6,7.0,65.0,7,2,Yes
U02491,2025-08-12,39,Teacher,6.1,7.0,7.6,4.0,6.4,40,113,127,2,5,6.0,66.7,11,6,No
U01572,2025-08-12,18,Freelancer,6.5,9.0,5.5,3.5,8.6,92,120,77,0,3,8.0,88.2,4,2,Yes
U00840,2025-08-12,39,Software Engineer,7.1,10.0,3.7,0.9,9.7,39,58,44,1,2,6.0,86.7,10,6,Yes
U06941,2025-08-12,52,Student,7.7,10.0,5.9,2.3,6.6,29,112,72,0,2,7.0,87.8,5,4,No
U06572,2025-08-13,58,Analyst,6.2,9.0,4.6,3.4,7.0,121,116,62,3,1,10.0,100.0,8,4,No
U00361,2025-08-13,29,Student,7.5,10.0,7.0,1.4,7.8,4,85,72,1,5,8.0,78.4,9,6,No
U00963,2025-08-13,31,Freelancer,7.0,8.0,11.1,7.7,8.2,40,203,152,2,6,10.0,68.8,10,6,Yes
U06035,2025-08-13,37,Analyst,5.8,9.0,7.7,4.7,8.6,22,163,110,1,6,7.0,68.1,8,4,Yes
U06897,2025-08-13,32,Analyst,4.9,7.0,7.2,4.7,10.5,26,158,101,3,6,6.0,69.9,4,2,No
U02394,2025-08-13,18,Teacher,7.4,10.0,8.1,2.7,9.1,15,154,105,2,4,8.0,79.5,4,0,No
U06296,2025-08-13,56,Designer,8.3,10.0,7.8,2.3,12.0,28,121,97,3,4,8.0,88.5,11,7,No
U06528,2025-08-13,32,Teacher,8.2,10.0,7.0,3.4,12.0,53,116,89,4,7,9.0,94.6,7,4,No
U06797,2025-08-13,22,Teacher,6.9,10.0,6.9,3.7,6.5,102,131,98,1,3,10.0,92.7,6,4,No
U02633,2025-08-13,36,Teacher,5.9,8.0,5.7,1.0,9.2,22,81,57,0,5,6.0,65.1,9,5,No
U00842,2025-08-13,25,Designer,6.6,8.0,4.8,1.8,11.2,39,107,76,4,4,7.0,100.0,10,7,Yes
U06950,2025-08-13,21,Software Engineer,5.9,8.0,2.7,1.0,11.9,8,63,45,5,5,5.0,75.2,6,3,Yes
U06810,2025-08-13,35,Teacher,7.5,9.0,3.2,0.9,9.9,17,48,75,1,3,10.0,100.0,9,5,No
U01746,2025-08-13,40,Freelancer,5.3,6.0,6.1,1.3,9.9,47,93,75,1,7,8.0,83.0,4,1,Yes
U04909,2025-08-13,36,Software Engineer,5.6,8.0,7.6,1.6,6.1,30,124,91,4,7,8.0,64.4,4,3,Yes
U05687,2025-08-13,44,Freelancer,8.0,10.0,8.1,1.9,10.2,16,123,65,2,4,10.0,86.9,6,3,No
U05205,2025-08-13,36,Teacher,9.3,10.0,3.0,1.2,12.0,61,29,46,2,1,10.0,100.0,5,4,Yes
U00072,2025-08-13,57,Freelancer,6.4,10.0,7.5,4.2,8.3,19,148,101,2,5,8.0,72.4,6,3,No
U06710,2025-08-13,38,Designer,7.9,10.0,10.3,5.3,6.5,58,182,117,1,5,7.0,81.9,5,2,No
U00230,2025-08-13,35,Software Engineer,6.5,7.0,4.0,0.3,10.5,58,89,24,1,3,8.0,100.0,5,3,No
U02187,2025-08-13,35,Student,7.2,10.0,3.5,2.0,10.2,21,65,71,2,3,6.0,87.7,8,4,Yes
U02867,2025-08-13,20,Software Engineer,6.9,9.0,6.5,3.5,9.0,68,140,108,0,4,8.0,91.6,10,7,No
U05662,2025-08-13,58,Analyst,8.7,9.0,5.5,3.2,7.4,25,123,74,1,3,9.0,93.8,8,4,No
U05411,2025-08-13,39,Teacher,6.8,10.0,4.7,2.9,8.1,38,59,69,3,3,9.0,90.5,2,1,No
U03565,2025-08-14,52,Teacher,6.9,10.0,7.4,3.3,8.3,37,127,106,0,4,10.0,79.2,8,5,Yes
U02799,2025-08-14,26,Software Engineer,8.3,10.0,7.2,3.5,10.6,25,133,103,2,3,10.0,96.0,8,4,Yes
U00131,2025-08-14,30,Freelancer,5.9,10.0,6.1,0.6,7.3,52,118,81,2,5,10.0,94.8,7,5,No
U00095,2025-08-14,50,Freelancer,7.6,9.0,6.4,2.7,11.1,38,101,91,0,1,10.0,100.0,7,4,Yes
U06080,2025-08-14,30,Student,5.0,9.0,6.0,2.9,8.3,15,159,90,2,6,6.0,62.0,6,2,No
U05919,2025-08-14,38,Teacher,7.6,10.0,8.7,4.2,8.2,23,184,101,1,7,10.0,78.2,9,4,No
U00707,2025-08-14,51,Designer,6.2,9.0,5.4,3.0,7.9,124,107,68,2,1,10.0,100.0,4,4,Yes
U02437,2025-08-14,53,Freelancer,7.8,10.0,7.0,0.8,10.4,25,112,92,0,4,9.0,95.6,5,5,No
U02665,2025-08-14,47,Teacher,7.1,8.0,8.3,4.3,6.2,15,160,107,2,6,8.0,70.7,6,3,Yes
U04234,2025-08-14,18,Designer,7.4,10.0,9.7,5.5,3.0,19,149,130,4,6,8.0,54.1,6,2,No
U05819,2025-08-14,24,Designer,6.9,10.0,6.7,2.3,11.4,76,100,90,3,3,8.0,100.0,9,7,No
U00648,2025-08-14,45,Software Engineer,4.4,5.0,9.1,5.4,7.5,17,163,104,1,9,7.0,53.4,8,3,No
U03029,2025-08-14,41,Analyst,4.8,8.0,7.5,4.8,10.0,31,173,98,6,6,7.0,73.8,12,5,No
U04947,2025-08-14,42,Software Engineer,6.1,10.0,1.6,0.2,11.8,33,86,12,0,5,7.0,86.5,6,6,No
U01473,2025-08-14,42,Teacher,7.1,10.0,5.4,1.8,7.5,78,75,54,1,4,9.0,100.0,10,7,No
U04232,2025-08-14,21,Designer,5.2,6.0,4.5,2.3,12.0,53,112,65,2,4,10.0,100.0,6,4,No
U03094,2025-08-14,22,Designer,7.7,10.0,7.0,3.4,10.3,33,120,98,1,5,9.0,89.5,10,6,No
U06393,2025-08-14,54,Student,8.3,10.0,7.8,4.5,9.4,25,130,90,0,5,10.0,87.4,5,3,No
U05616,2025-08-14,29,Analyst,6.1,,6.0,1.5,9.6,30,111,64,2,5,10.0,90.2,9,7,No
U06075,2025-08-14,48,Analyst,6.3,10.0,8.0,2.0,10.4,20,130,88,2,7,8.0,77.0,9,3,No
U04355,2025-08-14,58,Freelancer,5.8,9.0,7.7,2.8,9.4,58,133,116,2,4,9.0,78.0,7,2,Yes
U06460,2025-08-14,27,Freelancer,6.9,10.0,4.8,2.7,8.7,33,123,81,3,3,8.0,93.1,4,2,No
U00477,2025-08-15,34,Software Engineer,8.8,10.0,2.5,0.4,12.0,45,68,48,5,1,10.0,100.0,8,6,No
U03822,2025-08-15,22,Analyst,5.8,10.0,9.3,4.7,5.1,99,141,107,1,4,8.0,96.4,13,6,No
U02830,2025-08-15,29,Student,7.5,10.0,8.8,1.5,11.7,85,113,81,0,5,8.0,100.0,6,5,No
U01702,2025-08-15,47,Software Engineer,7.3,10.0,4.9,1.6,5.8,87,111,57,0,2,10.0,100.0,6,4,No
U00852,2025-08-15,54,Analyst,7.3,8.0,2.3,1.7,11.1,114,53,52,0,1,10.0,100.0,9,6,No
U04368,2025-08-15,35,Teacher,6.5,9.0,4.7,2.0,11.7,111,89,68,1,4,10.0,100.0,4,4,No
U04145,2025-08-15,45,Software Engineer,6.0,9.0,9.9,3.6,7.6,52,162,119,1,6,9.0,61.0,6,2,No
U03270,2025-08-15,57,Teacher,6.1,7.0,8.0,4.2,7.4,68,174,102,3,6,8.0,73.1,2,1,No
U05978,2025-08-15,36,Analyst,6.4,9.0,5.7,1.1,8.9,56,83,56,2,4,9.0,100.0,8,6,No
U05755,2025-08-15,48,Analyst,6.1,10.0,8.0,3.8,10.4,36,145,116,3,5,5.0,86.7,4,2,No
U02472,2025-08-15,49,Student,7.1,10.0,7.1,3.3,8.5,83,160,95,1,6,8.0,89.5,9,4,No
U01673,2025-08-15,49,Student,5.8,8.0,6.1,0.8,8.3,55,97,71,3,5,5.0,91.0,8,5,Yes
U04215,2025-08-15,20,Software Engineer,8.2,10.0,11.4,3.6,5.3,43,208,142,1,6,10.0,72.5,8,4,No
U01930,2025-08-15,19,Student,6.4,9.0,9.4,0.5,6.6,53,178,93,0,5,8.0,79.4,7,5,No
U02916,2025-08-15,34,Teacher,8.7,10.0,7.3,4.7,8.1,63,181,92,1,6,10.0,85.5,7,4,No
U05825,2025-08-15,54,Analyst,5.6,8.0,4.8,2.0,9.4,36,125,63,0,5,8.0,81.2,8,6,No
U02027,2025-08-15,53,Software Engineer,8.0,10.0,8.0,4.3,6.2,50,168,108,2,6,9.0,67.0,5,3,Yes
U02601,2025-08-15,55,Freelancer,7.2,9.0,4.0,1.2,7.7,46,61,54,4,4,10.0,96.0,4,2,No
U06917,2025-08-15,35,Freelancer,6.7,10.0,6.5,5.4,6.5,22,159,126,1,5,8.0,72.4,4,2,No
U03034,2025-08-15,25,Student,6.1,8.0,3.9,1.5,9.3,10,88,53,1,3,8.0,97.9,12,9,No
U00824,2025-08-16,56,Teacher,6.8,10.0,5.6,3.6,6.9,48,137,93,0,5,8.0,77.3,9,5,Yes
U06092,2025-08-16,39,Analyst,7.4,8.0,6.9,2.0,8.7,17,154,89,0,6,8.0,85.9,6,5,Yes
U00030,2025-08-16,45,Student,5.4,9.0,1.0,1.3,11.4,28,76,25,1,2,7.0,96.3,6,5,Yes
U04416,2025-08-16,36,Student,5.9,6.0,6.8,1.4,8.6,47,115,78,0,2,10.0,100.0,6,4,Yes
U00236,2025-08-16,40,Designer,6.4,7.0,7.5,0.9,8.3,42,92,77,1,5,10.0,83.9,6,3,Yes
U06270,2025-08-16,18,Teacher,6.1,10.0,3.2,0.7,9.7,33,69,53,0,2,8.0,94.3,9,7,No
U00610,2025-08-16,52,Teacher,8.7,10.0,9.6,5.5,4.0,46,188,128,2,7,10.0,70.1,13,7,Yes
U06059,2025-08-16,27,Teacher,7.2,10.0,7.9,2.7,7.4,17,116,66,3,6,7.0,76.1,3,1,No
U01048,2025-08-16,54,Analyst,4.7,9.0,5.2,0.8,8.3,52,101,67,0,4,8.0,78.5,6,2,No
U03000,2025-08-16,41,Freelancer,6.8,10.0,3.1,1.5,12.0,97,56,50,2,2,10.0,100.0,9,7,Yes
U00288,2025-08-16,50,Designer,10.0,10.0,11.8,7.2,5.0,3,223,165,2,6,10.0,62.1,9,6,Yes
U02689,2025-08-16,44,Student,6.9,10.0,6.7,1.4,7.5,5,114,94,0,5,7.0,70.6,12,7,No
U02339,2025-08-16,27,Teacher,7.2,10.0,9.7,4.8,7.4,24,181,131,0,7,5.0,63.8,8,5,Yes
U02276,2025-08-16,30,Student,7.4,8.0,4.9,0.9,9.6,20,105,43,5,4,9.0,91.2,12,8,Yes
U06642,2025-08-16,22,Teacher,5.8,8.0,1.0,0.3,10.5,22,43,19,0,2,9.0,100.0,3,0,No
U01581,2025-08-16,29,Software Engineer,7.5,9.0,8.1,4.4,7.8,109,153,104,0,3,10.0,100.0,7,5,Yes
U03851,2025-08-16,54,Analyst,8.2,9.0,7.9,0.9,8.2,90,156,77,0,3,9.0,100.0,8,5,No
U04271,2025-08-16,46,Designer,7.6,10.0,4.1,2.6,11.9,98,74,75,1,2,10.0,100.0,7,6,No
U00533,2025-08-16,22,Software Engineer,8.0,10.0,8.7,5.2,7.6,43,131,124,2,6,7.0,59.4,6,3,No
U00695,2025-08-17,18,Student,6.6,9.0,14.0,5.6,7.3,35,232,157,1,8,6.0,49.0,5,2,Yes
U01878,2025-08-17,29,Designer,6.6,10.0,6.0,2.3,9.2,28,116,64,0,5,8.0,79.7,5,5,No
U05743,2025-08-17,60,Software Engineer,8.0,10.0,7.8,3.7,10.0,17,176,103,1,6,5.0,65.1,6,4,No
U04278,2025-08-17,57,Freelancer,6.3,9.0,9.4,5.2,9.7,50,185,125,2,7,7.0,68.6,7,3,Yes
U03050,2025-08-17,46,Student,7.7,10.0,5.9,2.9,11.2,49,116,74,2,5,7.0,87.4,8,4,Yes
U04705,2025-08-17,40,Teacher,7.5,10.0,5.6,2.6,8.2,14,146,73,3,7,8.0,87.9,6,4,No
U06166,2025-08-17,40,Software Engineer,6.4,6.0,4.8,1.4,10.1,38,120,52,4,2,9.0,100.0,4,4,No
U01181,2025-08-17,53,Student,6.6,9.0,3.3,0.6,12.0,16,85,50,3,3,10.0,100.0,6,3,Yes
U02095,2025-08-17,28,Analyst,6.8,9.0,7.3,3.1,8.7,70,186,93,4,6,9.0,92.3,4,2,No
U05233,2025-08-17,59,Teacher,9.0,10.0,5.8,2.1,10.7,47,92,78,3,4,9.0,82.0,5,5,No
U00465,2025-08-17,18,Freelancer,8.7,10.0,6.2,4.9,10.1,64,156,90,1,3,8.0,96.0,6,6,Yes
U02038,2025-08-17,48,Designer,5.8,6.0,7.6,3.9,9.0,24,177,87,1,8,7.0,77.0,12,4,Yes
U03628,2025-08-17,25,Student,9.6,10.0,7.5,4.4,8.9,30,182,111,2,4,10.0,99.9,8,5,No
U00834,2025-08-17,21,Designer,7.6,8.0,6.4,3.4,8.2,53,133,86,0,4,10.0,87.7,5,2,No
U05472,2025-08-17,35,Student,6.9,10.0,5.9,1.1,9.8,39,165,84,3,3,9.0,87.9,10,6,Yes
U00076,2025-08-17,41,Student,7.7,10.0,3.4,0.9,4.3,30,58,37,4,1,10.0,90.8,10,8,No
U02264,2025-08-17,51,Designer,6.5,10.0,7.1,,8.6,25,148,86,4,5,7.0,88.5,6,4,No
U00795,2025-08-17,34,Designer,4.9,8.0,9.1,1.1,4.6,39,107,108,0,5,10.0,62.0,7,4,No
U02890,2025-08-17,52,Student,7.3,10.0,8.7,2.2,8.3,68,151,69,1,6,8.0,81.5,6,3,No
U04479,2025-08-17,21,Freelancer,7.5,10.0,8.5,3.1,5.4,9,174,83,1,7,6.0,56.9,7,4,Yes
U04235,2025-08-17,21,Teacher,6.5,7.0,5.4,0.4,8.6,27,128,64,1,5,10.0,87.4,5,3,No
U04403,2025-08-17,48,Software Engineer,7.1,8.0,5.8,4.4,12.0,20,143,107,2,5,8.0,92.1,6,3,No
U05855,2025-08-17,57,Analyst,6.7,10.0,7.3,3.1,9.2,76,157,123,2,5,8.0,87.5,5,3,No
U01587,2025-08-18,32,Student,7.2,9.0,11.8,3.6,6.9,46,186,169,1,6,9.0,81.8,7,2,Yes
U05706,2025-08-18,39,Software Engineer,5.1,7.0,8.3,3.3,8.1,47,164,105,2,6,9.0,75.5,5,1,No
U02479,2025-08-18,58,Designer,7.7,10.0,3.1,0.4,9.0,4,49,57,2,4,9.0,84.8,9,6,No
U01198,2025-08-18,47,Freelancer,4.5,8.0,3.6,0.1,8.2,37,71,47,1,5,8.0,89.2,6,2,No
U02018,2025-08-18,31,Analyst,6.1,10.0,9.2,4.2,3.9,63,167,112,3,6,7.0,57.2,6,3,Yes
U05704,2025-08-18,47,Freelancer,5.4,5.0,6.6,3.8,6.7,8,152,85,2,4,7.0,79.9,9,5,No
U04503,2025-08-18,46,Teacher,6.8,10.0,5.1,3.2,9.1,11,98,98,0,5,8.0,81.3,9,5,Yes
U05693,2025-08-18,33,Freelancer,6.7,10.0,2.4,1.9,11.7,26,57,44,2,3,8.0,100.0,5,5,No
U00839,2025-08-18,53,Analyst,7.3,10.0,3.8,2.3,10.3,60,99,70,2,1,10.0,100.0,3,2,Yes
U06353,2025-08-18,32,Student,7.8,10.0,6.8,1.9,8.7,22,176,85,1,5,8.0,86.6,10,8,No
U06495,2025-08-18,41,Software Engineer,7.1,10.0,8.5,2.3,7.1,64,160,100,3,3,8.0,82.8,9,5,No
U06964,2025-08-18,30,Student,5.8,10.0,6.6,1.5,4.6,36,127,62,1,4,8.0,75.6,6,2,No
U04920,2025-08-18,30,Freelancer,7.9,10.0,5.5,1.8,10.0,64,91,67,1,5,10.0,94.5,9,7,No
U05273,2025-08-18,40,Software Engineer,7.1,10.0,5.1,0.2,12.0,11,93,86,1,6,9.0,89.9,7,4,No
U04047,2025-08-18,19,Designer,7.2,9.0,9.4,2.2,6.4,17,158,106,3,9,9.0,56.1,4,1,No
U00481,2025-08-19,43,Analyst,6.5,7.0,9.2,3.3,8.2,16,154,114,3,6,5.0,66.2,6,6,No
U03496,2025-08-19,44,Analyst,6.8,8.0,8.2,4.7,7.0,14,149,95,0,7,8.0,61.6,7,5,Yes
U05096,2025-08-19,34,Teacher,9.4,10.0,4.0,1.3,12.0,50,48,53,2,2,9.0,100.0,5,3,No
U00450,2025-08-19,33,Freelancer,9.2,10.0,8.1,1.8,9.3,26,126,106,5,5,10.0,81.4,3,2,No
U02584,2025-08-19,20,Designer,9.1,10.0,7.0,4.2,7.7,74,127,90,3,3,9.0,99.0,6,3,No
U01964,2025-08-19,24,Designer,6.1,9.0,5.5,3.7,11.8,16,118,99,0,4,8.0,96.7,5,5,Yes
U04733,2025-08-19,34,Designer,6.4,9.0,4.9,2.0,10.8,17,150,51,4,6,9.0,95.9,5,3,No
U06661,2025-08-19,31,Software Engineer,5.4,8.0,6.1,1.0,8.7,52,135,81,3,4,8.0,93.4,6,3,No
U00615,2025-08-19,31,Freelancer,7.8,8.0,7.4,4.4,11.5,44,147,104,1,5,10.0,100.0,8,5,No
U05997,2025-08-19,18,Analyst,7.5,10.0,7.1,3.6,11.2,15,116,86,1,5,10.0,91.3,14,11,No
U03554,2025-08-19,35,Student,9.4,10.0,7.1,4.0,8.4,56,144,113,1,3,10.0,100.0,4,3,Yes
U03316,2025-08-19,45,Freelancer,7.8,10.0,2.0,0.8,12.0,30,65,40,4,4,10.0,100.0,8,7,No
U06534,2025-08-19,42,Designer,5.3,9.0,7.8,3.3,8.6,114,127,104,1,3,9.0,91.1,9,6,No
U06429,2025-08-19,32,Student,6.2,10.0,5.5,1.6,8.1,44,110,75,2,3,10.0,100.0,5,3,Yes
U04418,2025-08-19,24,Analyst,5.3,7.0,7.0,3.0,8.1,45,129,92,4,5,8.0,74.8,11,6,No
U05791,2025-08-19,27,Software Engineer,8.8,10.0,8.4,5.7,5.7,47,187,116,2,3,10.0,73.3,5,4,No
U03111,2025-08-19,36,Analyst,6.2,6.0,4.6,1.8,8.4,38,108,68,0,3,9.0,90.1,6,4,Yes
U02813,2025-08-19,60,Analyst,8.4,10.0,4.7,2.8,9.4,10,85,75,3,3,10.0,100.0,8,7,No
U06741,2025-08-19,29,Designer,5.7,9.0,5.9,1.0,9.3,14,114,52,2,6,8.0,73.9,10,6,Yes
U03617,2025-08-19,53,Software Engineer,8.1,10.0,7.0,2.3,7.7,20,95,85,2,7,8.0,76.5,12,6,No
U06565,2025-08-19,56,Student,5.8,8.0,3.6,2.2,9.6,10,61,63,1,4,9.0,83.5,3,0,No
U00598,2025-08-20,45,Software Engineer,6.8,10.0,2.0,0.0,7.4,25,56,32,1,1,9.0,92.0,7,5,No
U05611,2025-08-20,21,Student,6.4,10.0,7.9,4.1,8.8,96,171,126,1,5,10.0,86.1,5,3,No
U04690,2025-08-20,27,Freelancer,5.1,7.0,6.6,2.5,8.2,92,108,92,4,4,10.0,87.6,4,2,No
U05528,2025-08-20,25,Freelancer,6.5,10.0,5.3,3.1,11.2,31,98,89,1,2,7.0,81.3,6,6,Yes
U03830,2025-08-20,24,Software Engineer,6.1,10.0,6.6,3.3,5.7,4,157,76,3,6,7.0,75.1,8,3,No
U01407,2025-08-20,42,Student,5.8,9.0,7.7,3.9,5.6,5,104,94,1,5,8.0,67.6,10,6,No
U06303,2025-08-20,51,Software Engineer,7.1,10.0,7.9,2.7,9.1,85,152,99,0,4,9.0,100.0,11,7,No
U01214,2025-08-20,19,Designer,6.2,10.0,6.6,3.6,10.3,31,169,88,2,8,7.0,68.5,10,4,No
U02189,2025-08-20,56,Freelancer,6.5,8.0,9.6,4.8,5.9,37,205,122,2,7,8.0,71.3,6,5,No
U06170,2025-08-20,50,Freelancer,6.9,10.0,8.0,5.1,6.3,43,128,118,2,4,8.0,71.9,6,5,Yes
U06398,2025-08-20,58,Designer,6.0,9.0,5.9,1.3,4.7,34,102,49,2,7,6.0,59.9,4,1,No
U02810,2025-08-20,20,Analyst,7.2,10.0,5.9,2.7,10.9,87,74,85,1,3,10.0,100.0,5,4,Yes
U06573,2025-08-20,31,Designer,5.6,10.0,4.5,1.9,9.2,55,106,74,4,4,8.0,78.6,4,3,Yes
U00932,2025-08-20,26,Software Engineer,5.9,8.0,5.5,4.0,8.8,70,116,81,2,2,7.0,100.0,9,6,No
U05952,2025-08-20,38,Designer,7.7,10.0,9.9,3.1,5.3,21,140,125,1,8,6.0,51.7,11,3,Yes
U04868,2025-08-20,32,Software Engineer,9.1,10.0,4.6,1.2,9.3,34,95,74,2,3,10.0,100.0,5,1,No
U00915,2025-08-20,19,Designer,9.0,10.0,8.7,5.4,5.1,55,167,105,0,4,10.0,79.3,3,2,No
U05426,2025-08-20,43,Designer,6.9,10.0,3.8,1.0,10.9,26,103,30,3,4,9.0,96.2,7,5,No
U04577,2025-08-20,31,Software Engineer,7.0,10.0,2.2,0.3,10.5,66,71,34,1,1,10.0,100.0,5,3,No
U03339,2025-08-20,20,Teacher,5.5,9.0,10.1,5.6,3.9,28,191,163,1,9,7.0,41.3,9,4,No
U06164,2025-08-20,55,Teacher,6.0,10.0,3.5,1.3,9.7,25,23,28,2,2,10.0,100.0,7,6,No
U02931,2025-08-20,53,Analyst,6.8,9.0,6.2,1.8,10.6,94,130,99,4,2,10.0,99.2,5,3,Yes
U02987,2025-08-20,38,Software Engineer,7.9,10.0,7.9,2.0,6.6,23,183,68,3,6,9.0,84.7,9,4,No
U01003,2025-08-20,50,Student,5.9,10.0,6.1,3.1,7.4,27,119,81,2,6,8.0,61.6,6,1,No
U01931,2025-08-20,23,Freelancer,7.8,10.0,7.6,4.3,5.2,4,150,115,1,8,4.0,57.8,7,1,No
U05964,2025-08-20,42,Analyst,6.9,10.0,3.0,2.2,12.0,19,105,64,2,6,7.0,91.0,10,7,No
U03341,2025-08-20,59,Software Engineer,5.6,8.0,10.9,2.2,7.8,32,209,106,1,9,7.0,59.1,6,2,Yes
U04204,2025-08-20,28,Student,8.7,10.0,8.4,4.6,6.7,8,140,116,2,4,7.0,79.2,4,4,No
U00108,2025-08-20,41,Software Engineer,7.9,10.0,3.8,1.5,9.9,3,97,60,2,3,10.0,97.2,4,3,No
U02675,2025-08-21,48,Analyst,7.6,9.0,4.8,3.0,7.0,4,107,71,3,3,7.0,81.2,8,4,Yes
U02504,2025-08-21,48,Analyst,5.4,10.0,7.7,3.8,10.1,4,124,100,5,6,6.0,56.5,13,6,No
U02131,2025-08-21,56,Analyst,7.6,10.0,5.2,2.8,8.4,21,107,90,3,5,6.0,85.9,9,8,Yes
U02567,2025-08-21,52,Software Engineer,6.6,10.0,6.1,2.3,11.7,68,134,75,2,3,8.0,89.6,4,3,No
U00785,2025-08-21,43,Student,6.5,10.0,1.3,1.2,9.9,60,55,13,1,2,9.0,100.0,9,5,No
U06828,2025-08-21,54,Software Engineer,7.4,10.0,9.5,6.3,9.3,43,215,144,2,6,10.0,82.1,8,4,No
U01019,2025-08-21,53,Freelancer,5.4,6.0,10.1,5.9,9.3,32,180,133,2,6,6.0,59.8,7,3,No
U04174,2025-08-21,27,Student,7.9,10.0,5.6,2.3,12.0,36,87,65,1,3,9.0,100.0,7,6,No
U05516,2025-08-21,52,Software Engineer,7.4,10.0,8.1,3.9,11.0,35,182,108,0,5,9.0,99.0,5,2,No
U05275,2025-08-21,31,Student,6.1,7.0,4.0,1.9,10.0,55,115,55,0,4,7.0,100.0,8,5,No
U00854,2025-08-21,39,Software Engineer,6.9,8.0,9.5,5.8,7.2,30,235,115,2,8,7.0,52.2,7,1,No
U00085,2025-08-21,26,Student,5.6,7.0,6.6,2.0,8.6,39,125,88,2,5,7.0,79.9,5,2,Yes
U06343,2025-08-21,51,Software Engineer,5.6,9.0,7.0,2.5,5.4,10,162,95,0,7,6.0,62.5,8,5,No
U03151,2025-08-21,32,Software Engineer,6.8,9.0,4.8,2.3,11.5,25,129,48,2,4,7.0,74.5,12,8,No
U04383,2025-08-21,37,Teacher,5.9,9.0,7.1,3.9,4.6,24,122,112,3,8,6.0,52.2,7,2,No
U03514,2025-08-21,37,Teacher,7.0,10.0,5.5,1.1,6.9,19,79,77,3,6,9.0,78.2,5,3,Yes
U01165,2025-08-21,60,Student,5.2,9.0,8.1,2.5,10.1,24,153,100,0,6,7.0,70.1,7,2,No
U02724,2025-08-21,34,Analyst,7.3,10.0,6.1,2.2,10.0,97,122,73,3,3,10.0,100.0,5,4,No
U06308,2025-08-21,59,Software Engineer,7.5,10.0,8.0,3.2,6.0,86,159,71,2,6,8.0,82.0,12,7,Yes
U01004,2025-08-21,55,Teacher,7.3,9.0,9.5,3.4,7.4,12,162,101,1,5,8.0,71.6,5,4,No
U04486,2025-08-21,37,Teacher,6.3,9.0,4.3,1.3,10.3,37,55,67,0,5,10.0,88.2,10,7,Yes
U04546,2025-08-22,20,Designer,6.6,10.0,7.4,2.2,6.2,42,149,109,1,6,8.0,62.8,4,2,No
U05527,2025-08-22,42,Software Engineer,6.3,9.0,6.5,3.7,8.5,32,115,110,2,6,7.0,57.8,7,4,No
U01513,2025-08-22,53,Software Engineer,7.4,9.0,7.4,1.0,5.0,18,94,96,2,2,9.0,86.5,6,5,No
U06101,2025-08-22,31,Designer,6.7,8.0,5.0,2.2,9.0,57,82,57,2,5,8.0,77.3,6,2,No
U01805,2025-08-22,47,Freelancer,9.0,10.0,6.6,1.7,3.5,49,102,95,0,4,9.0,83.2,3,2,No
U05725,2025-08-22,54,Analyst,6.2,10.0,4.7,3.0,8.7,32,91,61,2,6,9.0,92.7,6,3,No
U02175,2025-08-22,40,Student,8.0,8.0,3.3,1.3,9.8,43,69,40,2,1,10.0,100.0,9,8,Yes
U01495,2025-08-22,57,Teacher,8.3,10.0,8.4,3.5,6.7,25,162,120,2,5,10.0,76.2,10,6,Yes
U02644,2025-08-22,53,Student,5.4,7.0,8.4,4.6,6.4,17,187,109,2,9,4.0,49.8,7,2,No
U06647,2025-08-22,20,Designer,7.1,9.0,5.4,2.2,9.8,60,97,69,1,4,9.0,81.7,8,5,No
U02169,2025-08-22,29,Student,6.4,6.0,2.0,0.8,11.1,24,45,26,0,2,8.0,99.8,8,7,No
U02346,2025-08-22,43,Freelancer,5.8,9.0,7.4,2.7,7.9,70,139,72,1,6,9.0,67.0,6,4,No
U00473,2025-08-22,48,Analyst,6.7,10.0,7.5,1.4,7.6,26,88,76,5,4,9.0,73.9,4,1,Yes
U04881,2025-08-22,56,Teacher,6.4,9.0,7.7,2.7,7.4,15,124,101,0,6,7.0,75.0,11,5,No
U00950,2025-08-22,22,Software Engineer,6.4,8.0,5.0,2.5,8.9,75,86,77,2,4,7.0,88.1,7,5,No
U01024,2025-08-22,22,Software Engineer,7.4,8.0,6.8,2.9,8.3,56,153,76,2,3,8.0,94.5,2,2,No
U03409,2025-08-22,56,Student,7.7,10.0,8.0,3.3,7.2,20,136,86,4,6,8.0,59.7,7,4,No
U02329,2025-08-22,24,Designer,6.6,10.0,5.7,1.6,7.7,34,109,81,4,6,7.0,75.5,5,4,Yes
U04632,2025-08-23,39,Software Engineer,8.2,10.0,8.6,2.0,7.1,19,144,106,1,5,7.0,67.4,4,4,No
U01790,2025-08-23,53,Teacher,8.0,9.0,6.4,3.3,6.5,43,138,98,2,3,10.0,88.3,13,10,No
U01091,2025-08-23,24,Teacher,8.6,10.0,4.9,2.5,9.0,12,112,81,2,4,9.0,94.1,6,5,No
U05222,2025-08-23,27,Software Engineer,6.2,7.0,7.8,1.4,8.4,94,136,98,0,4,10.0,86.6,11,5,No
U02500,2025-08-23,46,Student,6.2,8.0,5.3,1.2,10.1,41,96,72,0,5,9.0,93.6,9,6,Yes
U03478,2025-08-23,36,Designer,6.4,10.0,3.3,0.7,11.5,112,68,31,1,1,10.0,100.0,11,6,No
U05883,2025-08-23,56,Designer,6.1,10.0,10.1,5.6,5.5,29,175,122,1,8,6.0,52.7,5,2,Yes
U04328,2025-08-23,34,Software Engineer,8.7,10.0,7.0,3.0,5.0,19,94,96,1,3,9.0,74.7,9,6,No
U06513,2025-08-23,54,Student,8.4,10.0,6.9,1.7,8.2,38,114,74,3,3,9.0,99.3,5,2,No
U03659,2025-08-23,59,Analyst,6.4,6.0,5.5,3.4,8.4,21,120,74,3,4,10.0,88.3,7,5,Yes
U01131,2025-08-23,21,Analyst,8.2,10.0,4.7,1.2,9.1,62,85,51,5,4,10.0,100.0,6,6,No
U02548,2025-08-23,59,Student,5.3,8.0,7.9,1.8,10.5,17,143,87,1,7,7.0,66.3,10,7,No
U03190,2025-08-23,18,Software Engineer,7.6,10.0,3.6,1.7,9.8,51,54,49,0,2,9.0,100.0,3,3,No
U00678,2025-08-24,45,Student,8.4,10.0,8.7,4.7,10.0,31,179,120,3,6,7.0,78.4,7,6,No
U05796,2025-08-24,23,Designer,8.6,8.0,7.5,1.8,10.3,7,148,92,1,5,10.0,100.0,10,7,Yes
U01212,2025-08-24,26,Designer,7.1,9.0,5.9,3.6,11.3,46,93,80,2,2,10.0,100.0,7,4,No
U04093,2025-08-24,26,Teacher,5.1,7.0,7.3,2.3,10.5,98,144,90,1,5,8.0,93.8,7,4,No
U02298,2025-08-24,32,Analyst,9.4,10.0,6.6,2.5,8.0,8,114,89,0,4,6.0,89.6,6,4,Yes
U01516,2025-08-24,24,Analyst,6.2,10.0,10.4,2.1,5.6,43,182,125,1,8,9.0,58.5,6,4,No
U05427,2025-08-24,26,Software Engineer,7.4,9.0,7.9,4.5,9.7,41,146,89,5,6,9.0,97.5,9,6,No
U01511,2025-08-24,42,Teacher,6.5,10.0,4.2,2.5,9.4,74,108,82,0,4,10.0,97.0,2,0,No
U05731,2025-08-24,50,Analyst,10.0,10.0,6.7,3.1,7.9,56,137,79,1,3,10.0,100.0,5,4,Yes
U05926,2025-08-24,60,Software Engineer,6.5,9.0,10.2,2.8,5.8,8,172,97,1,8,8.0,64.8,7,2,No
U03928,2025-08-24,57,Designer,7.7,10.0,6.1,2.1,7.2,24,107,67,1,3,6.0,92.0,10,6,No
U03485,2025-08-24,32,Student,7.2,9.0,8.4,4.6,3.5,43,109,119,1,3,10.0,88.2,5,1,No
U06882,2025-08-24,59,Software Engineer,6.2,7.0,6.0,1.2,11.8,55,111,76,1,5,10.0,100.0,6,4,No
U05103,2025-08-24,57,Teacher,8.4,10.0,6.5,2.9,8.1,25,117,73,3,2,10.0,89.3,7,6,No
U01634,2025-08-24,33,Software Engineer,7.1,8.0,1.8,0.7,12.0,19,31,23,3,3,8.0,100.0,5,4,No
U00563,2025-08-24,44,Software Engineer,5.6,8.0,4.5,1.1,11.1,33,80,68,5,5,10.0,99.6,5,3,Yes
U02885,2025-08-24,22,Designer,6.4,8.0,4.3,2.7,9.4,9,109,87,1,3,7.0,94.7,10,8,No
U06480,2025-08-24,28,Freelancer,7.3,10.0,6.9,4.1,6.6,32,157,94,0,3,9.0,84.9,9,7,No
U03033,2025-08-24,18,Analyst,7.5,10.0,4.0,0.3,10.7,8,82,45,2,5,9.0,100.0,3,2,No
U06782,2025-08-24,21,Student,7.0,9.0,8.4,3.9,5.7,77,146,109,0,4,10.0,83.3,3,2,No
U06459,2025-08-24,50,Analyst,9.1,10.0,7.7,3.6,6.3,22,149,92,4,5,7.0,90.4,6,3,Yes
U01363,2025-08-25,60,Analyst,5.4,10.0,9.2,4.0,4.9,8,194,122,1,7,5.0,62.9,5,1,No
U03230,2025-08-25,54,Analyst,5.4,5.0,8.4,1.2,5.7,46,128,90,3,7,6.0,52.0,6,5,No
U06660,2025-08-25,52,Freelancer,9.0,10.0,2.9,0.4,10.5,43,78,40,2,3,10.0,100.0,2,2,No
U03104,2025-08-25,19,Designer,7.3,10.0,6.3,2.6,8.9,13,138,73,2,6,9.0,79.9,2,2,No
U04661,2025-08-25,29,Student,9.3,10.0,2.9,0.0,10.0,52,89,31,2,2,10.0,100.0,5,5,No
U06850,2025-08-25,54,Analyst,8.1,10.0,9.9,5.1,4.4,31,176,136,4,7,8.0,58.7,11,5,No
U01424,2025-08-25,42,Software Engineer,5.1,8.0,11.5,3.9,10.6,46,188,147,1,6,8.0,60.1,9,4,No
U02957,2025-08-25,31,Student,8.4,10.0,6.6,3.2,9.4,62,150,96,4,4,10.0,92.5,14,11,Yes
U06471,2025-08-25,53,Freelancer,6.7,10.0,6.4,4.0,11.1,46,96,101,2,4,8.0,95.8,8,4,No
U03081,2025-08-25,28,Designer,7.5,10.0,1.5,0.4,11.5,2,22,16,2,2,7.0,100.0,6,2,No
U04978,2025-08-25,42,Student,9.9,10.0,4.2,1.1,9.3,21,94,56,3,2,10.0,94.9,10,9,Yes
U03543,2025-08-26,28,Analyst,7.6,10.0,5.8,2.4,9.4,14,111,74,1,4,7.0,82.3,6,2,No
U05394,2025-08-26,33,Freelancer,5.6,8.0,8.6,3.5,10.9,32,171,139,1,6,8.0,70.1,7,6,No
U03293,2025-08-26,34,Analyst,7.9,8.0,11.0,7.1,11.3,46,229,156,4,7,8.0,71.1,9,5,Yes
U06743,2025-08-26,44,Software Engineer,5.6,8.0,5.0,2.5,12.0,38,93,85,3,7,8.0,82.3,11,6,No
U05773,2025-08-26,45,Analyst,7.7,9.0,7.9,4.8,6.2,20,142,110,2,5,8.0,82.4,11,6,No
U03886,2025-08-26,53,Freelancer,7.4,9.0,3.0,2.1,10.1,20,103,57,1,4,9.0,100.0,8,6,No
U03126,2025-08-26,30,Teacher,7.3,9.0,7.1,4.1,8.3,75,100,79,1,3,10.0,100.0,10,7,Yes
U04505,2025-08-26,57,Designer,7.8,10.0,9.3,4.1,10.2,143,170,129,1,4,10.0,98.2,10,7,No
U04717,2025-08-26,52,Freelancer,7.8,9.0,7.7,5.2,5.4,45,160,117,1,5,6.0,75.0,9,5,No
U01560,2025-08-26,39,Freelancer,6.5,10.0,7.1,4.1,9.4,36,109,75,3,6,9.0,78.9,13,8,No
U00297,2025-08-26,44,Freelancer,7.5,9.0,10.5,3.9,7.9,96,142,136,5,5,10.0,91.7,5,3,No
U06957,2025-08-26,48,Designer,7.5,10.0,5.1,2.2,9.8,26,86,76,1,2,9.0,100.0,8,7,No
U04474,2025-08-26,39,Student,6.1,10.0,6.5,1.8,7.2,75,159,85,1,6,6.0,71.7,6,3,No
U00183,2025-08-26,20,Software Engineer,9.3,10.0,2.9,0.8,9.9,28,76,26,3,2,10.0,100.0,4,3,No
U01999,2025-08-26,60,Analyst,6.5,9.0,6.1,1.7,8.2,89,70,63,1,1,10.0,100.0,11,7,No
U00507,2025-08-26,54,Analyst,7.7,10.0,6.5,3.3,9.7,32,149,56,2,4,6.0,85.5,7,7,No
U02603,2025-08-27,53,Freelancer,7.5,10.0,9.6,5.5,9.4,12,208,121,4,7,7.0,71.9,7,3,Yes
U04977,2025-08-27,18,Designer,7.8,8.0,10.8,3.2,4.6,43,190,144,1,6,9.0,69.2,4,4,No
U04464,2025-08-27,47,Freelancer,8.8,9.0,7.9,2.2,9.2,7,123,82,1,4,9.0,97.0,6,3,No
U00213,2025-08-27,23,Designer,6.1,9.0,7.5,5.5,11.0,22,144,106,2,7,7.0,82.8,11,6,No
U06789,2025-08-27,40,Freelancer,5.8,8.0,10.1,6.6,7.1,50,182,132,1,7,7.0,61.4,3,2,No
U02202,2025-08-27,38,Designer,7.4,10.0,5.4,1.5,8.5,41,124,84,1,4,8.0,86.4,8,7,Yes
U01522,2025-08-27,27,Freelancer,7.5,10.0,7.0,4.0,7.4,19,111,92,1,5,7.0,76.8,5,3,No
U06236,2025-08-27,33,Freelancer,8.6,10.0,6.7,2.4,9.8,84,106,64,3,2,10.0,100.0,9,4,Yes
U04282,2025-08-27,23,Freelancer,5.4,10.0,9.8,2.2,6.7,37,198,111,0,7,7.0,64.3,4,4,No
U04295,2025-08-27,51,Teacher,6.3,7.0,7.6,3.0,7.9,107,129,93,3,2,10.0,100.0,8,5,Yes
U00958,2025-08-27,35,Freelancer,7.1,7.0,3.5,1.5,9.0,124,58,51,1,1,10.0,100.0,6,5,No
U01536,2025-08-27,19,Student,6.3,10.0,9.2,3.5,7.9,28,120,122,5,7,6.0,68.8,12,6,No
U02489,2025-08-27,28,Freelancer,8.8,10.0,5.4,1.7,9.2,72,110,68,1,1,10.0,100.0,6,6,Yes
U01721,2025-08-27,26,Software Engineer,7.9,10.0,6.2,0.7,9.9,12,83,65,3,4,10.0,96.7,3,2,No
U03529,2025-08-27,58,Freelancer,8.7,10.0,3.6,0.6,9.7,37,59,23,1,5,10.0,99.4,8,6,Yes
U06529,2025-08-27,45,Teacher,7.1,10.0,6.4,3.0,7.9,35,137,82,2,4,5.0,84.2,8,6,No
U05385,2025-08-27,57,Analyst,7.6,10.0,5.0,3.2,9.1,16,91,67,0,2,8.0,97.1,5,4,Yes
U04873,2025-08-27,25,Analyst,4.5,7.0,9.0,1.3,5.8,14,170,105,2,10,6.0,49.7,4,0,Yes
U05303,2025-08-27,40,Student,7.1,10.0,9.2,4.3,9.3,24,193,116,4,7,9.0,77.6,2,0,No
U03534,2025-08-27,54,Freelancer,5.0,7.0,9.0,2.6,7.0,48,113,103,0,7,6.0,46.6,12,4,Yes
U02195,2025-08-27,51,Freelancer,5.5,9.0,7.7,2.9,8.2,21,139,88,0,6,8.0,61.0,9,5,No
U06055,2025-08-27,53,Teacher,5.9,7.0,7.6,1.6,4.8,85,103,97,2,5,8.0,88.2,10,5,No
U00028,2025-08-28,44,Analyst,6.2,10.0,11.0,2.1,6.0,11,186,112,0,8,8.0,46.1,8,3,Yes
U00247,2025-08-28,22,Software Engineer,8.3,9.0,1.9,0.8,12.0,100,34,49,4,1,10.0,100.0,2,2,Yes
U04329,2025-08-28,24,Analyst,6.2,9.0,8.1,2.6,5.2,25,137,92,0,8,6.0,52.9,8,3,No
U03131,2025-08-28,56,Freelancer,6.7,8.0,8.5,2.9,6.0,14,131,95,2,7,7.0,55.9,6,3,Yes
U03428,2025-08-28,48,Software Engineer,7.5,10.0,6.5,3.4,7.2,26,145,79,1,7,7.0,74.7,6,3,No
U00808,2025-08-28,41,Software Engineer,6.9,7.0,7.2,3.3,8.1,40,158,92,2,7,8.0,84.7,10,5,No
U02618,2025-08-28,23,Teacher,7.8,10.0,9.3,2.7,7.4,42,204,122,2,5,10.0,79.2,4,3,No
U03463,2025-08-28,49,Analyst,5.5,7.0,6.6,4.0,6.1,22,114,85,2,6,7.0,69.1,3,2,No
U01674,2025-08-28,28,Teacher,9.1,10.0,4.1,2.0,7.5,107,122,69,1,3,10.0,100.0,5,1,No
U00410,2025-08-28,56,Designer,8.0,10.0,8.8,4.7,9.0,32,145,110,2,5,7.0,85.8,6,4,No
U06991,2025-08-28,30,Software Engineer,7.1,8.0,5.3,2.6,9.3,10,91,71,2,5,9.0,89.0,9,5,No
U00457,2025-08-28,29,Teacher,7.2,10.0,5.2,2.7,7.7,29,133,80,1,5,8.0,93.9,7,5,No
U02640,2025-08-28,37,Designer,9.2,9.0,3.7,1.8,7.8,48,100,63,2,3,10.0,100.0,7,5,No
U02262,2025-08-28,42,Freelancer,6.5,10.0,3.5,1.5,7.5,11,70,59,2,5,7.0,76.3,6,4,Yes
U00658,2025-08-29,47,Analyst,7.0,10.0,7.2,3.9,10.8,23,153,92,4,8,7.0,72.0,6,3,Yes
U04064,2025-08-29,52,Software Engineer,6.5,10.0,8.2,4.1,5.9,127,146,104,1,3,10.0,87.0,8,4,No
U04895,2025-08-29,54,Analyst,5.4,9.0,5.8,1.6,10.4,27,130,71,2,6,9.0,77.2,6,3,No
U01884,2025-08-29,42,Software Engineer,6.7,8.0,7.2,0.7,8.1,27,112,84,2,4,10.0,85.6,3,1,Yes
U03299,2025-08-29,36,Teacher,7.6,10.0,7.5,1.5,9.1,67,118,95,1,3,9.0,94.7,2,2,No
U05993,2025-08-29,36,Student,4.4,7.0,6.3,0.9,8.8,29,81,61,1,5,6.0,80.2,9,7,Yes
U02138,2025-08-29,38,Freelancer,8.0,10.0,6.6,3.9,10.7,15,130,91,3,5,7.0,92.5,7,5,No
U03859,2025-08-29,46,Student,10.0,10.0,7.6,3.8,10.4,35,118,91,3,3,10.0,100.0,6,5,No
U01009,2025-08-29,32,Analyst,6.9,10.0,1.7,1.0,7.8,68,45,14,2,1,10.0,100.0,8,6,No
U06554,2025-08-29,24,Software Engineer,8.0,10.0,4.0,2.5,11.3,30,89,75,4,2,9.0,100.0,7,5,No
U01821,2025-08-29,23,Teacher,7.0,9.0,7.1,3.2,7.9,30,160,63,2,6,8.0,73.4,10,5,No
U05901,2025-08-30,43,Freelancer,7.4,10.0,7.3,0.9,11.0,20,120,83,1,5,9.0,94.9,9,7,Yes
U05534,2025-08-30,56,Teacher,7.3,8.0,6.5,2.0,8.1,43,114,81,2,6,9.0,93.3,8,5,No
U00110,2025-08-30,52,Designer,6.4,9.0,6.4,3.8,8.2,55,131,92,0,5,8.0,85.9,5,4,No
U05187,2025-08-30,39,Analyst,5.8,7.0,4.0,2.2,11.7,49,94,53,2,3,9.0,100.0,5,1,No
U04859,2025-08-30,50,Analyst,6.6,,4.6,1.8,6.5,46,85,38,1,3,10.0,85.7,11,8,No
U05214,2025-08-30,31,Student,7.7,10.0,8.5,1.9,7.8,98,178,93,1,5,10.0,82.4,5,2,No
U05283,2025-08-30,36,Software Engineer,8.3,10.0,7.9,2.4,10.0,104,132,103,3,3,10.0,100.0,10,4,No
U05022,2025-08-30,47,Freelancer,7.7,10.0,6.7,3.2,6.0,15,147,94,0,5,8.0,63.3,7,4,No
U05071,2025-08-30,48,Student,6.6,9.0,3.6,1.7,10.8,59,77,56,1,2,9.0,100.0,6,5,No
U03500,2025-08-30,38,Student,7.6,10.0,11.5,2.3,4.2,77,147,120,1,2,10.0,80.8,6,4,Yes
U00818,2025-08-30,52,Software Engineer,8.5,10.0,8.8,3.1,7.7,34,154,110,1,6,9.0,75.0,3,3,Yes
U02627,2025-08-30,20,Teacher,7.1,10.0,11.4,4.1,6.6,22,206,140,2,8,8.0,63.7,8,1,No
U06406,2025-08-30,40,Software Engineer,5.9,4.0,1.0,0.9,11.7,19,53,23,1,2,8.0,100.0,10,10,No
U04084,2025-08-30,19,Teacher,6.7,10.0,10.4,6.5,7.1,30,194,159,2,8,6.0,66.0,6,2,No
U06252,2025-08-30,54,Designer,4.4,9.0,7.8,1.4,6.0,89,147,99,3,7,10.0,58.6,8,3,No
U06003,2025-08-30,57,Freelancer,7.0,10.0,6.6,2.7,8.6,34,118,69,3,6,8.0,82.7,10,5,Yes
U00900,2025-08-30,54,Teacher,5.7,7.0,11.2,4.4,6.0,134,182,140,1,5,10.0,85.9,3,2,Yes
U01957,2025-08-30,41,Designer,5.6,7.0,8.3,4.1,7.0,13,168,81,1,8,7.0,60.6,6,2,No
U02669,2025-08-30,52,Freelancer,7.6,5.0,6.0,1.5,9.7,57,126,80,3,7,8.0,76.7,7,4,No
U01183,2025-08-30,35,Analyst,7.3,9.0,7.9,2.8,8.0,137,149,86,3,4,10.0,91.2,11,7,Yes
U06449,2025-08-30,23,Freelancer,9.1,10.0,7.7,3.7,6.5,43,156,83,1,4,10.0,98.1,6,5,No
U02149,2025-08-30,55,Software Engineer,6.8,10.0,6.7,4.4,6.3,55,116,100,2,4,9.0,88.8,8,4,No
U02557,2025-08-30,33,Designer,7.4,10.0,4.4,1.6,9.6,87,94,52,5,3,10.0,100.0,8,8,No
U03678,2025-08-30,43,Student,6.7,9.0,4.9,2.6,9.4,69,110,68,3,3,9.0,96.7,8,5,No
U02927,2025-08-30,44,Student,6.5,8.0,6.2,3.5,10.1,22,157,89,1,6,8.0,89.6,9,3,No
U03663,2025-08-30,36,Designer,7.2,9.0,8.7,4.1,7.3,26,177,109,0,7,6.0,75.7,5,2,Yes
U02725,2025-08-30,41,Student,6.6,9.0,10.4,2.5,5.6,25,176,104,1,7,6.0,48.6,7,4,Yes
U02253,2025-08-30,53,Freelancer,6.6,10.0,4.7,2.1,9.6,6,90,49,2,2,8.0,98.9,11,7,No
U06188,2025-08-31,32,Software Engineer,8.5,10.0,5.3,2.7,10.9,72,92,85,0,2,10.0,100.0,6,4,No
U01224,2025-08-31,40,Student,7.4,10.0,7.1,3.2,10.4,49,109,91,4,3,9.0,100.0,6,5,No
U00726,2025-08-31,51,Student,7.0,10.0,3.9,2.2,6.6,7,103,60,2,5,8.0,78.3,11,6,Yes
U05974,2025-08-31,20,Teacher,7.2,9.0,6.9,2.9,5.2,35,144,88,0,6,7.0,70.6,6,3,Yes
U02786,2025-08-31,36,Analyst,5.2,7.0,8.6,3.8,7.4,31,155,111,2,6,7.0,78.3,7,1,Yes
U03814,2025-08-31,22,Freelancer,7.9,10.0,2.7,0.8,7.4,75,73,55,1,3,10.0,100.0,6,4,No
U05285,2025-08-31,59,Analyst,7.3,,5.7,2.8,10.9,43,101,78,2,3,9.0,100.0,10,8,No
U06867,2025-08-31,29,Student,6.9,8.0,8.0,4.7,9.2,12,138,117,2,5,7.0,77.5,9,4,Yes
U02497,2025-08-31,30,Teacher,8.3,10.0,5.8,2.1,8.3,58,120,70,1,2,10.0,100.0,9,5,Yes
U01037,2025-08-31,30,Software Engineer,6.2,10.0,9.8,2.8,8.3,57,150,110,5,7,5.0,53.1,5,1,No
U05281,2025-08-31,32,Designer,7.9,10.0,6.4,1.4,6.4,90,98,82,0,2,10.0,100.0,5,4,Yes
U05217,2025-08-31,58,Analyst,8.6,10.0,7.8,2.4,10.1,44,86,93,1,4,10.0,88.7,9,8,No
U04163,2025-08-31,28,Freelancer,7.3,6.0,6.3,1.1,10.7,31,162,67,1,5,9.0,89.1,9,4,Yes
U06691,2025-08-31,51,Designer,6.4,10.0,7.9,3.9,5.5,48,138,88,1,4,9.0,82.3,5,2,No
U04266,2025-08-31,33,Designer,6.6,9.0,8.0,1.5,8.3,37,143,86,2,7,10.0,71.8,7,5,No
U02515,2025-08-31,40,Analyst,5.9,6.0,4.2,2.4,12.0,85,111,64,0,2,10.0,100.0,6,4,No
U01539,2025-08-31,44,Software Engineer,5.9,9.0,7.5,3.7,9.4,7,115,106,3,6,6.0,67.9,6,3,No
U00608,2025-08-31,54,Student,6.8,10.0,4.5,1.6,12.0,11,83,44,0,4,8.0,97.1,9,6,No
U01319,2025-08-31,33,Teacher,6.6,7.0,4.0,0.0,9.8,38,87,57,1,2,9.0,100.0,11,7,No
U06215,2025-08-31,48,Analyst,7.1,8.0,9.8,5.5,8.0,36,172,112,3,6,7.0,66.8,6,4,Yes
U06680,2025-08-31,59,Analyst,7.1,9.0,4.3,2.0,7.9,29,121,58,4,5,8.0,88.5,6,3,No
U01090,2025-08-31,42,Student,8.2,10.0,7.9,2.5,8.2,41,138,114,0,6,10.0,80.4,4,1,Yes
U03014,2025-09-01,57,Software Engineer,6.9,8.0,5.8,2.5,9.8,60,109,83,3,2,10.0,100.0,11,8,No
U05286,2025-09-01,38,Analyst,7.9,10.0,5.0,1.0,6.8,26,112,57,2,2,8.0,90.1,2,2,No
U01502,2025-09-01,41,Teacher,6.4,7.0,5.2,2.8,5.2,20,125,71,5,6,7.0,70.7,7,3,No
U01615,2025-09-01,46,Analyst,5.1,9.0,4.6,1.6,9.3,46,133,64,1,3,6.0,89.0,9,6,Yes
U06396,2025-09-01,39,Teacher,6.8,10.0,4.7,1.6,7.6,57,87,62,1,2,10.0,100.0,13,9,No
U04850,2025-09-01,34,Designer,6.1,9.0,5.3,1.0,9.4,32,134,56,0,3,10.0,92.3,12,7,No
U03644,2025-09-01,43,Designer,8.1,10.0,3.9,1.9,7.9,14,63,65,1,1,9.0,100.0,7,5,No
U03566,2025-09-01,30,Analyst,6.1,10.0,5.1,2.0,4.4,51,86,83,2,2,9.0,93.7,4,3,No
U05483,2025-09-01,56,Student,7.3,10.0,7.0,2.7,8.0,28,117,78,2,6,7.0,71.7,3,3,No
U04139,2025-09-01,21,Software Engineer,5.1,8.0,8.8,5.0,7.1,38,171,135,2,5,9.0,68.4,7,2,No
U06806,2025-09-01,29,Student,8.5,10.0,7.7,2.3,9.4,27,114,89,1,5,9.0,91.2,11,8,No
U05206,2025-09-01,22,Analyst,5.5,8.0,2.9,1.4,6.5,42,96,53,1,6,9.0,92.2,8,4,Yes
U03620,2025-09-01,53,Analyst,7.7,9.0,9.7,3.2,5.7,94,163,126,0,5,7.0,82.6,9,4,No
U05080,2025-09-01,22,Designer,4.9,5.0,8.2,1.7,8.6,33,172,98,2,8,6.0,64.2,8,3,No
U02090,2025-09-01,32,Student,7.9,10.0,7.7,2.9,11.8,67,138,89,1,4,9.0,94.3,3,3,Yes
U00494,2025-09-01,27,Freelancer,8.5,9.0,3.0,1.4,8.6,31,44,58,1,3,7.0,95.7,10,7,Yes
U05337,2025-09-01,21,Freelancer,7.3,9.0,6.1,2.4,7.0,19,122,74,3,5,6.0,79.3,7,4,No
U01682,2025-09-01,41,Freelancer,7.0,10.0,6.2,1.7,10.9,33,144,93,5,5,8.0,88.9,9,4,No
U03945,2025-09-01,20,Freelancer,8.2,9.0,4.9,1.2,9.3,27,97,66,1,2,9.0,98.3,5,3,No
U02608,2025-09-01,35,Teacher,7.2,10.0,6.4,2.5,8.2,37,123,68,0,6,8.0,73.6,4,4,No
U06310,2025-09-02,57,Analyst,9.2,10.0,6.5,1.9,9.1,54,134,65,1,2,10.0,97.5,6,4,No
U06993,2025-09-02,47,Software Engineer,6.7,10.0,8.6,5.6,8.8,46,128,130,1,6,8.0,87.1,3,1,No
U05768,2025-09-02,38,Freelancer,6.3,9.0,9.7,3.5,6.9,40,157,123,2,5,10.0,70.5,10,5,Yes
U00628,2025-09-02,55,Designer,8.3,10.0,5.4,2.6,9.5,37,123,96,2,2,9.0,100.0,7,2,No
U00532,2025-09-02,33,Designer,5.7,7.0,10.1,1.8,2.8,56,159,118,5,7,7.0,56.7,6,2,No
U05597,2025-09-02,51,Student,7.1,9.0,3.7,1.3,11.5,37,64,33,0,3,9.0,100.0,8,6,No
U06074,2025-09-02,42,Software Engineer,8.2,10.0,8.1,4.4,9.4,39,124,114,1,3,10.0,100.0,20,12,Yes
U03292,2025-09-02,22,Teacher,6.1,10.0,6.2,,10.6,99,142,72,2,3,10.0,100.0,5,3,No
U02656,2025-09-02,48,Teacher,7.5,9.0,4.8,0.7,12.0,17,100,49,1,3,9.0,100.0,5,3,Yes
U03248,2025-09-02,39,Designer,6.5,8.0,5.9,2.0,7.1,151,118,55,1,3,10.0,89.5,6,4,No
U06437,2025-09-02,40,Student,8.8,10.0,5.8,3.4,8.3,24,86,80,0,2,8.0,100.0,7,5,No
U02551,2025-09-02,34,Student,8.5,9.0,6.9,2.6,8.4,31,146,75,1,6,10.0,89.6,9,6,No
U06564,2025-09-02,46,Analyst,7.4,10.0,8.5,1.5,9.0,15,98,95,1,8,5.0,61.8,5,1,No
U04359,2025-09-03,36,Software Engineer,5.9,10.0,8.7,5.2,7.3,41,183,146,1,5,8.0,75.1,9,5,Yes
U01216,2025-09-03,56,Software Engineer,7.9,10.0,6.7,2.1,11.3,40,162,88,2,4,6.0,100.0,7,5,No
U06878,2025-09-03,51,Freelancer,7.6,10.0,6.1,3.1,12.0,11,153,90,1,4,9.0,90.3,10,6,No
U06021,2025-09-03,48,Freelancer,7.1,10.0,5.8,1.5,8.3,25,107,73,1,3,8.0,82.1,8,7,No
U00941,2025-09-03,25,Freelancer,8.4,9.0,10.2,3.9,5.8,40,213,139,0,8,7.0,74.1,11,5,No
U03498,2025-09-03,27,Analyst,6.9,10.0,4.5,0.2,9.8,20,19,51,0,3,8.0,73.9,6,5,No
U02477,2025-09-03,56,Analyst,9.1,10.0,6.8,2.3,10.6,19,102,90,4,5,10.0,100.0,8,5,No
U06749,2025-09-03,42,Teacher,7.7,8.0,4.0,2.2,11.1,30,87,64,0,5,8.0,94.5,5,3,Yes
U00522,2025-09-03,29,Freelancer,7.7,10.0,3.4,0.5,9.4,40,77,58,0,1,10.0,100.0,7,5,No
U01361,2025-09-03,20,Teacher,5.9,6.0,5.6,2.0,11.3,28,115,70,2,4,10.0,93.4,7,4,No
U03343,2025-09-03,33,Software Engineer,6.3,10.0,10.4,1.6,5.8,53,149,98,3,6,8.0,59.6,6,3,No
U04256,2025-09-03,52,Student,6.4,8.0,7.4,4.4,10.8,16,149,95,0,5,7.0,83.1,7,4,Yes
U06804,2025-09-03,43,Software Engineer,7.0,10.0,5.5,2.8,10.6,20,112,71,1,5,10.0,88.6,7,4,No
U03808,2025-09-03,37,Teacher,6.7,9.0,5.8,2.5,8.4,68,114,85,2,2,10.0,100.0,5,2,No
U05645,2025-09-03,34,Software Engineer,7.4,10.0,9.1,0.8,7.2,18,146,102,1,7,8.0,68.3,6,5,No
U00451,2025-09-03,19,Freelancer,7.9,9.0,4.8,0.4,8.2,18,51,39,1,3,9.0,89.6,7,4,No
U01124,2025-09-03,35,Teacher,7.6,10.0,5.7,3.3,10.3,53,144,79,2,6,8.0,90.0,6,4,No
U01672,2025-09-03,55,Teacher,7.7,10.0,5.2,1.6,11.0,12,74,73,2,2,7.0,100.0,8,6,No
U06096,2025-09-03,58,Freelancer,8.1,10.0,8.1,3.5,6.9,22,124,114,3,4,10.0,82.0,12,8,No
U04533,2025-09-03,47,Freelancer,6.0,9.0,9.6,1.1,5.5,10,153,102,0,8,6.0,46.4,5,4,No
U04167,2025-09-03,27,Student,6.6,10.0,1.7,0.5,9.1,3,51,25,0,2,8.0,93.1,2,2,Yes
U02956,2025-09-04,36,Software Engineer,7.3,9.0,6.9,4.7,6.4,28,121,93,1,4,9.0,82.0,13,7,Yes
U06837,2025-09-04,24,Designer,7.9,10.0,3.8,1.9,9.9,12,100,49,2,4,10.0,100.0,10,5,Yes
U06040,2025-09-04,30,Designer,7.5,10.0,6.5,2.1,8.1,31,131,85,3,4,10.0,88.4,6,5,No
U00054,2025-09-04,57,Software Engineer,7.4,8.0,8.7,5.0,8.5,16,155,106,1,5,6.0,80.3,10,6,No
U01128,2025-09-04,45,Analyst,8.4,9.0,5.0,3.5,9.3,28,75,69,1,3,10.0,100.0,6,4,No
U01188,2025-09-04,28,Software Engineer,7.8,10.0,3.7,1.7,11.1,33,66,81,0,2,10.0,100.0,5,3,No
U05325,2025-09-04,28,Designer,5.3,10.0,6.8,2.7,8.4,26,159,91,1,4,8.0,68.9,5,3,No
U00113,2025-09-04,44,Teacher,6.5,6.0,7.2,2.4,8.3,7,121,90,1,5,9.0,82.4,5,3,No
U00435,2025-09-04,54,Software Engineer,5.2,7.0,6.8,4.1,10.6,91,136,83,3,5,8.0,73.8,6,4,Yes
U04370,2025-09-04,49,Teacher,7.8,10.0,10.2,5.3,1.4,29,142,133,1,6,9.0,64.5,9,3,No
U03977,2025-09-04,33,Student,4.2,10.0,3.3,1.2,11.4,15,83,49,3,4,8.0,89.1,11,7,Yes
U01061,2025-09-04,18,Teacher,7.5,10.0,5.0,3.0,10.1,34,78,72,1,5,8.0,88.0,10,6,No
U00717,2025-09-04,54,Teacher,9.1,10.0,3.6,1.3,12.0,23,106,55,2,3,10.0,100.0,6,4,No
U02971,2025-09-04,47,Teacher,6.0,9.0,6.3,2.0,8.5,39,133,58,0,3,9.0,86.0,5,3,No
U03254,2025-09-04,38,Student,3.3,7.0,7.0,3.4,10.4,43,166,107,4,5,7.0,69.0,7,2,No
U06205,2025-09-04,30,Software Engineer,9.2,10.0,7.7,2.7,7.9,10,155,96,3,3,10.0,95.3,9,7,No
U03093,2025-09-04,45,Student,7.9,10.0,6.0,3.5,11.9,47,125,101,1,4,7.0,100.0,6,5,Yes
U00066,2025-09-04,31,Freelancer,7.9,10.0,10.1,4.6,6.6,7,167,128,2,8,9.0,66.0,11,6,No
U05673,2025-09-04,21,Designer,4.7,10.0,5.2,1.3,10.0,19,105,50,2,4,7.0,80.2,5,3,Yes
U01341,2025-09-04,32,Designer,7.9,10.0,5.7,2.5,10.9,37,148,60,2,7,9.0,91.4,10,7,No
U06694,2025-09-04,28,Teacher,7.3,10.0,3.2,1.1,11.2,47,29,50,2,3,10.0,100.0,7,5,Yes
U01982,2025-09-04,20,Analyst,8.0,10.0,6.9,3.1,5.1,5,122,92,0,5,6.0,65.5,8,4,Yes
U00111,2025-09-04,57,Student,6.1,8.0,6.4,3.8,8.7,37,120,105,0,6,7.0,80.6,7,5,Yes
U05311,2025-09-04,26,Software Engineer,7.4,9.0,4.0,1.8,8.2,108,128,69,2,2,10.0,100.0,9,5,No
U01289,2025-09-04,57,Teacher,6.7,10.0,7.4,0.2,7.7,37,161,74,3,6,9.0,88.0,7,5,No
U06180,2025-09-04,31,Designer,8.7,10.0,9.2,2.3,9.2,82,155,106,2,4,10.0,100.0,10,8,Yes
U01138,2025-09-04,27,Analyst,10.0,10.0,4.7,1.9,11.4,55,93,77,2,3,10.0,100.0,5,5,No
U00164,2025-09-04,58,Student,6.5,10.0,6.4,1.7,10.3,25,134,69,2,5,8.0,80.8,10,6,No
U02623,2025-09-04,43,Designer,7.0,10.0,6.3,3.7,7.8,8,155,82,2,7,7.0,75.1,4,1,No
U04461,2025-09-05,20,Student,6.2,9.0,3.9,1.6,9.2,38,93,58,3,1,9.0,94.2,4,3,No
U06855,2025-09-05,56,Student,8.6,10.0,8.7,1.7,5.9,31,173,87,3,4,8.0,84.8,9,5,No
U00375,2025-09-05,32,Student,8.3,10.0,8.6,2.8,5.3,44,118,106,1,7,9.0,75.2,8,5,No
U03286,2025-09-05,28,Teacher,4.7,8.0,8.0,2.6,9.8,43,178,95,2,7,8.0,73.3,5,1,No
U04186,2025-09-05,45,Designer,8.2,10.0,6.6,3.0,8.9,89,135,85,1,3,10.0,99.6,14,10,No
U02785,2025-09-05,60,Designer,5.0,8.0,6.3,1.4,8.5,89,108,69,1,4,9.0,94.8,7,5,Yes
U02657,2025-09-05,37,Student,7.4,9.0,6.5,2.9,5.8,78,120,86,0,1,9.0,99.9,8,7,No
U05319,2025-09-05,49,Software Engineer,8.5,10.0,3.1,2.3,12.0,33,88,47,3,2,10.0,100.0,5,5,No
U03363,2025-09-05,54,Student,6.0,8.0,3.6,0.3,11.2,33,88,31,1,3,8.0,100.0,4,2,No
U06562,2025-09-06,33,Analyst,5.9,7.0,5.0,3.2,10.4,58,121,73,3,5,9.0,90.8,5,3,No
U05381,2025-09-06,21,Student,7.7,10.0,8.9,1.7,2.3,13,198,98,1,7,10.0,55.2,6,4,No
U05813,2025-09-06,20,Software Engineer,8.0,7.0,7.9,5.1,3.9,14,159,101,4,4,8.0,73.0,5,4,No
U01616,2025-09-06,38,Freelancer,7.3,8.0,3.9,2.3,10.5,7,98,64,2,3,6.0,81.5,7,5,No
U02836,2025-09-06,30,Teacher,6.1,10.0,7.3,2.0,5.4,56,148,64,3,4,9.0,84.7,12,5,No
U06163,2025-09-06,33,Designer,6.4,10.0,9.9,4.0,2.7,99,131,112,1,2,9.0,79.1,7,4,No
U05625,2025-09-06,49,Teacher,5.9,10.0,6.2,3.7,8.8,22,134,86,3,6,8.0,90.3,6,5,No
U02939,2025-09-06,57,Teacher,6.0,10.0,1.3,1.9,9.8,3,72,28,1,2,8.0,94.2,7,7,No
U06373,2025-09-06,18,Designer,7.3,9.0,7.9,4.3,7.6,27,145,98,1,8,9.0,66.7,5,4,No
U01976,2025-09-06,52,Student,7.3,9.0,5.5,3.6,4.7,63,131,76,2,4,8.0,77.3,8,3,No
U06820,2025-09-06,41,Teacher,7.3,9.0,3.0,1.5,10.0,51,58,42,2,4,10.0,100.0,10,7,No
U05558,2025-09-06,37,Designer,7.9,10.0,7.5,4.2,6.3,52,129,112,2,3,10.0,85.9,11,6,No
U00345,2025-09-06,60,Analyst,9.5,10.0,5.3,2.6,7.7,67,131,62,2,2,10.0,100.0,6,6,No
U03067,2025-09-06,58,Designer,6.7,10.0,4.3,2.2,9.3,70,36,78,4,3,9.0,91.8,8,6,Yes
U02965,2025-09-06,42,Software Engineer,6.5,10.0,2.2,0.0,7.4,35,65,33,1,3,8.0,94.9,4,2,No
U03380,2025-09-06,31,Designer,7.5,9.0,11.3,1.0,8.6,35,199,110,1,7,8.0,83.0,9,3,No
U01484,2025-09-06,23,Teacher,8.9,10.0,2.8,0.7,11.5,50,91,58,1,2,10.0,100.0,7,6,No
U06854,2025-09-06,44,Student,5.6,6.0,5.6,2.2,9.2,26,151,74,4,5,7.0,79.1,5,4,No
U06877,2025-09-06,22,Designer,4.8,8.0,7.4,3.8,6.3,106,186,83,2,5,9.0,69.8,3,2,No
U05372,2025-09-06,45,Freelancer,5.0,9.0,5.8,2.3,11.7,61,95,70,1,4,10.0,87.8,6,5,No
U05235,2025-09-06,28,Designer,6.9,9.0,9.3,4.9,5.0,13,176,119,3,9,5.0,48.1,10,4,No
U06082,2025-09-06,45,Teacher,6.7,10.0,5.5,3.4,7.8,4,92,80,3,4,7.0,85.4,4,2,No
U03577,2025-09-07,31,Analyst,5.6,9.0,4.6,2.1,8.2,40,93,64,2,4,8.0,89.7,6,3,No
U05293,2025-09-07,53,Software Engineer,5.9,7.0,6.8,2.0,5.7,38,159,95,2,5,10.0,79.8,5,3,No
U02308,2025-09-07,33,Teacher,6.9,10.0,5.7,1.0,11.0,5,142,66,3,4,8.0,89.4,2,1,No
U03906,2025-09-07,27,Analyst,8.4,10.0,8.7,4.7,8.6,29,144,121,1,8,7.0,80.1,7,4,Yes
U03560,2025-09-07,57,Designer,7.8,10.0,8.7,3.4,9.1,84,157,114,4,6,9.0,85.3,13,7,No
U06586,2025-09-07,19,Student,8.9,10.0,8.0,2.8,9.1,47,140,107,1,6,10.0,97.5,3,3,No
U06657,2025-09-07,25,Freelancer,4.7,10.0,5.6,3.0,7.6,12,109,79,4,7,8.0,60.6,6,0,No
U03844,2025-09-07,36,Teacher,8.8,10.0,8.7,2.8,3.4,52,146,104,1,6,10.0,71.8,8,4,No
U01351,2025-09-07,52,Designer,6.2,7.0,2.9,1.2,12.0,88,95,40,0,3,10.0,99.6,7,5,Yes
U03677,2025-09-07,58,Teacher,7.0,10.0,8.2,2.7,5.9,79,149,101,1,4,10.0,86.6,6,3,Yes
U03002,2025-09-07,18,Analyst,5.8,9.0,8.9,4.7,5.7,32,173,127,1,7,8.0,70.6,8,4,No
U06187,2025-09-07,31,Student,6.2,9.0,4.5,1.2,9.0,31,94,26,2,6,5.0,84.2,7,4,Yes
U03536,2025-09-07,53,Designer,6.4,7.0,8.0,3.8,9.5,24,161,115,2,7,8.0,77.0,5,3,Yes
U03980,2025-09-07,30,Student,6.4,8.0,6.8,2.6,11.0,33,123,109,2,3,10.0,100.0,3,2,No
U05304,2025-09-07,51,Software Engineer,7.7,10.0,6.2,3.8,6.8,35,175,94,0,5,9.0,69.0,7,5,No
U02364,2025-09-07,46,Analyst,8.7,9.0,6.4,3.2,6.6,38,135,99,1,4,9.0,82.4,3,2,No
U01250,2025-09-07,29,Student,3.7,7.0,6.2,1.9,9.6,48,133,63,1,5,7.0,83.4,4,4,Yes
U03696,2025-09-07,27,Designer,6.8,10.0,2.9,0.8,10.8,37,75,29,2,4,10.0,100.0,12,8,No
U02020,2025-09-07,44,Student,8.9,10.0,6.1,2.9,6.4,32,145,89,1,6,10.0,80.2,10,4,No
U02498,2025-09-07,35,Analyst,9.7,10.0,7.7,4.8,7.1,11,147,134,0,7,7.0,82.4,5,4,No
U02484,2025-09-07,25,Designer,5.8,7.0,10.5,1.3,5.9,15,140,104,3,7,7.0,58.9,10,3,No
U04762,2025-09-07,49,Teacher,6.3,9.0,9.2,4.9,5.5,20,152,111,0,7,6.0,58.5,4,0,Yes
U03209,2025-09-07,18,Freelancer,7.7,10.0,4.6,0.9,10.8,81,90,43,1,4,8.0,100.0,4,3,Yes
U04230,2025-09-07,36,Student,8.4,9.0,8.2,2.2,7.5,25,142,106,2,5,9.0,90.2,8,6,No
U03804,2025-09-07,21,Teacher,8.1,10.0,3.9,1.7,9.7,20,112,49,1,1,7.0,100.0,11,7,No
U02642,2025-09-07,27,Freelancer,4.2,8.0,8.5,1.8,5.2,24,131,79,2,7,7.0,56.5,9,5,Yes
U01235,2025-09-07,34,Student,6.5,5.0,8.8,3.4,4.5,21,186,88,2,7,7.0,57.5,10,6,No
U06421,2025-09-08,33,Designer,6.7,9.0,6.4,1.8,6.1,17,118,90,2,4,9.0,87.0,6,4,No
U06132,2025-09-08,34,Teacher,6.3,8.0,4.9,2.6,10.7,67,95,87,3,3,10.0,100.0,6,3,No
U01095,2025-09-08,46,Analyst,8.7,10.0,3.9,1.3,12.0,40,112,45,4,4,10.0,100.0,4,3,Yes
U04019,2025-09-08,36,Student,7.7,10.0,9.8,6.7,7.6,18,163,150,2,7,7.0,74.1,5,4,No
U03744,2025-09-08,49,Student,5.3,7.0,6.4,2.2,11.4,67,116,71,5,4,6.0,80.9,6,3,No
U06666,2025-09-08,51,Software Engineer,6.9,9.0,8.7,5.8,5.4,17,198,153,1,7,7.0,66.5,7,3,No
U06582,2025-09-08,20,Teacher,7.2,10.0,5.3,1.8,8.4,28,107,42,6,4,6.0,93.1,7,5,Yes
U01649,2025-09-08,32,Software Engineer,6.9,10.0,7.7,2.8,6.8,52,105,105,0,6,10.0,68.8,6,4,Yes
U00224,2025-09-08,49,Software Engineer,7.5,8.0,7.1,4.2,5.5,15,158,93,2,6,9.0,67.1,6,2,Yes
U00216,2025-09-08,20,Designer,7.2,9.0,7.2,1.7,9.3,103,161,96,2,4,10.0,95.7,5,2,No
U05733,2025-09-08,54,Designer,7.0,10.0,9.3,2.6,5.6,17,164,119,4,6,8.0,51.6,7,5,No
U02413,2025-09-08,28,Teacher,5.7,8.0,8.8,3.6,7.7,41,119,115,2,6,7.0,62.0,5,4,No
U02087,2025-09-08,34,Teacher,6.3,10.0,5.4,2.8,9.0,29,107,68,3,3,6.0,91.9,8,3,Yes
U00807,2025-09-08,31,Freelancer,7.8,10.0,7.3,2.9,5.0,77,178,95,2,4,10.0,80.1,5,3,No
U01946,2025-09-08,55,Freelancer,5.8,10.0,5.8,2.1,9.8,20,82,60,1,5,8.0,74.3,4,1,No
U00275,2025-09-08,33,Teacher,6.8,10.0,6.1,0.5,9.6,72,92,86,2,1,9.0,100.0,4,1,No
U03958,2025-09-09,36,Designer,8.2,10.0,8.0,2.4,7.4,68,161,92,2,5,10.0,94.9,5,2,Yes
U01072,2025-09-09,26,Student,7.5,10.0,7.5,4.0,4.5,97,112,95,2,4,9.0,80.4,8,7,Yes
U02113,2025-09-09,36,Freelancer,6.1,7.0,9.1,5.3,9.2,21,184,111,1,5,7.0,66.6,6,3,Yes
U00580,2025-09-09,36,Student,4.8,6.0,7.4,1.3,9.6,11,80,81,2,5,6.0,58.9,7,3,Yes
U01762,2025-09-09,58,Software Engineer,7.0,10.0,9.5,1.2,5.4,74,178,105,1,5,8.0,80.7,7,2,No
U04096,2025-09-09,23,Student,10.0,10.0,3.3,0.8,7.4,26,55,43,2,2,10.0,100.0,7,6,Yes
U04960,2025-09-09,22,Teacher,6.5,8.0,9.4,4.8,7.2,20,178,114,0,8,6.0,61.5,10,3,No
U02381,2025-09-09,45,Analyst,7.2,10.0,6.5,3.7,5.9,5,139,91,3,4,9.0,83.3,6,2,No
U04686,2025-09-09,28,Designer,6.1,7.0,3.8,1.9,9.3,63,65,48,1,4,10.0,87.4,6,4,No
U02620,2025-09-09,28,Analyst,4.8,8.0,3.2,1.5,9.2,36,48,53,8,3,10.0,96.4,8,5,No
U01960,2025-09-09,38,Freelancer,5.6,8.0,7.4,5.3,6.4,59,197,81,1,5,9.0,76.8,11,6,No
U06881,2025-09-09,56,Freelancer,6.2,6.0,9.8,3.0,3.3,52,183,107,4,6,10.0,63.2,8,3,No
U00536,2025-09-09,42,Student,7.5,10.0,5.7,2.9,6.6,49,115,91,3,4,8.0,82.5,8,6,Yes
U05174,2025-09-09,60,Software Engineer,6.5,7.0,8.6,2.6,11.2,45,155,104,1,6,8.0,76.2,6,4,Yes
U02452,2025-09-09,48,Student,6.5,9.0,5.9,2.9,7.0,6,117,73,1,5,7.0,69.4,7,4,No
U04276,2025-09-09,40,Freelancer,7.4,10.0,5.9,0.9,9.8,14,87,93,1,3,7.0,87.1,10,7,No
U01895,2025-09-09,25,Analyst,7.7,10.0,7.7,1.9,7.7,120,104,105,1,1,10.0,100.0,8,8,No
U04659,2025-09-09,37,Designer,7.7,10.0,6.8,1.2,8.3,69,121,83,1,3,10.0,100.0,2,2,No
U05896,2025-09-10,45,Freelancer,7.5,10.0,9.4,5.1,8.0,6,203,128,3,5,7.0,71.3,5,4,No
U02598,2025-09-10,41,Student,8.6,10.0,8.9,2.6,5.5,93,160,99,0,4,10.0,88.9,5,3,No
U00295,2025-09-10,25,Analyst,6.9,9.0,7.3,2.7,10.1,12,118,95,4,6,9.0,88.6,7,4,No
U01991,2025-09-10,42,Freelancer,7.5,10.0,4.4,1.9,12.0,19,92,70,1,4,9.0,100.0,10,7,No
U06388,2025-09-10,49,Student,7.4,9.0,6.8,2.0,8.6,14,97,77,1,5,7.0,73.1,9,3,Yes
U02791,2025-09-10,25,Software Engineer,7.6,10.0,5.9,1.8,5.2,36,139,64,2,4,7.0,81.1,6,3,No
U03040,2025-09-10,35,Designer,6.4,10.0,7.3,2.1,10.6,59,120,102,0,8,9.0,79.0,15,7,No
U06989,2025-09-10,34,Student,8.5,10.0,7.5,3.3,6.0,47,164,78,2,6,10.0,84.8,6,3,No
U00566,2025-09-10,46,Student,5.4,10.0,6.5,1.8,11.6,22,59,96,2,7,8.0,80.3,6,3,No
U01275,2025-09-10,50,Teacher,7.5,9.0,6.2,2.5,7.5,49,146,86,2,6,10.0,79.7,7,4,No
U06622,2025-09-10,30,Software Engineer,8.7,10.0,11.5,7.3,5.4,77,224,179,1,6,10.0,70.1,10,5,No
U01447,2025-09-10,41,Software Engineer,5.7,9.0,5.9,1.5,8.9,18,67,73,0,5,9.0,78.9,6,6,No
U00125,2025-09-10,44,Designer,6.1,9.0,9.3,1.8,6.0,8,159,108,3,8,10.0,50.5,3,1,Yes
U01990,2025-09-10,43,Teacher,7.2,10.0,5.3,2.6,7.2,37,97,67,0,5,9.0,81.5,5,2,No
U02760,2025-09-11,21,Analyst,6.1,9.0,5.5,3.2,11.8,23,122,88,2,5,8.0,83.4,6,3,No
U04035,2025-09-11,46,Freelancer,4.7,7.0,7.1,3.8,12.0,12,160,103,3,8,5.0,54.7,8,4,Yes
U05893,2025-09-11,35,Student,6.5,10.0,7.5,5.3,5.5,45,160,110,1,5,6.0,61.0,8,6,No
U03729,2025-09-11,23,Student,8.5,10.0,4.8,3.2,8.6,54,136,81,1,2,10.0,100.0,15,11,No
U06697,2025-09-11,19,Freelancer,7.1,10.0,7.2,3.8,7.8,45,109,108,2,3,10.0,99.8,9,6,Yes
U01127,2025-09-11,19,Freelancer,5.7,5.0,6.3,2.3,7.4,21,136,73,1,5,9.0,77.4,12,7,Yes
U05242,2025-09-11,60,Freelancer,6.3,9.0,7.2,2.9,8.5,18,137,82,1,6,8.0,64.3,10,6,No
U02434,2025-09-11,19,Software Engineer,9.0,9.0,4.1,1.3,9.3,75,80,44,1,3,10.0,93.4,9,6,No
U06871,2025-09-11,45,Software Engineer,7.1,9.0,8.4,3.7,6.1,25,154,123,1,5,7.0,70.6,8,3,Yes
U03634,2025-09-11,58,Teacher,6.6,8.0,4.8,1.4,9.3,59,83,67,3,3,10.0,92.9,5,3,Yes
U05462,2025-09-11,53,Software Engineer,6.1,10.0,7.6,4.4,9.4,32,153,114,2,7,6.0,71.1,6,4,No
U01849,2025-09-11,25,Teacher,6.9,10.0,7.7,5.1,8.8,13,165,134,1,4,9.0,77.6,10,6,Yes
U06289,2025-09-11,59,Analyst,7.2,10.0,5.7,1.8,9.6,77,182,76,1,4,10.0,100.0,9,7,No
U00962,2025-09-11,57,Teacher,8.4,9.0,9.6,1.4,7.8,20,145,123,2,5,10.0,89.7,13,8,No
U02887,2025-09-11,47,Student,9.5,10.0,6.5,0.8,8.0,14,100,84,2,5,9.0,82.4,6,2,No
U00786,2025-09-12,51,Student,7.2,10.0,6.6,1.7,8.3,17,116,79,1,4,8.0,86.0,8,5,No
U06980,2025-09-12,40,Software Engineer,8.6,9.0,8.1,1.1,6.9,46,123,91,0,4,8.0,89.6,4,4,Yes
U05039,2025-09-12,29,Software Engineer,6.7,10.0,8.9,4.5,9.9,80,187,109,2,6,9.0,76.8,8,6,No
U00458,2025-09-12,52,Student,6.3,9.0,4.1,1.2,8.9,98,104,51,1,2,8.0,99.7,9,7,No
U04764,2025-09-12,30,Teacher,4.6,8.0,7.9,2.4,9.4,19,159,93,1,7,8.0,74.6,6,1,No
U02913,2025-09-12,31,Freelancer,7.3,9.0,5.7,3.0,7.1,29,111,86,4,4,8.0,77.7,4,4,No
U05287,2025-09-12,54,Teacher,7.5,6.0,8.4,5.3,8.3,9,184,119,2,7,7.0,76.4,5,3,No
U06168,2025-09-12,28,Analyst,4.7,7.0,7.3,3.4,4.6,25,97,100,2,8,7.0,65.9,10,4,Yes
U01294,2025-09-12,57,Teacher,8.7,10.0,3.7,2.4,9.6,27,109,72,3,4,9.0,100.0,11,8,Yes
U04494,2025-09-12,23,Software Engineer,6.6,8.0,5.0,2.9,10.0,100,94,67,1,3,10.0,100.0,5,5,Yes
U00121,2025-09-12,22,Analyst,7.2,,3.0,0.0,11.5,19,17,40,2,4,10.0,100.0,5,2,No
U00748,2025-09-12,22,Student,6.3,10.0,6.8,2.3,10.5,101,90,90,1,3,10.0,97.3,3,2,Yes
U06076,2025-09-12,37,Software Engineer,6.5,9.0,4.6,0.8,9.6,70,87,62,2,2,10.0,100.0,10,7,No
U05152,2025-09-12,40,Teacher,8.3,8.0,4.7,1.2,10.6,70,77,61,2,2,10.0,100.0,9,7,No
U03143,2025-09-12,57,Student,4.0,8.0,4.4,1.5,9.7,69,106,58,0,7,7.0,83.5,4,3,No
U03087,2025-09-12,25,Student,7.7,10.0,3.7,2.4,10.7,21,86,62,3,3,8.0,90.3,7,6,Yes
U04153,2025-09-12,40,Software Engineer,9.4,10.0,10.6,1.8,7.5,32,152,128,1,5,10.0,72.1,7,2,No
U02052,2025-09-12,30,Student,8.9,10.0,11.3,4.5,7.7,33,206,156,2,7,10.0,79.6,5,2,Yes
U06333,2025-09-12,39,Teacher,6.0,10.0,7.8,1.7,5.7,53,143,95,3,7,8.0,60.0,5,4,No
U01654,2025-09-12,34,Designer,7.1,7.0,1.9,0.0,11.4,14,5,20,1,4,7.0,100.0,7,6,Yes
U04931,2025-09-13,35,Software Engineer,8.1,10.0,8.0,3.3,5.6,13,127,117,2,6,8.0,60.4,6,2,Yes
U01302,2025-09-13,55,Analyst,8.4,10.0,7.7,1.2,8.8,6,100,79,1,4,10.0,100.0,6,4,No
U03003,2025-09-13,25,Freelancer,5.9,9.0,5.9,0.8,8.7,28,93,69,1,4,10.0,85.0,4,1,No
U02274,2025-09-13,49,Student,6.7,9.0,9.1,3.4,9.6,85,173,99,2,8,9.0,77.1,6,6,No
U05969,2025-09-13,23,Freelancer,5.7,7.0,5.7,2.5,8.0,95,92,74,1,4,10.0,88.3,3,1,No
U02747,2025-09-13,56,Designer,7.0,10.0,9.2,2.9,9.0,57,158,131,1,5,7.0,79.5,5,2,Yes
U03506,2025-09-13,41,Teacher,6.6,10.0,10.0,2.7,5.4,33,118,106,2,6,10.0,65.6,7,4,No
U02031,2025-09-13,30,Freelancer,7.9,10.0,2.8,0.5,7.8,21,48,20,1,2,10.0,100.0,8,7,No
U05211,2025-09-13,51,Freelancer,6.1,6.0,4.0,3.4,6.1,32,124,75,3,4,8.0,80.1,6,5,No
U04554,2025-09-13,46,Designer,7.0,9.0,8.1,2.5,7.0,34,137,102,0,5,8.0,95.2,5,3,No
U04780,2025-09-13,55,Freelancer,6.7,10.0,5.3,0.6,11.2,71,83,45,4,3,8.0,93.6,4,1,No
U06833,2025-09-13,30,Freelancer,7.4,10.0,4.6,1.6,9.1,48,64,60,0,3,10.0,100.0,3,3,No
U00495,2025-09-13,54,Software Engineer,7.0,9.0,6.9,1.9,9.4,42,135,91,1,4,8.0,84.5,6,3,No
U04522,2025-09-13,20,Designer,5.5,10.0,4.7,1.0,12.0,42,69,59,4,3,8.0,100.0,10,7,No
U04339,2025-09-13,42,Teacher,7.1,10.0,9.2,2.8,7.1,9,126,125,1,7,8.0,58.3,6,4,No
U02659,2025-09-13,42,Designer,8.4,10.0,6.0,2.9,10.2,34,101,74,0,4,10.0,100.0,5,5,No
U06381,2025-09-13,32,Software Engineer,7.0,10.0,6.5,0.9,6.5,29,104,73,2,5,10.0,63.0,9,4,No
U04333,2025-09-13,20,Freelancer,7.1,8.0,4.4,1.9,9.1,24,85,50,1,5,10.0,96.7,9,8,No
U00168,2025-09-13,25,Student,8.5,10.0,3.5,0.4,8.1,27,87,41,0,2,9.0,100.0,12,10,No
U03656,2025-09-13,34,Student,4.0,9.0,1.0,0.3,8.7,72,72,27,2,5,10.0,100.0,10,4,No
U02343,2025-09-14,18,Freelancer,7.6,10.0,4.1,1.2,8.5,118,56,73,3,3,10.0,100.0,12,9,Yes
U06463,2025-09-14,33,Teacher,6.2,9.0,7.3,0.5,11.0,19,101,77,1,5,8.0,81.1,7,3,Yes
U02968,2025-09-14,52,Freelancer,7.0,10.0,10.0,3.0,8.4,29,178,109,0,8,7.0,63.1,6,4,No
U01325,2025-09-14,29,Analyst,7.2,9.0,6.3,3.8,7.5,96,124,99,3,5,10.0,95.0,9,5,Yes
U02215,2025-09-14,39,Student,7.3,8.0,6.2,2.8,6.2,34,126,83,1,5,10.0,82.5,9,4,No
U06066,2025-09-14,56,Student,6.7,9.0,8.6,4.9,9.1,97,163,112,3,6,10.0,95.7,6,3,Yes
U02955,2025-09-14,26,Designer,6.2,9.0,3.4,1.8,8.5,30,93,16,4,4,10.0,98.5,6,3,No
U03483,2025-09-14,53,Teacher,5.5,9.0,7.5,1.5,6.7,47,105,78,2,5,9.0,63.9,2,1,Yes
U00336,2025-09-14,19,Student,7.0,10.0,11.4,7.7,6.3,36,202,155,1,8,8.0,56.5,5,3,No
U04560,2025-09-14,42,Software Engineer,6.8,7.0,6.8,4.2,9.1,18,133,94,3,5,6.0,78.1,4,1,No
U04942,2025-09-14,33,Student,7.2,,8.1,2.1,6.2,48,162,108,6,5,8.0,75.7,4,4,No
U02696,2025-09-14,37,Student,7.5,9.0,7.8,4.6,6.8,41,174,135,4,6,7.0,73.1,5,4,No
U00720,2025-09-14,19,Software Engineer,6.7,10.0,7.8,0.6,8.6,71,87,68,0,2,10.0,100.0,7,5,Yes
U02842,2025-09-14,44,Analyst,4.4,7.0,7.9,4.1,6.6,31,157,130,0,5,4.0,62.1,4,1,No
U03774,2025-09-14,44,Teacher,6.3,9.0,5.7,3.8,12.0,27,100,102,2,5,7.0,95.1,3,3,No
U06497,2025-09-14,21,Student,7.7,10.0,9.5,4.3,7.8,9,144,89,2,8,7.0,66.2,12,4,No
U02257,2025-09-14,33,Software Engineer,5.0,8.0,9.1,3.3,6.3,40,189,126,4,5,8.0,59.6,8,5,Yes
U03661,2025-09-14,42,Designer,7.1,10.0,5.1,0.3,9.1,44,62,44,4,3,10.0,88.4,2,1,No
U05336,2025-09-14,24,Freelancer,7.9,9.0,8.0,2.0,7.5,37,102,103,2,6,10.0,75.0,7,6,No
U02471,2025-09-14,38,Teacher,7.7,10.0,5.4,3.4,9.8,18,114,81,3,5,7.0,83.5,8,6,No
U03431,2025-09-14,49,Designer,7.1,8.0,5.0,3.3,7.5,31,135,100,1,4,9.0,89.6,12,9,Yes
U00128,2025-09-15,32,Freelancer,7.2,10.0,5.3,0.5,11.9,12,115,70,2,5,10.0,89.8,8,4,No
U04254,2025-09-15,26,Designer,8.4,10.0,9.5,3.0,7.8,3,172,111,2,8,10.0,80.9,6,4,No
U04646,2025-09-15,40,Analyst,7.8,8.0,7.5,4.3,8.2,19,133,92,3,5,10.0,77.7,7,6,Yes
U04593,2025-09-15,39,Designer,7.2,8.0,9.2,3.1,8.6,6,170,127,1,8,8.0,63.1,7,3,No
U00117,2025-09-15,54,Teacher,8.6,10.0,6.6,1.7,10.8,4,100,88,0,6,10.0,97.0,8,5,No
U03224,2025-09-15,32,Teacher,6.3,10.0,3.3,1.8,7.7,43,78,47,1,4,8.0,91.6,5,2,No
U01444,2025-09-15,52,Designer,5.4,7.0,5.1,3.1,8.7,53,125,59,3,4,9.0,79.7,4,2,No
U05667,2025-09-15,44,Student,7.9,10.0,8.5,,9.3,70,144,100,2,4,8.0,96.3,12,6,Yes
U05666,2025-09-15,55,Designer,7.9,10.0,2.3,1.3,9.7,10,23,29,1,3,8.0,88.5,10,6,Yes
U04468,2025-09-15,45,Analyst,8.8,10.0,6.4,3.9,8.0,20,173,87,2,4,10.0,90.3,11,8,Yes
U00474,2025-09-15,19,Software Engineer,5.6,10.0,7.4,2.4,10.5,61,144,98,2,7,10.0,75.2,6,3,Yes
U01279,2025-09-15,52,Software Engineer,6.9,10.0,7.8,4.1,8.0,35,162,127,2,5,10.0,75.9,11,9,No
U05122,2025-09-15,21,Designer,8.0,10.0,8.8,1.9,8.3,30,166,119,1,8,7.0,69.3,8,4,Yes
U02636,2025-09-15,43,Analyst,6.5,7.0,8.8,3.1,4.9,43,164,111,1,5,6.0,61.3,4,1,No
U04095,2025-09-15,49,Software Engineer,5.1,10.0,6.6,0.5,7.2,28,74,72,3,7,6.0,68.3,4,2,Yes
U00671,2025-09-15,50,Freelancer,6.7,10.0,9.1,5.3,10.0,10,175,117,0,5,7.0,75.0,13,8,No
U02238,2025-09-15,38,Software Engineer,7.9,9.0,7.4,4.1,7.1,59,138,89,2,5,10.0,99.0,8,3,No
U02668,2025-09-16,24,Software Engineer,7.2,8.0,5.3,2.7,11.4,18,101,83,2,3,9.0,88.9,7,4,Yes
U02063,2025-09-16,59,Freelancer,9.6,10.0,9.0,5.0,9.6,11,182,113,0,3,10.0,100.0,6,5,No
U05779,2025-09-16,22,Student,6.4,10.0,9.7,6.2,6.6,21,168,134,1,6,8.0,77.7,10,6,No
U04758,2025-09-16,33,Student,4.2,6.0,5.0,3.1,10.4,29,99,82,0,6,7.0,77.2,9,5,No
U03660,2025-09-16,43,Software Engineer,8.7,8.0,5.3,1.2,6.8,46,127,75,2,5,10.0,100.0,7,4,No
U05037,2025-09-16,48,Teacher,6.0,9.0,5.7,0.9,11.4,22,120,72,1,6,7.0,83.7,7,4,No
U05146,2025-09-16,35,Teacher,8.6,10.0,10.4,3.9,7.6,23,186,135,3,5,7.0,73.4,6,2,Yes
U01975,2025-09-16,28,Freelancer,8.9,10.0,4.8,2.0,9.1,37,102,69,3,3,10.0,93.5,4,4,No
U03251,2025-09-16,59,Teacher,7.4,10.0,4.0,0.1,6.0,57,84,53,0,2,10.0,89.1,7,4,No
U03879,2025-09-16,37,Software Engineer,7.7,9.0,8.3,4.0,8.5,3,145,119,0,7,7.0,78.5,7,3,No
U03883,2025-09-16,45,Software Engineer,7.1,10.0,8.7,4.3,5.3,121,147,121,1,4,8.0,80.6,3,1,Yes
U05844,2025-09-16,42,Teacher,6.8,7.0,7.7,3.8,9.0,6,135,116,1,6,7.0,60.8,13,9,No
U03218,2025-09-16,43,Freelancer,8.2,10.0,5.1,2.6,11.4,65,139,82,3,4,9.0,100.0,10,6,No
U02312,2025-09-16,21,Student,7.1,10.0,6.3,2.1,8.0,31,110,92,1,4,10.0,83.3,8,4,No
U04766,2025-09-16,54,Freelancer,5.7,8.0,8.8,5.4,8.4,26,147,101,0,6,5.0,60.0,5,3,No
U05996,2025-09-16,26,Analyst,8.6,10.0,9.3,3.1,6.4,32,129,102,0,4,10.0,95.5,9,6,No
U04458,2025-09-16,35,Freelancer,6.4,6.0,8.0,4.1,6.8,19,152,93,1,6,6.0,66.3,4,4,No
U00443,2025-09-16,36,Student,9.4,10.0,2.6,0.5,8.4,78,78,44,0,1,10.0,100.0,5,3,No
U05982,2025-09-16,18,Designer,7.7,10.0,6.5,3.5,10.6,96,156,67,0,4,10.0,100.0,6,5,Yes
U03532,2025-09-16,30,Student,5.2,10.0,4.5,1.1,11.4,77,73,47,1,4,10.0,100.0,5,5,No
U01794,2025-09-16,29,Software Engineer,6.4,6.0,8.1,4.2,7.3,42,158,111,1,8,7.0,67.5,7,0,No
U05989,2025-09-16,51,Analyst,6.9,9.0,6.2,1.9,6.8,42,122,49,0,5,8.0,77.4,16,7,No
U00684,2025-09-16,20,Designer,7.2,10.0,6.6,2.7,9.8,17,148,87,3,6,8.0,82.0,8,4,No
U05945,2025-09-16,24,Teacher,5.4,8.0,8.5,4.0,7.1,92,171,105,1,4,9.0,80.6,6,2,Yes
U03978,2025-09-16,23,Student,6.3,7.0,5.7,2.6,8.3,20,104,87,2,3,7.0,89.5,7,3,No
U03303,2025-09-16,53,Teacher,6.7,10.0,6.7,2.5,9.6,25,129,73,1,6,10.0,100.0,10,6,No
U03817,2025-09-16,39,Student,7.2,9.0,5.7,1.7,12.0,26,108,63,3,4,8.0,89.7,5,2,No
U06506,2025-09-16,46,Analyst,8.3,10.0,6.9,2.2,6.7,20,125,73,2,5,9.0,85.4,8,4,Yes
U00541,2025-09-16,56,Software Engineer,6.0,10.0,8.6,3.1,9.7,21,162,114,2,8,9.0,73.7,4,3,Yes
U05707,2025-09-16,28,Designer,6.2,8.0,6.7,2.2,9.6,39,131,81,2,6,8.0,78.6,10,4,Yes
U02575,2025-09-16,27,Analyst,6.8,8.0,9.7,2.3,5.7,35,176,118,2,6,7.0,57.1,9,6,Yes
U03279,2025-09-17,22,Designer,6.1,9.0,5.2,1.6,7.9,102,115,73,1,2,10.0,94.2,8,4,No
U02938,2025-09-17,42,Analyst,6.0,10.0,2.2,1.4,10.9,33,48,42,1,3,6.0,100.0,9,4,No
U03384,2025-09-17,55,Student,7.0,8.0,9.3,4.2,10.1,11,202,108,1,8,7.0,73.0,6,3,Yes
U06745,2025-09-17,59,Teacher,6.2,8.0,7.2,2.2,7.4,48,127,66,1,2,8.0,78.9,7,3,Yes
U00961,2025-09-17,56,Designer,9.6,10.0,3.9,1.9,7.2,56,90,33,0,1,10.0,100.0,9,8,No
U03811,2025-09-17,28,Freelancer,4.8,5.0,4.1,1.8,10.2,30,77,44,2,4,5.0,83.6,5,5,No
U06773,2025-09-17,40,Designer,6.8,9.0,8.0,6.4,7.1,59,184,97,4,6,9.0,88.9,9,5,No
U03437,2025-09-17,49,Student,7.2,10.0,2.4,1.7,6.5,13,62,20,0,5,8.0,80.1,4,1,No
U02882,2025-09-17,40,Analyst,7.9,6.0,5.9,2.6,9.2,65,96,85,1,4,10.0,96.2,7,3,No
U02588,2025-09-17,21,Student,6.3,10.0,5.4,0.0,6.6,13,67,62,1,4,8.0,83.5,11,7,No
U02865,2025-09-17,51,Analyst,5.8,10.0,7.1,3.4,6.3,31,155,70,5,7,10.0,77.4,9,2,No
U00602,2025-09-17,23,Designer,5.1,8.0,7.9,4.8,7.5,9,149,106,1,7,6.0,62.8,8,2,Yes
U06052,2025-09-17,54,Designer,6.1,10.0,4.6,1.2,12.0,18,98,46,3,3,9.0,96.8,4,2,Yes
U06107,2025-09-17,36,Software Engineer,5.4,7.0,6.7,1.9,7.1,11,146,72,2,7,5.0,71.4,10,5,No
U02135,2025-09-17,22,Software Engineer,7.1,8.0,4.3,1.3,8.1,40,73,41,4,3,9.0,98.5,7,5,No
U04302,2025-09-17,36,Software Engineer,4.3,7.0,4.6,0.5,10.9,33,54,73,2,2,10.0,100.0,6,3,No
U04998,2025-09-17,21,Student,5.3,7.0,4.5,1.6,7.2,44,110,48,1,3,9.0,92.1,11,5,No
U04421,2025-09-17,45,Analyst,7.0,9.0,6.9,4.4,8.9,79,166,92,2,4,8.0,97.7,11,6,Yes
U06912,2025-09-17,51,Designer,8.0,8.0,7.2,1.5,7.5,52,99,80,2,3,8.0,93.9,8,4,No
U04063,2025-09-17,42,Teacher,8.4,10.0,8.5,3.9,8.2,43,162,112,0,3,9.0,98.8,7,3,No
U04620,2025-09-17,30,Analyst,8.0,10.0,6.5,3.3,9.2,43,136,91,0,3,10.0,95.9,5,3,Yes
U01204,2025-09-17,34,Freelancer,6.4,8.0,7.3,3.6,9.0,24,143,77,3,6,9.0,97.3,7,3,Yes
U04655,2025-09-17,25,Analyst,7.8,10.0,9.1,3.4,9.1,27,164,124,1,4,8.0,89.3,8,4,Yes
U04354,2025-09-18,58,Teacher,6.5,10.0,4.0,2.9,10.0,58,95,63,2,3,8.0,96.6,5,4,Yes
U04216,2025-09-18,31,Software Engineer,7.2,10.0,8.9,1.5,8.9,44,171,85,2,6,10.0,76.9,9,8,No
U03069,2025-09-18,41,Teacher,7.3,10.0,5.4,1.7,9.3,41,114,81,3,3,9.0,100.0,7,3,No
U00055,2025-09-18,21,Freelancer,7.4,10.0,5.1,3.3,10.7,63,93,71,1,3,8.0,100.0,5,3,No
U00060,2025-09-18,46,Analyst,6.7,8.0,2.4,0.8,7.8,44,113,22,2,1,9.0,100.0,4,4,No
U06309,2025-09-18,24,Student,7.1,9.0,3.3,2.3,11.0,20,118,24,1,3,9.0,96.3,5,4,No
U06969,2025-09-18,47,Designer,5.9,9.0,9.0,0.3,7.4,14,150,84,1,6,5.0,69.6,8,5,No
U04903,2025-09-18,57,Designer,6.5,8.0,2.1,0.7,10.9,34,56,6,2,2,6.0,99.7,2,2,No
U01379,2025-09-18,52,Designer,7.4,10.0,8.0,2.8,6.1,34,114,107,2,6,7.0,65.0,9,5,No
U05391,2025-09-18,59,Teacher,6.5,10.0,10.6,4.1,8.4,34,198,144,4,7,5.0,61.4,12,6,No
U04501,2025-09-18,42,Analyst,6.2,8.0,9.0,2.6,5.0,15,172,111,5,7,5.0,49.4,13,5,Yes
U06208,2025-09-19,32,Analyst,6.8,10.0,4.6,2.7,10.6,30,102,62,3,4,8.0,93.6,9,4,No
U02157,2025-09-19,53,Freelancer,8.0,9.0,8.9,4.2,6.3,64,151,97,1,6,8.0,82.7,6,3,Yes
U06736,2025-09-19,41,Student,6.5,10.0,7.4,2.1,6.8,57,118,129,4,5,10.0,94.6,8,4,No
U03559,2025-09-19,45,Teacher,6.5,9.0,4.4,1.9,9.1,42,88,67,1,4,8.0,88.4,4,4,No
U00570,2025-09-19,25,Analyst,6.3,6.0,8.6,4.4,7.9,53,158,105,3,7,5.0,70.8,8,4,Yes
U00487,2025-09-19,21,Analyst,9.1,10.0,4.7,1.5,6.4,84,94,46,0,1,10.0,100.0,10,10,Yes
U00071,2025-09-19,40,Software Engineer,6.5,8.0,8.4,2.6,5.2,43,132,94,1,5,9.0,74.4,7,4,No
U04739,2025-09-19,30,Teacher,6.3,10.0,6.0,3.0,8.3,16,118,99,3,5,7.0,69.0,10,5,No
U05252,2025-09-19,32,Designer,8.0,10.0,4.5,1.2,12.0,28,92,56,0,3,9.0,100.0,7,6,Yes
U02544,2025-09-19,30,Designer,4.7,10.0,8.0,4.7,5.3,80,175,133,2,6,8.0,53.5,6,1,No
U00228,2025-09-19,57,Designer,4.9,7.0,5.4,3.0,8.5,14,94,68,3,4,9.0,73.4,6,2,No
U01602,2025-09-19,46,Student,6.2,8.0,6.3,2.5,9.3,30,97,95,2,4,6.0,75.7,10,6,No
U00174,2025-09-19,41,Freelancer,5.8,10.0,11.9,5.8,5.5,17,223,154,1,10,6.0,50.5,11,3,Yes
U04287,2025-09-19,47,Student,5.8,10.0,7.1,3.7,6.8,56,131,106,2,7,8.0,57.8,2,0,No
U06635,2025-09-19,60,Freelancer,6.5,10.0,3.4,1.0,10.7,13,98,42,0,4,9.0,100.0,9,6,Yes
U00173,2025-09-19,59,Designer,6.7,9.0,5.5,1.2,12.0,47,142,61,2,4,8.0,90.2,7,5,No
U03141,2025-09-19,33,Analyst,8.0,10.0,5.6,2.8,8.5,43,126,69,3,4,9.0,100.0,7,3,Yes
U04136,2025-09-19,42,Software Engineer,7.2,10.0,7.6,3.4,9.4,19,152,92,3,6,9.0,83.1,9,5,No
U05530,2025-09-19,37,Software Engineer,6.1,8.0,7.2,3.3,9.7,51,173,100,1,5,7.0,86.3,8,4,No
U02755,2025-09-19,49,Software Engineer,9.1,10.0,6.7,3.8,10.5,22,142,79,2,4,9.0,95.9,7,4,No
U04331,2025-09-19,22,Software Engineer,6.8,9.0,3.4,0.3,12.0,133,76,43,1,2,10.0,100.0,10,7,No
U01085,2025-09-20,51,Designer,6.6,9.0,7.9,4.8,8.9,24,165,118,2,5,6.0,64.2,4,2,No
U03710,2025-09-20,28,Teacher,4.3,8.0,8.8,2.1,5.6,33,127,95,2,8,8.0,45.3,7,4,Yes
U02260,2025-09-20,58,Designer,7.3,10.0,3.7,1.5,9.6,42,73,56,2,4,9.0,99.6,7,4,No
U04125,2025-09-20,26,Designer,9.0,10.0,8.6,4.2,3.1,42,182,98,1,6,8.0,69.7,12,6,No
U05697,2025-09-20,54,Student,5.4,10.0,4.9,1.5,10.3,7,117,59,3,6,6.0,81.6,6,2,Yes
U03555,2025-09-20,20,Student,5.4,8.0,6.8,3.8,6.1,23,107,105,1,5,8.0,65.1,7,4,No
U00193,2025-09-20,18,Student,6.9,8.0,7.9,1.5,8.6,9,118,108,1,7,7.0,68.1,6,4,No
U03533,2025-09-20,35,Freelancer,5.7,10.0,9.0,5.4,8.3,49,192,108,3,7,5.0,59.1,10,6,No
U02580,2025-09-20,24,Student,7.9,10.0,7.7,2.7,8.4,22,186,109,3,4,7.0,84.7,8,7,No
U01305,2025-09-20,36,Software Engineer,6.1,9.0,4.3,1.2,11.9,41,91,59,4,3,9.0,88.7,9,6,No
U06742,2025-09-20,59,Student,6.9,6.0,4.4,0.7,9.0,39,106,57,1,3,9.0,97.7,7,5,No
U06016,2025-09-20,27,Student,5.8,9.0,9.4,0.6,6.3,42,149,93,1,5,8.0,69.0,3,1,No
U03416,2025-09-20,56,Student,8.0,10.0,7.8,3.1,7.7,110,122,79,1,4,10.0,91.9,3,2,Yes
U01719,2025-09-20,26,Designer,6.6,8.0,5.3,0.9,11.2,23,52,75,3,4,8.0,93.1,4,4,No
U04547,2025-09-20,33,Software Engineer,6.5,9.0,6.6,2.7,6.3,20,129,63,2,6,7.0,78.3,4,2,No
U03294,2025-09-20,37,Software Engineer,8.1,10.0,7.9,4.8,10.0,16,165,118,3,6,8.0,80.1,5,5,No
U00163,2025-09-20,30,Designer,5.3,6.0,8.5,4.1,6.4,25,133,127,3,5,8.0,70.5,10,5,No
U06910,2025-09-20,40,Analyst,5.3,8.0,5.4,1.1,9.1,39,84,56,2,2,8.0,96.9,8,4,No
U06499,2025-09-20,34,Software Engineer,5.9,8.0,6.1,1.9,9.7,41,131,87,0,7,7.0,81.4,5,3,Yes
U05657,2025-09-20,59,Analyst,7.5,8.0,8.9,4.3,8.5,1,180,121,3,7,8.0,71.8,5,3,No
U04826,2025-09-20,25,Designer,8.0,10.0,5.4,1.2,8.7,38,124,62,1,5,9.0,87.1,7,7,No
U05849,2025-09-20,45,Freelancer,6.9,9.0,3.9,1.8,10.2,3,85,72,4,5,8.0,82.4,5,3,No
U05536,2025-09-20,28,Teacher,8.1,9.0,6.3,1.5,8.9,45,147,92,1,4,10.0,90.7,7,4,No
U00751,2025-09-21,19,Designer,6.5,8.0,7.0,1.9,8.3,10,131,78,1,7,9.0,70.4,13,9,Yes
U00013,2025-09-21,53,Analyst,8.5,10.0,4.8,2.9,7.8,47,135,76,2,5,10.0,91.5,9,7,No
U05139,2025-09-21,56,Software Engineer,5.4,9.0,3.6,0.4,8.6,39,62,42,3,3,9.0,87.5,5,4,No
U04038,2025-09-21,41,Freelancer,5.4,7.0,7.3,3.0,6.3,10,128,85,2,6,7.0,59.7,13,6,No
U05502,2025-09-21,31,Software Engineer,7.1,10.0,8.0,5.1,8.1,39,160,111,2,7,5.0,58.4,5,2,No
U02061,2025-09-21,27,Teacher,8.4,10.0,4.2,1.0,9.5,27,89,62,4,1,10.0,100.0,6,6,No
U00091,2025-09-21,34,Designer,8.6,10.0,5.5,3.5,7.0,16,122,83,1,4,7.0,85.0,11,6,Yes
U06008,2025-09-21,38,Student,5.7,8.0,5.8,2.4,8.2,14,134,82,3,7,5.0,58.1,6,5,No
U02797,2025-09-21,38,Student,8.0,10.0,6.8,0.2,9.5,31,106,57,1,4,9.0,97.2,5,1,No
U04445,2025-09-21,47,Freelancer,6.7,10.0,6.1,0.9,8.6,15,129,58,2,6,8.0,79.3,11,7,No
U04518,2025-09-21,48,Analyst,6.8,5.0,7.2,2.8,10.8,6,139,85,2,3,7.0,94.0,8,6,No
U03092,2025-09-21,56,Freelancer,8.2,10.0,5.0,,12.0,44,118,56,2,3,8.0,100.0,9,7,No
U06370,2025-09-21,43,Software Engineer,6.0,9.0,4.9,2.6,8.6,52,114,90,2,4,10.0,87.3,11,6,No
U00009,2025-09-21,40,Software Engineer,5.8,6.0,7.1,1.3,10.3,26,97,83,1,6,8.0,81.5,7,4,No
U04879,2025-09-21,59,Analyst,6.0,9.0,5.3,0.6,10.0,47,119,52,1,3,8.0,83.7,10,8,No
U01761,2025-09-21,49,Analyst,7.3,8.0,10.0,5.2,4.4,34,235,155,3,7,9.0,60.7,7,3,No
U04962,2025-09-21,44,Analyst,7.0,10.0,7.5,5.3,6.0,38,136,102,0,5,8.0,69.0,9,5,No
U01135,2025-09-21,56,Designer,5.5,6.0,3.3,0.6,7.6,16,76,43,2,3,8.0,86.1,8,6,No
U05185,2025-09-21,23,Analyst,7.9,10.0,3.4,1.1,9.7,62,73,45,1,2,10.0,100.0,7,5,No
U04068,2025-09-21,27,Student,8.1,8.0,9.7,2.6,5.4,2,178,108,2,4,8.0,62.5,6,3,No
U02269,2025-09-21,42,Analyst,7.2,9.0,4.6,2.3,12.0,31,59,50,4,3,8.0,100.0,12,9,No
U05357,2025-09-21,56,Student,4.6,8.0,5.8,3.4,6.6,48,81,82,3,6,9.0,60.0,5,2,No
U02379,2025-09-22,57,Software Engineer,6.7,10.0,5.0,2.7,8.7,21,101,61,0,3,8.0,86.0,12,7,No
U03667,2025-09-22,57,Analyst,8.3,10.0,2.1,1.8,10.9,27,41,34,1,3,10.0,100.0,5,4,No
U01089,2025-09-22,41,Software Engineer,6.6,9.0,3.0,0.4,10.7,27,70,15,1,3,7.0,93.9,7,5,No
U01326,2025-09-22,32,Software Engineer,7.0,9.0,4.3,,12.0,16,85,53,0,6,10.0,100.0,7,3,No
U01194,2025-09-22,37,Analyst,8.4,10.0,10.4,2.9,6.6,18,191,106,2,7,9.0,69.7,8,6,Yes
U05256,2025-09-22,29,Teacher,10.0,10.0,8.5,5.1,5.2,51,195,121,2,5,10.0,88.7,5,2,No
U00603,2025-09-22,49,Freelancer,7.4,7.0,7.9,1.5,7.0,70,141,100,0,2,10.0,100.0,5,4,No
U01994,2025-09-22,51,Designer,6.9,10.0,5.7,1.4,11.4,22,90,79,3,6,8.0,77.9,7,4,Yes
U06674,2025-09-22,29,Designer,6.1,10.0,5.3,1.2,8.7,33,112,46,2,2,9.0,100.0,6,5,No
U06068,2025-09-22,40,Analyst,6.2,7.0,3.6,2.0,10.9,50,67,69,2,4,,90.6,7,5,No
U01067,2025-09-22,18,Software Engineer,4.5,9.0,5.4,2.2,11.3,19,103,92,3,4,8.0,84.3,6,4,No
U04973,2025-09-22,29,Software Engineer,6.4,9.0,7.3,1.0,6.3,59,138,71,3,3,10.0,75.3,8,4,No
U00152,2025-09-22,45,Designer,6.9,8.0,4.0,0.9,8.8,82,61,59,3,2,10.0,100.0,7,5,No
U00242,2025-09-22,33,Software Engineer,5.9,9.0,3.1,0.4,9.7,20,59,24,0,3,9.0,100.0,2,2,No
U05850,2025-09-22,35,Analyst,6.1,8.0,4.4,2.2,7.0,47,119,53,1,4,10.0,89.3,11,6,No
U03039,2025-09-22,42,Student,6.7,7.0,8.2,4.3,10.2,35,175,113,2,5,8.0,77.7,6,4,Yes
U04937,2025-09-22,33,Student,8.6,10.0,8.0,2.6,10.0,17,157,109,2,4,10.0,78.2,8,3,No
U00899,2025-09-22,55,Freelancer,8.4,10.0,4.3,1.7,8.2,34,87,50,1,2,9.0,95.3,6,4,No
U01955,2025-09-22,28,Student,8.9,10.0,5.9,1.5,8.8,62,123,79,1,4,8.0,91.4,6,3,Yes
U00540,2025-09-22,33,Software Engineer,8.4,10.0,6.3,3.9,10.3,18,133,89,0,7,5.0,71.9,7,4,No
U05911,2025-09-23,33,Software Engineer,4.3,3.0,7.5,1.6,6.7,40,142,87,0,8,7.0,49.1,10,4,Yes
U03951,2025-09-23,43,Analyst,4.6,5.0,7.8,5.1,9.7,24,156,116,1,7,8.0,75.8,7,4,Yes
U01466,2025-09-23,42,Analyst,7.6,10.0,2.4,0.8,11.1,112,72,29,3,1,10.0,100.0,8,7,No
U05418,2025-09-23,49,Freelancer,6.6,8.0,7.4,2.9,6.2,30,135,97,4,5,8.0,83.6,4,3,Yes
U04318,2025-09-23,51,Teacher,9.5,10.0,7.4,0.8,11.2,75,112,71,1,3,10.0,100.0,10,9,No
U05862,2025-09-23,20,Teacher,7.8,10.0,7.0,1.3,9.5,20,126,100,2,5,9.0,81.4,10,5,No
U03685,2025-09-23,44,Software Engineer,6.8,10.0,6.8,3.4,10.3,23,93,112,4,3,7.0,88.9,8,4,Yes
U04933,2025-09-23,50,Software Engineer,7.3,10.0,5.7,2.6,11.8,83,86,75,2,4,10.0,100.0,12,9,Yes
U01557,2025-09-23,47,Teacher,8.2,10.0,7.4,3.6,9.7,15,146,88,3,6,7.0,82.6,6,3,No
U00041,2025-09-23,42,Designer,6.8,10.0,5.6,3.0,11.4,13,114,94,0,7,6.0,77.6,7,4,Yes
U05840,2025-09-23,60,Analyst,6.2,8.0,7.5,1.0,6.0,22,118,90,1,4,6.0,68.4,8,3,No
U01966,2025-09-23,38,Student,7.6,10.0,7.4,2.1,9.0,50,153,82,3,5,10.0,100.0,10,6,No
U04449,2025-09-23,28,Student,8.0,10.0,8.7,1.8,8.1,16,174,101,1,6,8.0,79.7,7,3,Yes
U05914,2025-09-23,25,Analyst,5.9,8.0,9.2,5.9,6.8,36,174,140,0,6,6.0,62.1,7,3,No
U05863,2025-09-23,43,Student,7.3,8.0,5.1,1.3,7.8,24,73,55,2,6,8.0,89.4,9,5,No
U03132,2025-09-23,45,Analyst,6.8,8.0,3.7,0.8,6.4,71,92,62,2,1,9.0,97.3,6,2,Yes
U00938,2025-09-23,57,Freelancer,6.5,8.0,8.8,5.3,8.6,29,144,121,2,7,9.0,66.2,6,6,Yes
U03578,2025-09-24,27,Student,7.1,10.0,4.8,1.5,7.4,73,62,64,1,2,7.0,99.2,7,5,Yes
U00970,2025-09-24,42,Student,8.9,10.0,5.3,1.6,10.1,26,71,86,3,3,10.0,100.0,6,4,Yes
U00864,2025-09-24,26,Designer,7.3,,7.8,1.7,8.1,13,144,100,2,5,10.0,82.6,5,0,Yes
U01918,2025-09-24,42,Student,6.7,10.0,11.0,4.3,5.7,50,204,135,1,7,8.0,68.6,6,1,No
U05739,2025-09-24,38,Software Engineer,7.0,10.0,5.4,0.7,9.0,78,113,51,2,3,10.0,98.8,8,7,Yes
U01944,2025-09-24,55,Designer,6.4,9.0,7.2,3.2,12.0,54,149,107,1,8,7.0,86.3,4,1,No
U05998,2025-09-24,59,Software Engineer,5.2,6.0,8.2,2.7,9.2,63,150,105,1,6,7.0,83.3,6,4,Yes
U04790,2025-09-24,55,Student,7.0,7.0,7.6,1.7,8.9,65,135,95,3,6,10.0,82.2,11,7,No
U00934,2025-09-24,29,Student,7.8,9.0,8.8,3.5,6.0,23,185,118,0,5,7.0,75.6,4,4,No
U01898,2025-09-24,25,Teacher,5.6,10.0,9.7,2.7,7.1,19,188,120,1,8,6.0,44.3,13,5,No
U03652,2025-09-24,49,Teacher,7.2,10.0,7.8,4.9,6.0,79,126,110,1,4,7.0,86.0,7,5,No
U00299,2025-09-24,38,Analyst,6.0,8.0,5.8,1.6,8.7,112,91,91,2,3,9.0,87.2,11,7,Yes
U02711,2025-09-24,54,Analyst,4.6,8.0,3.5,1.9,12.0,32,90,50,0,3,10.0,100.0,12,7,No
U04853,2025-09-24,32,Software Engineer,7.4,8.0,7.5,2.9,8.1,63,135,64,1,6,9.0,86.5,10,5,No
U02550,2025-09-24,29,Teacher,7.4,10.0,7.2,5.0,11.2,50,161,115,0,6,10.0,93.3,7,5,No
U06955,2025-09-24,57,Student,6.2,7.0,6.0,1.3,12.0,16,121,91,2,4,8.0,96.2,9,6,No
U03515,2025-09-25,36,Software Engineer,8.2,10.0,4.3,2.1,8.9,26,117,62,1,5,8.0,93.0,10,6,Yes
U00274,2025-09-25,52,Freelancer,5.6,8.0,4.2,1.7,10.0,23,75,69,2,4,6.0,65.6,5,3,Yes
U03769,2025-09-25,19,Freelancer,6.7,8.0,7.8,5.2,9.4,11,159,111,1,7,8.0,80.4,10,5,No
U02585,2025-09-25,41,Student,7.5,,7.5,3.7,7.1,15,123,105,0,4,8.0,85.2,5,5,No
U05475,2025-09-25,40,Designer,7.8,10.0,10.7,2.1,8.3,57,190,115,1,7,9.0,71.4,7,3,No
U05708,2025-09-25,19,Student,8.3,10.0,5.5,2.8,8.7,33,111,60,1,2,10.0,100.0,7,5,No
U05567,2025-09-25,30,Student,5.9,8.0,7.3,1.4,8.0,15,162,82,3,8,8.0,65.4,6,2,Yes
U00123,2025-09-25,31,Teacher,8.5,10.0,6.8,2.4,8.8,33,133,82,0,4,10.0,100.0,5,5,Yes
U01636,2025-09-25,25,Software Engineer,6.8,8.0,4.2,0.3,9.6,35,112,19,2,2,9.0,91.8,9,9,Yes
U03097,2025-09-25,44,Teacher,5.5,9.0,6.1,1.8,9.2,20,110,62,1,7,7.0,75.7,3,1,No
U05921,2025-09-25,58,Freelancer,7.1,10.0,9.2,4.2,4.7,10,169,96,3,8,9.0,68.1,7,3,Yes
U05646,2025-09-25,20,Freelancer,5.8,10.0,8.5,4.5,7.3,26,150,126,2,8,7.0,55.8,8,3,No
U02328,2025-09-25,31,Designer,7.0,10.0,9.8,4.6,7.8,38,168,127,0,6,8.0,75.1,5,1,No
U06314,2025-09-25,21,Freelancer,6.3,7.0,4.1,2.9,11.2,37,93,75,2,2,9.0,100.0,5,3,Yes
U02533,2025-09-25,59,Freelancer,6.7,10.0,4.7,2.1,11.5,13,86,55,2,3,9.0,80.9,4,4,No
U04106,2025-09-25,27,Freelancer,6.4,8.0,4.6,1.2,8.4,17,91,66,0,6,10.0,98.2,5,0,No
U05720,2025-09-25,23,Analyst,7.3,10.0,8.0,3.7,9.6,20,154,98,1,6,7.0,86.0,6,4,No
U04483,2025-09-25,41,Analyst,7.7,8.0,6.9,2.6,8.7,66,106,96,0,4,8.0,84.9,6,4,No
U03062,2025-09-26,43,Analyst,5.6,9.0,7.8,3.8,7.6,12,148,109,3,5,6.0,70.0,4,2,No
U04594,2025-09-26,36,Student,4.4,5.0,7.9,1.8,7.1,37,121,91,1,7,4.0,54.2,6,3,No
U01728,2025-09-26,25,Software Engineer,8.9,10.0,6.8,5.2,6.5,61,150,95,0,3,10.0,100.0,14,9,No
U06364,2025-09-26,18,Software Engineer,4.9,6.0,4.6,1.1,10.3,29,92,52,1,4,8.0,89.9,11,7,No
U01640,2025-09-26,25,Analyst,8.6,,6.7,4.3,9.7,105,102,93,3,1,10.0,100.0,5,3,Yes
U03172,2025-09-26,20,Freelancer,5.2,7.0,6.5,4.2,12.0,35,130,98,0,7,6.0,72.3,8,4,No
U01852,2025-09-26,18,Designer,7.0,10.0,7.4,2.0,9.1,43,159,100,3,7,8.0,73.7,10,5,No
U06779,2025-09-26,30,Teacher,5.8,10.0,8.2,4.6,9.0,37,150,99,2,4,10.0,83.3,9,5,No
U04508,2025-09-26,35,Software Engineer,7.1,10.0,4.4,2.3,8.8,44,87,59,1,3,7.0,89.6,11,7,No
U05764,2025-09-26,19,Designer,6.1,10.0,3.8,1.0,11.1,45,108,75,2,4,10.0,99.3,7,6,Yes
U03754,2025-09-26,46,Designer,8.2,10.0,4.8,2.0,9.1,14,83,73,1,5,6.0,81.0,10,7,No
U01334,2025-09-26,34,Teacher,6.9,10.0,7.3,3.5,6.5,20,116,101,0,5,10.0,93.5,6,4,No
U04878,2025-09-26,57,Designer,6.6,10.0,7.0,3.2,8.0,18,154,97,0,3,6.0,88.7,6,1,No
U01143,2025-09-26,40,Designer,6.8,9.0,11.1,5.0,6.8,19,218,132,2,8,6.0,61.6,3,3,Yes
U02115,2025-09-26,43,Software Engineer,7.2,9.0,7.6,1.7,7.3,11,106,77,3,6,9.0,69.9,14,7,No
U06097,2025-09-26,21,Software Engineer,6.4,9.0,4.3,1.2,7.8,13,95,46,4,5,7.0,72.1,5,3,No
U04898,2025-09-26,52,Teacher,8.1,10.0,8.0,4.5,8.1,34,122,101,1,5,10.0,77.9,7,3,No
U04152,2025-09-26,56,Designer,7.4,9.0,3.8,1.1,6.5,14,102,61,0,5,8.0,74.5,8,5,No
U05077,2025-09-26,42,Designer,5.2,7.0,7.3,2.2,9.1,43,160,106,3,6,6.0,55.1,7,5,No
U02703,2025-09-26,31,Freelancer,6.8,9.0,5.4,1.8,8.3,15,92,63,2,5,9.0,96.2,5,3,Yes
U03595,2025-09-26,33,Analyst,7.5,9.0,10.7,6.1,7.8,22,209,133,1,10,6.0,54.4,6,3,No
U05359,2025-09-27,60,Analyst,8.4,10.0,4.6,2.8,7.5,21,94,77,1,5,8.0,82.8,8,6,No
U06908,2025-09-27,53,Software Engineer,7.5,10.0,5.5,1.5,5.0,17,84,85,2,4,9.0,73.7,6,5,No
U02023,2025-09-27,52,Freelancer,8.0,10.0,8.8,4.2,9.4,18,177,133,3,5,7.0,68.2,9,6,No
U05001,2025-09-27,38,Teacher,8.6,10.0,4.5,1.3,6.4,16,82,68,0,5,8.0,82.4,7,5,No
U03611,2025-09-27,50,Student,5.5,7.0,6.6,4.1,8.3,54,117,70,3,6,8.0,76.0,9,7,No
U04513,2025-09-27,55,Designer,5.1,8.0,7.4,4.1,5.6,1,105,100,1,8,6.0,48.2,3,0,No
U01824,2025-09-27,45,Software Engineer,7.2,10.0,5.6,2.3,12.0,70,87,66,1,2,10.0,100.0,5,5,No
U02244,2025-09-27,35,Teacher,7.1,9.0,6.2,2.6,9.2,19,105,102,2,7,6.0,59.6,9,7,No
U06617,2025-09-27,31,Freelancer,7.9,10.0,7.1,4.5,5.9,18,144,89,0,6,4.0,73.7,6,3,No
U04578,2025-09-27,28,Teacher,7.3,10.0,9.2,0.9,11.7,11,170,86,5,7,7.0,75.0,4,2,Yes
U06640,2025-09-27,32,Designer,8.5,10.0,7.4,2.9,8.1,70,197,99,1,6,,95.2,13,8,No
U02048,2025-09-27,21,Designer,6.2,10.0,6.0,1.0,8.7,25,98,55,4,6,7.0,73.6,7,4,Yes
U02700,2025-09-27,38,Student,8.0,8.0,8.4,4.0,4.7,34,203,104,1,4,10.0,72.1,11,5,No
U04635,2025-09-27,46,Freelancer,6.5,10.0,6.8,2.1,11.9,96,87,78,1,4,8.0,100.0,6,4,Yes
U03896,2025-09-27,53,Teacher,9.6,10.0,7.4,3.4,5.6,64,178,109,0,4,9.0,100.0,4,2,Yes
U03755,2025-09-27,39,Analyst,7.4,9.0,6.5,4.3,10.9,41,109,94,0,4,8.0,81.5,3,2,No
U05584,2025-09-28,37,Designer,7.8,10.0,3.9,1.7,8.3,47,82,72,2,3,9.0,100.0,5,4,No
U00307,2025-09-28,52,Student,5.7,10.0,6.4,2.0,8.6,28,137,76,2,6,8.0,63.2,8,4,No
U00746,2025-09-28,37,Software Engineer,7.2,10.0,8.6,3.4,8.3,55,124,100,3,6,7.0,83.7,11,6,Yes
U00293,2025-09-28,55,Designer,6.4,9.0,6.6,3.3,10.6,80,152,93,3,6,8.0,88.5,3,3,No
U06435,2025-09-28,58,Designer,7.5,10.0,6.3,2.8,7.0,31,116,92,2,4,9.0,81.2,8,3,No
U03736,2025-09-28,33,Designer,9.5,10.0,8.7,1.6,6.2,18,142,108,1,6,8.0,72.4,6,5,No
U01579,2025-09-28,53,Analyst,7.6,10.0,8.2,2.3,7.6,32,165,95,2,3,9.0,92.9,9,4,No
U04648,2025-09-28,26,Freelancer,5.6,8.0,5.8,2.3,9.7,17,81,102,1,5,9.0,79.0,4,4,Yes
U01875,2025-09-28,22,Analyst,7.2,7.0,6.1,3.4,9.3,83,127,95,5,4,10.0,96.6,6,4,No
U02886,2025-09-28,28,Software Engineer,9.3,10.0,10.1,6.3,6.9,16,194,138,1,7,8.0,72.9,5,4,No
U01666,2025-09-28,25,Software Engineer,6.5,9.0,4.2,1.3,10.6,63,89,69,0,3,10.0,100.0,9,5,No
U00073,2025-09-28,38,Student,8.8,10.0,7.2,4.2,7.0,41,158,85,4,5,9.0,93.7,4,2,No
U05626,2025-09-28,24,Software Engineer,8.6,10.0,3.8,1.2,12.0,46,89,44,0,3,10.0,100.0,7,7,Yes
U06026,2025-09-28,26,Software Engineer,5.8,9.0,5.3,1.3,11.3,94,150,69,2,4,9.0,99.8,7,7,No
U00240,2025-09-28,52,Designer,5.2,5.0,8.2,4.8,8.7,88,140,129,1,6,9.0,74.5,6,3,Yes
U04448,2025-09-28,27,Teacher,7.1,10.0,5.2,2.6,11.6,18,98,90,1,4,8.0,98.9,11,9,Yes
U02631,2025-09-28,23,Software Engineer,7.8,10.0,7.1,1.1,6.9,28,142,70,1,6,8.0,79.3,5,2,No
U05367,2025-09-28,29,Software Engineer,6.1,7.0,6.2,1.5,10.5,19,128,60,2,5,6.0,78.9,9,7,Yes
U02037,2025-09-28,24,Freelancer,7.3,9.0,6.9,2.3,7.4,62,148,68,3,5,10.0,96.5,7,4,No
U03124,2025-09-28,19,Student,7.1,10.0,4.1,1.7,5.1,12,103,47,2,1,9.0,99.5,4,4,No
U05496,2025-09-28,58,Freelancer,6.2,7.0,1.0,1.5,11.0,36,10,23,3,3,8.0,100.0,8,4,No
U06285,2025-09-28,23,Freelancer,7.8,10.0,4.3,1.0,6.4,32,83,44,0,3,9.0,93.1,4,1,Yes
U01437,2025-09-28,22,Freelancer,8.1,10.0,5.4,2.0,12.0,30,120,80,2,2,9.0,100.0,7,5,No
U02375,2025-09-28,19,Freelancer,7.0,10.0,5.0,2.3,7.4,60,101,53,0,4,10.0,72.7,11,9,Yes
U06500,2025-09-28,47,Designer,7.0,9.0,9.0,1.9,7.8,44,183,89,2,8,8.0,71.3,5,1,No
U04296,2025-09-29,26,Student,5.9,8.0,6.3,4.3,7.8,53,125,101,0,4,6.0,87.2,5,3,No
U02731,2025-09-29,39,Designer,8.1,10.0,6.4,3.5,8.3,41,91,65,1,5,9.0,97.2,8,2,Yes
U02658,2025-09-29,41,Software Engineer,7.5,10.0,5.4,2.7,8.9,29,129,71,1,4,9.0,95.5,7,7,No
U03099,2025-09-29,47,Freelancer,7.2,8.0,7.1,4.1,5.2,65,166,89,1,4,10.0,87.2,6,4,No
U05000,2025-09-29,35,Student,7.8,10.0,6.0,3.6,8.8,35,155,92,1,4,8.0,94.1,9,6,No
U06317,2025-09-29,38,Designer,8.3,10.0,9.7,4.8,8.2,41,191,126,2,7,8.0,80.1,2,0,No
U00577,2025-09-29,53,Software Engineer,6.5,7.0,9.0,4.6,6.5,10,153,134,1,8,7.0,53.1,9,5,No
U00947,2025-09-29,52,Teacher,5.6,9.0,7.6,2.3,9.6,11,110,98,4,5,8.0,75.3,6,3,No
U03080,2025-09-29,36,Teacher,6.3,9.0,4.4,1.8,6.3,125,86,74,2,2,10.0,100.0,3,1,No
U05457,2025-09-29,51,Analyst,7.7,10.0,6.5,2.7,9.7,6,124,81,2,4,10.0,86.7,6,5,No
U05709,2025-09-29,29,Student,9.8,10.0,7.1,4.4,9.6,23,148,96,1,5,9.0,86.4,8,7,No
U00254,2025-09-29,33,Software Engineer,6.3,7.0,5.9,3.3,7.4,20,110,75,0,5,5.0,67.2,8,3,No
U04530,2025-09-29,28,Analyst,6.7,10.0,8.3,3.7,6.7,37,121,114,1,7,8.0,62.5,8,3,Yes
U05550,2025-09-29,25,Analyst,8.2,10.0,4.9,0.9,10.8,55,91,45,3,1,10.0,100.0,6,3,No
U03095,2025-09-29,25,Analyst,7.3,10.0,4.6,2.7,12.0,13,82,104,3,3,8.0,82.0,4,2,No
U05663,2025-09-29,27,Freelancer,7.2,8.0,4.9,2.1,8.5,30,76,79,1,2,9.0,100.0,2,1,No
U01311,2025-09-29,41,Designer,6.7,10.0,7.7,3.6,8.0,29,177,88,2,7,6.0,54.1,7,3,No
U05939,2025-09-30,40,Designer,5.9,8.0,9.0,5.3,4.3,97,189,120,1,5,8.0,69.0,16,6,No
U06194,2025-09-30,25,Analyst,7.4,9.0,4.9,2.3,11.8,48,122,72,2,3,9.0,100.0,8,6,No
U01688,2025-09-30,33,Freelancer,7.7,10.0,6.8,4.5,10.4,22,111,117,2,5,8.0,85.0,3,1,No
U04621,2025-09-30,30,Student,6.5,10.0,6.9,2.0,7.3,25,143,79,4,6,6.0,71.6,7,4,Yes
U06144,2025-09-30,56,Designer,5.8,8.0,1.6,0.8,11.6,31,37,24,4,2,9.0,100.0,8,7,Yes
U03749,2025-09-30,56,Student,6.6,6.0,4.1,1.3,6.5,23,66,59,0,4,9.0,83.6,6,4,No
U04827,2025-09-30,25,Analyst,6.2,10.0,4.6,3.4,9.8,89,76,98,1,3,8.0,87.6,2,1,No
U06148,2025-09-30,49,Software Engineer,7.5,10.0,9.7,4.5,8.7,18,177,100,1,6,5.0,71.8,4,3,No
U02741,2025-09-30,19,Software Engineer,6.2,10.0,7.6,2.4,8.2,21,172,89,5,5,7.0,63.5,10,6,No
U02685,2025-09-30,60,Student,4.9,10.0,9.6,4.6,4.8,74,199,144,0,8,5.0,43.7,5,3,No
U03547,2025-09-30,40,Teacher,5.5,8.0,8.0,5.0,10.9,13,149,150,1,6,7.0,56.5,8,6,Yes
U04439,2025-09-30,28,Designer,7.9,9.0,9.9,1.6,7.6,19,166,123,0,6,7.0,79.9,5,3,No
U05711,2025-09-30,53,Freelancer,7.9,10.0,8.9,1.2,9.7,27,127,105,2,3,9.0,77.5,8,7,No
U02142,2025-09-30,20,Software Engineer,5.6,7.0,6.0,1.7,4.6,81,107,77,2,6,10.0,75.5,8,4,Yes
U01574,2025-09-30,43,Student,6.8,10.0,7.5,4.0,9.9,4,133,99,0,9,6.0,57.8,8,5,No
U00762,2025-09-30,21,Software Engineer,6.7,9.0,3.9,0.4,10.6,32,90,36,2,3,10.0,100.0,7,6,No
U01517,2025-09-30,22,Student,7.9,10.0,6.8,4.7,11.4,118,129,111,3,4,10.0,100.0,2,2,No
U02337,2025-09-30,32,Software Engineer,6.7,10.0,6.9,2.0,8.6,10,124,90,1,2,9.0,100.0,4,3,No
U00654,2025-10-01,22,Designer,6.2,8.0,5.8,2.2,8.9,32,129,82,1,3,8.0,94.7,4,3,Yes
U04687,2025-10-01,25,Student,6.4,9.0,8.2,6.3,3.5,48,189,131,2,6,8.0,49.3,8,3,No
U04649,2025-10-01,52,Teacher,7.1,10.0,3.8,2.6,11.5,21,90,54,2,3,8.0,99.7,8,6,No
U05981,2025-10-01,52,Software Engineer,7.4,9.0,5.7,3.1,8.8,20,137,78,0,4,8.0,83.9,6,5,No
U03180,2025-10-01,53,Analyst,6.7,10.0,11.3,2.8,8.2,15,206,145,3,7,8.0,71.1,5,3,No
U03872,2025-10-01,54,Freelancer,4.4,6.0,3.1,1.2,12.0,68,88,43,1,3,8.0,100.0,2,2,Yes
U05392,2025-10-01,44,Software Engineer,7.9,10.0,6.0,3.5,4.9,27,133,89,4,4,9.0,80.5,13,7,No
U02208,2025-10-01,20,Software Engineer,4.3,6.0,7.0,2.6,9.0,15,141,71,1,6,7.0,59.3,9,4,No
U06961,2025-10-01,41,Freelancer,6.5,10.0,7.0,3.8,8.9,43,157,91,1,4,7.0,80.1,11,7,Yes
U00906,2025-10-01,50,Student,6.0,7.0,9.9,1.5,5.9,21,138,96,3,9,7.0,53.0,10,6,Yes
U02901,2025-10-01,26,Analyst,6.8,6.0,8.0,2.1,4.9,15,133,99,1,6,7.0,55.5,9,3,No
U00552,2025-10-01,35,Freelancer,8.2,10.0,7.2,1.7,8.6,22,134,72,6,2,7.0,92.1,5,3,No
U04772,2025-10-01,48,Student,6.4,10.0,5.1,0.9,9.7,11,101,53,3,5,8.0,84.2,5,1,No
U06253,2025-10-01,57,Student,7.6,10.0,9.7,5.0,9.6,30,207,133,4,5,9.0,72.4,8,4,No
U03481,2025-10-01,51,Analyst,6.1,10.0,6.1,3.2,10.0,65,113,103,0,5,8.0,72.9,10,6,No
U02450,2025-10-01,30,Freelancer,6.5,10.0,7.6,3.2,8.9,37,148,113,2,5,8.0,71.5,8,5,Yes
U01669,2025-10-02,47,Analyst,6.4,10.0,3.4,1.5,12.0,28,80,49,2,3,5.0,100.0,7,5,No
U01178,2025-10-02,38,Analyst,5.9,10.0,8.4,4.2,7.9,22,188,118,2,7,9.0,62.8,10,6,No
U05576,2025-10-02,59,Analyst,4.9,8.0,8.1,4.7,8.1,40,154,117,2,6,8.0,63.8,4,3,No
U02010,2025-10-02,28,Freelancer,6.0,6.0,9.2,1.9,8.8,25,169,96,1,7,6.0,71.5,6,5,No
U02314,2025-10-02,57,Analyst,7.2,9.0,7.4,4.7,7.4,8,141,95,1,7,6.0,70.1,12,6,No
U00180,2025-10-02,29,Teacher,5.6,8.0,5.6,0.9,10.4,34,67,77,3,4,7.0,95.3,9,4,No
U01622,2025-10-02,22,Teacher,6.5,10.0,5.7,1.5,11.1,33,94,74,3,7,10.0,91.7,4,3,No
U01583,2025-10-02,46,Analyst,8.3,10.0,8.7,3.5,6.3,17,163,99,0,5,10.0,73.5,9,5,Yes
U04345,2025-10-02,43,Designer,8.2,10.0,3.1,1.4,8.9,19,50,29,1,3,10.0,100.0,12,9,No
U02879,2025-10-02,58,Designer,9.4,10.0,6.0,3.6,9.5,15,126,80,1,5,10.0,100.0,6,3,Yes
U03197,2025-10-02,45,Freelancer,6.4,5.0,6.9,2.4,10.6,28,147,89,2,3,8.0,85.8,7,5,Yes
U03679,2025-10-02,22,Analyst,8.0,8.0,6.7,3.1,5.0,50,148,84,1,3,10.0,90.0,8,4,No
U05794,2025-10-02,32,Teacher,6.0,8.0,6.5,1.7,9.7,61,95,81,2,4,9.0,86.2,4,2,No
U05682,2025-10-02,25,Student,4.7,8.0,5.4,2.0,10.0,20,89,62,2,7,8.0,77.6,6,4,Yes
U02461,2025-10-02,57,Teacher,5.4,7.0,10.9,3.2,6.7,69,191,149,1,8,5.0,51.9,10,5,No
U03152,2025-10-02,43,Designer,7.9,10.0,11.7,4.7,7.3,41,211,154,2,8,5.0,51.9,7,2,Yes
U06067,2025-10-02,38,Teacher,9.2,10.0,4.3,1.8,8.8,16,72,62,1,1,10.0,100.0,2,2,Yes
U06920,2025-10-03,51,Freelancer,6.4,9.0,7.1,4.6,8.2,54,198,119,1,7,9.0,76.3,6,2,Yes
U05728,2025-10-03,54,Analyst,5.0,8.0,5.7,2.3,8.2,9,134,89,2,5,8.0,76.6,4,4,No
U03357,2025-10-03,47,Analyst,8.0,10.0,7.0,3.8,6.7,126,133,89,0,1,10.0,100.0,7,6,No
U00982,2025-10-03,25,Software Engineer,7.3,9.0,3.3,0.9,10.1,17,87,68,4,4,9.0,94.4,9,6,No
U03473,2025-10-03,46,Designer,6.9,10.0,13.9,2.3,4.0,21,228,136,1,9,7.0,32.7,9,3,Yes
U02752,2025-10-03,55,Analyst,6.8,10.0,7.9,1.8,9.1,82,139,103,1,5,10.0,88.6,10,6,Yes
U00433,2025-10-03,50,Freelancer,8.2,10.0,5.6,2.9,12.0,53,99,97,1,5,8.0,100.0,7,3,No
U02503,2025-10-03,44,Student,7.3,9.0,7.6,3.8,8.7,10,152,91,2,8,7.0,75.8,6,1,No
U01122,2025-10-03,57,Student,5.8,8.0,7.6,1.7,7.2,23,149,78,0,5,6.0,75.8,11,6,No
U06748,2025-10-03,43,Designer,7.8,9.0,9.0,4.9,6.0,44,169,112,1,6,8.0,67.7,7,5,No
U04890,2025-10-03,57,Teacher,7.2,10.0,7.5,3.6,7.8,23,146,127,2,6,4.0,66.3,6,4,No
U02285,2025-10-03,60,Freelancer,7.6,10.0,7.9,3.8,9.4,30,161,104,3,3,9.0,89.2,5,4,No
U00923,2025-10-03,32,Designer,5.7,9.0,7.0,2.2,9.2,19,117,76,3,3,7.0,98.9,7,5,No
U01680,2025-10-03,28,Analyst,4.9,7.0,5.3,0.8,6.7,10,117,65,2,5,6.0,66.3,14,8,No
U03583,2025-10-03,34,Student,8.7,10.0,7.1,4.0,9.1,34,130,100,2,5,10.0,86.1,8,4,No
U02690,2025-10-03,24,Teacher,7.2,10.0,7.2,4.5,5.4,22,140,84,0,6,8.0,78.3,7,3,Yes
U00945,2025-10-03,31,Software Engineer,7.6,10.0,5.8,2.7,9.4,22,68,71,1,3,10.0,100.0,6,4,Yes
U01914,2025-10-03,57,Software Engineer,7.4,10.0,2.6,1.7,9.8,29,51,31,0,3,9.0,97.6,5,4,Yes
U00199,2025-10-03,49,Software Engineer,7.2,10.0,10.1,4.9,7.1,56,157,127,2,6,10.0,96.7,5,4,No
U04291,2025-10-03,59,Student,7.5,10.0,5.1,1.3,9.5,6,107,56,1,4,10.0,98.6,5,5,Yes
U01103,2025-10-03,37,Analyst,7.9,10.0,6.9,4.0,5.5,13,138,86,1,4,7.0,71.0,10,4,No
U02016,2025-10-03,36,Student,8.4,10.0,7.0,4.1,9.3,20,126,114,1,4,10.0,87.6,10,6,No
U05988,2025-10-03,33,Designer,7.0,10.0,7.4,0.6,5.8,26,109,97,1,5,9.0,74.5,4,1,Yes
U01139,2025-10-03,27,Freelancer,5.9,9.0,7.7,2.6,5.3,29,132,89,3,6,6.0,52.3,12,7,No
U03608,2025-10-04,49,Analyst,6.3,8.0,8.1,1.8,6.2,80,126,108,0,6,8.0,62.6,9,2,Yes
U00021,2025-10-04,55,Analyst,6.4,9.0,6.9,1.3,7.5,27,134,81,4,5,8.0,78.1,3,1,No
U05208,2025-10-04,47,Software Engineer,6.9,8.0,7.4,3.6,6.8,46,140,77,0,6,8.0,68.6,10,5,Yes
U06409,2025-10-04,30,Student,7.8,10.0,6.0,3.6,8.0,49,117,108,3,3,9.0,97.5,4,4,No
U02900,2025-10-04,23,Student,6.6,10.0,6.7,3.2,7.6,46,111,97,1,5,8.0,91.1,12,8,No
U06347,2025-10-04,35,Analyst,4.4,6.0,8.7,1.0,4.9,25,141,93,1,7,10.0,55.6,7,2,Yes
U04178,2025-10-04,25,Student,7.8,9.0,7.7,1.6,11.4,22,147,90,1,5,8.0,89.9,13,9,Yes
U06053,2025-10-04,59,Freelancer,8.0,10.0,6.5,2.3,6.7,51,112,69,4,2,9.0,94.8,8,7,No
U02937,2025-10-04,37,Freelancer,6.9,10.0,8.5,3.2,10.7,11,126,95,1,4,10.0,100.0,11,7,No
U05788,2025-10-04,46,Designer,7.0,10.0,6.5,3.2,6.1,17,147,95,3,7,10.0,61.7,6,1,No
U02872,2025-10-04,38,Freelancer,7.8,9.0,6.1,1.0,10.7,28,83,73,1,4,9.0,87.5,12,7,No
U00571,2025-10-04,18,Analyst,7.5,10.0,5.9,1.7,10.4,29,143,85,1,5,8.0,87.5,6,4,Yes
U04534,2025-10-04,52,Software Engineer,8.7,10.0,6.5,2.0,9.7,58,105,83,4,4,9.0,99.3,9,7,No
U06979,2025-10-04,48,Student,8.4,10.0,7.2,1.9,8.6,89,118,82,0,3,10.0,93.8,12,8,Yes
U02893,2025-10-04,33,Freelancer,7.7,10.0,10.5,4.0,5.7,52,189,140,3,7,10.0,69.0,7,6,No
U06925,2025-10-04,58,Software Engineer,6.7,10.0,4.8,3.0,9.6,22,150,63,1,2,8.0,97.4,6,6,No
U06183,2025-10-04,34,Teacher,4.6,10.0,8.9,4.4,7.4,17,155,116,1,8,8.0,61.2,11,4,No
U03129,2025-10-04,35,Student,7.5,10.0,10.3,5.4,6.3,71,249,146,4,7,9.0,67.8,2,2,No
U01062,2025-10-05,54,Software Engineer,6.1,10.0,5.1,1.2,9.9,26,106,47,3,2,8.0,97.3,7,5,No
U00063,2025-10-05,51,Designer,7.4,9.0,9.0,3.5,6.6,22,158,115,0,6,7.0,63.6,6,3,Yes
U03066,2025-10-05,60,Designer,6.4,10.0,5.5,3.1,9.5,52,114,75,1,5,7.0,82.9,4,1,No
U00417,2025-10-05,33,Software Engineer,7.0,10.0,5.8,2.7,8.9,7,115,68,2,4,10.0,99.5,9,6,No
U05316,2025-10-05,32,Freelancer,6.4,8.0,5.6,3.7,9.4,9,130,74,2,5,6.0,87.6,4,2,Yes
U02079,2025-10-05,53,Designer,6.9,10.0,1.2,0.9,12.0,12,48,40,0,3,8.0,100.0,6,5,Yes
U05900,2025-10-05,54,Analyst,4.2,9.0,9.8,4.1,10.6,26,173,135,0,8,7.0,54.2,2,2,No
U03321,2025-10-05,25,Student,8.8,10.0,8.3,3.5,9.9,107,143,116,0,3,10.0,100.0,8,7,Yes
U01788,2025-10-05,32,Freelancer,7.2,10.0,4.9,2.7,11.4,98,152,67,1,1,10.0,100.0,5,5,No
U00973,2025-10-05,19,Teacher,5.9,8.0,8.5,3.2,4.4,38,153,105,1,4,9.0,67.3,2,0,No
U04187,2025-10-05,50,Analyst,6.3,10.0,6.7,1.1,7.7,37,136,86,0,4,10.0,79.9,3,1,No
U04316,2025-10-05,18,Freelancer,7.6,10.0,5.7,3.4,9.2,24,128,73,4,5,7.0,95.9,7,3,No
U02284,2025-10-05,46,Designer,7.7,10.0,3.5,1.2,7.5,46,66,47,0,2,10.0,99.1,6,6,Yes
U04071,2025-10-05,43,Student,8.6,10.0,2.0,0.4,9.3,7,28,37,2,2,10.0,100.0,11,7,Yes
U03826,2025-10-05,29,Software Engineer,7.6,10.0,7.1,4.5,10.2,49,132,100,0,4,7.0,95.1,5,2,No
U00333,2025-10-05,49,Analyst,7.1,9.0,6.1,3.3,5.5,46,94,102,2,5,8.0,68.1,6,4,No
U01109,2025-10-06,24,Student,5.2,5.0,9.1,5.0,8.8,49,222,140,2,8,7.0,63.7,10,5,No
U01342,2025-10-06,24,Teacher,6.5,9.0,6.8,2.5,11.9,29,125,97,3,2,10.0,100.0,9,7,No
U06267,2025-10-06,50,Software Engineer,7.6,10.0,7.2,1.2,6.4,89,129,80,3,4,10.0,92.1,11,6,No
U06688,2025-10-06,29,Student,6.3,10.0,7.2,2.8,11.8,33,128,101,4,6,7.0,91.9,6,2,No
U02185,2025-10-06,23,Analyst,6.8,10.0,6.1,0.2,6.9,5,105,68,2,4,7.0,65.6,5,4,Yes
U02297,2025-10-06,48,Designer,7.7,9.0,6.8,3.9,10.4,59,121,111,1,3,9.0,96.8,4,2,No
U01550,2025-10-06,24,Designer,8.1,10.0,4.2,2.9,10.1,50,133,65,3,5,9.0,89.9,8,6,No
U05453,2025-10-06,54,Teacher,7.5,10.0,9.9,5.8,4.2,50,165,135,0,6,9.0,69.5,9,3,No
U00831,2025-10-06,30,Freelancer,6.6,10.0,7.6,2.1,7.6,58,138,83,2,4,8.0,89.3,11,8,No
U06206,2025-10-06,18,Analyst,5.0,7.0,3.4,1.4,8.3,66,53,45,2,2,9.0,100.0,7,5,No
U04825,2025-10-06,40,Teacher,6.9,10.0,6.2,3.1,6.6,104,104,108,3,2,10.0,99.1,10,7,Yes
U04242,2025-10-06,41,Analyst,4.5,6.0,5.4,3.9,8.8,81,100,113,0,4,10.0,87.6,11,6,No
U06106,2025-10-06,47,Teacher,6.6,10.0,10.4,3.0,6.2,110,169,118,2,5,10.0,81.9,7,4,No
U06455,2025-10-06,47,Software Engineer,8.2,10.0,7.3,2.3,10.7,15,101,73,4,3,8.0,91.7,10,8,No
U01927,2025-10-06,58,Student,7.0,10.0,9.2,4.3,8.2,100,208,119,2,7,9.0,78.6,8,4,Yes
U01943,2025-10-06,51,Analyst,6.5,10.0,8.6,1.8,9.4,50,149,98,0,5,10.0,86.9,7,4,No
U05827,2025-10-07,27,Student,7.1,7.0,8.7,3.1,6.8,21,147,105,1,4,8.0,79.6,3,3,No
U06321,2025-10-07,29,Freelancer,6.8,9.0,3.5,2.8,11.4,38,87,66,1,2,8.0,100.0,9,7,No
U06221,2025-10-07,19,Analyst,6.8,8.0,4.9,1.8,8.6,41,80,82,2,3,10.0,97.9,9,6,Yes
U05002,2025-10-07,45,Software Engineer,8.2,10.0,6.8,1.4,10.1,41,115,83,2,3,8.0,100.0,7,6,Yes
U03285,2025-10-07,51,Freelancer,7.9,10.0,7.6,1.4,6.1,17,139,86,1,5,8.0,82.4,9,4,Yes
U02278,2025-10-07,31,Designer,6.3,9.0,6.2,1.9,8.7,27,119,58,2,8,9.0,72.0,3,0,No
U05856,2025-10-07,49,Designer,4.6,7.0,8.6,0.9,6.2,44,145,96,3,6,7.0,45.0,7,5,No
U03037,2025-10-07,23,Student,7.3,10.0,8.7,4.4,8.0,10,165,136,4,8,6.0,51.4,6,4,Yes
U00154,2025-10-07,37,Designer,5.4,8.0,8.8,2.6,4.1,43,151,106,3,6,8.0,65.8,7,1,Yes
U04809,2025-10-07,39,Teacher,5.4,10.0,5.6,2.8,9.3,46,118,84,2,3,10.0,87.0,6,4,No
U02295,2025-10-07,19,Analyst,9.4,10.0,3.5,1.4,9.7,64,57,45,2,3,10.0,100.0,4,3,No
U01599,2025-10-07,58,Designer,6.6,9.0,7.6,1.9,5.4,21,133,98,1,5,7.0,76.5,3,1,Yes
U02034,2025-10-07,42,Software Engineer,6.2,10.0,2.3,0.5,11.4,28,29,31,2,2,8.0,96.7,7,4,No
U01504,2025-10-07,33,Designer,6.5,9.0,7.2,3.8,8.3,34,126,97,1,4,9.0,89.3,9,5,No
U03884,2025-10-07,29,Analyst,4.1,5.0,5.5,2.6,7.3,64,78,78,1,6,7.0,83.4,5,2,Yes
U05156,2025-10-07,21,Teacher,7.2,10.0,7.4,4.3,8.4,64,123,78,0,4,9.0,95.5,11,6,Yes
U03183,2025-10-07,56,Teacher,5.3,7.0,7.3,1.6,8.7,21,130,56,2,7,7.0,58.8,7,4,Yes
U02206,2025-10-07,18,Student,7.5,9.0,8.0,2.2,8.8,73,135,105,2,5,9.0,86.9,11,6,Yes
U05005,2025-10-07,57,Freelancer,7.5,10.0,7.0,3.7,10.5,24,144,114,1,6,7.0,90.7,12,7,No
U00573,2025-10-08,34,Software Engineer,5.6,8.0,3.4,2.5,12.0,43,106,51,1,3,9.0,95.1,9,5,No
U05745,2025-10-08,19,Software Engineer,8.1,10.0,6.3,1.6,9.5,8,105,79,2,5,6.0,84.2,3,1,Yes
U00683,2025-10-08,55,Analyst,8.1,10.0,6.4,4.2,8.9,46,121,87,2,6,10.0,92.3,2,0,Yes
U06246,2025-10-08,42,Freelancer,6.6,8.0,7.8,1.4,8.1,48,143,113,0,5,7.0,80.6,8,4,Yes
U02332,2025-10-08,22,Student,7.8,10.0,7.7,1.8,9.9,42,95,98,3,5,8.0,87.1,6,2,Yes
U02101,2025-10-08,19,Software Engineer,7.9,10.0,2.8,0.6,11.6,48,82,38,1,2,10.0,100.0,7,7,Yes
U00749,2025-10-08,51,Student,8.5,10.0,6.4,3.9,9.3,35,137,115,2,3,8.0,98.7,6,4,Yes
U01244,2025-10-08,44,Analyst,7.6,10.0,5.4,2.2,10.3,77,113,66,1,3,8.0,100.0,7,6,No
U06679,2025-10-08,51,Analyst,6.0,8.0,6.7,0.1,4.3,28,138,54,0,6,8.0,69.0,4,1,Yes
U03145,2025-10-08,34,Teacher,6.8,9.0,6.4,2.2,10.2,46,78,87,1,6,7.0,97.5,11,7,No
U04428,2025-10-08,20,Software Engineer,6.6,7.0,8.0,2.0,7.7,100,131,105,1,3,7.0,83.4,4,3,No
U04441,2025-10-08,25,Software Engineer,6.6,9.0,5.6,3.8,9.4,33,137,89,3,5,8.0,91.4,6,1,No
U05843,2025-10-08,60,Teacher,6.2,10.0,5.6,2.6,9.3,41,108,85,3,5,8.0,76.8,7,5,Yes
U02068,2025-10-08,44,Designer,6.7,8.0,4.5,1.6,10.0,24,38,44,2,4,7.0,87.0,5,4,No
U01611,2025-10-08,44,Freelancer,8.4,10.0,8.4,3.1,9.3,10,163,108,2,6,10.0,84.4,4,3,No
U03314,2025-10-08,44,Student,10.0,10.0,7.2,2.1,5.9,55,152,98,2,3,9.0,93.4,11,7,No
U03369,2025-10-08,25,Designer,5.9,9.0,10.1,3.7,8.3,43,178,127,0,6,7.0,72.1,10,4,No
U03777,2025-10-08,30,Analyst,6.2,10.0,5.5,3.0,8.8,24,120,76,1,3,8.0,82.5,8,4,No
U04099,2025-10-08,19,Teacher,8.0,10.0,5.6,2.0,10.9,99,121,73,1,1,10.0,100.0,4,4,No
U05447,2025-10-08,37,Analyst,7.7,10.0,7.5,2.6,8.2,16,126,121,1,5,7.0,76.7,6,3,Yes
U06138,2025-10-08,20,Teacher,7.9,10.0,6.3,1.9,10.0,28,96,78,2,5,10.0,94.2,5,2,No
U02123,2025-10-08,50,Teacher,8.0,10.0,8.3,1.0,8.0,57,102,102,3,5,8.0,90.1,7,5,No
U04393,2025-10-08,28,Student,6.7,10.0,7.0,2.8,8.2,22,127,79,3,5,7.0,84.0,5,3,No
U02926,2025-10-09,40,Freelancer,5.8,8.0,9.5,2.5,6.6,42,144,117,2,9,6.0,56.2,2,0,No
U05638,2025-10-09,50,Designer,6.7,10.0,7.2,2.2,10.3,138,140,100,1,1,10.0,100.0,10,9,Yes
U04706,2025-10-09,39,Designer,6.6,7.0,6.5,1.8,7.6,15,118,106,2,5,10.0,69.9,8,3,No
U02866,2025-10-09,39,Teacher,9.7,10.0,10.8,4.0,5.7,51,207,127,2,8,10.0,85.1,7,4,No
U02948,2025-10-09,59,Designer,8.1,9.0,5.2,1.3,11.6,52,83,41,0,4,10.0,100.0,7,6,No
U02681,2025-10-09,53,Freelancer,6.3,10.0,4.6,1.2,6.7,37,79,74,4,5,8.0,86.7,5,3,No
U06913,2025-10-09,53,Software Engineer,9.1,10.0,7.9,3.4,8.7,180,175,107,1,1,10.0,100.0,5,3,No
U05078,2025-10-09,51,Analyst,6.5,10.0,5.7,0.7,10.4,16,111,64,3,6,6.0,76.7,3,3,Yes
U01626,2025-10-09,32,Analyst,6.0,10.0,7.7,4.1,10.3,28,137,98,2,6,7.0,70.1,11,6,No
U02536,2025-10-09,42,Teacher,8.0,10.0,8.2,3.4,9.2,10,158,119,1,7,7.0,87.4,13,7,No
U03457,2025-10-09,29,Freelancer,7.1,9.0,8.5,3.9,9.0,7,161,103,4,8,7.0,72.9,11,7,No
U02839,2025-10-09,45,Freelancer,6.9,10.0,8.5,0.6,9.1,46,137,89,2,5,8.0,79.0,6,4,No
U03956,2025-10-09,21,Freelancer,7.1,10.0,5.9,2.4,6.3,22,111,93,2,4,8.0,81.7,7,3,No
U05015,2025-10-10,55,Student,5.6,9.0,3.8,2.3,8.7,9,106,60,1,6,6.0,85.1,4,3,No
U01149,2025-10-10,18,Software Engineer,9.2,10.0,5.4,1.6,7.4,53,107,68,2,3,9.0,91.9,11,8,Yes
U05160,2025-10-10,49,Software Engineer,6.4,7.0,10.4,1.8,12.0,52,170,131,2,8,9.0,82.1,6,3,Yes
U01755,2025-10-10,35,Freelancer,6.5,10.0,3.7,1.3,11.0,9,101,41,0,6,7.0,88.1,4,1,No
U01508,2025-10-10,58,Teacher,5.8,8.0,5.2,3.2,6.8,22,102,90,1,4,8.0,77.9,7,5,No
U06134,2025-10-10,28,Freelancer,5.7,10.0,5.3,1.6,10.2,9,118,67,3,5,7.0,87.2,4,1,Yes
U04728,2025-10-10,30,Designer,8.5,10.0,8.5,2.3,6.3,69,175,118,1,4,10.0,89.2,7,7,No
U04195,2025-10-10,57,Freelancer,5.6,7.0,6.8,2.5,7.6,60,147,98,2,6,10.0,91.3,7,3,No
U01340,2025-10-10,31,Freelancer,7.2,10.0,3.3,0.7,11.8,38,44,46,5,2,9.0,100.0,14,13,Yes
U03061,2025-10-10,50,Designer,8.6,10.0,4.3,2.0,7.6,61,90,60,2,3,10.0,100.0,5,3,No
U01246,2025-10-10,23,Freelancer,6.7,8.0,8.7,2.3,9.4,27,152,94,0,5,9.0,72.4,5,4,No
U00161,2025-10-10,18,Analyst,6.0,7.0,5.9,1.7,8.4,40,96,64,2,6,8.0,75.4,7,3,No
U06574,2025-10-10,60,Software Engineer,5.5,8.0,8.9,1.6,9.7,80,131,91,2,4,8.0,85.0,8,6,No
U06750,2025-10-10,28,Software Engineer,6.0,8.0,3.6,1.4,9.0,13,80,39,1,3,9.0,91.8,3,3,Yes
U06589,2025-10-11,29,Analyst,5.8,6.0,8.5,2.5,8.2,24,122,90,0,7,10.0,66.4,5,4,No
U04168,2025-10-11,35,Student,8.4,10.0,3.4,1.6,8.7,63,63,40,2,2,10.0,100.0,9,9,No
U04462,2025-10-11,55,Analyst,8.5,10.0,2.9,2.1,11.2,13,103,37,4,3,10.0,100.0,7,7,No
U01714,2025-10-11,59,Designer,7.0,10.0,2.6,1.9,8.9,11,93,47,0,4,9.0,88.9,9,8,No
U02198,2025-10-11,50,Software Engineer,7.7,10.0,4.8,1.9,10.0,41,103,49,1,3,9.0,97.1,8,5,No
U05052,2025-10-11,55,Student,7.6,9.0,7.8,2.0,6.5,39,173,85,1,5,10.0,78.4,6,2,No
U00710,2025-10-11,18,Freelancer,8.3,9.0,5.9,3.2,8.7,5,119,74,2,2,8.0,93.2,8,5,No
U05271,2025-10-11,54,Freelancer,5.8,9.0,6.5,1.9,11.9,80,127,81,2,3,10.0,100.0,8,3,Yes
U03719,2025-10-11,29,Teacher,8.8,10.0,7.0,4.3,7.3,25,126,110,1,6,9.0,78.7,8,4,Yes
U02060,2025-10-11,32,Freelancer,4.5,7.0,10.7,5.1,6.2,38,247,163,4,9,6.0,47.7,10,3,No
U02655,2025-10-11,58,Designer,5.7,10.0,7.2,2.1,9.4,28,123,77,4,6,8.0,70.6,9,6,No
U06397,2025-10-11,49,Designer,8.7,9.0,7.1,3.0,6.4,54,144,104,3,1,9.0,92.2,4,2,Yes
U02995,2025-10-12,26,Student,7.6,10.0,6.8,1.6,6.6,55,162,91,1,4,8.0,81.2,4,3,No
U00048,2025-10-12,24,Analyst,6.4,10.0,4.4,2.2,10.1,11,117,61,2,4,8.0,93.0,7,5,No
U02782,2025-10-12,56,Student,7.2,9.0,4.0,0.5,8.5,16,95,64,3,2,10.0,90.8,9,5,No
U03006,2025-10-12,29,Teacher,6.7,8.0,7.2,3.0,9.3,16,139,80,2,7,8.0,79.2,7,2,Yes
U06815,2025-10-12,19,Teacher,5.7,6.0,10.2,6.1,5.6,62,199,157,2,7,6.0,57.4,6,3,No
U05168,2025-10-12,27,Analyst,8.1,10.0,3.0,2.2,12.0,69,45,48,3,2,8.0,100.0,5,4,No
U03512,2025-10-12,26,Freelancer,6.6,8.0,5.0,1.1,6.4,16,120,70,3,6,8.0,83.6,6,3,No
U00976,2025-10-12,57,Software Engineer,6.4,7.0,5.7,2.2,9.2,76,106,79,1,3,10.0,94.0,6,4,Yes
U04638,2025-10-12,47,Student,7.3,7.0,5.4,3.6,9.1,55,155,87,0,5,9.0,98.2,8,6,No
U01534,2025-10-12,29,Freelancer,5.7,7.0,10.2,6.0,5.2,18,184,157,1,9,8.0,56.8,8,2,Yes
U06774,2025-10-12,28,Software Engineer,10.0,10.0,4.5,1.8,7.8,27,98,74,4,2,10.0,100.0,7,3,No
U01436,2025-10-12,23,Software Engineer,7.6,10.0,3.1,0.7,12.0,35,87,30,3,4,9.0,100.0,6,3,No
U05369,2025-10-12,34,Teacher,5.2,8.0,7.2,3.9,6.7,23,109,109,3,4,5.0,59.6,4,3,Yes
U02182,2025-10-12,47,Analyst,7.7,9.0,2.0,0.7,12.0,37,53,41,2,3,8.0,100.0,3,1,No
U01698,2025-10-12,50,Student,5.9,7.0,5.3,3.3,7.9,62,70,59,3,2,8.0,87.0,9,5,Yes
U02367,2025-10-12,38,Designer,6.6,10.0,5.6,2.3,9.3,23,135,56,3,5,6.0,94.6,3,2,No
U01745,2025-10-12,29,Designer,9.4,10.0,6.3,2.7,6.5,19,132,84,5,2,10.0,99.0,8,6,No
U03174,2025-10-12,32,Analyst,8.2,10.0,2.1,1.5,7.6,63,42,52,1,2,9.0,100.0,9,6,No
U06776,2025-10-12,43,Student,7.9,9.0,5.4,1.4,7.6,54,116,84,0,2,10.0,99.0,8,7,Yes
U04777,2025-10-12,30,Student,8.2,10.0,8.0,3.5,9.2,49,153,84,2,4,10.0,92.6,2,2,No
U03153,2025-10-12,54,Student,7.0,10.0,5.8,1.3,6.2,21,86,72,1,4,10.0,90.9,3,1,No
U03133,2025-10-12,20,Teacher,6.4,9.0,6.9,2.8,7.1,12,122,90,4,7,8.0,67.5,10,7,No
U00709,2025-10-12,29,Student,7.3,10.0,5.7,3.6,7.7,38,108,106,3,5,9.0,87.5,11,7,No
U06682,2025-10-12,39,Software Engineer,4.3,7.0,9.5,4.3,9.2,76,153,115,2,8,8.0,61.0,6,3,Yes
U05299,2025-10-12,22,Designer,4.9,4.0,8.8,0.9,5.1,20,148,100,3,8,8.0,48.8,10,4,No
U05231,2025-10-12,19,Teacher,7.1,9.0,5.8,2.4,8.8,26,119,62,1,7,7.0,74.9,10,5,No
U01375,2025-10-13,50,Freelancer,7.6,10.0,4.6,1.0,7.8,45,51,54,1,4,10.0,100.0,5,3,No
U03940,2025-10-13,26,Freelancer,7.9,10.0,6.1,0.7,7.1,34,122,82,0,5,8.0,71.3,6,6,No
U01140,2025-10-13,36,Student,6.7,9.0,1.9,1.0,9.5,43,36,36,1,1,9.0,100.0,6,3,No
U01123,2025-10-13,36,Student,8.6,10.0,4.6,1.3,9.2,10,96,58,1,4,6.0,99.1,10,7,No
U03985,2025-10-13,60,Analyst,6.2,8.0,3.0,0.6,9.4,48,58,24,0,5,8.0,100.0,5,2,No
U03823,2025-10-13,28,Designer,6.8,8.0,5.4,1.3,12.0,15,102,65,3,3,9.0,93.1,10,7,No
U06798,2025-10-13,43,Designer,8.7,10.0,6.4,3.9,10.3,6,145,91,1,5,8.0,95.3,10,5,No
U06629,2025-10-13,24,Student,5.6,7.0,3.6,1.3,8.9,39,36,44,0,3,8.0,87.7,14,9,No
U02593,2025-10-13,36,Student,7.2,10.0,6.3,2.6,7.9,54,145,79,1,6,10.0,85.1,5,1,No
U04092,2025-10-13,27,Designer,6.1,10.0,10.5,3.2,9.1,20,166,125,2,9,8.0,64.2,7,2,No
U01002,2025-10-13,27,Analyst,6.7,9.0,3.7,1.4,9.7,26,106,59,3,3,10.0,80.7,6,2,Yes
U06081,2025-10-13,56,Freelancer,5.8,10.0,7.5,0.4,8.9,64,114,90,1,4,10.0,91.3,4,0,No
U06457,2025-10-13,38,Software Engineer,6.7,10.0,7.4,0.0,10.1,75,115,86,2,5,10.0,97.0,4,1,No
U02465,2025-10-13,57,Designer,5.9,8.0,7.0,1.2,7.9,23,147,64,2,7,6.0,70.4,8,3,Yes
U00397,2025-10-13,54,Software Engineer,5.0,6.0,2.9,1.1,10.0,87,83,56,1,3,9.0,100.0,10,7,No
U05371,2025-10-13,28,Software Engineer,7.0,7.0,4.9,1.7,9.6,66,118,60,2,4,10.0,100.0,3,3,No
U02083,2025-10-13,52,Freelancer,7.8,9.0,5.8,3.5,9.6,34,127,94,3,5,8.0,90.0,6,4,Yes
U06038,2025-10-13,19,Freelancer,8.4,9.0,9.2,2.3,5.8,70,182,121,2,5,10.0,88.9,8,5,Yes
U05308,2025-10-13,53,Designer,8.1,10.0,6.1,4.2,8.0,10,146,108,1,5,7.0,88.6,3,3,No
U00952,2025-10-13,31,Freelancer,8.4,9.0,8.2,2.7,8.8,3,126,100,4,7,8.0,78.6,14,8,Yes
U03361,2025-10-13,53,Software Engineer,7.0,9.0,9.1,3.2,4.2,91,199,117,0,4,9.0,69.1,10,6,No
U02028,2025-10-13,47,Teacher,5.6,8.0,3.5,0.9,8.8,4,27,58,4,3,7.0,97.0,4,3,No
U01243,2025-10-14,38,Designer,8.0,10.0,6.9,1.8,9.5,40,140,98,1,6,9.0,90.9,9,5,No
U06358,2025-10-14,52,Analyst,7.3,10.0,8.2,3.2,5.6,31,172,113,2,5,10.0,74.6,4,3,No
U01428,2025-10-14,37,Analyst,6.5,9.0,6.8,1.4,10.4,120,139,79,1,1,10.0,100.0,8,6,Yes
U05934,2025-10-14,40,Teacher,5.8,8.0,4.9,1.2,8.4,86,130,58,0,5,10.0,90.1,11,7,No
U00331,2025-10-14,57,Analyst,7.0,10.0,8.6,3.1,8.7,27,151,98,0,7,7.0,66.3,9,4,No
U03690,2025-10-14,22,Software Engineer,4.7,6.0,5.1,0.9,9.5,64,68,71,3,4,8.0,94.9,4,3,No
U01764,2025-10-14,45,Teacher,3.5,5.0,4.6,0.7,10.2,29,139,59,1,4,8.0,74.3,4,3,No
U05101,2025-10-14,52,Analyst,6.6,7.0,3.4,1.9,8.0,49,124,62,1,4,10.0,94.9,3,3,No
U06093,2025-10-14,36,Analyst,6.4,8.0,12.3,5.2,4.8,32,227,155,0,9,7.0,57.5,10,5,No
U01155,2025-10-14,20,Software Engineer,5.3,9.0,4.9,3.0,5.3,23,108,57,2,6,7.0,70.7,3,0,No
U04485,2025-10-15,54,Analyst,6.9,10.0,5.2,0.6,7.3,25,66,71,4,4,8.0,80.0,5,4,Yes
U05885,2025-10-15,31,Freelancer,9.4,10.0,4.2,1.7,12.0,100,87,41,2,2,10.0,100.0,9,8,No
U00145,2025-10-15,49,Software Engineer,6.3,10.0,4.3,0.7,8.4,38,97,38,0,4,8.0,79.5,7,4,Yes
U05608,2025-10-15,24,Student,9.1,10.0,7.2,3.6,9.5,84,161,93,4,1,10.0,100.0,12,8,No
U06102,2025-10-15,36,Analyst,7.2,10.0,5.6,2.6,5.2,103,112,66,1,1,10.0,100.0,5,2,No
U04991,2025-10-15,42,Teacher,6.6,10.0,9.7,2.7,4.5,24,176,127,2,8,8.0,46.6,4,1,No
U06341,2025-10-15,58,Freelancer,6.3,8.0,8.8,4.5,7.1,5,166,114,1,9,8.0,54.5,7,4,No
U03340,2025-10-15,27,Teacher,6.7,7.0,5.0,3.5,8.9,29,108,58,1,5,7.0,90.7,10,8,No
U04200,2025-10-15,45,Freelancer,8.0,10.0,7.1,3.6,6.8,58,140,81,1,3,10.0,97.5,6,2,No
U02565,2025-10-15,27,Freelancer,6.5,10.0,5.9,1.9,8.0,25,144,94,1,5,8.0,77.6,10,8,No
U05633,2025-10-15,60,Teacher,7.4,10.0,8.3,4.4,5.6,45,180,111,4,5,8.0,62.6,8,4,No
U06740,2025-10-15,49,Student,8.3,10.0,5.1,0.7,10.9,60,101,78,1,4,10.0,96.0,2,1,No
U05575,2025-10-15,25,Software Engineer,5.9,10.0,5.3,3.3,9.0,26,90,69,3,6,5.0,68.7,7,5,No
U05572,2025-10-15,60,Freelancer,8.7,10.0,3.7,2.4,7.5,39,107,54,0,3,10.0,92.9,9,4,No
U03373,2025-10-15,53,Student,6.1,8.0,3.6,1.4,12.0,63,37,56,0,3,10.0,100.0,3,3,No
U05490,2025-10-15,40,Teacher,6.5,9.0,9.4,4.7,6.5,69,184,128,1,6,8.0,71.0,6,1,No
U05059,2025-10-15,30,Teacher,4.6,4.0,3.3,1.7,12.0,23,88,32,1,7,7.0,81.5,6,3,No
U01720,2025-10-15,23,Student,5.7,10.0,4.7,0.0,8.3,7,81,29,2,3,7.0,79.2,12,7,No
U00888,2025-10-15,23,Student,5.2,10.0,8.3,1.1,5.7,103,101,75,1,4,9.0,82.2,4,2,No
U05006,2025-10-15,40,Software Engineer,6.9,10.0,8.7,4.0,7.3,11,158,124,2,7,5.0,53.9,6,3,Yes
U04374,2025-10-16,29,Software Engineer,7.5,10.0,8.7,3.9,6.3,55,179,124,2,6,8.0,68.9,6,3,Yes
U02765,2025-10-16,32,Designer,7.1,9.0,4.7,2.5,8.6,28,95,81,3,5,7.0,82.1,8,6,No
U01848,2025-10-16,37,Designer,5.5,10.0,8.5,2.8,6.3,19,135,114,1,9,4.0,53.4,7,3,No
U04353,2025-10-16,33,Freelancer,5.4,9.0,6.6,4.3,8.8,36,149,118,0,6,10.0,65.6,5,2,Yes
U05721,2025-10-16,25,Freelancer,7.5,10.0,6.9,3.6,7.6,38,162,68,2,5,8.0,78.2,10,7,Yes
U00642,2025-10-16,44,Analyst,6.1,8.0,5.4,3.5,8.8,48,71,79,2,4,7.0,89.6,8,4,No
U04552,2025-10-16,42,Analyst,7.2,8.0,7.9,2.7,9.4,34,140,71,3,6,9.0,83.9,2,2,No
U01156,2025-10-16,50,Software Engineer,6.9,9.0,6.9,4.8,10.4,64,168,111,2,6,9.0,92.1,9,6,Yes
U00036,2025-10-16,38,Designer,7.8,9.0,7.2,4.4,9.3,16,172,120,2,7,7.0,79.0,3,3,No
U06626,2025-10-16,29,Teacher,6.0,10.0,7.1,1.6,4.9,26,121,95,1,6,7.0,62.8,7,4,No
U00741,2025-10-16,21,Software Engineer,6.8,10.0,8.7,2.8,6.3,10,163,102,3,8,7.0,62.7,4,0,No
U05117,2025-10-16,21,Teacher,8.4,9.0,8.8,2.0,8.3,32,129,108,0,6,9.0,84.4,6,4,No
U05290,2025-10-16,37,Teacher,5.5,8.0,6.8,1.6,8.4,110,114,62,1,3,8.0,100.0,3,3,No
U05225,2025-10-16,28,Designer,8.5,8.0,3.2,0.0,10.5,46,45,39,2,4,10.0,100.0,4,1,No
U03041,2025-10-16,34,Analyst,7.1,10.0,6.6,5.0,6.3,30,89,118,5,6,6.0,63.7,8,4,Yes
U06487,2025-10-16,41,Software Engineer,8.5,10.0,8.4,3.2,6.9,16,126,85,2,5,9.0,86.3,6,3,No
U03643,2025-10-16,21,Student,7.6,10.0,5.1,0.8,8.9,46,109,65,1,1,10.0,95.0,10,7,No
U00798,2025-10-16,18,Analyst,6.6,10.0,5.6,2.4,8.9,91,102,81,2,2,10.0,100.0,5,4,No
U00822,2025-10-16,45,Designer,6.9,8.0,4.9,1.5,11.5,6,87,63,0,4,8.0,81.9,11,6,No
U03195,2025-10-16,27,Teacher,7.3,10.0,8.1,2.5,7.9,33,127,104,1,5,10.0,97.2,4,1,No
U03893,2025-10-16,42,Student,5.2,9.0,3.8,1.3,8.4,85,37,54,2,2,10.0,100.0,7,4,Yes
U05523,2025-10-16,39,Analyst,9.5,10.0,4.2,1.9,11.6,47,107,54,2,3,10.0,100.0,4,4,Yes
U03011,2025-10-17,43,Analyst,9.6,10.0,9.8,2.7,9.3,34,171,117,3,7,7.0,92.3,6,3,No
U00680,2025-10-17,22,Teacher,7.4,9.0,7.0,1.5,10.9,7,107,84,2,5,10.0,83.1,2,2,No
U04056,2025-10-17,58,Analyst,7.1,10.0,3.3,0.7,9.4,18,109,48,3,3,9.0,94.2,2,2,No
U00764,2025-10-17,21,Analyst,7.7,10.0,6.0,1.5,11.1,31,161,81,0,4,10.0,93.7,3,2,Yes
U04285,2025-10-17,39,Teacher,6.5,9.0,3.6,1.3,10.5,11,52,67,2,1,10.0,97.0,9,8,No
U05126,2025-10-17,19,Analyst,8.1,9.0,6.1,2.3,7.0,9,140,82,2,5,7.0,86.3,10,6,No
U06114,2025-10-17,33,Freelancer,7.3,9.0,9.4,6.2,7.6,23,184,136,3,8,7.0,59.7,6,4,No
U06706,2025-10-17,46,Freelancer,7.0,10.0,7.6,1.3,6.8,29,119,90,1,6,8.0,68.9,4,1,No
U04884,2025-10-17,34,Analyst,7.5,10.0,4.4,2.3,10.0,43,110,76,2,2,10.0,93.9,10,6,No
U01772,2025-10-17,47,Software Engineer,6.8,10.0,5.9,1.8,7.6,62,109,86,2,4,6.0,64.4,7,3,No
U06883,2025-10-17,31,Analyst,7.7,8.0,6.9,3.5,9.3,103,169,102,0,4,10.0,100.0,5,3,Yes
U06548,2025-10-17,20,Software Engineer,7.0,8.0,7.4,3.1,6.5,36,148,97,1,4,9.0,68.6,7,6,Yes
U00409,2025-10-17,33,Analyst,10.0,10.0,6.5,1.6,7.0,27,86,73,3,3,10.0,98.2,2,2,No
U04699,2025-10-17,39,Freelancer,9.3,10.0,6.5,1.0,11.1,15,135,69,1,3,8.0,94.1,12,6,Yes
U01578,2025-10-17,29,Analyst,7.8,10.0,5.4,3.2,6.9,37,110,74,3,6,9.0,81.4,9,6,No
U02400,2025-10-17,40,Student,5.7,10.0,5.0,2.9,7.4,27,89,96,1,4,6.0,69.8,4,4,No
U00343,2025-10-17,50,Teacher,6.6,10.0,6.7,4.4,10.7,26,152,102,0,4,9.0,87.7,5,3,No
U01433,2025-10-17,43,Analyst,5.6,9.0,5.7,0.0,10.8,38,63,66,1,5,6.0,89.0,7,4,Yes
U00441,2025-10-18,48,Designer,4.7,5.0,4.9,1.0,6.1,33,70,62,2,3,9.0,87.8,6,4,No
U05131,2025-10-18,32,Freelancer,9.3,10.0,5.3,0.4,11.0,7,95,48,0,4,9.0,100.0,9,6,No
U02602,2025-10-18,48,Freelancer,5.2,7.0,5.8,1.1,8.3,15,120,67,3,7,6.0,59.6,2,1,Yes
U02761,2025-10-18,39,Freelancer,5.8,7.0,4.8,2.7,11.0,64,136,69,1,6,9.0,100.0,6,4,No
U03196,2025-10-18,35,Student,5.3,5.0,7.1,3.4,6.8,53,133,97,1,5,9.0,77.1,12,6,No
U05987,2025-10-18,42,Freelancer,6.6,10.0,7.6,5.3,6.0,39,155,112,1,5,8.0,78.8,6,3,Yes
U04297,2025-10-18,59,Designer,7.4,10.0,9.1,6.0,6.7,18,206,121,8,7,5.0,56.6,9,4,No
U00605,2025-10-18,33,Designer,5.1,6.0,10.4,6.1,7.3,58,212,135,1,8,6.0,37.9,5,2,No
U06050,2025-10-18,28,Software Engineer,5.5,7.0,8.5,2.3,9.1,13,179,85,0,8,7.0,69.0,7,3,No
U05433,2025-10-18,19,Designer,7.3,10.0,3.6,2.1,6.4,46,127,75,2,5,10.0,78.2,6,6,No
U05906,2025-10-18,33,Teacher,7.2,10.0,6.6,4.0,8.2,58,112,108,0,4,10.0,96.4,6,5,No
U04756,2025-10-18,52,Teacher,7.5,10.0,6.8,1.2,5.7,17,131,56,1,5,8.0,87.5,4,2,No
U05216,2025-10-18,47,Analyst,5.8,7.0,2.4,1.6,10.8,89,76,27,2,2,10.0,100.0,9,8,No
U03158,2025-10-18,41,Software Engineer,8.0,10.0,7.1,2.7,2.9,57,122,84,3,4,8.0,76.0,6,2,No
U00924,2025-10-18,41,Student,4.4,7.0,8.4,3.8,4.7,17,124,127,4,7,6.0,38.3,9,3,Yes
U05688,2025-10-18,49,Teacher,6.7,9.0,4.4,2.0,9.0,4,126,76,0,5,8.0,93.1,6,4,No
U05003,2025-10-18,52,Analyst,7.4,9.0,8.2,3.3,6.1,35,154,90,5,5,8.0,73.6,9,7,Yes
U02382,2025-10-18,28,Analyst,7.4,10.0,9.4,2.5,6.3,118,151,92,4,2,10.0,100.0,2,2,No
U05066,2025-10-18,31,Analyst,5.6,9.0,5.5,1.2,4.2,21,64,72,0,6,9.0,71.3,8,3,Yes
U06360,2025-10-18,38,Student,6.5,6.0,8.4,2.3,8.5,22,191,104,6,8,8.0,65.3,13,6,Yes
U06591,2025-10-18,50,Teacher,5.0,7.0,3.6,0.0,10.4,82,86,41,2,2,9.0,100.0,11,7,No
U00256,2025-10-18,37,Software Engineer,6.0,10.0,2.7,0.9,7.8,40,62,39,4,3,8.0,89.9,9,6,No
U02819,2025-10-18,25,Designer,7.7,8.0,8.9,1.8,8.0,29,135,120,0,5,7.0,73.7,10,5,No
U00674,2025-10-18,52,Student,6.4,10.0,6.9,1.7,8.4,7,109,91,3,4,4.0,63.2,8,5,Yes
U03792,2025-10-18,52,Freelancer,8.0,10.0,9.4,2.3,8.5,22,158,95,1,5,8.0,79.7,13,8,No
U06130,2025-10-18,46,Software Engineer,7.4,10.0,6.3,2.6,10.6,45,112,101,1,5,9.0,95.8,2,2,No
U04173,2025-10-19,20,Designer,6.8,9.0,9.4,5.8,4.2,61,155,109,2,7,6.0,51.8,6,0,No
U05660,2025-10-19,34,Student,5.7,6.0,3.5,1.7,11.2,26,116,46,3,3,8.0,98.6,4,4,No
U00208,2025-10-19,39,Designer,6.4,10.0,7.8,2.0,6.1,14,142,84,2,6,8.0,65.7,7,3,No
U03393,2025-10-19,36,Designer,4.6,5.0,4.1,2.1,10.0,41,100,44,4,3,6.0,86.4,11,7,No
U06752,2025-10-19,51,Teacher,8.0,8.0,5.6,2.7,9.3,45,110,79,1,3,10.0,93.7,12,8,No
U01045,2025-10-19,53,Software Engineer,6.0,7.0,5.5,2.9,9.7,22,107,70,2,4,8.0,100.0,2,1,No
U03008,2025-10-19,32,Designer,5.5,10.0,8.1,4.1,6.1,24,116,124,0,5,8.0,69.5,9,4,No
U06078,2025-10-19,19,Teacher,6.1,8.0,5.4,2.7,10.2,34,139,88,1,3,8.0,84.2,9,6,No
U06423,2025-10-19,55,Software Engineer,8.8,10.0,7.2,1.8,8.0,56,167,69,2,2,10.0,94.4,2,0,No
U01327,2025-10-19,43,Freelancer,6.7,9.0,4.5,1.5,10.4,35,118,58,1,5,7.0,96.0,3,3,Yes
U02378,2025-10-19,27,Teacher,7.0,9.0,5.5,2.7,9.7,48,110,100,1,5,9.0,82.4,5,5,Yes
U00646,2025-10-19,37,Teacher,9.1,10.0,7.3,2.9,6.8,55,128,103,2,6,7.0,77.7,3,3,Yes
U01937,2025-10-19,26,Student,7.0,8.0,7.7,0.9,9.5,57,112,76,2,3,10.0,99.4,7,4,Yes
U06151,2025-10-19,26,Teacher,5.4,8.0,6.1,4.5,8.7,26,163,82,0,6,10.0,83.2,4,2,Yes
U02124,2025-10-19,53,Analyst,5.9,8.0,3.3,0.9,10.5,26,37,64,4,3,10.0,100.0,4,3,No
U01777,2025-10-19,54,Freelancer,6.8,10.0,7.5,2.6,11.7,38,107,103,1,6,7.0,81.6,4,2,No
U02191,2025-10-19,50,Analyst,6.6,6.0,7.6,3.1,6.3,89,101,107,0,3,8.0,84.9,7,3,No
U00478,2025-10-19,43,Software Engineer,7.6,10.0,5.6,3.5,9.0,39,104,81,8,2,10.0,100.0,4,0,No
U03513,2025-10-20,38,Analyst,6.4,10.0,6.9,1.6,6.3,45,89,75,1,4,8.0,71.0,13,7,No
U05373,2025-10-20,49,Student,7.7,10.0,4.7,2.5,8.1,103,117,59,0,1,10.0,100.0,4,0,No
U01561,2025-10-20,21,Freelancer,6.6,10.0,11.0,5.1,7.3,85,182,155,0,4,9.0,97.3,7,5,No
U02915,2025-10-20,29,Student,6.9,10.0,6.7,2.7,5.0,49,105,86,2,5,10.0,69.9,4,0,No
U01774,2025-10-20,48,Freelancer,6.0,8.0,3.6,2.2,10.8,42,52,75,1,3,8.0,100.0,9,5,No
U01841,2025-10-20,46,Student,6.9,10.0,7.3,3.8,4.5,71,147,90,1,3,8.0,80.8,2,1,Yes
U02790,2025-10-20,27,Teacher,5.4,9.0,6.8,2.0,10.0,40,114,92,4,4,7.0,85.0,5,3,Yes
U03043,2025-10-20,23,Student,5.0,7.0,8.3,1.9,7.0,31,151,108,1,7,8.0,74.5,10,7,Yes
U01104,2025-10-20,58,Freelancer,6.2,8.0,4.9,1.5,7.1,39,118,56,0,6,7.0,78.4,6,5,No
U06974,2025-10-20,39,Analyst,6.3,10.0,5.4,3.1,7.2,26,90,79,5,4,8.0,85.3,5,4,Yes
U02619,2025-10-20,31,Student,8.0,9.0,9.6,1.4,5.6,121,144,104,0,2,10.0,86.1,5,1,No
U03238,2025-10-20,30,Teacher,8.3,10.0,7.7,0.7,7.5,96,120,65,2,2,10.0,100.0,10,5,Yes
U02242,2025-10-20,19,Student,7.6,10.0,7.6,2.1,4.5,34,158,110,3,6,8.0,75.9,3,1,No
U02950,2025-10-20,26,Freelancer,7.4,9.0,4.6,1.8,8.0,18,104,77,1,4,6.0,85.1,10,7,Yes
U03737,2025-10-20,19,Student,7.9,10.0,5.8,2.2,11.4,18,109,88,3,4,8.0,100.0,8,6,Yes
U00138,2025-10-20,40,Freelancer,7.2,8.0,5.8,3.2,5.1,88,113,52,3,4,10.0,79.6,6,5,No
U01465,2025-10-20,20,Teacher,7.7,10.0,3.7,1.0,12.0,43,87,47,3,2,10.0,100.0,6,4,No
U02109,2025-10-20,58,Teacher,6.2,8.0,7.8,5.2,9.1,13,166,110,2,6,7.0,70.1,8,5,Yes
U06719,2025-10-20,26,Analyst,7.0,9.0,6.0,0.6,6.4,46,77,50,1,4,9.0,73.9,2,2,No
U02850,2025-10-20,51,Teacher,7.9,10.0,4.6,2.2,2.7,60,106,71,1,2,10.0,82.8,10,6,No
U03799,2025-10-20,35,Analyst,6.4,7.0,7.4,1.5,10.4,55,103,92,3,5,9.0,84.1,4,3,Yes
U01648,2025-10-20,37,Analyst,6.7,8.0,8.9,2.7,8.2,88,146,106,2,5,10.0,82.9,8,4,No
U02610,2025-10-20,28,Student,6.8,10.0,7.0,1.6,7.2,9,113,95,1,6,8.0,67.9,9,5,No
U01713,2025-10-21,51,Designer,5.6,10.0,7.0,3.1,6.1,15,124,94,0,4,6.0,73.9,7,3,No
U02362,2025-10-21,58,Teacher,5.2,10.0,4.9,0.2,5.7,25,87,45,3,5,8.0,74.8,9,5,Yes
U02566,2025-10-21,41,Designer,6.7,9.0,7.9,1.8,8.9,45,135,61,3,4,6.0,82.5,5,5,No
U00897,2025-10-21,43,Software Engineer,6.6,10.0,6.0,0.9,9.4,28,95,89,1,2,10.0,94.4,2,0,No
U01381,2025-10-21,51,Software Engineer,5.4,9.0,7.7,4.1,5.5,93,152,96,1,5,7.0,76.8,9,5,No
U02856,2025-10-21,26,Freelancer,5.7,8.0,6.5,2.9,10.5,25,125,80,0,3,9.0,100.0,8,7,No
U03732,2025-10-21,51,Analyst,8.1,10.0,8.8,3.6,8.9,25,154,92,0,5,8.0,86.6,9,6,No
U03692,2025-10-21,55,Analyst,5.1,7.0,5.9,1.0,10.3,11,95,66,2,5,8.0,73.1,5,5,Yes
U02604,2025-10-21,36,Designer,8.3,10.0,11.4,4.5,5.6,11,177,134,2,8,9.0,63.3,10,6,Yes
U02624,2025-10-21,33,Freelancer,6.2,7.0,9.6,5.4,9.1,68,156,107,3,6,10.0,82.9,6,2,No
U02723,2025-10-21,50,Software Engineer,8.1,10.0,7.5,4.8,9.4,8,142,120,1,7,9.0,80.2,6,3,Yes
U00813,2025-10-21,20,Student,8.2,10.0,1.8,0.7,10.0,34,64,32,4,3,8.0,100.0,12,9,No
U03599,2025-10-21,29,Designer,6.0,7.0,6.9,4.1,8.1,20,161,125,0,6,7.0,71.3,5,3,No
U05499,2025-10-21,44,Designer,7.3,10.0,6.6,1.2,10.4,29,99,63,2,5,9.0,100.0,7,4,Yes
U02874,2025-10-21,43,Designer,5.8,7.0,5.4,3.5,8.2,37,119,85,3,3,7.0,84.7,10,5,No
U04438,2025-10-22,30,Software Engineer,6.3,10.0,7.4,1.1,7.4,31,131,61,0,2,9.0,84.3,9,5,No
U03283,2025-10-22,36,Teacher,7.9,10.0,7.3,3.8,7.4,40,154,92,3,7,8.0,82.1,8,6,No
U03947,2025-10-22,29,Student,8.6,10.0,5.9,1.7,7.3,88,114,50,3,5,10.0,77.9,5,5,No
U03288,2025-10-22,38,Student,4.2,3.0,6.0,2.3,9.0,35,97,120,0,8,5.0,62.4,10,4,Yes
U03188,2025-10-22,21,Analyst,8.5,10.0,7.2,2.4,9.7,68,139,64,1,5,9.0,89.9,11,10,Yes
U06284,2025-10-22,53,Student,4.1,10.0,8.3,4.4,5.3,19,163,110,1,8,5.0,41.6,6,2,No
U02407,2025-10-22,22,Student,6.7,10.0,6.5,3.1,10.3,32,117,74,3,6,8.0,76.0,2,2,Yes
U01538,2025-10-22,30,Student,6.8,10.0,8.6,4.6,8.8,30,172,129,0,6,9.0,90.1,3,3,No
U01597,2025-10-22,52,Teacher,6.2,10.0,8.8,1.5,7.2,102,169,87,3,3,10.0,82.5,4,3,No
U00931,2025-10-22,28,Freelancer,6.4,8.0,7.0,4.1,5.5,65,163,111,1,6,8.0,50.0,10,4,No
U03728,2025-10-22,43,Software Engineer,8.3,10.0,6.6,2.6,9.2,54,109,93,1,4,9.0,96.5,3,3,No
U04098,2025-10-22,53,Software Engineer,6.4,8.0,6.1,1.8,8.2,69,117,68,0,3,9.0,88.0,16,10,No
U06605,2025-10-22,32,Analyst,7.6,10.0,5.3,0.8,10.6,15,104,51,0,6,8.0,82.3,4,4,No
U00614,2025-10-22,58,Analyst,8.6,9.0,8.4,3.8,9.3,40,173,100,2,5,9.0,94.6,5,4,No
U02925,2025-10-22,44,Freelancer,7.2,8.0,6.3,1.7,7.7,61,97,58,1,4,10.0,88.3,8,6,No
U03556,2025-10-23,45,Software Engineer,8.3,10.0,8.9,5.4,6.1,21,177,120,1,5,8.0,76.6,4,2,No
U05627,2025-10-23,28,Teacher,5.6,8.0,7.0,1.5,5.1,27,122,97,0,4,10.0,86.7,5,2,No
U05154,2025-10-23,47,Designer,7.4,10.0,3.4,0.8,8.2,63,66,42,1,1,10.0,100.0,5,2,No
U00464,2025-10-23,20,Teacher,6.9,10.0,4.6,3.6,12.0,132,110,94,0,3,9.0,100.0,9,7,Yes
U01335,2025-10-23,40,Teacher,6.4,10.0,4.4,3.1,11.6,34,61,65,4,4,8.0,94.5,8,5,No
U05732,2025-10-23,27,Student,9.5,10.0,4.8,2.1,8.7,67,99,60,3,3,9.0,100.0,8,5,Yes
U05869,2025-10-23,47,Software Engineer,8.4,10.0,5.7,2.7,10.3,98,131,80,0,2,10.0,100.0,9,7,No
U03262,2025-10-23,52,Analyst,8.2,10.0,6.4,4.5,11.0,38,148,82,3,4,9.0,100.0,5,2,No
U05552,2025-10-23,50,Freelancer,6.7,7.0,2.9,2.1,9.1,30,71,56,1,5,9.0,88.1,8,5,No
U02976,2025-10-23,25,Software Engineer,5.4,8.0,5.1,2.5,8.8,1,97,71,3,5,6.0,63.1,7,4,No
U00428,2025-10-23,43,Analyst,5.8,7.0,11.1,2.2,4.2,111,157,120,5,7,8.0,51.4,5,2,Yes
U03669,2025-10-23,48,Teacher,7.6,10.0,10.1,3.7,7.2,77,163,121,1,3,7.0,84.5,7,2,No
U05853,2025-10-23,49,Teacher,8.5,8.0,3.7,1.1,10.0,58,40,62,0,2,10.0,100.0,12,11,No
U03350,2025-10-23,47,Software Engineer,8.2,10.0,5.4,3.9,7.1,33,94,79,1,3,8.0,92.6,9,5,No
U02875,2025-10-23,50,Designer,7.2,8.0,5.1,1.9,7.4,28,120,81,0,5,8.0,85.6,9,4,No
U01874,2025-10-23,54,Analyst,5.3,10.0,5.3,2.0,6.4,48,90,68,1,3,8.0,80.6,7,6,No
U04988,2025-10-23,55,Freelancer,5.5,9.0,5.9,2.5,9.7,66,119,89,4,6,8.0,83.7,8,5,No
U05520,2025-10-23,23,Analyst,9.6,10.0,8.1,3.8,7.7,60,156,110,0,4,9.0,97.2,11,8,Yes
U05226,2025-10-23,38,Student,8.3,10.0,5.7,2.8,8.6,58,109,71,1,3,10.0,95.9,6,4,Yes
U03074,2025-10-23,38,Student,8.0,10.0,7.1,2.9,8.8,20,134,92,4,4,10.0,87.6,4,4,No
U00561,2025-10-23,59,Teacher,4.2,10.0,4.1,2.7,10.5,31,98,79,0,5,8.0,77.7,2,0,No
U06241,2025-10-23,51,Designer,8.1,9.0,5.1,0.6,6.3,42,81,56,3,3,9.0,82.7,9,3,Yes
U04504,2025-10-23,24,Software Engineer,6.7,8.0,8.8,1.5,7.2,80,150,105,4,6,9.0,71.6,4,2,No
U02508,2025-10-23,30,Analyst,5.6,8.0,5.4,2.4,8.6,24,100,69,1,7,9.0,76.4,5,3,Yes
U04425,2025-10-24,33,Student,7.2,9.0,5.1,0.9,9.7,39,114,60,5,4,8.0,100.0,7,5,Yes
U03237,2025-10-24,46,Software Engineer,8.1,10.0,6.1,4.7,12.0,8,127,95,1,2,10.0,100.0,7,5,No
U00975,2025-10-24,57,Designer,7.9,10.0,7.9,1.8,10.4,68,96,91,3,4,10.0,94.3,7,4,No
U04618,2025-10-24,43,Student,7.0,9.0,4.4,2.7,7.8,21,96,75,0,4,6.0,81.2,6,3,Yes
U04759,2025-10-24,56,Designer,7.5,10.0,3.3,1.3,10.6,35,69,41,1,3,9.0,100.0,10,10,No
U02709,2025-10-24,40,Designer,7.6,8.0,7.9,2.3,10.0,31,141,90,1,6,6.0,75.7,7,4,Yes
U05801,2025-10-24,36,Software Engineer,7.9,8.0,4.7,0.6,8.4,44,84,57,1,3,9.0,97.8,9,6,No
U02146,2025-10-24,19,Analyst,7.5,7.0,8.1,2.1,6.9,73,149,102,2,4,7.0,85.2,5,3,Yes
U06278,2025-10-24,60,Student,7.8,10.0,7.4,4.3,8.2,38,152,115,3,6,8.0,83.9,5,1,Yes
U05761,2025-10-24,46,Designer,8.1,10.0,7.9,2.1,9.0,51,112,102,3,5,10.0,77.3,9,6,No
U03025,2025-10-24,29,Student,6.8,7.0,4.1,1.3,6.8,17,90,56,3,3,8.0,96.9,9,6,No
U04280,2025-10-24,19,Software Engineer,9.4,10.0,10.0,6.0,5.8,45,187,149,2,6,9.0,76.4,6,2,No
U05365,2025-10-24,24,Software Engineer,7.1,10.0,7.2,1.3,7.9,41,117,96,0,5,9.0,90.6,8,5,No
U00039,2025-10-24,35,Teacher,6.6,10.0,5.0,3.1,10.2,44,96,78,0,4,8.0,89.5,8,3,Yes
U06542,2025-10-25,50,Software Engineer,6.0,7.0,7.9,1.9,12.0,12,155,88,2,7,8.0,68.4,7,3,No
U05979,2025-10-25,35,Freelancer,9.5,10.0,5.3,1.6,10.5,20,113,67,3,4,8.0,98.9,6,3,No
U00001,2025-10-25,56,Student,5.5,8.0,7.8,3.6,4.4,31,142,116,1,5,5.0,62.4,9,3,No
U07000,2025-10-25,24,Designer,8.6,10.0,6.0,2.5,10.2,34,131,95,1,1,10.0,100.0,7,4,No
U00271,2025-10-25,35,Software Engineer,7.3,10.0,8.2,3.8,10.2,30,141,125,2,7,8.0,90.1,7,5,No
U00690,2025-10-25,36,Designer,6.1,6.0,2.9,0.1,10.2,27,33,33,1,5,8.0,97.4,7,7,Yes
U04609,2025-10-25,60,Analyst,7.9,10.0,6.2,1.6,7.2,81,114,73,0,3,10.0,100.0,4,4,No
U01293,2025-10-25,60,Teacher,7.1,10.0,9.2,6.4,10.1,23,166,133,0,7,8.0,73.5,8,3,Yes
U04388,2025-10-25,36,Teacher,4.7,9.0,4.6,1.9,6.1,33,66,72,2,2,5.0,75.8,11,8,No
U04191,2025-10-25,38,Freelancer,8.0,10.0,5.2,1.9,7.9,32,128,53,1,4,10.0,93.2,10,7,No
U04062,2025-10-25,51,Teacher,6.0,10.0,8.1,3.6,5.7,33,164,120,0,5,10.0,74.9,10,5,No
U03709,2025-10-25,30,Designer,5.2,9.0,7.1,4.1,8.9,37,130,96,2,5,5.0,75.9,3,0,No
U03700,2025-10-25,20,Analyst,7.0,9.0,9.2,3.6,8.5,17,168,116,1,6,9.0,87.3,9,7,No
U02807,2025-10-25,19,Software Engineer,5.5,10.0,8.3,4.5,6.9,2,171,110,1,8,8.0,56.2,7,2,No
U02058,2025-10-25,43,Designer,7.5,10.0,3.5,1.2,11.9,76,78,33,3,1,10.0,100.0,10,8,No
U00157,2025-10-25,45,Teacher,8.4,10.0,7.2,4.6,7.9,58,164,124,1,3,7.0,93.9,7,3,Yes
U03232,2025-10-25,40,Student,6.8,8.0,5.4,1.7,12.0,11,117,67,1,8,7.0,82.3,13,10,No
U05676,2025-10-25,21,Software Engineer,5.1,9.0,5.6,1.9,7.7,37,46,56,3,4,10.0,99.0,6,4,No
U03150,2025-10-25,18,Freelancer,6.9,10.0,1.6,0.3,11.1,23,53,32,4,4,8.0,100.0,6,4,No
U00014,2025-10-25,57,Software Engineer,6.0,10.0,7.5,4.1,8.8,30,130,95,2,8,4.0,77.7,9,5,No
U06999,2025-10-25,36,Student,7.0,10.0,8.9,3.2,7.6,100,148,100,2,4,10.0,92.8,4,3,No
U00272,2025-10-26,35,Student,6.0,10.0,5.4,3.0,9.9,48,92,77,3,3,9.0,89.9,9,6,No
U06935,2025-10-26,56,Analyst,8.0,10.0,4.5,1.5,10.9,60,108,50,2,4,10.0,98.0,9,5,No
U05321,2025-10-26,35,Analyst,7.0,7.0,7.3,2.9,12.0,9,142,119,1,6,9.0,86.1,5,0,Yes
U03157,2025-10-26,40,Analyst,6.1,8.0,5.6,0.9,9.2,55,99,74,3,5,7.0,81.7,7,2,No
U00721,2025-10-26,28,Software Engineer,7.7,10.0,8.1,3.6,6.7,15,171,90,2,6,9.0,77.3,8,5,Yes
U00858,2025-10-26,21,Freelancer,7.7,10.0,5.1,1.1,9.8,18,104,54,2,4,8.0,91.0,9,5,Yes
U05984,2025-10-26,42,Teacher,6.7,10.0,4.9,0.9,9.2,68,110,71,0,4,10.0,91.2,11,8,No
U06229,2025-10-26,38,Analyst,7.6,10.0,6.2,1.1,7.4,72,85,58,0,4,10.0,91.6,10,6,No
U03352,2025-10-26,36,Analyst,9.4,10.0,6.7,0.5,9.1,80,107,88,4,3,10.0,100.0,10,6,Yes
U06563,2025-10-26,25,Analyst,7.3,9.0,4.3,1.4,6.3,58,73,51,4,1,10.0,100.0,7,6,Yes
U04025,2025-10-26,21,Freelancer,7.0,10.0,6.3,1.4,9.6,31,120,77,2,6,10.0,99.7,7,4,Yes
U00181,2025-10-26,56,Student,6.2,10.0,4.5,2.0,8.0,21,82,72,2,4,9.0,91.4,11,7,No
U04005,2025-10-26,29,Analyst,8.7,10.0,7.6,3.9,7.4,23,181,88,1,6,6.0,84.0,5,2,No
U03370,2025-10-26,22,Software Engineer,7.5,10.0,5.1,1.7,10.2,20,101,68,0,6,9.0,95.4,2,1,Yes
U03465,2025-10-26,55,Teacher,5.7,6.0,11.5,6.7,5.1,74,227,130,1,8,7.0,57.2,9,6,Yes
U06203,2025-10-26,49,Student,6.8,10.0,6.3,4.1,10.1,27,133,100,2,5,9.0,81.7,7,3,Yes
U02678,2025-10-26,30,Student,6.1,8.0,3.6,0.4,12.0,110,99,44,1,2,10.0,100.0,7,5,Yes
U01811,2025-10-26,54,Designer,7.9,10.0,7.5,2.9,5.5,109,134,93,1,2,10.0,91.8,7,4,Yes
U03346,2025-10-26,58,Teacher,6.9,10.0,3.0,0.4,10.7,1,92,18,2,4,6.0,92.3,5,5,No
U03249,2025-10-26,40,Analyst,4.7,7.0,4.7,1.2,8.7,26,78,47,2,2,6.0,90.2,12,7,Yes
U02522,2025-10-27,59,Freelancer,6.8,7.0,9.0,0.8,5.6,14,135,97,2,4,8.0,80.4,6,3,Yes
U03242,2025-10-27,21,Student,4.7,6.0,5.8,0.7,7.8,39,103,65,3,3,6.0,69.9,2,0,Yes
U00641,2025-10-27,53,Teacher,9.0,10.0,6.6,2.9,7.3,6,134,105,4,6,7.0,83.2,5,4,No
U01630,2025-10-27,41,Analyst,5.4,10.0,5.8,1.9,9.3,40,75,71,1,4,10.0,93.2,4,1,No
U05959,2025-10-27,45,Analyst,6.2,8.0,8.4,3.3,8.4,12,156,96,0,8,7.0,64.8,7,4,Yes
U01828,2025-10-27,22,Student,8.2,10.0,4.3,1.7,10.3,50,114,73,1,3,10.0,100.0,4,4,No
U02439,2025-10-27,31,Analyst,8.4,10.0,9.3,4.4,6.6,31,184,102,2,6,6.0,51.2,13,10,Yes
U03994,2025-10-27,54,Designer,6.5,10.0,5.4,2.2,9.7,41,152,65,0,6,7.0,100.0,6,5,Yes
U02292,2025-10-27,51,Student,8.2,10.0,4.1,2.1,10.7,39,136,66,0,3,10.0,100.0,4,0,No
U00528,2025-10-27,45,Analyst,5.1,7.0,10.0,6.5,7.0,47,237,144,1,7,9.0,75.7,11,6,No
U05574,2025-10-27,25,Designer,7.3,10.0,9.2,4.4,8.3,19,202,117,2,8,9.0,76.9,7,3,No
U02296,2025-10-27,28,Student,5.7,10.0,5.1,3.1,8.3,155,139,77,3,1,10.0,100.0,5,4,No
U06853,2025-10-27,38,Analyst,5.1,7.0,11.3,3.5,9.5,1,169,122,1,9,6.0,45.7,8,4,No
U02702,2025-10-27,43,Freelancer,6.6,9.0,7.8,0.4,6.2,67,123,87,2,6,10.0,85.3,3,3,Yes
U00832,2025-10-28,37,Student,6.8,9.0,8.6,5.7,7.6,26,144,120,0,6,7.0,69.0,8,4,No
U02784,2025-10-28,42,Analyst,4.9,7.0,6.4,3.5,9.9,54,105,89,0,5,10.0,76.2,8,5,Yes
U01686,2025-10-28,49,Teacher,6.0,10.0,11.6,4.4,6.2,6,196,142,1,7,7.0,49.7,10,5,No
U01607,2025-10-28,31,Freelancer,5.0,10.0,6.6,3.8,8.3,70,146,99,2,5,8.0,81.5,7,3,No
U02360,2025-10-28,57,Teacher,7.9,8.0,7.9,1.9,10.9,15,143,81,2,8,7.0,75.4,6,2,No
U01706,2025-10-28,39,Freelancer,7.3,10.0,4.3,1.2,8.2,37,70,35,5,3,8.0,96.5,5,5,Yes
U01903,2025-10-28,39,Student,8.4,9.0,7.9,1.4,6.2,20,107,88,2,3,8.0,82.9,8,5,Yes
U06438,2025-10-28,24,Software Engineer,7.4,10.0,3.1,1.6,10.8,43,83,50,1,1,9.0,100.0,3,1,No
U06150,2025-10-28,24,Teacher,5.0,7.0,8.2,2.2,6.1,30,157,102,1,6,7.0,59.9,8,6,No
U02612,2025-10-28,34,Teacher,9.7,10.0,6.9,3.8,7.7,12,121,105,1,4,9.0,90.9,7,4,No
U03936,2025-10-28,34,Student,9.6,10.0,4.1,2.8,11.0,43,106,61,4,3,10.0,100.0,9,6,No
U00486,2025-10-28,24,Freelancer,6.9,10.0,5.5,1.8,5.7,59,77,86,1,3,9.0,84.2,9,4,No
U03122,2025-10-28,58,Freelancer,7.2,10.0,8.0,0.7,9.2,88,158,73,4,4,9.0,92.7,10,4,No
U03390,2025-10-28,30,Freelancer,5.7,9.0,5.4,3.4,6.7,38,113,74,4,5,9.0,79.6,4,4,No
U05741,2025-10-28,46,Designer,7.3,10.0,6.3,0.1,8.5,44,128,61,2,6,8.0,79.3,3,3,No
U02990,2025-10-28,37,Student,6.6,7.0,10.5,3.0,5.5,31,146,144,0,5,10.0,62.6,8,5,No
U03888,2025-10-28,22,Analyst,6.0,7.0,5.5,2.2,7.9,21,62,69,2,3,10.0,89.5,7,4,Yes
U02176,2025-10-28,45,Freelancer,8.4,10.0,8.2,1.7,7.5,55,120,106,2,4,9.0,95.6,10,7,Yes
U02774,2025-10-29,19,Teacher,7.3,10.0,5.8,3.2,6.3,4,123,81,1,4,,80.1,6,2,No
U01446,2025-10-29,34,Analyst,7.5,10.0,3.9,2.0,7.9,46,51,68,1,3,10.0,92.9,4,4,No
U03398,2025-10-29,34,Designer,6.6,9.0,4.7,2.3,9.3,8,135,60,3,3,10.0,100.0,6,4,Yes
U00303,2025-10-29,50,Designer,6.2,9.0,5.0,2.8,8.8,18,79,44,3,3,10.0,95.3,10,4,Yes
U05452,2025-10-29,31,Software Engineer,7.7,7.0,7.6,4.8,7.3,99,169,140,1,4,10.0,88.8,14,10,No
U02903,2025-10-29,18,Designer,4.5,8.0,6.4,1.0,12.0,31,115,46,3,7,7.0,78.4,8,3,Yes
U03911,2025-10-29,28,Designer,5.7,8.0,2.2,0.1,12.0,129,87,45,4,1,10.0,100.0,8,7,Yes
U03568,2025-10-29,27,Teacher,8.5,10.0,2.0,0.6,11.7,27,32,34,1,3,9.0,100.0,7,7,No
U06744,2025-10-29,27,Teacher,5.6,7.0,5.0,1.1,10.0,5,96,67,0,5,6.0,71.4,5,3,No
U06103,2025-10-29,55,Teacher,4.8,5.0,8.5,2.2,9.1,15,114,103,2,5,7.0,65.6,7,3,Yes
U05690,2025-10-29,35,Designer,6.0,8.0,3.9,2.8,8.6,24,39,85,1,1,9.0,89.3,3,2,No
U00277,2025-10-29,53,Software Engineer,6.5,9.0,8.5,2.3,5.8,26,152,91,1,7,7.0,59.0,8,3,No
U05712,2025-10-29,35,Analyst,5.9,10.0,5.7,1.7,8.5,72,138,74,0,6,8.0,84.5,2,1,No
U03929,2025-10-30,32,Student,5.7,9.0,5.7,1.8,5.3,87,107,84,0,5,10.0,88.5,8,3,Yes
U02139,2025-10-30,25,Designer,5.7,8.0,7.6,3.0,9.9,32,127,109,4,6,9.0,76.9,4,1,No
U02162,2025-10-30,33,Analyst,7.7,10.0,7.6,4.6,9.2,19,147,128,1,6,10.0,80.1,9,4,Yes
U02499,2025-10-30,19,Analyst,6.6,10.0,8.1,2.0,6.1,43,134,97,0,5,8.0,82.5,10,6,Yes
U06467,2025-10-30,44,Software Engineer,6.2,10.0,6.2,2.5,5.9,63,132,66,4,5,8.0,85.3,8,5,No
U00160,2025-10-30,50,Teacher,6.7,8.0,2.2,0.9,9.2,8,32,46,1,5,7.0,100.0,7,2,No
U04107,2025-10-30,32,Software Engineer,8.7,10.0,6.3,3.7,10.5,91,144,79,1,2,10.0,100.0,8,6,No
U03117,2025-10-30,32,Designer,9.0,10.0,7.0,1.4,9.6,13,133,93,0,2,10.0,100.0,5,4,No
U01209,2025-10-30,34,Teacher,7.3,10.0,9.6,3.2,8.3,6,160,149,1,6,8.0,72.3,8,5,No
U04865,2025-10-30,33,Student,6.9,9.0,5.2,1.8,5.0,14,87,69,1,5,9.0,79.8,12,5,No
U06089,2025-10-30,37,Analyst,6.4,10.0,4.7,0.5,11.7,91,87,47,2,3,6.0,90.3,13,8,No
U01704,2025-10-30,30,Student,8.3,9.0,4.4,2.2,12.0,41,107,50,0,3,10.0,100.0,7,4,No
U01807,2025-10-30,59,Teacher,6.7,9.0,3.9,1.5,5.6,74,86,59,2,3,10.0,96.5,7,3,No
U06588,2025-10-30,47,Software Engineer,7.6,10.0,6.7,0.7,4.3,5,123,80,1,3,9.0,73.3,5,1,No
U04212,2025-10-30,45,Teacher,5.6,8.0,8.4,1.6,9.0,37,116,112,1,6,7.0,55.5,3,0,No
U02134,2025-10-31,19,Designer,5.2,9.0,7.3,3.8,10.7,17,163,134,0,8,7.0,75.4,4,1,No
U04625,2025-10-31,19,Analyst,6.9,10.0,7.6,1.9,9.2,45,153,90,2,7,9.0,84.5,7,3,No
U05963,2025-10-31,19,Designer,6.3,7.0,9.5,2.7,6.6,14,155,120,3,7,8.0,60.1,9,5,No
U03704,2025-10-31,25,Student,6.6,10.0,3.5,1.8,8.6,65,118,62,2,2,9.0,97.2,13,10,Yes
U05113,2025-10-31,23,Software Engineer,7.0,10.0,5.7,1.5,7.7,32,116,69,2,4,7.0,86.2,6,5,No
U03024,2025-10-31,39,Student,7.1,10.0,7.0,2.5,3.4,60,152,92,2,6,9.0,86.4,6,4,No
U01358,2025-10-31,41,Freelancer,5.1,7.0,3.9,2.5,9.0,56,100,74,0,4,10.0,98.3,5,1,No
U05236,2025-10-31,33,Analyst,4.5,7.0,11.1,1.5,7.7,31,207,115,3,9,5.0,44.2,8,2,No
U05109,2025-10-31,52,Software Engineer,9.5,10.0,9.0,3.7,8.4,52,148,105,2,4,10.0,100.0,10,6,Yes
U02834,2025-10-31,38,Software Engineer,8.2,10.0,2.7,1.6,9.0,22,89,54,3,4,8.0,100.0,13,9,No
U06834,2025-10-31,58,Freelancer,6.3,7.0,5.7,0.8,9.3,39,82,71,1,3,8.0,81.0,4,1,No
U00800,2025-10-31,52,Analyst,6.7,10.0,4.2,1.9,12.0,19,122,42,0,5,9.0,84.6,2,2,No
U00789,2025-10-31,44,Designer,6.7,7.0,7.0,2.2,8.1,17,113,95,1,7,8.0,70.8,6,2,Yes
U00459,2025-10-31,50,Teacher,4.8,9.0,4.9,1.2,10.5,15,92,32,0,5,9.0,67.6,5,3,No
U06210,2025-10-31,46,Software Engineer,6.7,8.0,7.3,3.7,9.2,22,149,101,1,6,8.0,77.2,5,2,Yes
U03937,2025-10-31,51,Designer,8.7,10.0,5.3,1.0,11.8,21,112,62,0,3,10.0,94.9,8,7,No
U00878,2025-10-31,32,Analyst,7.3,10.0,7.3,2.3,7.6,39,139,83,1,4,10.0,89.0,11,8,No
U01977,2025-11-01,25,Teacher,7.5,10.0,6.1,3.5,7.3,25,92,73,0,3,8.0,94.3,13,10,No
U04512,2025-11-01,50,Student,5.6,10.0,3.7,2.6,9.5,56,117,61,2,5,9.0,100.0,5,3,Yes
U02035,2025-11-01,47,Student,6.9,10.0,6.9,2.6,7.7,55,108,81,1,4,10.0,96.3,7,6,Yes
U04993,2025-11-01,41,Teacher,8.2,10.0,9.6,4.8,6.0,98,158,126,1,4,7.0,70.2,10,4,No
U04401,2025-11-01,26,Freelancer,5.9,8.0,5.4,2.8,8.1,55,146,52,2,4,9.0,88.6,6,2,No
U00623,2025-11-01,29,Software Engineer,3.9,3.0,11.2,6.6,4.5,66,176,146,1,8,6.0,39.2,3,3,No
U02653,2025-11-01,53,Designer,5.2,9.0,7.7,2.7,10.4,74,127,95,0,5,6.0,72.1,7,3,No
U00339,2025-11-01,19,Teacher,7.8,8.0,6.4,0.5,9.3,33,103,53,1,5,9.0,85.8,3,2,No
U03267,2025-11-01,34,Teacher,7.3,9.0,4.8,3.3,9.5,39,93,64,5,5,8.0,98.6,5,5,No
U05828,2025-11-01,60,Designer,7.9,10.0,4.5,2.2,11.8,13,78,61,1,4,8.0,79.4,8,6,No
U00547,2025-11-01,52,Freelancer,8.0,9.0,4.0,0.8,8.7,39,85,48,2,2,8.0,100.0,8,8,No
U05267,2025-11-01,53,Teacher,5.5,6.0,4.5,3.3,8.6,55,93,78,2,3,9.0,92.7,5,4,No
U00353,2025-11-01,30,Analyst,5.4,10.0,8.7,2.4,10.4,20,143,96,1,5,8.0,81.5,7,6,Yes
U00015,2025-11-01,41,Software Engineer,7.9,10.0,7.5,4.4,8.0,6,184,94,3,6,9.0,70.9,4,3,No
U06372,2025-11-01,45,Analyst,7.5,9.0,7.3,3.0,8.7,36,119,92,0,8,10.0,75.6,8,3,No
U04245,2025-11-02,49,Analyst,8.1,10.0,6.5,0.4,7.8,42,141,59,3,4,9.0,90.1,9,6,No
U05383,2025-11-02,43,Freelancer,6.7,10.0,9.0,1.0,4.8,18,140,108,1,8,7.0,45.1,5,4,Yes
U04265,2025-11-02,40,Designer,7.2,9.0,8.6,2.5,11.2,55,133,105,2,6,9.0,83.5,8,4,No
U00825,2025-11-02,34,Analyst,5.7,7.0,11.3,3.0,5.4,37,190,126,1,8,7.0,50.2,11,6,Yes
U03511,2025-11-02,47,Teacher,8.9,10.0,5.0,1.7,8.3,22,95,54,0,2,10.0,100.0,4,4,Yes
U05358,2025-11-02,48,Designer,5.7,7.0,4.6,2.5,6.7,112,100,53,1,2,10.0,100.0,2,2,No
U01347,2025-11-02,35,Teacher,7.6,10.0,7.7,5.1,10.5,44,184,115,4,5,9.0,95.7,4,1,No
U00930,2025-11-02,31,Analyst,9.2,10.0,5.6,2.8,12.0,38,124,78,0,4,9.0,100.0,8,5,No
U03096,2025-11-02,42,Freelancer,7.2,10.0,8.7,3.6,9.5,45,133,111,0,6,8.0,91.7,9,3,Yes
U00167,2025-11-02,23,Analyst,7.2,10.0,4.0,1.0,12.0,24,60,41,1,4,6.0,94.6,12,9,No
U00989,2025-11-02,44,Student,6.5,9.0,9.8,2.5,7.3,28,199,99,2,8,8.0,59.1,7,4,No
U06628,2025-11-02,57,Software Engineer,6.7,10.0,5.3,1.9,11.1,10,106,76,1,4,9.0,93.9,9,6,No
U03444,2025-11-02,21,Teacher,8.5,10.0,4.4,2.0,11.6,11,98,66,0,3,10.0,95.2,9,6,No
U01026,2025-11-02,28,Teacher,7.8,10.0,5.6,3.5,8.9,12,110,82,1,4,6.0,82.2,6,4,No
U06982,2025-11-02,32,Teacher,7.2,8.0,4.5,1.9,8.2,16,52,58,0,4,7.0,92.6,4,2,No
U06481,2025-11-02,27,Analyst,5.8,9.0,9.1,4.2,6.9,32,163,116,1,8,7.0,59.5,9,4,Yes
U03803,2025-11-02,35,Software Engineer,8.3,10.0,1.0,0.2,12.0,93,36,17,2,2,10.0,100.0,6,5,Yes
U03922,2025-11-03,42,Software Engineer,10.0,10.0,3.5,1.9,10.2,16,90,54,1,2,10.0,100.0,4,3,No
U02431,2025-11-03,57,Designer,8.0,10.0,3.8,1.0,10.9,42,76,41,3,2,8.0,100.0,9,7,No
U05289,2025-11-03,46,Software Engineer,8.9,10.0,8.2,3.7,6.8,31,124,123,0,4,8.0,94.4,8,4,No
U05783,2025-11-03,49,Designer,8.0,10.0,6.7,3.9,8.6,57,142,91,0,2,9.0,100.0,5,4,Yes
U02049,2025-11-03,24,Student,7.8,10.0,5.7,2.4,7.9,39,99,77,0,4,9.0,88.8,13,10,No
U00107,2025-11-03,40,Software Engineer,8.8,10.0,7.7,1.7,11.3,16,120,91,1,5,9.0,85.0,5,4,No
U06158,2025-11-03,57,Teacher,7.1,10.0,6.7,4.3,7.2,49,114,102,3,5,7.0,78.9,7,4,No
U02691,2025-11-03,23,Analyst,6.0,8.0,5.7,3.9,10.8,40,107,93,1,3,8.0,93.8,6,3,Yes
U04262,2025-11-03,40,Freelancer,8.6,10.0,7.8,0.8,7.2,69,159,77,1,2,10.0,97.4,9,6,No
U03935,2025-11-03,56,Software Engineer,6.8,10.0,5.2,1.3,9.8,24,90,37,2,5,10.0,92.2,9,7,No
U02994,2025-11-03,26,Analyst,5.4,10.0,8.5,5.2,4.9,31,156,137,1,6,4.0,45.4,7,2,No
U05571,2025-11-03,39,Designer,6.9,9.0,5.6,1.9,12.0,12,102,47,0,6,9.0,90.0,7,4,No
U06537,2025-11-03,45,Analyst,6.4,10.0,8.5,1.5,8.8,31,132,84,3,6,9.0,69.5,6,1,Yes
U05649,2025-11-03,46,Analyst,5.8,9.0,8.8,4.3,10.7,15,181,103,2,8,6.0,54.3,8,5,No
U04566,2025-11-03,51,Freelancer,6.7,7.0,7.7,4.6,9.3,45,167,128,1,6,9.0,69.4,10,6,No
U01043,2025-11-03,60,Freelancer,8.5,10.0,11.9,3.5,5.4,20,207,147,2,7,9.0,53.4,4,2,No
U03860,2025-11-03,41,Designer,7.1,10.0,3.0,1.5,9.2,26,111,36,4,5,8.0,97.6,5,4,No
U04206,2025-11-03,21,Teacher,8.8,10.0,5.3,2.9,9.8,20,88,67,0,4,8.0,96.9,5,4,No
U01518,2025-11-04,60,Software Engineer,7.9,10.0,6.1,2.4,11.1,114,141,54,1,4,10.0,97.7,5,2,No
U02268,2025-11-04,21,Analyst,5.6,6.0,5.4,2.6,6.5,49,96,85,0,4,9.0,81.4,11,6,No
U04727,2025-11-04,39,Student,6.2,7.0,2.2,0.1,12.0,70,47,23,0,1,8.0,100.0,8,7,Yes
U02812,2025-11-04,44,Student,7.0,10.0,7.8,1.6,7.5,9,137,83,2,7,4.0,55.7,5,3,No
U01058,2025-11-04,39,Designer,5.3,5.0,7.7,5.1,9.6,4,169,97,0,6,7.0,53.8,6,5,No
U02330,2025-11-04,54,Freelancer,5.3,6.0,3.3,0.2,10.4,20,85,21,0,4,7.0,92.3,9,5,Yes
U00917,2025-11-04,18,Analyst,8.9,10.0,5.2,2.3,9.0,14,104,96,2,5,9.0,100.0,5,2,No
U00639,2025-11-04,54,Teacher,6.9,10.0,7.4,0.5,10.0,26,118,104,2,4,8.0,73.3,9,4,No
U01195,2025-11-04,22,Analyst,7.4,9.0,5.9,1.8,7.5,25,147,74,1,5,8.0,77.2,8,6,No
U03405,2025-11-04,43,Freelancer,7.4,10.0,9.3,2.1,7.0,33,160,106,5,3,9.0,89.6,10,7,No
U00438,2025-11-04,22,Freelancer,7.1,10.0,6.8,1.5,9.4,32,140,71,0,5,7.0,84.0,6,4,No
U01474,2025-11-04,22,Software Engineer,8.0,10.0,4.8,1.5,5.5,49,64,61,3,2,8.0,95.6,8,5,Yes
U00231,2025-11-04,57,Software Engineer,8.7,10.0,6.7,2.0,7.2,34,129,73,1,4,8.0,98.5,3,1,No
U02521,2025-11-04,25,Freelancer,6.2,7.0,8.8,2.7,4.4,35,163,105,2,5,9.0,58.7,7,5,Yes
U05298,2025-11-04,35,Designer,5.7,9.0,8.0,4.0,9.4,44,167,104,0,6,7.0,71.5,9,6,No
U02055,2025-11-04,39,Analyst,9.1,10.0,6.5,0.7,12.0,26,119,96,0,3,10.0,100.0,10,9,Yes
U01780,2025-11-04,37,Teacher,7.8,,7.7,2.2,9.6,67,110,100,0,2,10.0,100.0,4,4,Yes
U03614,2025-11-04,33,Teacher,8.2,10.0,10.5,3.0,4.6,23,184,116,2,8,9.0,64.1,12,6,Yes
U04198,2025-11-04,54,Designer,5.0,7.0,6.8,2.9,10.4,12,133,98,2,7,6.0,79.6,6,5,Yes
U04193,2025-11-04,60,Analyst,7.3,10.0,4.7,1.2,9.4,49,106,61,4,3,7.0,89.5,5,2,Yes
U00064,2025-11-04,27,Designer,7.9,9.0,7.5,3.8,9.3,33,126,129,1,3,8.0,89.1,2,0,No
U06202,2025-11-04,49,Designer,6.5,8.0,5.5,0.4,9.7,23,102,40,3,4,9.0,84.5,3,0,Yes
U03597,2025-11-04,57,Student,7.3,10.0,7.4,2.9,10.2,52,146,95,1,7,10.0,81.8,9,5,No
U03636,2025-11-04,51,Teacher,7.5,9.0,3.1,0.8,9.6,13,75,45,1,5,8.0,97.2,6,4,Yes
U04314,2025-11-04,57,Analyst,6.5,9.0,5.2,1.8,6.3,36,84,55,1,7,8.0,68.8,8,4,Yes
U06086,2025-11-04,52,Student,7.3,10.0,7.7,4.5,9.8,101,173,124,0,5,10.0,96.7,6,4,Yes
U00776,2025-11-04,45,Freelancer,6.3,9.0,5.4,2.2,6.6,6,94,53,0,5,8.0,61.6,8,3,No
U01861,2025-11-05,32,Teacher,7.7,10.0,6.7,3.3,2.4,36,126,81,2,4,9.0,85.6,4,3,Yes
U03706,2025-11-05,50,Teacher,7.5,10.0,5.6,0.9,9.1,47,65,61,0,3,8.0,100.0,6,4,No
U05723,2025-11-05,39,Designer,6.5,10.0,8.1,2.2,5.7,15,175,104,1,5,8.0,71.2,10,5,Yes
U04010,2025-11-05,34,Analyst,7.5,10.0,5.9,1.9,12.0,57,130,78,3,3,9.0,100.0,5,4,No
U03816,2025-11-05,34,Analyst,7.1,10.0,9.5,4.9,8.3,73,171,138,5,6,10.0,80.8,11,6,No
U06042,2025-11-05,59,Student,6.0,8.0,9.8,2.0,8.2,23,192,99,0,7,8.0,60.1,3,2,No
U02977,2025-11-05,19,Student,7.7,10.0,7.4,3.9,8.7,76,167,75,2,5,10.0,87.3,9,4,No
U04460,2025-11-05,55,Analyst,7.1,10.0,7.7,2.1,9.4,71,126,88,1,4,9.0,100.0,9,5,Yes
U06512,2025-11-05,37,Software Engineer,6.7,7.0,4.2,3.2,10.3,108,114,82,1,3,10.0,100.0,3,2,No
U01679,2025-11-05,25,Analyst,6.3,8.0,4.6,3.0,4.9,70,99,63,2,1,10.0,100.0,7,6,No
U06650,2025-11-05,34,Teacher,8.4,10.0,2.4,0.3,9.5,12,79,45,0,3,10.0,100.0,7,5,No
U04319,2025-11-05,30,Designer,5.2,7.0,7.2,3.2,6.7,72,153,85,2,4,9.0,99.6,5,1,No
U05634,2025-11-05,43,Software Engineer,8.7,10.0,5.4,2.4,10.1,33,116,57,1,4,10.0,90.8,11,6,No
U01642,2025-11-05,44,Designer,7.2,10.0,3.4,1.1,9.1,75,56,52,2,1,10.0,98.0,9,6,No
U01498,2025-11-05,44,Teacher,5.8,8.0,8.3,3.3,8.8,11,156,100,3,6,7.0,69.2,5,3,No
U05021,2025-11-05,57,Teacher,8.1,10.0,5.1,3.8,6.5,18,99,68,2,5,9.0,83.3,8,6,No
U04806,2025-11-05,38,Designer,5.3,10.0,8.7,1.8,9.9,47,146,95,3,7,8.0,71.4,6,3,No
U05537,2025-11-05,46,Software Engineer,7.8,10.0,4.1,1.6,11.5,20,118,54,3,4,9.0,100.0,12,10,Yes
U05310,2025-11-05,53,Designer,7.6,10.0,3.4,1.1,8.9,48,73,30,2,4,8.0,95.2,3,2,Yes
U03489,2025-11-06,29,Student,6.6,9.0,7.9,3.1,6.7,40,124,76,1,7,10.0,78.8,5,5,No
U02001,2025-11-06,23,Designer,6.0,9.0,5.4,2.0,10.1,58,107,89,1,2,10.0,99.1,9,6,No
U01778,2025-11-06,21,Student,5.2,8.0,3.4,1.5,9.3,84,53,83,2,2,10.0,100.0,4,2,No
U06722,2025-11-06,55,Software Engineer,6.8,8.0,8.0,5.5,5.4,97,142,126,3,4,10.0,86.7,4,3,No
U03742,2025-11-06,25,Designer,7.9,9.0,7.7,4.1,7.9,23,162,107,2,4,8.0,79.9,9,5,Yes
U00694,2025-11-06,26,Software Engineer,7.2,10.0,4.9,3.0,12.0,21,103,91,1,4,9.0,99.6,5,2,No
U00787,2025-11-06,31,Freelancer,6.1,8.0,7.2,4.0,5.4,5,182,101,1,9,5.0,50.7,7,3,Yes
U03055,2025-11-06,37,Software Engineer,8.2,10.0,6.6,3.5,5.8,7,144,80,1,4,7.0,66.2,8,4,Yes
U04992,2025-11-06,38,Analyst,8.6,10.0,9.6,5.2,3.7,15,174,141,2,3,10.0,73.0,8,3,No
U03137,2025-11-06,19,Freelancer,5.5,9.0,7.6,1.5,9.0,49,128,86,0,6,8.0,78.3,5,3,Yes
U03842,2025-11-06,25,Student,7.4,10.0,6.1,0.5,6.2,18,71,69,1,5,9.0,72.8,7,4,No
U00406,2025-11-06,42,Analyst,4.7,10.0,4.9,1.0,9.4,25,87,78,3,6,5.0,75.6,4,4,No
U04824,2025-11-06,44,Analyst,6.8,10.0,1.0,1.3,11.2,38,33,36,1,3,8.0,100.0,7,6,No
U02568,2025-11-06,43,Freelancer,6.9,10.0,8.2,1.7,6.8,6,149,95,1,5,8.0,71.5,7,2,No
U02054,2025-11-06,38,Student,6.8,10.0,8.6,5.9,3.0,76,182,142,3,3,10.0,77.8,6,4,Yes
U03451,2025-11-06,31,Analyst,9.4,10.0,6.3,3.1,7.9,40,106,97,2,3,9.0,92.9,9,7,Yes
U05641,2025-11-06,31,Analyst,9.0,10.0,5.1,1.5,7.3,74,65,65,6,2,10.0,100.0,9,7,Yes
U00016,2025-11-07,20,Software Engineer,8.4,10.0,4.8,0.7,11.1,38,85,46,4,4,8.0,100.0,5,2,No
U06280,2025-11-07,50,Designer,8.3,10.0,4.7,2.0,11.9,33,99,66,5,5,9.0,97.8,3,2,No
U05501,2025-11-07,57,Student,5.2,8.0,9.1,3.5,7.0,28,123,114,1,8,6.0,42.5,5,3,No
U05603,2025-11-07,45,Student,8.8,10.0,7.4,1.9,5.1,8,145,98,3,6,9.0,87.9,4,1,No
U05456,2025-11-07,31,Freelancer,7.9,10.0,8.7,6.1,9.5,12,186,131,1,7,7.0,71.9,9,5,No
U05038,2025-11-07,42,Teacher,8.0,10.0,4.9,2.1,7.2,18,101,65,2,2,7.0,93.7,10,6,Yes
U04797,2025-11-07,27,Analyst,9.4,10.0,8.4,5.5,10.1,19,194,105,4,5,8.0,86.4,11,9,Yes
U02441,2025-11-07,58,Teacher,8.2,9.0,7.7,4.3,7.0,42,186,104,0,5,10.0,86.7,8,3,Yes
U03687,2025-11-07,32,Teacher,7.1,10.0,5.8,3.8,8.8,26,89,85,1,2,9.0,87.9,3,0,No
U05928,2025-11-07,40,Designer,8.3,10.0,2.4,1.1,9.1,14,73,57,4,3,10.0,99.8,4,3,No
U00886,2025-11-07,43,Software Engineer,6.5,8.0,6.7,1.8,8.8,46,109,91,2,3,10.0,85.2,9,7,No
U04918,2025-11-07,60,Freelancer,5.3,6.0,7.2,3.6,5.9,76,110,98,2,10,8.0,64.9,10,3,No
U01442,2025-11-07,37,Designer,7.6,10.0,5.2,2.9,8.0,32,133,78,1,6,9.0,79.9,9,4,Yes
U03212,2025-11-07,22,Student,4.8,8.0,9.6,5.6,9.4,11,192,162,1,9,7.0,50.5,11,5,No
U05644,2025-11-07,45,Software Engineer,7.8,9.0,6.2,1.3,9.3,72,110,63,1,2,10.0,100.0,4,2,No
U00912,2025-11-08,19,Designer,8.7,10.0,12.7,4.8,8.2,87,197,162,0,5,10.0,87.1,5,4,No
U03805,2025-11-08,18,Teacher,7.1,9.0,5.6,4.5,8.8,27,103,94,3,5,7.0,81.3,4,3,Yes
U01569,2025-11-08,39,Student,6.9,9.0,6.0,3.1,10.1,14,143,82,1,6,5.0,71.0,7,3,Yes
U03809,2025-11-08,40,Designer,5.4,6.0,7.0,2.2,6.2,78,145,94,0,2,9.0,84.1,9,4,No
U04337,2025-11-08,34,Freelancer,6.2,8.0,8.0,3.2,7.2,41,158,98,0,5,8.0,78.0,3,2,Yes
U06436,2025-11-08,58,Software Engineer,5.2,9.0,6.2,1.4,7.7,19,107,82,0,6,9.0,78.5,6,3,No
U03702,2025-11-08,23,Freelancer,9.4,10.0,9.2,5.7,5.9,31,175,134,0,6,10.0,80.7,7,6,Yes
U01309,2025-11-08,29,Software Engineer,7.2,9.0,9.1,5.8,7.1,80,189,139,4,6,9.0,68.9,10,5,No
U04286,2025-11-08,50,Software Engineer,8.5,,3.6,2.1,8.3,31,76,63,0,3,9.0,99.7,7,5,No
U06351,2025-11-08,40,Software Engineer,5.8,8.0,3.6,2.1,10.5,41,74,53,1,2,10.0,100.0,9,6,No
U05318,2025-11-08,26,Student,7.3,9.0,6.4,2.5,12.0,63,148,108,2,6,6.0,87.7,6,3,No
U05129,2025-11-08,25,Teacher,6.4,7.0,4.0,0.0,7.6,49,92,56,3,5,8.0,77.8,4,3,No
U06904,2025-11-08,48,Student,8.6,10.0,4.0,2.5,12.0,32,69,81,3,3,10.0,100.0,9,8,Yes
U02359,2025-11-08,35,Software Engineer,6.6,7.0,6.2,3.7,10.9,10,117,105,2,7,9.0,73.4,4,4,No
U06970,2025-11-08,47,Student,8.6,10.0,8.0,3.1,7.2,52,159,87,1,4,10.0,79.8,8,5,No
U04073,2025-11-08,56,Analyst,6.4,7.0,6.7,2.9,8.3,41,113,79,1,4,9.0,91.0,9,6,Yes
U01052,2025-11-08,48,Teacher,4.7,6.0,4.8,3.1,10.3,61,112,55,1,6,7.0,98.5,7,3,Yes
U04694,2025-11-08,30,Student,7.6,10.0,5.3,1.6,6.9,19,120,53,5,4,9.0,92.8,7,5,No
U05478,2025-11-08,22,Analyst,7.2,10.0,3.1,2.6,10.7,49,44,44,2,3,10.0,100.0,5,5,No
U01129,2025-11-08,47,Software Engineer,5.6,10.0,6.3,0.4,4.0,19,75,74,1,5,7.0,62.1,8,5,No
U00733,2025-11-08,50,Analyst,7.6,10.0,10.5,3.5,4.8,94,168,125,1,5,,83.0,6,3,No
U05157,2025-11-08,46,Student,7.1,10.0,6.8,4.3,9.1,42,121,76,3,4,8.0,89.7,8,6,No
U00616,2025-11-08,32,Student,6.2,8.0,9.1,4.6,7.8,30,145,110,0,6,6.0,63.9,7,5,Yes
U00883,2025-11-08,32,Analyst,4.1,9.0,6.8,1.9,10.3,26,100,90,2,6,6.0,72.3,5,2,No
U02606,2025-11-08,47,Student,9.6,10.0,3.5,0.2,9.7,17,39,46,4,2,9.0,100.0,8,8,Yes
U04091,2025-11-08,44,Analyst,4.4,7.0,4.6,2.2,8.1,8,119,70,1,5,8.0,71.1,5,5,No
U02671,2025-11-09,31,Analyst,5.0,7.0,6.8,1.9,11.3,34,124,85,2,5,8.0,85.4,6,3,No
U00373,2025-11-09,59,Freelancer,9.6,10.0,8.5,3.3,6.3,37,129,97,2,4,9.0,94.9,12,7,No
U06115,2025-11-09,36,Teacher,6.9,7.0,9.0,4.3,4.8,17,161,129,0,5,8.0,59.2,9,4,No
U04217,2025-11-09,55,Analyst,8.3,10.0,6.1,3.6,6.5,36,134,85,3,5,8.0,83.0,4,2,Yes
U01521,2025-11-09,59,Analyst,5.5,10.0,7.5,4.4,10.5,119,135,110,0,1,10.0,100.0,5,3,Yes
U02781,2025-11-09,23,Designer,7.2,9.0,11.0,3.8,7.1,49,192,155,2,5,9.0,85.7,3,2,Yes
U05569,2025-11-09,39,Teacher,5.5,6.0,9.0,4.4,7.3,49,148,112,2,5,8.0,71.4,7,2,No
U04615,2025-11-09,55,Analyst,7.4,9.0,8.5,4.1,8.3,59,155,112,2,5,9.0,82.7,10,6,No
U01691,2025-11-09,37,Designer,9.7,10.0,8.1,5.0,7.9,55,151,118,1,4,10.0,100.0,5,3,No
U01378,2025-11-09,19,Designer,7.4,10.0,6.4,2.0,7.3,50,80,71,1,4,8.0,93.0,9,4,Yes
U06389,2025-11-09,36,Teacher,6.7,10.0,7.6,1.8,10.3,67,131,84,1,4,10.0,96.0,3,0,No
U03198,2025-11-09,52,Analyst,5.7,9.0,6.7,4.2,10.0,34,158,101,2,4,8.0,92.9,11,9,No
U04111,2025-11-09,53,Student,9.6,10.0,10.5,3.3,4.4,22,189,119,1,5,8.0,73.7,3,3,No
U01148,2025-11-09,25,Analyst,6.2,8.0,3.8,0.7,12.0,38,52,45,1,3,10.0,88.8,7,4,No
U05016,2025-11-09,46,Analyst,8.1,10.0,6.0,2.8,9.6,59,115,85,3,3,10.0,100.0,2,2,No
U00421,2025-11-09,31,Software Engineer,8.2,10.0,7.0,2.0,8.9,21,146,92,2,2,10.0,99.0,4,2,No
U05557,2025-11-10,29,Student,7.6,9.0,6.9,3.9,5.0,25,200,102,1,6,8.0,63.7,7,3,No
U04221,2025-11-10,38,Software Engineer,6.5,9.0,5.7,2.9,9.3,63,115,79,3,4,9.0,95.0,6,2,No
U04029,2025-11-10,24,Software Engineer,5.2,7.0,5.4,2.2,9.3,50,96,73,2,3,10.0,87.1,5,3,No
U00780,2025-11-10,23,Software Engineer,6.8,10.0,5.8,3.0,9.2,102,137,79,0,4,10.0,98.5,6,4,No
U04982,2025-11-10,38,Student,8.6,10.0,7.8,5.3,5.6,13,183,96,2,4,6.0,69.1,9,5,No
U01657,2025-11-10,26,Analyst,6.4,10.0,4.5,2.4,9.3,34,115,50,2,4,8.0,91.2,8,7,No
U01416,2025-11-10,54,Teacher,5.4,7.0,4.6,2.0,6.5,32,107,66,1,7,7.0,65.0,8,2,No
U01376,2025-11-10,33,Teacher,7.2,6.0,8.0,3.3,9.3,68,196,117,1,8,8.0,77.5,6,5,Yes
U03948,2025-11-10,18,Teacher,8.1,10.0,6.7,3.5,10.0,25,68,98,0,5,8.0,87.5,10,6,No
U04748,2025-11-10,35,Designer,8.1,10.0,7.9,0.9,5.9,41,148,91,1,6,10.0,73.1,6,4,No
U00645,2025-11-10,50,Software Engineer,8.4,10.0,6.0,2.0,7.8,31,122,63,2,5,9.0,94.7,7,4,No
U03619,2025-11-10,24,Analyst,6.2,10.0,6.9,3.6,8.5,23,164,107,1,9,8.0,61.7,6,2,Yes
U03233,2025-11-10,23,Analyst,8.7,10.0,7.2,2.1,7.8,8,138,90,0,6,10.0,77.1,6,4,Yes
U01203,2025-11-10,41,Analyst,8.7,10.0,8.7,5.9,10.4,7,178,128,3,5,10.0,91.6,6,3,No
U04894,2025-11-10,55,Student,6.3,10.0,4.6,1.6,9.9,25,93,48,1,6,8.0,90.4,12,7,No
U00673,2025-11-10,58,Designer,6.7,10.0,10.0,4.8,5.3,35,234,140,2,8,8.0,48.7,8,5,No
U05393,2025-11-10,19,Software Engineer,6.8,10.0,6.5,0.8,8.0,22,106,69,3,4,9.0,81.0,8,4,Yes
U00691,2025-11-11,34,Designer,6.4,10.0,4.7,2.9,10.6,22,123,86,2,4,9.0,83.9,10,7,No
U04832,2025-11-11,45,Designer,7.8,10.0,8.3,1.5,9.5,157,115,64,3,2,10.0,100.0,13,11,Yes
U05814,2025-11-11,26,Designer,4.2,5.0,8.4,1.5,12.0,12,134,94,0,7,8.0,69.5,5,3,No
U06486,2025-11-11,58,Freelancer,6.4,10.0,7.7,2.8,9.7,152,140,72,3,5,10.0,100.0,9,6,No
U00455,2025-11-11,37,Teacher,7.6,10.0,8.0,2.4,8.4,148,142,103,2,4,10.0,100.0,6,3,No
U00341,2025-11-11,34,Analyst,5.8,9.0,5.8,4.2,9.0,72,114,76,5,3,9.0,87.5,8,5,No
U04965,2025-11-11,52,Analyst,6.5,9.0,8.0,4.6,8.0,37,132,131,2,6,7.0,71.7,8,4,No
U05414,2025-11-11,44,Teacher,8.5,10.0,3.9,1.8,11.6,21,97,50,0,3,10.0,100.0,7,3,Yes
U05787,2025-11-11,24,Freelancer,4.4,5.0,6.5,1.9,8.6,32,141,75,0,4,8.0,81.9,4,1,Yes
U05261,2025-11-11,53,Analyst,8.5,10.0,10.8,3.9,11.0,26,222,142,2,5,8.0,95.6,5,5,No
U05547,2025-11-11,46,Teacher,6.1,,8.9,5.6,8.4,17,186,137,2,7,6.0,63.4,8,3,No
U00051,2025-11-11,31,Designer,8.5,10.0,8.6,5.0,5.3,41,143,118,4,8,8.0,67.4,8,5,No
U05760,2025-11-11,51,Freelancer,6.6,10.0,7.8,3.1,7.8,13,177,112,4,5,9.0,61.2,10,4,No
U01962,2025-11-11,18,Designer,6.3,8.0,4.8,2.1,8.0,96,97,58,3,2,10.0,95.7,11,6,No
U06668,2025-11-11,27,Software Engineer,5.6,8.0,3.4,1.3,12.0,101,65,40,2,5,9.0,83.6,10,8,No
U06325,2025-11-11,41,Analyst,7.6,8.0,4.9,0.6,9.4,33,107,51,2,5,7.0,92.4,5,2,No
U04399,2025-11-11,60,Software Engineer,7.5,10.0,8.7,5.0,9.7,24,147,101,3,7,9.0,75.3,12,6,No
U02796,2025-11-11,54,Student,7.4,10.0,8.9,3.4,8.8,67,182,101,1,5,9.0,79.6,6,5,No
U03522,2025-11-11,56,Analyst,7.3,9.0,10.5,4.1,5.8,44,211,114,2,7,7.0,58.7,7,5,No
U01722,2025-11-12,56,Freelancer,9.6,10.0,8.3,1.5,5.8,38,140,78,1,7,10.0,86.1,6,2,No
U05402,2025-11-12,27,Designer,6.2,8.0,8.0,3.4,8.7,39,119,105,2,5,6.0,64.1,4,2,Yes
U04228,2025-11-12,20,Student,7.2,9.0,8.4,3.0,7.4,29,159,116,1,7,10.0,66.3,9,5,No
U04051,2025-11-12,58,Freelancer,6.7,10.0,8.8,4.9,8.6,9,220,128,1,7,7.0,72.6,5,1,Yes
U01817,2025-11-12,42,Teacher,7.2,10.0,8.3,3.0,7.8,3,151,107,2,6,5.0,62.0,3,1,No
U00715,2025-11-12,40,Freelancer,6.2,9.0,5.3,2.4,5.8,19,104,64,3,5,7.0,76.1,8,6,No
U02789,2025-11-12,29,Freelancer,6.2,8.0,6.0,2.9,8.9,92,111,85,2,5,9.0,96.3,9,4,No
U05301,2025-11-12,47,Designer,8.1,10.0,6.7,2.6,12.0,35,156,68,4,4,7.0,92.2,6,4,No
U04268,2025-11-12,47,Teacher,7.1,8.0,8.0,3.6,7.2,35,133,95,1,5,9.0,75.5,6,5,No
U05376,2025-11-12,59,Analyst,9.8,10.0,2.4,0.9,12.0,44,38,7,2,1,10.0,100.0,4,1,No
U02519,2025-11-12,42,Software Engineer,6.5,10.0,6.7,3.0,5.1,36,109,93,2,4,9.0,78.2,5,0,No
U03046,2025-11-12,25,Student,5.7,10.0,6.4,3.3,7.9,7,141,112,0,6,9.0,70.9,5,2,No
U00006,2025-11-12,38,Software Engineer,4.9,6.0,3.0,0.5,7.9,52,59,39,3,4,8.0,95.5,7,5,Yes
U04495,2025-11-12,38,Designer,7.5,10.0,7.2,1.7,8.4,45,100,84,2,5,10.0,88.7,11,7,No
U02802,2025-11-12,35,Software Engineer,6.1,9.0,9.6,5.6,5.6,47,193,140,2,5,9.0,70.2,4,3,No
U05957,2025-11-12,37,Designer,6.5,9.0,6.4,3.5,8.8,47,134,92,3,5,7.0,87.7,8,5,No
U04142,2025-11-12,44,Designer,5.6,8.0,5.9,2.2,12.0,48,105,71,3,3,8.0,99.3,8,6,Yes
U06079,2025-11-12,42,Freelancer,7.7,10.0,4.5,1.5,7.6,33,86,37,1,3,9.0,88.6,7,4,No
U04304,2025-11-12,45,Analyst,8.4,10.0,8.6,4.7,9.3,58,136,111,3,6,9.0,74.4,7,4,No
U04839,2025-11-12,56,Freelancer,7.9,10.0,4.6,1.3,9.1,5,79,46,1,4,10.0,99.7,6,3,No
U01928,2025-11-12,43,Freelancer,7.7,10.0,5.1,2.0,11.1,26,88,58,3,2,9.0,100.0,5,3,Yes
U03309,2025-11-12,32,Freelancer,7.0,10.0,4.6,2.9,8.4,18,119,63,1,5,6.0,76.2,5,5,No
U05589,2025-11-12,48,Student,8.2,10.0,6.1,2.4,8.3,3,113,64,1,3,9.0,94.4,4,2,No
U03739,2025-11-13,25,Student,6.0,10.0,6.1,2.3,7.3,51,145,89,2,6,8.0,69.9,7,3,No
U05595,2025-11-13,28,Designer,7.0,9.0,4.9,2.3,7.2,49,86,56,1,4,10.0,92.1,10,5,Yes
U04080,2025-11-13,37,Designer,7.1,10.0,8.9,3.2,7.2,18,133,89,1,6,7.0,70.1,5,3,No
U04948,2025-11-13,51,Designer,8.5,10.0,6.6,3.0,9.0,31,118,92,3,4,10.0,94.0,3,3,Yes
U06522,2025-11-13,37,Freelancer,7.2,10.0,10.8,5.7,8.9,31,199,122,2,9,7.0,63.1,8,4,No
U00609,2025-11-13,53,Student,5.3,8.0,8.1,3.4,6.8,29,163,114,2,6,10.0,63.2,2,0,No
U02205,2025-11-13,26,Analyst,5.6,10.0,6.4,1.1,11.1,53,123,70,3,4,8.0,100.0,11,10,Yes
U06732,2025-11-13,38,Freelancer,8.5,10.0,7.5,4.5,8.0,59,128,103,1,4,10.0,86.3,11,6,Yes
U05451,2025-11-13,27,Designer,8.4,10.0,9.1,5.9,5.4,22,213,118,3,5,8.0,69.7,7,4,No
U05980,2025-11-13,41,Teacher,8.0,10.0,8.1,2.7,9.0,56,135,79,2,4,9.0,95.1,5,2,No
U02039,2025-11-13,27,Software Engineer,6.7,8.0,7.1,1.4,5.4,4,99,82,2,7,6.0,57.5,6,3,No
U06315,2025-11-13,60,Designer,6.9,10.0,5.4,1.7,6.2,56,108,72,2,3,9.0,82.5,7,4,No
U04856,2025-11-13,48,Teacher,5.7,10.0,5.4,2.6,7.1,27,125,93,0,4,10.0,82.4,12,7,No
U01056,2025-11-13,57,Designer,6.0,8.0,7.6,3.5,7.0,30,142,108,2,5,8.0,65.5,7,3,Yes
U03142,2025-11-13,47,Software Engineer,6.8,8.0,5.6,0.6,7.3,101,138,58,0,2,10.0,100.0,6,3,No
U02122,2025-11-13,54,Teacher,8.0,10.0,7.2,3.0,10.2,53,149,91,1,1,10.0,95.1,5,4,No
U06009,2025-11-13,23,Designer,8.8,10.0,5.7,3.2,9.2,71,109,95,3,2,10.0,100.0,7,5,No
U04929,2025-11-13,18,Analyst,5.9,7.0,1.8,1.8,10.7,15,95,18,2,6,7.0,90.0,5,2,No
U00847,2025-11-13,54,Analyst,7.1,10.0,3.4,1.5,7.1,56,48,32,1,2,9.0,100.0,10,7,Yes
U04315,2025-11-13,59,Designer,6.7,10.0,6.8,3.6,8.6,47,124,83,2,4,7.0,91.4,8,5,Yes
U05193,2025-11-13,59,Designer,10.0,10.0,4.3,2.6,10.2,47,99,47,0,1,10.0,100.0,6,3,No
U00037,2025-11-13,26,Analyst,6.8,9.0,7.7,2.0,9.3,21,129,98,3,8,9.0,76.2,7,4,No
U06938,2025-11-13,34,Student,7.3,10.0,4.0,2.8,8.5,35,82,56,4,2,10.0,100.0,3,2,Yes
U06731,2025-11-13,25,Software Engineer,7.9,10.0,5.5,3.3,10.5,77,137,84,1,1,10.0,100.0,12,9,No
U02047,2025-11-14,37,Designer,6.0,10.0,5.4,1.0,9.9,12,68,74,3,4,8.0,90.3,14,9,No
U02397,2025-11-14,25,Teacher,6.3,10.0,8.5,3.4,7.9,34,122,114,3,6,8.0,67.0,10,6,No
U02425,2025-11-14,55,Designer,5.9,10.0,5.7,2.1,10.4,24,114,84,2,8,8.0,83.2,6,3,Yes
U02871,2025-11-14,43,Designer,7.5,10.0,7.3,2.1,6.0,19,125,105,1,5,8.0,76.8,4,3,No
U06456,2025-11-14,53,Teacher,7.6,10.0,4.9,3.1,8.1,63,120,67,4,3,10.0,96.5,13,9,No
U06368,2025-11-14,33,Freelancer,7.2,10.0,7.1,2.6,7.0,18,132,69,2,4,7.0,75.4,12,9,No
U04682,2025-11-14,25,Software Engineer,8.0,10.0,6.6,2.7,10.4,17,134,85,4,6,7.0,74.2,8,6,Yes
U04934,2025-11-14,29,Designer,7.2,10.0,3.9,1.0,9.6,5,77,54,2,1,7.0,97.9,5,3,Yes
U01071,2025-11-14,26,Analyst,5.2,8.0,8.6,4.4,4.9,11,128,131,0,7,8.0,53.5,10,6,No
U04457,2025-11-14,40,Teacher,7.1,7.0,3.0,2.0,10.0,70,77,51,5,4,8.0,100.0,3,1,Yes
U01934,2025-11-14,58,Analyst,7.3,10.0,8.3,2.5,9.3,83,162,86,1,5,7.0,88.9,8,5,No
U06811,2025-11-14,30,Software Engineer,7.7,10.0,6.5,2.6,9.1,61,124,85,2,4,10.0,98.3,5,3,No
U00195,2025-11-14,19,Student,7.4,10.0,12.1,7.3,6.3,24,258,170,2,8,8.0,56.2,6,2,Yes
U03624,2025-11-14,25,Software Engineer,6.0,9.0,3.7,2.4,10.1,10,70,25,2,4,6.0,88.6,4,1,Yes
U02664,2025-11-14,59,Designer,7.2,10.0,7.3,2.3,9.2,19,113,85,1,5,9.0,69.8,6,1,No
U04138,2025-11-14,32,Designer,5.5,10.0,7.4,2.7,8.0,7,118,104,2,5,7.0,71.1,10,6,No
U04549,2025-11-15,38,Designer,7.3,10.0,3.2,1.7,12.0,18,55,64,3,6,8.0,85.6,7,4,Yes
U03300,2025-11-15,43,Student,7.6,10.0,7.9,1.5,10.1,26,143,84,2,6,9.0,89.6,6,4,Yes
U03939,2025-11-15,46,Analyst,7.2,10.0,5.3,3.0,6.6,41,115,83,1,1,10.0,91.1,4,4,No
U04507,2025-11-15,55,Teacher,6.6,9.0,4.7,1.9,6.3,37,97,64,2,5,8.0,73.0,10,7,No
U03605,2025-11-15,54,Teacher,6.6,8.0,6.3,3.7,7.4,42,88,79,0,3,8.0,89.6,2,2,No
U02408,2025-11-15,37,Software Engineer,8.5,10.0,8.0,2.4,9.4,29,136,107,1,7,10.0,85.3,8,4,No
U03159,2025-11-15,55,Student,7.4,10.0,7.7,4.3,6.2,3,134,108,2,7,6.0,61.2,4,2,Yes
U06778,2025-11-15,50,Analyst,5.4,10.0,7.3,3.6,8.2,33,163,106,4,5,7.0,84.8,7,4,No
U01202,2025-11-15,39,Student,5.7,7.0,7.2,2.0,8.6,22,112,95,0,5,6.0,70.4,7,4,No
U05999,2025-11-15,36,Freelancer,6.5,10.0,8.1,3.8,7.3,51,130,107,3,5,9.0,82.1,6,2,Yes
U01317,2025-11-15,40,Software Engineer,7.3,10.0,8.4,4.2,9.0,17,142,121,0,6,10.0,69.9,5,2,No
U06677,2025-11-15,59,Designer,7.3,10.0,7.3,3.5,9.5,61,133,87,0,5,8.0,80.4,13,6,No
U05991,2025-11-15,36,Teacher,6.3,10.0,6.5,3.8,9.1,45,143,91,1,7,7.0,76.8,4,2,No
U02845,2025-11-15,20,Freelancer,6.5,10.0,10.0,1.7,5.8,134,155,105,0,5,8.0,74.3,8,5,No
U05777,2025-11-15,39,Software Engineer,5.6,9.0,7.2,3.3,9.6,40,133,85,2,7,7.0,73.1,6,5,Yes
U00419,2025-11-15,39,Teacher,5.5,6.0,3.6,1.6,9.1,42,97,41,2,3,9.0,87.1,8,6,No
U06751,2025-11-15,40,Student,8.4,9.0,5.3,2.2,7.7,22,104,80,0,5,9.0,100.0,9,4,No
U02596,2025-11-15,36,Designer,5.8,8.0,6.8,2.8,9.8,76,138,74,1,5,9.0,85.3,6,5,No
U04395,2025-11-15,60,Analyst,8.2,9.0,8.0,4.6,6.1,20,185,124,2,6,10.0,82.3,5,3,Yes
U03083,2025-11-15,18,Analyst,7.1,9.0,3.7,2.1,9.1,74,96,76,1,2,9.0,100.0,3,3,Yes
U01723,2025-11-15,48,Software Engineer,6.2,9.0,6.2,1.4,9.0,10,113,71,1,4,8.0,70.9,13,8,No
U00792,2025-11-15,39,Designer,9.1,10.0,7.9,2.1,8.7,31,134,114,6,3,10.0,96.4,3,3,No
U00211,2025-11-15,50,Freelancer,7.3,10.0,5.5,2.1,8.8,43,97,74,2,4,10.0,100.0,7,4,No
U01653,2025-11-15,24,Student,6.5,8.0,6.4,3.1,8.4,29,125,74,2,5,7.0,84.8,3,2,No
U05305,2025-11-15,30,Analyst,5.8,8.0,7.5,4.5,5.4,128,138,107,1,4,10.0,83.6,8,3,No
U00105,2025-11-15,51,Teacher,6.4,9.0,5.3,2.4,10.3,33,78,70,4,5,9.0,86.9,8,5,No
U05532,2025-11-16,49,Freelancer,8.0,10.0,5.4,0.3,9.1,24,97,65,0,5,8.0,83.7,6,4,No
U01031,2025-11-16,25,Software Engineer,8.1,10.0,9.1,4.1,9.5,36,175,132,1,6,10.0,91.8,11,5,No
U00990,2025-11-16,53,Teacher,5.1,10.0,6.9,1.8,4.3,96,116,102,1,4,9.0,73.4,6,2,No
U06861,2025-11-16,21,Software Engineer,8.4,10.0,1.0,0.0,9.7,12,33,9,2,2,7.0,100.0,7,5,No
U03904,2025-11-16,48,Software Engineer,6.7,7.0,10.2,2.9,11.7,7,149,99,3,8,6.0,55.0,2,2,No
U01025,2025-11-16,37,Student,6.7,10.0,4.6,2.1,12.0,67,132,63,0,6,8.0,94.9,7,3,No
U00601,2025-11-16,55,Software Engineer,7.1,10.0,4.6,0.4,6.3,87,92,69,0,2,10.0,96.4,7,5,No
U05404,2025-11-16,57,Analyst,6.9,10.0,6.9,3.6,7.7,85,100,97,1,2,9.0,94.5,7,4,Yes
U04509,2025-11-16,19,Designer,5.7,8.0,6.3,3.3,5.8,41,116,94,3,5,7.0,68.1,8,4,Yes
U05995,2025-11-16,33,Teacher,5.9,8.0,6.5,3.9,10.2,55,128,98,2,2,8.0,100.0,9,7,Yes
U06027,2025-11-16,43,Analyst,7.5,10.0,3.6,1.8,11.6,57,79,56,1,2,10.0,100.0,10,6,No
U05467,2025-11-16,42,Freelancer,7.3,10.0,10.3,2.8,2.8,36,158,101,3,5,8.0,51.5,2,1,No
U05250,2025-11-16,44,Analyst,7.4,10.0,9.0,1.8,7.8,47,172,111,3,5,8.0,79.4,4,4,No
U05487,2025-11-16,29,Student,6.7,9.0,6.0,3.1,7.8,6,101,75,0,4,9.0,79.3,7,5,No
U04995,2025-11-16,23,Analyst,6.7,9.0,7.4,3.7,7.0,39,139,77,4,6,7.0,77.7,6,5,No
U04044,2025-11-16,46,Designer,6.9,10.0,8.9,1.7,8.1,100,190,119,1,5,10.0,98.5,4,0,Yes
U01815,2025-11-16,31,Designer,7.0,10.0,6.6,3.1,8.4,80,142,91,2,3,9.0,90.3,3,2,No
U02650,2025-11-17,52,Teacher,6.0,7.0,7.1,3.9,8.6,59,146,110,1,5,9.0,82.5,4,2,No
U03734,2025-11-17,60,Software Engineer,6.6,9.0,6.1,2.2,8.4,82,139,75,2,4,9.0,100.0,7,4,Yes
U06930,2025-11-17,29,Software Engineer,4.9,10.0,2.8,2.3,8.4,26,74,48,0,4,4.0,83.2,4,3,No
U05312,2025-11-17,56,Freelancer,7.3,9.0,7.6,3.6,8.1,30,158,99,0,5,7.0,73.2,9,4,No
U00058,2025-11-17,59,Software Engineer,4.5,5.0,6.4,1.1,8.5,32,123,62,1,7,6.0,69.1,7,5,No
U01919,2025-11-17,21,Student,9.4,10.0,4.5,0.5,9.0,69,110,44,2,2,10.0,100.0,6,4,No
U04976,2025-11-17,40,Student,4.9,7.0,4.3,2.2,9.4,20,110,75,0,3,6.0,84.0,7,4,No
U02958,2025-11-17,55,Teacher,8.1,10.0,5.4,3.3,8.9,26,93,90,3,3,8.0,87.4,6,4,No
U01668,2025-11-17,35,Freelancer,8.3,10.0,5.5,3.2,11.3,59,111,73,1,4,8.0,100.0,7,4,No
U06636,2025-11-17,54,Analyst,9.5,10.0,7.8,5.0,7.5,3,108,107,2,4,7.0,92.2,10,6,No
U01525,2025-11-17,47,Freelancer,6.6,9.0,4.4,1.7,7.3,71,81,63,0,4,10.0,88.2,7,4,No
U04915,2025-11-17,21,Freelancer,5.4,10.0,6.8,1.9,7.6,74,68,92,0,4,8.0,78.5,6,2,No
U00596,2025-11-17,20,Analyst,5.8,10.0,4.0,1.8,8.0,114,107,63,0,3,9.0,89.5,4,2,No
U01288,2025-11-17,26,Freelancer,9.4,10.0,6.0,1.7,7.2,45,93,68,2,2,10.0,89.6,8,6,Yes
U01247,2025-11-17,44,Teacher,3.6,3.0,5.0,0.3,9.2,33,104,59,1,6,7.0,72.5,10,3,No
U04730,2025-11-17,35,Designer,6.8,10.0,7.8,1.8,9.0,24,130,76,4,4,9.0,69.5,8,5,No
U01304,2025-11-17,29,Analyst,6.7,10.0,4.4,2.2,12.0,14,91,67,2,3,10.0,98.3,5,5,No
U04026,2025-11-17,50,Software Engineer,5.2,10.0,6.3,2.7,11.7,28,145,93,1,5,7.0,85.9,3,2,No
U00140,2025-11-18,32,Software Engineer,8.6,8.0,5.3,1.6,9.4,40,88,73,3,4,10.0,88.1,4,0,Yes
U04149,2025-11-18,59,Analyst,8.7,10.0,5.5,1.1,5.7,10,116,68,1,3,10.0,88.5,8,5,No
U05349,2025-11-18,27,Freelancer,8.0,10.0,4.8,3.1,8.1,7,104,68,2,6,9.0,91.7,5,3,No
U03171,2025-11-18,20,Teacher,7.5,8.0,9.8,3.4,8.3,8,198,107,1,7,9.0,74.1,6,2,No
U00784,2025-11-18,29,Software Engineer,5.5,10.0,8.8,1.6,7.7,16,147,103,3,6,7.0,64.8,9,5,No
U04194,2025-11-18,55,Student,6.8,10.0,6.9,4.2,7.6,24,156,96,1,8,7.0,65.0,6,4,No
U02835,2025-11-18,47,Freelancer,6.1,7.0,5.8,3.8,6.8,63,146,100,2,3,10.0,100.0,5,4,No
U05446,2025-11-18,45,Software Engineer,6.7,8.0,4.1,2.9,11.2,45,99,68,4,3,9.0,100.0,6,4,No
U00666,2025-11-18,43,Designer,6.8,10.0,5.6,2.3,8.5,29,133,87,0,5,8.0,80.5,11,7,No
U00569,2025-11-18,36,Designer,6.2,10.0,8.1,3.8,8.3,43,143,115,1,6,9.0,68.8,9,3,No
U03887,2025-11-18,58,Software Engineer,6.7,10.0,3.5,2.1,11.0,39,68,56,1,2,10.0,98.1,5,3,No
U06846,2025-11-19,18,Student,6.0,8.0,5.9,3.3,9.9,41,100,92,2,5,7.0,76.2,8,4,No
U02622,2025-11-19,26,Analyst,6.2,9.0,5.2,3.3,7.2,34,97,56,1,4,8.0,64.9,5,4,No
U05661,2025-11-19,35,Freelancer,7.1,10.0,10.1,4.7,5.6,19,174,114,2,7,6.0,71.7,7,4,No
U06332,2025-11-19,36,Analyst,5.1,6.0,4.9,1.2,12.0,85,100,81,2,5,10.0,100.0,8,4,No
U00893,2025-11-19,50,Analyst,4.9,9.0,5.7,0.9,11.2,25,69,48,1,4,9.0,93.9,6,3,Yes
U05700,2025-11-19,43,Teacher,3.9,6.0,4.8,1.6,9.2,68,146,76,1,6,9.0,89.4,7,2,No
U03857,2025-11-19,53,Analyst,5.8,8.0,5.7,3.4,10.5,10,118,82,2,5,6.0,86.9,10,5,Yes
U00594,2025-11-19,56,Software Engineer,7.6,9.0,6.9,2.1,7.5,13,141,69,0,6,9.0,76.4,2,2,No
U04118,2025-11-19,24,Teacher,8.5,10.0,3.4,2.6,10.3,32,40,56,1,2,10.0,100.0,9,7,No
U05481,2025-11-19,57,Freelancer,6.6,10.0,6.3,1.0,7.7,41,81,72,4,5,10.0,84.2,6,4,No
U00698,2025-11-19,18,Software Engineer,5.0,7.0,3.7,1.4,12.0,68,79,39,1,4,6.0,95.2,7,4,No
U06765,2025-11-19,51,Student,8.3,10.0,3.4,2.0,9.1,18,68,48,0,3,8.0,100.0,4,2,No
U04397,2025-11-19,44,Software Engineer,6.8,9.0,9.4,4.9,5.9,17,186,129,1,6,6.0,50.0,3,2,No
U01226,2025-11-20,28,Software Engineer,6.2,10.0,3.0,1.3,9.6,87,76,34,0,2,10.0,100.0,13,10,No
U03245,2025-11-20,58,Analyst,5.7,10.0,6.4,2.3,9.1,8,160,82,1,7,7.0,76.7,6,4,Yes
U03508,2025-11-20,34,Student,6.3,10.0,4.7,3.2,10.2,20,94,70,2,6,7.0,80.9,8,6,No
U03281,2025-11-20,54,Freelancer,6.5,7.0,5.8,3.2,7.0,65,138,99,3,3,10.0,94.8,7,6,No
U00362,2025-11-20,40,Designer,6.4,10.0,4.8,1.4,9.0,127,114,64,1,2,10.0,100.0,8,7,Yes
U00112,2025-11-20,39,Student,6.2,7.0,5.5,1.6,8.3,32,120,58,3,5,9.0,84.8,10,9,No
U02768,2025-11-20,31,Software Engineer,8.3,10.0,9.0,3.0,9.8,8,170,104,5,7,6.0,67.9,13,9,No
U06476,2025-11-20,40,Software Engineer,7.0,10.0,6.3,3.5,8.1,39,135,87,2,5,8.0,76.0,2,1,No
U03527,2025-11-20,31,Freelancer,7.7,10.0,12.1,7.8,5.8,24,251,175,2,8,8.0,69.2,12,5,No
U04892,2025-11-20,23,Analyst,7.7,8.0,4.5,0.6,11.5,31,88,59,1,3,8.0,100.0,8,6,No
U00956,2025-11-20,59,Freelancer,5.2,8.0,5.1,3.3,10.9,36,120,43,1,6,8.0,87.5,8,3,No
U05307,2025-11-20,46,Teacher,7.1,10.0,8.6,3.6,9.1,54,119,101,4,4,10.0,95.6,8,4,Yes
U03955,2025-11-20,49,Analyst,6.9,10.0,2.8,1.0,12.0,49,72,53,3,2,10.0,100.0,7,6,Yes
U06835,2025-11-20,32,Teacher,6.9,9.0,7.3,3.6,9.3,7,153,83,2,5,6.0,80.1,10,6,No
U03411,2025-11-20,25,Student,7.3,9.0,5.1,1.1,11.0,9,109,58,1,4,9.0,84.9,4,3,Yes
U00682,2025-11-20,22,Teacher,8.0,10.0,8.0,3.8,3.6,15,162,111,0,7,9.0,72.9,6,2,No
U04087,2025-11-20,39,Analyst,7.9,10.0,6.9,1.1,6.7,95,134,55,1,3,,100.0,5,3,Yes
U05469,2025-11-20,50,Student,7.9,10.0,7.4,4.3,8.1,82,117,99,2,3,10.0,100.0,11,7,No
U00381,2025-11-21,56,Designer,7.3,10.0,4.2,1.2,10.8,17,54,79,4,1,7.0,100.0,4,0,No
U00997,2025-11-21,21,Teacher,6.8,10.0,8.7,4.6,2.2,23,175,112,0,7,7.0,59.3,2,0,No
U04022,2025-11-21,19,Analyst,6.2,8.0,11.1,3.8,7.8,36,195,141,0,7,8.0,73.3,8,3,Yes
U03244,2025-11-21,54,Software Engineer,6.6,10.0,8.9,1.9,7.6,25,142,96,0,7,8.0,69.0,8,5,No
U01046,2025-11-21,21,Student,8.0,8.0,9.8,2.1,9.1,105,159,107,0,4,10.0,100.0,10,6,No
U01110,2025-11-21,18,Software Engineer,6.8,10.0,9.6,1.9,9.3,28,168,107,0,7,10.0,71.1,10,5,No
U03765,2025-11-21,38,Analyst,7.0,9.0,7.0,3.6,8.9,44,127,95,1,4,9.0,88.1,6,4,No
U03761,2025-11-21,45,Software Engineer,4.5,7.0,9.5,4.2,9.1,100,190,113,2,3,9.0,99.8,2,2,No
U04657,2025-11-21,48,Designer,4.1,6.0,6.8,3.5,12.0,91,134,104,5,2,10.0,100.0,6,2,No
U06394,2025-11-21,29,Teacher,5.9,5.0,9.3,1.9,4.3,9,151,119,0,7,7.0,46.2,11,3,No
U01855,2025-11-21,60,Teacher,5.6,7.0,6.2,4.5,10.0,59,129,90,2,4,8.0,92.3,6,4,No
U02303,2025-11-21,52,Analyst,5.8,9.0,2.7,0.8,7.8,31,28,35,2,4,9.0,94.9,17,11,No
U04997,2025-11-21,40,Student,7.0,10.0,5.5,0.8,10.5,66,88,91,2,3,8.0,98.6,7,6,Yes
U01814,2025-11-21,58,Freelancer,6.7,8.0,8.0,4.2,7.0,29,142,117,3,6,9.0,72.3,10,3,No
U06953,2025-11-21,19,Teacher,5.0,8.0,9.0,5.6,11.0,180,183,128,0,4,10.0,97.8,9,5,No
U01369,2025-11-21,21,Student,6.5,10.0,8.2,1.7,6.3,39,129,90,2,6,10.0,91.3,5,3,No
U03863,2025-11-21,21,Software Engineer,6.5,8.0,4.8,2.8,9.6,29,93,74,4,2,10.0,91.1,7,4,Yes
U03810,2025-11-21,27,Freelancer,6.6,10.0,5.2,3.7,12.0,43,115,67,1,4,7.0,100.0,4,3,Yes
U02388,2025-11-21,34,Teacher,7.9,10.0,8.7,3.8,8.5,33,147,96,2,5,9.0,72.6,4,2,Yes
U06262,2025-11-21,39,Freelancer,5.3,10.0,4.1,1.8,11.5,26,110,39,0,4,8.0,90.0,7,4,Yes
U00129,2025-11-22,43,Student,6.4,10.0,11.5,3.0,7.0,16,178,143,1,7,6.0,53.3,8,6,No
U06350,2025-11-22,31,Analyst,5.4,5.0,7.2,3.1,7.6,14,116,72,0,7,8.0,62.3,5,2,Yes
U00221,2025-11-22,20,Software Engineer,7.3,10.0,1.5,1.3,7.5,19,97,16,1,1,10.0,100.0,6,3,No
U04789,2025-11-22,49,Teacher,7.0,8.0,5.4,1.8,9.0,50,136,76,1,6,9.0,88.6,11,7,No
U02170,2025-11-22,25,Freelancer,6.1,8.0,4.4,0.5,10.9,48,106,78,3,5,8.0,86.1,5,3,No
U06033,2025-11-22,22,Freelancer,6.3,10.0,11.0,3.0,6.0,27,191,133,1,8,7.0,51.9,6,0,No
U00697,2025-11-22,21,Freelancer,7.1,10.0,6.8,2.9,11.1,37,146,74,2,4,8.0,100.0,5,5,No
U01454,2025-11-22,26,Freelancer,6.3,10.0,6.9,3.1,7.6,23,155,96,1,4,6.0,77.2,10,6,No
U01408,2025-11-22,18,Teacher,5.6,8.0,7.9,4.8,7.4,81,157,108,3,5,7.0,74.7,2,2,No
U05104,2025-11-22,41,Freelancer,8.7,10.0,5.7,3.1,8.2,46,135,81,4,3,9.0,100.0,12,9,Yes
U06493,2025-11-22,19,Analyst,6.4,7.0,8.2,2.3,10.2,26,141,80,1,7,7.0,76.9,3,3,Yes
U00611,2025-11-22,36,Student,7.5,10.0,3.6,1.0,8.7,10,70,46,2,4,9.0,91.4,14,10,No
U01163,2025-11-22,31,Analyst,6.2,10.0,4.4,0.9,9.7,50,82,55,0,3,8.0,96.8,9,5,No
U03516,2025-11-22,36,Student,6.9,10.0,6.8,3.8,11.0,2,112,84,2,3,8.0,75.9,6,6,No
U00485,2025-11-22,58,Designer,7.9,10.0,11.2,5.3,6.5,39,208,137,3,6,7.0,64.2,4,2,No
U01158,2025-11-22,25,Designer,7.1,10.0,8.4,2.1,7.4,2,130,107,1,6,9.0,79.4,10,7,No
U00965,2025-11-22,55,Teacher,9.1,10.0,7.2,4.0,10.1,14,144,87,1,4,9.0,97.1,6,5,No
U01080,2025-11-22,55,Student,6.7,8.0,2.6,0.0,11.5,20,90,13,1,4,7.0,92.1,5,5,No
U02416,2025-11-22,24,Analyst,7.1,10.0,8.0,2.2,4.7,35,132,85,1,6,8.0,65.9,6,2,Yes
U02501,2025-11-23,38,Designer,6.8,9.0,8.5,3.5,9.8,52,167,109,4,6,9.0,82.2,6,3,No
U04849,2025-11-23,38,Teacher,4.8,7.0,5.2,3.1,8.9,26,148,51,7,6,7.0,72.2,6,4,No
U04983,2025-11-23,42,Analyst,8.1,10.0,5.0,0.9,9.8,64,77,52,1,2,10.0,100.0,7,7,Yes
U05977,2025-11-23,41,Designer,9.6,10.0,6.2,3.0,11.0,38,122,69,1,4,8.0,100.0,3,3,Yes
U00082,2025-11-23,18,Teacher,5.6,9.0,3.5,2.2,10.7,82,59,39,2,1,9.0,100.0,5,5,Yes
U05933,2025-11-23,35,Teacher,6.9,8.0,4.7,2.8,10.5,56,131,71,2,5,8.0,100.0,8,5,Yes
U01146,2025-11-23,24,Designer,6.7,9.0,7.7,1.7,8.3,24,140,65,3,10,9.0,65.3,10,4,No
U03868,2025-11-23,22,Student,6.7,7.0,6.5,2.4,9.2,7,112,99,3,5,6.0,74.0,8,5,No
U03125,2025-11-23,28,Analyst,8.9,10.0,5.1,1.2,9.5,95,98,64,0,1,10.0,100.0,4,4,Yes
U06648,2025-11-23,46,Designer,5.1,5.0,8.2,3.5,5.7,23,172,108,1,6,8.0,61.1,9,6,No
U01756,2025-11-23,23,Freelancer,7.4,10.0,7.8,1.6,9.3,48,95,74,3,5,10.0,82.9,12,7,Yes
U05612,2025-11-23,42,Student,5.0,5.0,5.9,2.4,8.9,24,78,76,2,5,6.0,74.5,7,2,Yes
U00862,2025-11-23,48,Student,8.7,10.0,10.5,4.5,10.4,84,161,145,2,5,10.0,92.5,9,4,Yes
U01652,2025-11-23,31,Teacher,7.3,10.0,6.1,0.9,7.5,78,82,65,0,5,9.0,82.5,7,2,Yes
U00799,2025-11-23,25,Freelancer,6.7,9.0,1.1,0.9,9.7,12,47,29,1,4,6.0,88.4,8,4,No
U04398,2025-11-24,47,Designer,5.9,9.0,8.4,1.7,7.5,21,188,108,3,6,8.0,65.5,5,3,No
U04365,2025-11-24,28,Freelancer,6.1,8.0,4.7,3.1,10.6,22,103,78,2,5,10.0,94.8,5,2,Yes
U02686,2025-11-24,38,Freelancer,6.7,10.0,5.3,3.1,9.4,44,118,92,1,5,8.0,96.9,11,7,Yes
U03049,2025-11-24,18,Teacher,8.3,10.0,3.7,0.7,11.3,21,54,63,1,2,10.0,100.0,3,3,No
U01646,2025-11-24,41,Software Engineer,4.6,5.0,5.6,2.6,11.4,68,144,85,1,4,7.0,89.0,3,1,No
U06530,2025-11-24,54,Freelancer,9.6,10.0,5.2,2.4,9.5,22,110,57,1,4,10.0,100.0,4,3,Yes
U03950,2025-11-24,20,Designer,7.3,10.0,4.0,2.4,8.9,16,89,70,1,6,6.0,82.6,5,2,No
U02310,2025-11-24,50,Teacher,8.4,10.0,6.9,1.9,7.8,11,155,79,1,5,6.0,75.3,6,4,No
U03846,2025-11-24,45,Software Engineer,6.6,10.0,4.2,3.2,7.3,68,137,57,3,4,10.0,88.5,3,3,No
U02005,2025-11-24,60,Software Engineer,5.9,8.0,9.4,4.3,9.8,90,192,153,5,5,9.0,80.1,3,0,No
U00779,2025-11-24,38,Analyst,7.1,10.0,7.5,4.5,8.5,51,117,126,3,7,7.0,68.1,7,5,Yes
U03731,2025-11-24,46,Designer,5.9,9.0,5.5,0.9,9.6,38,111,73,2,5,7.0,89.8,9,6,No
U03503,2025-11-24,30,Freelancer,6.0,9.0,7.3,4.2,7.0,13,185,61,1,8,9.0,65.0,5,1,No
U06077,2025-11-24,34,Teacher,8.6,10.0,9.9,4.7,5.7,3,201,127,2,6,7.0,80.6,5,3,Yes
U06340,2025-11-24,46,Freelancer,8.3,10.0,4.5,1.4,10.1,40,70,58,1,2,10.0,100.0,10,5,No
U00518,2025-11-25,39,Software Engineer,8.0,10.0,2.6,1.9,8.9,79,75,40,0,2,9.0,100.0,6,3,No
U05935,2025-11-25,32,Teacher,7.0,9.0,4.8,2.5,8.4,139,128,67,3,1,10.0,100.0,3,3,No
U00948,2025-11-25,38,Student,8.0,10.0,3.3,1.5,10.5,34,120,76,0,4,9.0,100.0,12,10,Yes
U03631,2025-11-25,57,Analyst,8.5,10.0,10.4,1.9,6.0,75,182,117,5,4,10.0,97.3,7,3,Yes
U06760,2025-11-25,38,Designer,5.5,10.0,7.3,3.4,9.6,24,151,75,1,5,7.0,77.3,7,3,No
U05519,2025-11-25,46,Freelancer,9.0,10.0,5.9,1.5,9.1,56,126,80,2,5,10.0,87.8,7,6,Yes
U00681,2025-11-25,48,Freelancer,7.6,8.0,5.0,2.7,7.8,27,115,87,0,6,8.0,82.2,11,6,No
U02067,2025-11-25,43,Designer,7.6,10.0,8.0,3.4,9.4,94,157,102,1,3,10.0,100.0,6,3,Yes
U00904,2025-11-25,60,Designer,7.6,10.0,8.2,2.9,6.6,51,166,117,4,6,10.0,69.5,5,2,Yes
U00992,2025-11-25,55,Software Engineer,9.2,10.0,10.6,2.9,7.6,24,183,115,0,8,8.0,67.4,4,2,No
U05065,2025-11-25,52,Analyst,6.6,10.0,13.1,3.8,6.4,13,208,171,3,9,9.0,60.1,2,2,Yes
U03422,2025-11-25,30,Software Engineer,8.3,10.0,11.1,3.4,8.2,84,181,140,1,6,10.0,75.1,4,1,No
U03348,2025-11-25,52,Analyst,7.2,10.0,7.1,1.2,10.7,11,136,96,1,4,8.0,84.6,7,3,No
U03406,2025-11-25,30,Analyst,6.9,7.0,4.2,0.5,10.6,16,85,33,1,5,10.0,89.7,5,5,No
U00826,2025-11-25,56,Designer,8.0,10.0,6.6,1.0,10.7,1,150,87,2,6,7.0,89.6,11,7,No
U04251,2025-11-25,33,Designer,5.5,,4.9,1.4,6.4,70,100,69,2,5,9.0,77.3,6,4,Yes
U00731,2025-11-25,51,Designer,8.5,9.0,6.2,3.4,5.6,25,115,85,1,4,8.0,82.4,6,4,No
U04537,2025-11-25,48,Analyst,7.4,10.0,7.3,4.7,9.2,56,183,106,3,5,8.0,78.0,4,1,Yes
U00955,2025-11-26,42,Freelancer,6.9,10.0,6.0,3.5,10.3,63,111,67,2,2,10.0,100.0,9,7,Yes
U06840,2025-11-26,49,Software Engineer,8.4,9.0,10.5,3.7,9.0,63,183,135,1,7,9.0,78.3,7,2,Yes
U01907,2025-11-26,60,Freelancer,7.9,10.0,7.2,4.3,9.3,59,106,98,0,4,8.0,89.8,3,2,No
U06338,2025-11-26,28,Student,8.6,10.0,4.1,1.9,9.3,80,88,67,0,1,10.0,100.0,8,6,No
U05717,2025-11-26,40,Analyst,7.2,10.0,3.8,1.7,11.9,13,90,66,2,3,10.0,100.0,8,5,No
U05277,2025-11-26,24,Freelancer,8.7,7.0,1.0,0.0,12.0,56,52,10,1,1,10.0,100.0,6,4,No
U04172,2025-11-26,30,Teacher,6.8,10.0,7.8,2.0,9.4,19,149,100,3,6,7.0,74.8,7,5,Yes
U05498,2025-11-26,22,Freelancer,8.4,10.0,6.9,3.3,7.9,34,97,102,0,3,9.0,100.0,3,2,No
U03743,2025-11-26,47,Freelancer,8.6,10.0,6.2,2.3,9.6,23,119,84,1,3,10.0,90.7,4,2,Yes
U03388,2025-11-26,20,Software Engineer,5.9,7.0,4.3,1.7,10.1,7,110,28,2,5,8.0,94.0,6,4,No
U05172,2025-11-26,59,Teacher,9.0,10.0,7.9,4.3,6.9,46,146,127,2,3,10.0,97.8,7,5,No
U04077,2025-11-26,37,Teacher,7.1,8.0,6.7,0.6,6.3,41,102,67,1,3,9.0,86.7,4,4,No
U04299,2025-11-26,28,Freelancer,6.7,10.0,4.6,1.3,6.8,11,97,55,0,4,10.0,87.7,7,5,No
U05350,2025-11-26,19,Software Engineer,6.7,10.0,5.0,1.6,10.7,100,100,51,2,4,9.0,100.0,9,7,No
U06322,2025-11-27,59,Designer,8.2,10.0,2.7,1.0,11.8,9,47,57,0,2,8.0,96.8,7,5,Yes
U02393,2025-11-27,49,Analyst,7.1,9.0,9.9,4.0,7.0,34,150,130,3,6,8.0,73.6,11,5,Yes
U04814,2025-11-27,30,Student,7.3,8.0,5.4,2.3,9.0,42,142,59,0,4,10.0,94.4,9,7,Yes
U01568,2025-11-27,29,Student,8.3,10.0,7.2,4.8,12.0,76,196,119,3,6,9.0,89.8,2,0,No
U03542,2025-11-27,55,Student,5.7,7.0,5.6,1.3,8.9,28,103,47,2,6,6.0,66.9,6,2,Yes
U00971,2025-11-27,34,Software Engineer,6.5,9.0,4.0,2.7,7.7,76,120,76,2,3,8.0,100.0,5,5,No
U06334,2025-11-27,52,Software Engineer,6.9,10.0,6.6,0.7,7.3,31,103,66,2,7,9.0,68.5,10,4,No
U04404,2025-11-27,51,Analyst,6.5,10.0,8.7,5.7,6.3,18,140,130,7,5,7.0,64.5,8,3,No
U04384,2025-11-27,46,Analyst,8.1,10.0,4.4,2.6,11.6,82,148,54,4,4,10.0,100.0,9,6,No
U05405,2025-11-27,50,Software Engineer,7.6,10.0,6.7,1.6,5.2,27,153,78,1,6,6.0,76.3,5,4,Yes
U03375,2025-11-27,19,Freelancer,9.0,10.0,6.4,3.9,8.0,25,132,102,3,4,10.0,81.3,5,5,No
U03136,2025-11-27,44,Analyst,6.6,10.0,7.5,3.4,6.4,25,144,109,2,4,8.0,74.6,6,6,No
U00650,2025-11-27,30,Software Engineer,9.9,10.0,9.6,5.6,10.3,19,165,136,1,7,10.0,81.9,4,3,No
U06956,2025-11-27,48,Freelancer,7.1,9.0,3.7,2.0,9.4,32,85,50,1,4,7.0,97.7,11,6,No
U03895,2025-11-27,31,Teacher,9.0,10.0,7.6,2.9,7.0,89,170,100,2,4,10.0,96.8,7,4,No
U03938,2025-11-27,58,Teacher,5.4,6.0,7.6,3.4,7.4,46,150,112,0,5,6.0,71.0,6,2,No
U00649,2025-11-27,46,Student,6.2,7.0,6.8,3.5,5.8,60,160,104,0,4,9.0,94.2,12,8,No
U05696,2025-11-27,21,Teacher,8.4,10.0,6.1,3.4,7.0,18,132,101,2,5,7.0,91.8,4,0,Yes
U02167,2025-11-27,34,Designer,8.3,10.0,9.2,4.3,8.2,26,151,118,3,4,10.0,86.0,6,4,No
U00315,2025-11-27,54,Teacher,10.0,10.0,6.2,0.9,11.3,42,115,79,1,3,10.0,100.0,5,3,No
U04776,2025-11-28,42,Freelancer,4.2,7.0,7.3,1.8,6.5,102,124,100,1,4,8.0,67.2,9,4,No
U00644,2025-11-28,26,Analyst,6.2,9.0,8.4,2.1,6.1,119,146,86,3,5,8.0,73.9,6,4,Yes
U03015,2025-11-28,38,Software Engineer,8.9,10.0,6.4,1.1,7.8,23,101,93,0,4,10.0,87.2,3,3,No
U01711,2025-11-28,43,Designer,6.5,9.0,6.9,0.7,7.6,14,91,88,3,3,8.0,87.3,5,3,Yes
U06108,2025-11-28,42,Teacher,7.8,7.0,11.2,2.2,8.8,35,188,141,1,7,5.0,55.4,6,2,No
U05186,2025-11-28,52,Designer,6.4,10.0,8.1,5.0,7.3,54,176,114,3,5,8.0,84.4,10,8,No
U01659,2025-11-28,39,Freelancer,8.0,10.0,4.9,1.6,9.9,55,95,59,2,2,9.0,100.0,12,9,No
U03469,2025-11-28,25,Freelancer,8.1,10.0,7.7,2.9,8.0,88,100,96,2,3,10.0,94.3,13,9,No
U01586,2025-11-28,23,Teacher,6.8,9.0,5.0,1.9,9.5,81,98,85,1,2,9.0,87.2,8,3,No
U00732,2025-11-28,55,Designer,9.2,10.0,9.6,5.9,5.2,22,184,141,1,5,9.0,87.2,5,5,Yes
U02817,2025-11-28,45,Student,5.2,8.0,8.5,2.4,6.7,40,143,86,4,8,8.0,62.8,11,3,No
U01621,2025-11-28,36,Freelancer,8.2,10.0,7.5,5.1,10.7,13,169,104,0,6,9.0,80.1,9,5,No
U05040,2025-11-28,18,Designer,7.1,9.0,7.2,1.1,8.7,26,116,73,0,5,9.0,76.6,5,4,No
U05948,2025-11-28,23,Teacher,7.8,9.0,6.6,3.4,7.5,14,147,85,3,6,9.0,97.3,7,4,No
U00033,2025-11-28,20,Software Engineer,5.1,8.0,3.7,1.3,9.1,50,80,59,2,3,6.0,86.2,7,5,No
U02103,2025-11-28,24,Freelancer,7.0,10.0,7.9,2.1,10.2,38,141,68,1,9,8.0,87.8,7,4,No
U06054,2025-11-28,30,Student,7.3,9.0,7.4,,7.8,33,125,99,2,5,10.0,79.6,4,2,No
U03707,2025-11-29,34,Designer,5.8,8.0,4.8,0.7,6.9,36,85,66,0,5,7.0,81.6,6,4,No
U03606,2025-11-29,23,Freelancer,7.6,8.0,3.2,1.8,8.1,77,135,48,1,1,10.0,100.0,4,3,No
U01388,2025-11-29,52,Designer,6.6,10.0,8.1,4.0,7.3,34,155,104,3,6,7.0,64.3,9,4,No
U06945,2025-11-29,55,Student,7.4,10.0,8.4,1.3,5.8,24,141,87,0,5,6.0,74.2,6,5,No
U05454,2025-11-29,35,Teacher,6.8,9.0,5.2,3.3,7.3,67,128,76,1,4,7.0,70.3,6,2,Yes
U06002,2025-11-29,33,Analyst,7.2,6.0,5.3,1.9,8.5,24,109,78,1,4,8.0,83.1,6,4,No
U04066,2025-11-29,19,Analyst,7.8,10.0,6.5,3.4,10.8,38,141,98,1,3,10.0,100.0,3,2,No
U01035,2025-11-29,29,Analyst,7.4,10.0,3.5,1.6,5.9,152,37,41,2,1,8.0,100.0,12,7,No
U01324,2025-11-29,42,Teacher,9.8,10.0,4.2,2.0,7.0,58,113,81,3,1,10.0,100.0,6,4,No
U01710,2025-11-29,56,Student,7.1,10.0,5.0,2.2,8.7,68,82,75,1,4,10.0,93.6,6,4,No
U00449,2025-11-29,41,Analyst,7.4,10.0,6.8,2.5,8.1,13,110,78,1,4,8.0,77.8,5,3,No
U06985,2025-11-29,33,Student,8.0,10.0,6.0,1.8,8.6,20,128,102,2,10,9.0,73.6,5,5,No
U02013,2025-11-29,38,Teacher,8.3,10.0,4.0,2.7,10.8,31,112,43,2,4,9.0,100.0,8,5,No
U06633,2025-11-29,37,Analyst,6.3,8.0,4.4,1.4,6.5,36,71,77,1,4,10.0,83.3,9,7,No
U00827,2025-11-29,39,Teacher,8.5,10.0,6.7,3.4,6.3,30,163,87,0,5,10.0,81.3,5,1,No
U04042,2025-11-29,25,Designer,6.4,9.0,9.2,5.8,7.7,53,159,123,3,5,9.0,75.9,10,5,No
U00327,2025-11-29,42,Analyst,8.5,10.0,8.9,5.2,12.0,38,146,105,1,5,10.0,95.0,9,6,Yes
U05884,2025-11-29,43,Student,6.8,10.0,6.3,2.4,5.7,82,105,74,0,4,8.0,93.4,4,3,Yes
U01000,2025-11-29,27,Freelancer,6.2,8.0,7.2,3.0,5.7,29,143,109,3,4,7.0,79.8,9,4,No
U06906,2025-11-29,33,Freelancer,7.4,10.0,6.2,2.4,7.6,62,105,85,1,6,8.0,74.4,7,5,No
U05517,2025-11-30,22,Designer,7.8,8.0,5.9,3.1,8.7,26,99,80,5,3,9.0,98.4,6,4,No
U04607,2025-11-30,37,Freelancer,6.6,10.0,9.7,2.5,9.0,78,146,107,0,7,10.0,79.9,8,4,No
U05055,2025-11-30,25,Freelancer,6.0,9.0,7.3,4.0,6.4,25,136,113,1,6,6.0,56.1,8,3,Yes
U00317,2025-11-30,46,Software Engineer,6.2,10.0,4.2,1.7,12.0,54,101,63,1,3,8.0,95.4,8,4,No
U04224,2025-11-30,27,Software Engineer,5.7,9.0,6.7,1.6,8.6,106,133,75,2,4,10.0,83.4,9,4,Yes
U05323,2025-11-30,37,Freelancer,6.4,10.0,6.9,3.9,9.0,3,131,84,1,4,5.0,76.3,6,3,Yes
U03756,2025-11-30,26,Teacher,3.0,3.0,4.0,2.0,9.0,46,104,46,0,3,8.0,76.3,7,5,Yes
U06585,2025-11-30,28,Freelancer,7.2,10.0,7.0,2.6,8.7,36,121,89,4,6,5.0,56.2,2,2,No
U02980,2025-11-30,58,Student,7.3,10.0,5.5,2.4,7.5,42,120,83,2,4,9.0,82.4,8,5,No
U02250,2025-11-30,19,Freelancer,6.2,9.0,6.1,2.2,9.7,33,96,81,6,5,10.0,95.8,9,5,Yes
U03404,2025-11-30,19,Software Engineer,6.7,9.0,4.6,1.7,8.3,36,105,43,1,3,9.0,95.7,4,3,Yes
U00432,2025-11-30,53,Analyst,7.9,8.0,4.8,1.4,7.6,17,108,75,0,5,8.0,83.7,7,5,No
U06887,2025-11-30,21,Student,7.9,10.0,5.9,3.3,7.4,87,128,60,1,2,10.0,100.0,5,5,Yes
U06699,2025-11-30,28,Freelancer,6.6,10.0,8.2,4.8,7.2,21,149,88,0,8,10.0,69.0,11,7,No
U06603,2025-11-30,26,Software Engineer,6.9,10.0,5.6,3.6,9.3,49,125,108,3,5,10.0,97.8,6,4,Yes
U02401,2025-11-30,60,Teacher,5.7,9.0,4.2,1.9,7.4,70,86,59,2,5,8.0,92.4,5,2,No
U05903,2025-11-30,51,Teacher,7.4,10.0,5.5,2.4,8.9,25,110,76,4,5,9.0,88.4,8,5,No
U00980,2025-11-30,20,Teacher,5.1,8.0,5.3,3.2,8.7,29,165,87,2,6,7.0,70.1,6,4,No
U03199,2025-12-01,60,Freelancer,8.5,10.0,6.1,0.9,8.6,53,118,75,2,4,10.0,100.0,10,6,No
U00445,2025-12-01,18,Software Engineer,9.9,10.0,4.5,1.9,10.3,32,89,59,3,3,10.0,100.0,11,8,Yes
U04919,2025-12-01,53,Designer,5.0,7.0,7.3,4.2,7.2,28,130,95,3,4,7.0,73.9,16,8,No
U06418,2025-12-01,22,Analyst,7.4,10.0,7.7,3.1,7.6,9,168,94,0,7,8.0,68.1,4,2,Yes
U03590,2025-12-01,43,Software Engineer,10.0,10.0,4.7,1.7,7.0,14,85,51,1,3,10.0,97.0,5,2,No
U04069,2025-12-01,55,Student,6.9,9.0,7.1,4.1,8.6,46,149,90,2,5,8.0,78.1,6,5,Yes
U03144,2025-12-01,19,Designer,6.9,10.0,6.3,2.1,8.4,5,97,95,3,4,9.0,100.0,7,3,Yes
U00310,2025-12-01,47,Analyst,7.3,10.0,6.6,3.0,6.9,30,104,91,0,4,8.0,82.2,3,2,No
U05032,2025-12-01,26,Student,6.4,9.0,5.6,2.7,11.2,20,132,67,3,4,10.0,82.9,8,5,Yes
U00289,2025-12-01,29,Student,7.9,8.0,4.6,2.6,12.0,38,122,87,0,2,10.0,100.0,10,7,No
U03847,2025-12-01,44,Student,8.6,,10.1,6.2,6.9,67,204,148,0,3,8.0,88.4,11,6,Yes
U06570,2025-12-01,33,Software Engineer,8.6,10.0,6.8,2.1,9.1,76,148,89,3,3,10.0,100.0,8,5,No
U06443,2025-12-01,60,Software Engineer,7.9,10.0,4.8,2.2,8.3,53,75,94,2,4,9.0,100.0,3,1,No
U01637,2025-12-01,42,Student,7.7,10.0,2.7,1.1,12.0,35,78,23,0,5,8.0,100.0,4,2,Yes
U03942,2025-12-01,23,Teacher,8.5,9.0,8.9,4.0,8.4,28,145,119,2,6,9.0,77.1,7,4,No
U06020,2025-12-01,26,Analyst,6.1,10.0,3.6,0.9,12.0,42,75,43,4,2,10.0,100.0,6,3,Yes
U01093,2025-12-01,41,Software Engineer,7.2,10.0,5.0,0.9,9.4,37,119,77,4,3,9.0,90.1,9,7,No
U05315,2025-12-01,23,Freelancer,7.2,10.0,5.5,1.4,8.8,18,88,57,5,3,10.0,89.2,9,6,No
U04544,2025-12-01,60,Analyst,7.5,9.0,6.8,2.2,9.2,13,124,72,0,5,10.0,90.1,8,2,No
U04652,2025-12-01,59,Student,8.7,10.0,10.3,4.9,5.4,34,222,126,1,6,8.0,67.2,10,5,No
U06770,2025-12-01,25,Designer,5.4,7.0,6.4,2.0,8.5,26,112,72,2,5,8.0,85.4,4,3,Yes
U06890,2025-12-01,58,Freelancer,8.5,10.0,7.2,3.8,12.0,10,112,111,1,5,7.0,83.7,8,6,Yes
U06128,2025-12-02,40,Software Engineer,5.7,8.0,3.9,2.3,11.3,21,105,58,2,4,9.0,100.0,9,7,No
U02559,2025-12-02,23,Designer,9.1,10.0,3.4,1.3,9.8,11,45,47,2,1,9.0,100.0,5,5,No
U04255,2025-12-02,23,Freelancer,8.0,10.0,6.8,2.1,7.9,6,99,77,2,5,7.0,80.3,5,1,Yes
U03781,2025-12-02,44,Analyst,5.5,6.0,5.2,2.2,7.3,18,109,42,5,5,7.0,80.2,4,4,No
U06866,2025-12-02,42,Analyst,7.9,10.0,4.7,1.5,8.5,78,136,78,2,4,10.0,100.0,11,7,No
U06473,2025-12-02,30,Freelancer,8.0,10.0,6.0,4.0,8.1,33,131,108,2,4,10.0,84.2,6,4,No
U06498,2025-12-02,34,Analyst,8.4,10.0,6.9,3.1,7.0,34,132,106,0,3,9.0,93.2,10,6,Yes
U04502,2025-12-02,57,Freelancer,5.4,8.0,10.9,2.9,6.7,34,211,112,1,6,7.0,59.8,8,3,Yes
U04348,2025-12-02,45,Designer,6.5,10.0,4.6,1.0,11.1,21,94,53,0,4,9.0,97.6,13,10,No
U04269,2025-12-02,39,Student,7.5,10.0,6.2,2.7,10.6,11,109,70,1,4,10.0,85.1,7,4,No
U03507,2025-12-02,28,Software Engineer,8.7,10.0,12.4,5.9,7.0,26,231,168,5,6,7.0,62.1,5,3,No
U03276,2025-12-02,38,Analyst,6.2,10.0,11.5,2.3,5.8,37,177,142,3,8,7.0,59.9,8,3,Yes
U00116,2025-12-02,52,Designer,7.4,8.0,4.2,0.2,8.4,64,94,67,3,2,7.0,100.0,6,4,No
U00188,2025-12-02,45,Designer,6.3,9.0,2.9,1.5,12.0,92,55,39,2,2,10.0,100.0,7,7,Yes
U05749,2025-12-02,24,Freelancer,6.0,7.0,3.7,2.2,8.7,28,78,53,1,4,9.0,93.7,6,3,Yes
U04735,2025-12-02,59,Designer,6.9,9.0,7.6,2.5,9.2,37,142,86,0,6,5.0,67.0,8,5,No
U00045,2025-12-02,19,Freelancer,6.3,7.0,10.6,4.2,9.3,45,159,125,1,8,7.0,63.8,14,6,No
U01717,2025-12-02,20,Student,6.8,10.0,7.2,0.7,7.6,47,100,63,2,5,,100.0,10,5,No
U06250,2025-12-02,33,Designer,6.8,8.0,5.4,0.0,6.9,65,125,57,4,4,10.0,94.0,7,4,Yes
U00994,2025-12-02,54,Designer,6.9,6.0,4.0,2.3,8.6,5,89,74,1,4,7.0,84.4,6,4,No
U04740,2025-12-02,34,Analyst,6.1,7.0,5.9,3.9,8.8,15,130,87,0,5,7.0,75.6,4,2,No
U00724,2025-12-02,51,Software Engineer,6.6,10.0,4.6,3.1,7.2,20,113,90,1,4,8.0,85.3,5,2,Yes
U06718,2025-12-02,24,Designer,6.8,9.0,8.0,1.0,6.6,14,155,95,1,6,8.0,81.3,3,3,Yes
U06583,2025-12-03,21,Teacher,4.3,7.0,5.4,1.6,11.1,33,128,57,2,7,6.0,69.4,12,7,No
U04721,2025-12-03,48,Analyst,7.9,10.0,9.2,4.3,5.2,45,166,114,0,5,8.0,72.3,5,2,No
U01040,2025-12-03,42,Student,6.0,10.0,6.9,4.0,7.1,55,155,77,2,5,9.0,82.8,6,3,No
U06192,2025-12-03,32,Freelancer,7.4,10.0,8.2,3.8,6.7,52,162,129,1,6,10.0,76.7,4,2,No
U02097,2025-12-03,26,Designer,6.3,7.0,10.4,5.7,6.0,7,189,137,4,7,7.0,45.5,4,2,Yes
U02179,2025-12-03,37,Analyst,6.6,10.0,6.6,3.3,7.8,72,131,98,2,4,10.0,85.5,3,1,No
U03060,2025-12-03,37,Freelancer,6.1,10.0,7.4,3.9,9.2,137,133,123,2,4,10.0,79.5,6,4,No
U04911,2025-12-03,45,Student,7.0,10.0,6.7,2.8,9.7,43,138,81,0,4,10.0,91.2,11,9,No
U04913,2025-12-03,55,Analyst,5.8,8.0,7.7,3.4,6.3,25,142,98,0,7,5.0,62.5,7,4,No
U06024,2025-12-03,57,Software Engineer,8.2,7.0,7.6,4.8,6.6,15,135,113,2,4,8.0,89.2,8,4,No
U01961,2025-12-03,32,Freelancer,5.6,10.0,6.4,3.6,7.6,16,114,78,1,6,8.0,74.5,9,6,No
U04941,2025-12-03,26,Analyst,6.9,10.0,5.8,1.5,12.0,24,84,62,3,2,8.0,100.0,5,4,No
U02177,2025-12-03,57,Teacher,6.5,8.0,3.3,1.6,9.8,27,93,53,0,3,8.0,100.0,5,3,Yes
U02992,2025-12-03,20,Software Engineer,8.0,10.0,6.2,1.7,6.8,34,159,70,4,5,7.0,79.7,6,2,Yes
U06937,2025-12-03,43,Analyst,4.9,6.0,5.6,2.5,5.0,15,95,61,2,6,5.0,53.5,6,6,No
U04247,2025-12-03,53,Software Engineer,5.3,10.0,3.3,0.4,7.3,30,80,26,3,2,8.0,98.3,7,5,No
U00358,2025-12-03,25,Student,6.1,7.0,4.1,0.0,7.9,23,57,42,1,4,8.0,86.4,9,5,No
U02100,2025-12-03,42,Designer,6.5,9.0,3.4,1.6,9.7,63,84,61,1,2,10.0,100.0,7,4,No
U02555,2025-12-03,37,Freelancer,5.6,9.0,4.9,1.5,9.2,10,96,67,2,4,8.0,85.8,6,2,No
U00264,2025-12-03,57,Analyst,8.3,10.0,10.4,2.3,8.1,30,127,107,0,8,10.0,68.8,3,1,Yes
U02539,2025-12-03,56,Teacher,4.7,7.0,6.0,2.5,6.3,69,107,89,2,5,7.0,69.6,7,3,No
U01259,2025-12-03,18,Freelancer,6.8,9.0,4.5,1.6,12.0,21,40,88,3,1,10.0,100.0,2,0,No
U01231,2025-12-03,53,Analyst,7.5,9.0,8.7,3.2,7.4,40,149,107,1,5,10.0,88.3,12,7,No
U02792,2025-12-03,41,Software Engineer,7.5,10.0,4.1,1.2,9.9,41,64,53,4,1,10.0,100.0,7,6,Yes
U01699,2025-12-03,50,Teacher,8.5,10.0,3.8,3.2,10.2,55,120,62,3,3,10.0,100.0,8,8,No
U03999,2025-12-04,33,Analyst,7.5,10.0,7.3,2.6,9.7,47,128,95,3,3,9.0,93.0,5,5,No
U00760,2025-12-04,33,Student,4.0,6.0,8.0,1.3,7.4,25,127,88,2,7,5.0,48.5,10,4,Yes
U04326,2025-12-04,41,Software Engineer,8.6,10.0,6.1,3.6,9.4,8,109,77,1,6,10.0,84.2,5,4,No
U06415,2025-12-04,32,Freelancer,7.4,10.0,6.5,1.6,5.3,49,115,89,3,6,7.0,72.8,9,5,Yes
U01296,2025-12-04,42,Student,6.5,7.0,7.1,4.1,8.2,31,150,114,2,3,10.0,91.3,4,2,Yes
U04263,2025-12-04,34,Student,7.0,8.0,10.7,3.9,5.9,57,159,113,3,7,8.0,63.7,9,5,No
U01274,2025-12-04,22,Student,6.1,10.0,3.4,1.7,9.1,97,89,47,1,1,10.0,100.0,10,7,No
U05326,2025-12-04,54,Student,7.2,10.0,5.0,2.2,9.2,11,120,56,2,4,8.0,89.0,9,6,No
U04662,2025-12-04,34,Designer,7.1,9.0,8.9,4.6,7.4,53,126,143,0,4,10.0,75.6,11,6,No
U05835,2025-12-04,43,Teacher,7.4,10.0,10.9,1.2,4.7,40,165,115,1,8,6.0,55.2,10,5,No
U02764,2025-12-04,38,Freelancer,7.6,10.0,8.5,3.2,3.5,30,157,101,2,6,9.0,69.5,6,3,No
U02878,2025-12-04,51,Student,6.6,8.0,5.3,2.6,10.0,52,106,85,2,5,8.0,88.5,5,2,Yes
U02389,2025-12-04,40,Analyst,8.2,10.0,8.1,2.0,10.1,62,153,81,3,3,10.0,100.0,4,3,Yes
U00651,2025-12-05,52,Software Engineer,6.3,9.0,9.6,1.2,6.6,32,155,96,2,5,6.0,66.0,7,3,No
U04105,2025-12-05,42,Student,7.6,10.0,7.1,1.5,9.9,39,101,92,3,5,10.0,99.6,9,7,Yes
U02531,2025-12-05,52,Student,7.3,9.0,7.5,2.2,8.6,62,130,93,0,7,8.0,65.9,8,6,No
U03134,2025-12-05,37,Teacher,7.8,10.0,3.6,0.4,10.9,61,73,31,5,4,10.0,99.7,6,4,No
U04568,2025-12-05,22,Designer,7.5,9.0,5.8,3.2,8.9,49,100,76,0,2,9.0,94.2,10,7,No
U05609,2025-12-05,28,Freelancer,7.0,9.0,7.1,1.3,9.7,11,73,86,4,6,9.0,100.0,7,4,No
U00024,2025-12-05,50,Student,7.6,10.0,10.3,5.3,5.2,31,175,125,2,7,7.0,65.6,10,5,No
U02795,2025-12-05,53,Freelancer,6.7,8.0,2.4,1.1,9.1,34,85,31,2,4,10.0,100.0,8,5,Yes
U01596,2025-12-05,34,Student,7.6,10.0,6.5,1.5,4.6,86,98,75,0,2,10.0,81.3,9,5,No
U04471,2025-12-05,44,Freelancer,7.1,9.0,5.0,2.8,9.1,55,109,69,1,4,9.0,100.0,7,5,Yes
U04120,2025-12-05,53,Student,8.6,10.0,4.7,3.2,8.0,83,115,82,3,1,10.0,100.0,3,0,No
U02066,2025-12-05,33,Analyst,7.6,9.0,11.0,4.9,7.4,24,202,120,1,7,8.0,65.3,10,4,No
U02473,2025-12-05,38,Freelancer,7.7,10.0,8.9,4.7,4.1,106,150,133,1,4,8.0,82.4,10,8,No
U00065,2025-12-05,53,Freelancer,7.4,9.0,7.5,1.4,7.4,31,130,91,2,4,10.0,92.1,8,5,Yes
U05396,2025-12-05,47,Designer,5.7,8.0,4.7,2.7,8.5,88,123,47,5,3,9.0,100.0,5,3,Yes
U00080,2025-12-05,46,Software Engineer,4.0,8.0,2.5,1.4,11.4,24,77,26,0,4,6.0,82.4,9,6,No
U00056,2025-12-05,19,Student,7.2,10.0,7.5,2.2,8.8,27,112,89,1,5,10.0,77.2,6,3,No
U01889,2025-12-06,40,Analyst,7.0,10.0,6.6,4.2,11.6,32,163,106,4,4,9.0,100.0,2,1,Yes
U06098,2025-12-06,32,Freelancer,8.0,10.0,6.2,3.2,10.7,55,158,73,2,3,10.0,92.1,7,4,No
U04031,2025-12-06,40,Teacher,6.2,10.0,5.1,3.1,11.3,76,100,64,4,1,10.0,100.0,7,4,No
U00364,2025-12-06,45,Analyst,7.9,10.0,6.6,4.0,6.9,99,150,108,3,2,10.0,100.0,7,5,No
U03993,2025-12-06,39,Student,7.0,8.0,4.6,0.4,12.0,63,90,55,3,2,10.0,100.0,3,2,Yes
U00467,2025-12-06,57,Teacher,7.3,9.0,2.6,0.6,10.0,35,66,70,1,3,10.0,100.0,5,3,Yes
U05842,2025-12-06,22,Student,7.0,10.0,6.8,5.3,7.7,180,107,90,3,1,10.0,100.0,6,3,Yes
U05882,2025-12-06,52,Software Engineer,7.6,10.0,4.7,2.5,10.0,14,131,56,1,4,8.0,100.0,5,3,No
U03905,2025-12-06,59,Software Engineer,7.9,8.0,8.0,4.8,9.3,41,175,112,2,4,10.0,86.8,9,4,No
U02558,2025-12-06,48,Software Engineer,5.6,7.0,7.2,1.4,5.6,35,113,87,1,4,9.0,71.9,7,2,No
U04836,2025-12-06,35,Student,7.4,8.0,2.4,1.6,12.0,7,63,54,1,1,8.0,100.0,8,6,No
U03718,2025-12-06,43,Teacher,8.9,10.0,11.8,6.3,5.1,58,216,165,1,8,10.0,78.1,2,1,Yes
U00756,2025-12-06,40,Analyst,7.5,10.0,4.3,2.9,9.5,35,94,64,2,5,6.0,91.8,8,5,No
U03397,2025-12-06,57,Teacher,5.5,9.0,7.0,2.4,8.2,67,130,75,0,6,6.0,70.3,12,8,No
U00576,2025-12-06,21,Teacher,4.8,9.0,4.6,1.4,7.4,92,87,64,1,3,10.0,85.6,11,7,Yes
U02641,2025-12-06,38,Student,8.8,10.0,9.9,5.2,8.0,19,209,155,3,8,9.0,83.0,10,5,No
U02718,2025-12-06,50,Student,8.1,9.0,6.1,2.6,8.2,100,118,86,3,2,9.0,100.0,5,2,Yes
U05887,2025-12-06,58,Teacher,7.9,10.0,5.2,1.6,9.0,56,125,58,1,3,8.0,100.0,10,7,No
U00567,2025-12-06,54,Teacher,8.0,10.0,11.0,6.3,9.7,59,175,150,1,7,7.0,84.6,10,5,Yes
U03591,2025-12-07,55,Analyst,6.6,10.0,10.2,2.4,7.5,81,132,110,0,5,8.0,66.4,10,5,No
U02086,2025-12-07,38,Analyst,8.5,10.0,4.9,2.7,8.4,33,77,51,0,3,10.0,100.0,9,5,No
U02693,2025-12-07,35,Student,7.7,10.0,7.5,2.6,7.3,8,126,113,1,6,9.0,69.9,8,4,No
U06401,2025-12-07,23,Software Engineer,8.5,10.0,11.4,5.1,3.8,41,215,153,4,8,10.0,58.5,11,4,No
U03482,2025-12-07,21,Teacher,7.9,9.0,6.2,3.9,8.0,17,117,92,1,3,8.0,93.4,5,3,No
U03494,2025-12-07,46,Designer,7.0,10.0,9.8,6.5,6.9,17,202,169,0,8,8.0,59.1,8,6,Yes
U04788,2025-12-07,39,Software Engineer,5.8,8.0,3.8,2.2,12.0,54,89,52,1,2,9.0,100.0,4,3,Yes
U00184,2025-12-07,54,Designer,5.7,6.0,6.1,2.7,8.7,52,138,80,2,4,9.0,85.8,11,6,No
U01273,2025-12-07,39,Teacher,8.1,10.0,1.5,0.9,10.2,19,45,32,0,2,10.0,100.0,7,6,No
U04876,2025-12-07,18,Software Engineer,8.3,10.0,9.8,3.0,5.1,28,167,106,1,8,7.0,53.4,12,5,Yes
U01601,2025-12-07,32,Student,6.8,10.0,8.4,3.6,10.9,23,163,102,0,6,8.0,84.0,11,7,No
U02315,2025-12-07,34,Analyst,7.0,9.0,10.6,2.9,8.8,29,190,103,0,5,8.0,91.5,8,3,Yes
U00981,2025-12-07,24,Software Engineer,7.4,9.0,6.2,4.0,12.0,16,117,74,3,6,10.0,84.6,8,3,No
U05757,2025-12-08,21,Teacher,8.2,10.0,4.5,2.4,9.7,21,128,57,1,3,9.0,97.2,8,6,No
U03429,2025-12-08,34,Teacher,5.4,9.0,4.9,1.1,8.3,90,103,45,2,1,7.0,99.8,10,6,No
U04854,2025-12-08,26,Freelancer,7.4,9.0,6.8,3.1,8.7,12,138,102,2,7,7.0,76.9,14,7,Yes
U03207,2025-12-08,29,Teacher,9.0,10.0,4.0,2.7,6.8,22,55,74,1,2,10.0,93.1,12,8,Yes
U00845,2025-12-08,59,Student,6.8,8.0,1.9,1.6,12.0,61,61,44,2,4,9.0,100.0,7,4,Yes
U02851,2025-12-08,43,Student,8.8,10.0,5.8,2.5,8.2,98,126,70,2,3,10.0,100.0,5,5,Yes
U05288,2025-12-08,44,Analyst,9.1,10.0,2.9,0.6,11.9,50,44,21,1,2,10.0,100.0,5,4,No
U00814,2025-12-08,40,Analyst,7.3,10.0,4.5,3.0,7.1,79,92,64,2,4,8.0,99.8,7,6,Yes
U00689,2025-12-08,27,Designer,7.5,10.0,4.7,2.2,10.0,21,82,69,2,3,9.0,100.0,5,4,Yes
U02763,2025-12-08,57,Software Engineer,5.8,8.0,9.7,4.3,8.9,32,164,118,2,7,7.0,63.4,4,1,No
U03257,2025-12-08,56,Software Engineer,6.1,9.0,6.7,3.5,12.0,14,147,91,2,6,4.0,86.3,8,5,Yes
U06612,2025-12-08,20,Software Engineer,7.8,10.0,9.2,5.2,6.6,24,176,132,4,7,9.0,71.2,7,5,No
U00491,2025-12-08,42,Teacher,7.9,10.0,4.7,2.4,10.8,18,83,72,3,4,9.0,92.9,6,5,Yes
U00488,2025-12-08,28,Student,8.5,10.0,9.0,4.9,9.4,22,172,106,1,6,7.0,93.3,4,1,No
U01600,2025-12-08,56,Software Engineer,7.4,9.0,8.1,4.3,5.3,75,145,125,1,5,9.0,80.6,9,5,No
U02717,2025-12-08,58,Teacher,6.7,7.0,8.3,3.5,9.2,31,168,83,2,8,6.0,64.9,4,2,No
U03944,2025-12-08,37,Analyst,6.9,9.0,7.1,3.3,6.5,15,153,89,3,6,8.0,76.7,7,4,No
U04451,2025-12-08,33,Teacher,4.7,7.0,9.3,3.7,9.2,20,190,124,2,9,4.0,44.7,6,2,No
U05407,2025-12-08,58,Analyst,7.6,10.0,7.9,4.2,5.7,43,130,105,2,4,8.0,73.1,17,9,No
U02546,2025-12-08,53,Teacher,8.1,10.0,1.0,0.2,9.7,16,39,37,2,2,10.0,100.0,7,4,No
U04614,2025-12-08,47,Software Engineer,7.4,7.0,3.6,1.3,8.3,25,79,68,5,3,10.0,98.6,8,6,No
U01272,2025-12-08,41,Freelancer,6.9,10.0,4.0,1.7,7.2,17,123,53,1,4,8.0,85.1,6,3,No
U00865,2025-12-09,20,Student,5.9,9.0,7.9,4.0,10.1,48,185,113,2,8,5.0,59.5,11,5,Yes
U05023,2025-12-09,28,Freelancer,5.9,8.0,9.8,5.3,4.4,55,194,143,3,7,8.0,65.0,5,1,No
U00502,2025-12-09,56,Software Engineer,7.1,10.0,8.5,1.7,6.0,22,166,115,1,7,7.0,62.2,3,1,Yes
U03027,2025-12-09,39,Student,6.3,8.0,5.0,3.3,11.2,12,128,70,2,3,8.0,97.1,8,6,Yes
U05923,2025-12-09,23,Analyst,8.2,10.0,5.5,1.9,8.9,18,128,94,6,6,7.0,91.5,7,5,No
U02649,2025-12-09,56,Analyst,5.8,8.0,5.1,2.0,8.7,24,107,80,2,6,7.0,70.8,8,4,No
U04581,2025-12-09,35,Analyst,5.5,9.0,5.2,2.9,10.2,24,121,68,0,4,8.0,83.8,8,3,Yes
U03988,2025-12-09,37,Student,5.0,9.0,7.9,1.3,9.7,12,137,103,6,6,8.0,66.5,6,3,Yes
U03472,2025-12-09,22,Designer,6.7,9.0,3.5,0.9,7.0,39,86,37,2,2,10.0,94.0,8,5,No
U05076,2025-12-09,40,Software Engineer,8.8,10.0,5.1,1.0,7.8,22,98,58,4,2,9.0,100.0,8,5,Yes
U00393,2025-12-09,34,Software Engineer,6.1,9.0,9.5,4.2,9.7,42,164,116,1,9,9.0,71.4,3,2,Yes
U02144,2025-12-09,39,Teacher,6.0,9.0,6.5,2.3,5.4,28,137,76,0,7,8.0,64.3,9,5,Yes
U00966,2025-12-09,50,Software Engineer,8.0,8.0,3.6,0.4,10.0,32,94,27,1,3,10.0,100.0,9,4,Yes
U05909,2025-12-10,40,Freelancer,8.4,10.0,7.3,2.8,8.3,5,107,63,1,3,9.0,87.7,10,6,No
U06651,2025-12-10,43,Analyst,8.0,10.0,9.1,0.9,7.1,48,164,91,2,5,9.0,86.3,8,6,No
U01034,2025-12-10,60,Software Engineer,6.5,9.0,8.0,5.3,7.8,81,140,96,1,5,10.0,90.1,7,7,No
U04213,2025-12-10,32,Software Engineer,8.3,10.0,8.7,2.2,7.9,37,126,91,0,4,10.0,92.3,6,3,No
U04986,2025-12-10,38,Designer,5.6,9.0,6.1,2.0,8.3,60,118,103,1,7,7.0,72.2,9,4,No
U02403,2025-12-10,41,Software Engineer,7.5,10.0,6.3,4.2,7.0,27,137,82,1,4,8.0,86.2,8,5,Yes
U06990,2025-12-10,54,Student,6.7,10.0,5.3,1.3,8.4,42,83,61,2,4,10.0,100.0,7,4,No
U02148,2025-12-10,19,Software Engineer,7.2,10.0,4.7,3.0,11.8,19,110,71,2,3,9.0,100.0,6,2,Yes
U02156,2025-12-10,39,Software Engineer,7.2,10.0,6.5,3.5,11.4,38,118,110,3,5,7.0,94.8,2,1,No
U05601,2025-12-10,55,Student,8.2,10.0,5.8,3.3,6.7,15,151,71,3,4,10.0,91.2,3,3,No
U05566,2025-12-10,60,Student,4.8,8.0,7.6,2.4,8.0,4,137,70,2,8,5.0,55.0,7,5,Yes
U00300,2025-12-10,47,Teacher,7.2,10.0,8.8,3.6,5.8,32,174,103,2,7,7.0,57.6,7,4,Yes
U02474,2025-12-10,52,Freelancer,5.6,9.0,10.0,5.2,4.2,42,158,145,1,7,9.0,62.9,9,3,Yes
U02112,2025-12-10,41,Analyst,6.5,8.0,6.0,2.7,8.1,44,107,36,2,2,10.0,96.7,7,4,No
U05509,2025-12-10,45,Freelancer,7.3,10.0,3.3,2.1,10.3,39,85,33,3,4,10.0,95.6,13,8,No
U03716,2025-12-10,21,Analyst,8.8,10.0,4.6,2.2,10.3,20,107,69,2,3,8.0,98.8,6,5,Yes
U02006,2025-12-10,33,Software Engineer,8.0,10.0,6.0,2.5,7.1,63,110,77,1,3,10.0,100.0,7,4,Yes
U05313,2025-12-10,36,Freelancer,6.9,8.0,7.5,2.6,7.6,7,119,105,0,6,8.0,72.4,3,0,No
U03423,2025-12-11,38,Analyst,5.0,7.0,2.2,1.8,11.4,4,80,41,0,4,9.0,90.9,6,4,Yes
U05106,2025-12-11,24,Teacher,5.2,8.0,4.0,1.3,11.6,51,107,34,2,6,5.0,83.2,11,6,No
U04580,2025-12-11,28,Software Engineer,5.1,8.0,5.6,1.4,7.8,39,122,68,1,3,5.0,67.5,8,7,No
U00637,2025-12-11,45,Student,6.1,9.0,8.5,3.1,5.3,21,180,94,2,7,8.0,62.4,8,2,Yes
U02172,2025-12-11,20,Designer,6.8,10.0,6.3,3.0,8.8,58,148,81,1,4,8.0,69.7,3,1,No
U02193,2025-12-11,29,Student,5.9,8.0,2.9,1.1,11.2,21,119,31,5,6,10.0,91.2,4,4,Yes
U00309,2025-12-11,45,Student,7.7,10.0,3.2,0.6,12.0,41,58,32,1,4,7.0,100.0,5,3,No
U06669,2025-12-11,34,Analyst,7.3,7.0,9.2,0.9,5.2,18,119,109,0,4,10.0,65.0,8,7,Yes
U01049,2025-12-11,25,Student,7.8,9.0,3.9,1.0,11.9,100,128,62,3,2,10.0,100.0,9,6,No
U00283,2025-12-11,37,Freelancer,7.3,10.0,5.9,3.5,9.6,8,103,83,3,6,9.0,91.6,9,7,Yes
U05920,2025-12-11,42,Teacher,6.0,9.0,6.8,3.8,8.6,64,151,97,0,5,10.0,92.8,8,4,No
U05539,2025-12-11,33,Student,7.2,10.0,8.5,6.0,6.6,32,177,136,0,6,10.0,78.0,3,3,No
U01420,2025-12-11,41,Designer,7.1,9.0,4.7,2.8,8.8,30,96,76,1,3,8.0,99.1,8,6,No
U04465,2025-12-11,18,Analyst,7.0,10.0,5.1,1.7,8.9,2,124,70,2,6,10.0,87.5,7,4,No
U01257,2025-12-11,19,Software Engineer,8.3,10.0,4.3,0.9,6.7,110,65,40,1,1,10.0,99.7,13,11,Yes
U03452,2025-12-11,51,Student,7.5,10.0,4.5,1.2,8.7,17,87,52,0,4,10.0,94.1,7,5,No
U06681,2025-12-11,38,Software Engineer,8.4,10.0,5.1,1.8,9.1,63,90,63,3,3,,86.5,7,6,Yes
U06145,2025-12-11,47,Software Engineer,8.7,9.0,3.2,1.4,10.5,17,91,59,1,3,10.0,100.0,6,4,No
U00413,2025-12-11,46,Designer,7.5,10.0,6.9,4.0,10.2,51,111,77,0,5,8.0,94.2,7,5,No
U06575,2025-12-11,43,Teacher,7.5,10.0,6.8,2.8,10.6,70,145,87,0,5,10.0,100.0,4,1,No
U04205,2025-12-11,30,Software Engineer,8.2,,3.4,0.1,9.9,61,56,34,2,2,7.0,100.0,12,9,No
U04953,2025-12-11,43,Designer,7.0,8.0,5.8,2.1,5.9,38,111,79,1,5,7.0,86.4,2,0,No
U06300,2025-12-11,35,Teacher,6.1,9.0,6.3,3.2,11.3,24,121,86,1,7,6.0,69.2,6,3,No
U03282,2025-12-11,53,Software Engineer,6.7,10.0,1.0,0.6,10.3,69,53,3,1,1,8.0,100.0,12,9,Yes
U03155,2025-12-11,48,Designer,6.7,10.0,2.7,0.9,9.8,6,74,46,2,2,8.0,100.0,5,4,No
U02961,2025-12-12,34,Student,6.2,8.0,1.0,0.8,12.0,12,45,19,1,3,9.0,100.0,5,4,No
U02214,2025-12-12,52,Teacher,6.8,7.0,2.7,1.5,10.3,24,83,57,3,4,8.0,100.0,2,2,No
U06469,2025-12-12,34,Designer,5.8,8.0,9.5,0.9,5.7,60,127,95,2,6,10.0,75.3,6,2,No
U01510,2025-12-12,60,Analyst,7.0,9.0,6.6,2.1,7.3,4,101,60,1,4,7.0,76.9,6,5,No
U06823,2025-12-12,40,Designer,6.5,10.0,4.5,2.2,9.8,47,117,85,1,3,9.0,100.0,4,4,No
U00892,2025-12-12,37,Teacher,6.7,8.0,5.9,0.6,6.8,33,94,70,0,5,8.0,75.1,8,5,No
U06149,2025-12-12,39,Designer,6.8,9.0,5.1,2.6,9.3,36,95,50,2,5,9.0,92.5,8,6,No
U01032,2025-12-12,40,Freelancer,5.1,5.0,6.2,3.8,8.5,32,152,98,1,6,8.0,74.3,13,6,No
U04313,2025-12-12,27,Freelancer,6.7,10.0,6.2,4.2,5.4,26,110,86,3,6,9.0,80.0,8,5,No
U04613,2025-12-12,37,Software Engineer,8.5,9.0,9.0,5.8,10.4,18,175,130,2,5,10.0,88.0,5,3,No
U06951,2025-12-12,24,Student,6.4,5.0,7.9,2.0,10.9,60,173,75,1,8,9.0,76.7,10,6,No
U05280,2025-12-12,20,Freelancer,5.2,4.0,6.4,1.2,7.1,40,98,82,1,4,8.0,84.0,9,5,No
U00249,2025-12-12,49,Freelancer,7.3,8.0,5.8,1.8,8.8,37,75,72,0,4,9.0,98.7,8,6,No
U06304,2025-12-12,21,Analyst,7.2,10.0,6.8,4.0,9.0,60,130,119,0,4,9.0,98.4,7,2,Yes
U03330,2025-12-12,22,Student,7.6,10.0,5.7,2.0,9.7,122,106,45,2,2,10.0,100.0,7,5,Yes
U05161,2025-12-12,59,Freelancer,6.6,9.0,10.2,1.8,7.6,19,137,118,1,7,8.0,58.2,4,1,No
U04938,2025-12-12,21,Analyst,7.9,10.0,6.6,2.5,7.0,62,120,108,1,6,10.0,90.1,6,5,No
U03127,2025-12-12,27,Freelancer,7.2,8.0,7.7,2.3,6.9,9,168,116,1,6,8.0,82.0,9,4,No
U05486,2025-12-12,23,Freelancer,8.2,10.0,6.3,1.7,10.6,50,104,61,1,4,10.0,100.0,4,4,No
U06898,2025-12-12,22,Analyst,7.8,10.0,3.6,1.7,8.5,54,93,28,2,1,7.0,100.0,6,5,No
U03657,2025-12-12,43,Teacher,6.4,9.0,7.7,1.2,5.8,44,116,108,0,4,8.0,92.5,5,3,No
U02133,2025-12-12,30,Teacher,9.3,10.0,6.4,2.3,9.3,28,127,88,3,7,9.0,94.8,8,6,No
U00855,2025-12-12,38,Student,8.0,10.0,9.6,3.8,6.0,16,178,90,1,8,8.0,53.0,10,7,No
U04244,2025-12-12,49,Freelancer,4.8,6.0,6.1,1.0,10.0,26,107,72,0,7,5.0,70.9,6,3,No
U02490,2025-12-12,39,Designer,7.9,10.0,9.2,4.2,11.7,30,177,120,2,4,9.0,93.0,9,8,No
U00711,2025-12-12,22,Student,7.0,8.0,8.1,4.0,5.8,28,155,107,6,5,9.0,63.9,11,6,No
U01969,2025-12-13,42,Software Engineer,6.4,10.0,13.4,3.9,6.4,101,255,177,1,6,10.0,73.9,5,1,No
U06462,2025-12-13,29,Student,7.8,10.0,7.3,2.2,11.2,33,130,88,0,6,9.0,95.2,5,1,No
U04597,2025-12-13,21,Freelancer,5.1,7.0,6.0,2.9,7.4,28,119,97,2,6,6.0,58.9,5,5,No
U05054,2025-12-13,33,Analyst,6.5,7.0,9.6,5.9,6.6,4,204,146,2,8,5.0,53.3,8,4,No
U03621,2025-12-13,26,Analyst,8.0,9.0,10.3,4.3,7.8,19,182,141,0,7,7.0,77.3,9,6,No
U01469,2025-12-13,59,Software Engineer,6.9,9.0,9.1,2.7,7.4,20,174,137,4,5,7.0,73.2,8,4,No
U04768,2025-12-13,36,Analyst,5.6,9.0,6.6,2.5,8.9,58,123,68,3,6,9.0,88.9,9,5,Yes
U05751,2025-12-13,35,Student,8.2,10.0,7.0,0.9,6.2,55,101,76,1,2,9.0,84.8,10,7,Yes
U01033,2025-12-13,43,Teacher,9.0,10.0,6.2,1.3,7.2,10,103,65,1,4,10.0,89.5,10,8,Yes
U03794,2025-12-13,56,Analyst,5.3,7.0,8.6,3.6,3.2,37,151,100,2,6,7.0,58.3,8,4,No
U02273,2025-12-13,49,Software Engineer,8.2,10.0,10.1,3.7,9.0,61,169,129,1,4,10.0,90.1,3,1,Yes
U05586,2025-12-13,56,Analyst,8.3,10.0,11.1,5.2,6.5,89,221,157,1,7,9.0,78.7,9,5,Yes
U03334,2025-12-13,49,Designer,8.5,10.0,10.0,3.2,9.6,25,169,129,3,5,9.0,71.0,11,7,Yes
U06531,2025-12-13,36,Freelancer,6.8,9.0,7.5,3.0,7.4,55,172,101,1,6,9.0,82.9,7,1,No
U01716,2025-12-13,28,Student,9.0,10.0,5.1,2.2,11.9,58,95,78,3,2,9.0,100.0,9,6,No
U00543,2025-12-13,56,Freelancer,5.3,6.0,6.0,2.6,9.0,14,100,74,3,7,7.0,69.7,13,6,No
U06772,2025-12-13,27,Student,6.4,10.0,7.0,1.3,7.9,73,124,94,3,2,10.0,89.9,7,5,Yes
U05860,2025-12-14,21,Teacher,6.9,7.0,8.3,2.8,9.2,44,140,107,1,5,10.0,86.5,5,4,No
U06581,2025-12-14,37,Designer,6.4,10.0,4.8,1.8,10.6,27,101,53,0,3,6.0,85.5,7,7,No
U06709,2025-12-14,31,Designer,8.0,10.0,7.4,1.3,9.1,41,133,62,2,6,8.0,83.6,6,4,No
U04112,2025-12-14,51,Software Engineer,6.3,8.0,3.6,1.6,10.0,11,114,38,3,4,9.0,98.0,10,9,No
U01298,2025-12-14,52,Freelancer,8.9,10.0,11.3,4.7,9.4,29,184,135,4,9,8.0,69.9,6,5,Yes
U01225,2025-12-14,54,Teacher,8.7,10.0,3.8,0.5,12.0,27,53,44,3,3,9.0,100.0,8,6,No
U06637,2025-12-14,24,Software Engineer,5.7,10.0,8.4,3.6,7.4,4,167,123,2,8,6.0,51.0,6,4,No
U05074,2025-12-14,22,Student,7.8,10.0,3.3,,11.6,13,82,43,4,5,9.0,100.0,9,6,Yes
U03419,2025-12-14,34,Student,7.4,9.0,6.7,1.0,9.0,37,116,85,0,3,9.0,97.5,6,4,No
U04787,2025-12-14,33,Student,6.9,7.0,3.8,1.0,10.2,26,84,64,2,4,9.0,98.7,8,7,Yes
U02282,2025-12-14,23,Student,5.7,7.0,4.0,0.5,8.8,17,59,73,1,4,6.0,79.4,5,3,No
U01771,2025-12-14,29,Software Engineer,4.5,8.0,6.4,1.9,12.0,16,111,86,2,7,9.0,68.8,3,3,No
U06960,2025-12-15,51,Student,6.2,8.0,3.6,1.3,8.4,30,66,34,1,3,10.0,100.0,4,2,No
U03552,2025-12-15,24,Software Engineer,4.4,8.0,10.0,3.2,7.9,63,203,100,3,7,6.0,58.1,10,3,No
U00599,2025-12-15,42,Software Engineer,7.9,8.0,12.0,7.3,4.1,55,267,157,1,8,9.0,64.7,5,2,No
U03263,2025-12-15,30,Software Engineer,7.6,10.0,7.3,3.1,11.1,48,136,89,2,4,10.0,100.0,10,6,No
U04361,2025-12-15,19,Student,7.1,10.0,6.4,1.2,10.2,14,134,59,0,6,6.0,78.3,8,4,Yes
U02002,2025-12-15,60,Teacher,6.5,9.0,8.0,3.4,9.4,18,115,97,4,5,8.0,77.7,13,8,No
U06771,2025-12-15,47,Analyst,8.7,10.0,4.3,1.8,9.6,74,85,62,2,1,9.0,100.0,10,6,No
U00439,2025-12-15,53,Teacher,6.3,10.0,6.9,4.5,12.0,4,145,97,1,7,7.0,83.0,8,6,No
U04804,2025-12-15,58,Designer,6.9,10.0,7.4,1.2,10.3,6,138,101,2,6,10.0,89.1,9,6,No
U00998,2025-12-15,39,Teacher,8.0,10.0,4.0,2.3,10.6,10,74,54,1,4,7.0,79.8,7,4,No
U00329,2025-12-15,48,Student,5.1,8.0,7.1,3.1,11.3,12,145,74,1,5,8.0,75.4,3,3,No
U05282,2025-12-15,53,Designer,6.1,6.0,7.3,1.9,11.4,4,121,91,1,6,6.0,81.9,9,6,Yes
U06556,2025-12-15,33,Freelancer,6.8,7.0,10.5,5.1,5.0,9,189,160,1,10,8.0,47.0,6,3,No
U01629,2025-12-15,42,Software Engineer,8.4,10.0,7.6,5.3,7.1,38,147,99,2,4,9.0,87.8,4,2,Yes
U03675,2025-12-15,41,Designer,5.5,9.0,4.8,1.2,8.7,33,81,83,2,2,7.0,88.8,14,8,No
U04540,2025-12-15,49,Software Engineer,7.2,9.0,4.7,2.6,8.0,76,70,55,3,2,10.0,100.0,8,5,No
U05621,2025-12-15,30,Freelancer,6.5,10.0,9.1,4.9,8.5,59,161,129,3,6,8.0,83.0,8,4,No
U03752,2025-12-16,41,Freelancer,7.6,9.0,8.9,2.0,9.1,11,117,97,1,7,8.0,74.6,9,7,No
U03768,2025-12-16,57,Analyst,8.7,10.0,7.0,3.1,8.4,32,148,91,1,4,10.0,91.4,4,3,No
U01398,2025-12-16,22,Freelancer,6.3,7.0,5.2,3.6,9.8,33,91,72,3,5,7.0,77.0,6,3,No
U02637,2025-12-16,22,Designer,6.9,9.0,6.6,1.9,8.3,12,110,83,0,6,9.0,90.5,6,2,No
U02096,2025-12-16,27,Analyst,7.9,10.0,7.2,2.5,7.6,16,150,82,3,3,10.0,92.5,6,3,Yes
U02347,2025-12-16,38,Software Engineer,6.0,7.0,6.7,4.3,7.5,28,130,98,0,6,7.0,73.4,10,3,Yes
U01792,2025-12-16,56,Teacher,10.0,10.0,2.7,0.6,12.0,22,66,39,1,2,10.0,100.0,6,3,No
U01784,2025-12-16,53,Software Engineer,7.1,10.0,2.6,0.7,10.6,23,55,36,1,4,10.0,100.0,7,5,Yes
U00969,2025-12-16,50,Analyst,8.5,10.0,7.4,1.4,5.6,28,161,95,4,5,10.0,77.9,8,5,No
U03387,2025-12-16,25,Analyst,5.3,8.0,1.0,0.8,11.6,72,53,27,1,2,8.0,96.2,3,3,No
U03443,2025-12-16,47,Designer,7.6,10.0,7.6,3.1,5.4,39,163,116,2,6,8.0,69.7,6,2,Yes
U01633,2025-12-16,32,Teacher,8.7,10.0,7.3,4.5,10.5,33,145,113,1,3,10.0,100.0,7,5,Yes
U04916,2025-12-16,39,Teacher,8.9,10.0,7.9,2.5,8.2,19,120,85,4,4,9.0,91.6,4,3,No
U02338,2025-12-16,38,Software Engineer,8.7,10.0,5.7,2.5,8.9,35,112,78,2,5,8.0,99.5,6,2,No
U01891,2025-12-16,37,Student,3.4,4.0,5.7,1.7,8.5,30,113,67,1,4,9.0,72.1,11,8,Yes
U05201,2025-12-16,58,Student,8.2,10.0,3.1,1.5,12.0,32,95,36,1,3,10.0,100.0,8,6,No
U02613,2025-12-16,23,Student,6.9,8.0,4.5,2.4,6.9,11,117,83,3,4,7.0,76.7,2,1,No
U06892,2025-12-16,54,Software Engineer,5.8,7.0,2.1,0.8,7.8,35,71,6,1,2,9.0,100.0,8,6,No
U03834,2025-12-16,38,Designer,5.9,9.0,4.8,2.6,9.4,26,96,65,1,4,10.0,97.3,8,5,No
U04684,2025-12-16,40,Analyst,5.2,8.0,3.8,2.9,10.9,63,90,47,3,2,8.0,100.0,4,3,No
U01544,2025-12-16,51,Analyst,8.2,10.0,6.8,3.0,8.4,50,138,90,5,6,10.0,94.3,7,5,No
U00579,2025-12-16,48,Software Engineer,6.5,10.0,12.8,3.9,4.0,49,218,158,0,9,9.0,51.3,5,2,No
U05754,2025-12-16,50,Software Engineer,5.0,9.0,7.9,4.8,8.6,118,129,121,0,3,10.0,87.3,5,2,Yes
U03819,2025-12-16,58,Analyst,7.4,9.0,4.8,0.6,9.8,12,105,37,2,5,10.0,90.0,4,4,No
U03839,2025-12-16,37,Teacher,6.9,9.0,8.0,5.2,7.6,6,150,109,0,7,7.0,63.5,5,2,No
U06211,2025-12-17,51,Freelancer,6.3,9.0,10.6,3.8,5.2,29,165,128,2,6,8.0,59.6,4,4,Yes
U02922,2025-12-17,35,Software Engineer,8.1,10.0,4.8,3.2,6.6,13,154,80,5,3,9.0,91.2,8,5,No
U01029,2025-12-17,55,Teacher,5.9,10.0,5.5,1.1,12.0,47,83,65,1,5,8.0,92.5,8,6,Yes
U05048,2025-12-17,38,Freelancer,6.1,10.0,6.0,3.6,7.8,19,132,97,0,5,8.0,73.8,7,4,Yes
U03531,2025-12-17,58,Analyst,7.0,10.0,4.9,0.6,8.3,44,79,63,1,3,8.0,93.7,5,2,No
U01177,2025-12-17,40,Analyst,6.8,10.0,4.8,1.2,10.9,106,99,76,2,3,10.0,100.0,6,3,Yes
U01988,2025-12-17,45,Student,7.3,10.0,5.0,2.1,8.2,64,111,81,0,2,10.0,97.8,3,2,No
U03246,2025-12-17,30,Designer,5.6,7.0,5.5,3.5,9.3,59,123,85,2,5,9.0,87.1,7,2,No
U04009,2025-12-17,29,Teacher,5.5,5.0,2.1,0.8,10.5,10,52,9,1,5,10.0,92.1,6,5,No
U04447,2025-12-17,29,Analyst,8.4,10.0,5.6,2.8,8.3,33,73,72,3,3,8.0,95.5,5,2,Yes
U04334,2025-12-17,24,Student,8.1,10.0,5.5,2.9,9.6,24,118,87,3,4,7.0,88.6,10,7,No
U04137,2025-12-17,45,Teacher,7.7,10.0,10.3,6.2,7.4,9,219,128,2,8,7.0,67.3,7,4,Yes
U01477,2025-12-17,41,Software Engineer,6.8,10.0,6.1,2.7,6.6,50,99,81,1,6,8.0,75.1,5,3,Yes
U01768,2025-12-17,32,Freelancer,6.7,9.0,7.5,5.0,9.4,63,153,115,1,4,7.0,85.8,9,8,Yes
U03856,2025-12-17,57,Teacher,6.9,7.0,6.1,3.0,9.5,27,121,78,0,4,10.0,91.5,6,1,No
U06868,2025-12-17,43,Student,8.2,10.0,4.7,0.8,7.4,35,111,64,1,4,7.0,88.4,6,4,No
U06185,2025-12-18,40,Teacher,8.8,10.0,6.2,3.8,9.0,34,134,72,2,4,10.0,100.0,8,4,Yes
U02740,2025-12-18,22,Freelancer,4.5,6.0,5.1,2.0,12.0,10,82,61,1,4,7.0,95.3,5,2,No
U02231,2025-12-18,23,Freelancer,6.4,10.0,5.0,2.8,8.6,19,112,78,2,5,10.0,73.3,6,5,Yes
U02143,2025-12-18,20,Software Engineer,8.0,10.0,10.4,6.8,6.1,20,213,158,2,5,7.0,69.8,5,2,No
U04822,2025-12-18,41,Student,5.0,8.0,7.0,2.3,8.6,69,120,74,1,6,9.0,70.9,11,7,No
U00936,2025-12-18,52,Student,9.4,10.0,7.9,4.2,12.0,59,157,100,0,4,10.0,100.0,8,8,No
U04154,2025-12-18,49,Teacher,7.9,10.0,4.7,2.9,8.9,10,85,79,2,2,8.0,85.2,15,12,Yes
U05145,2025-12-18,55,Software Engineer,8.8,10.0,5.5,1.6,8.7,8,105,71,2,4,9.0,88.6,4,3,Yes
U04729,2025-12-18,42,Teacher,6.9,10.0,11.1,3.2,7.0,69,195,114,3,7,10.0,75.4,6,4,No
U05090,2025-12-18,30,Designer,7.5,10.0,8.3,4.0,8.3,54,155,100,2,3,10.0,97.8,2,2,No
U03308,2025-12-18,40,Teacher,6.9,8.0,9.2,1.5,8.0,7,147,101,4,6,8.0,71.3,8,4,Yes
U00026,2025-12-18,39,Analyst,6.4,9.0,7.6,3.3,8.3,41,148,102,1,5,9.0,66.4,5,4,No
U03291,2025-12-18,45,Analyst,7.0,10.0,9.0,2.7,9.7,10,191,121,1,6,8.0,73.4,9,4,No
U04059,2025-12-18,24,Teacher,6.8,9.0,6.1,3.3,11.5,30,112,106,0,6,10.0,87.2,12,7,No
U01584,2025-12-18,28,Software Engineer,5.4,9.0,8.3,4.3,4.0,23,189,128,1,8,6.0,53.0,5,2,No
U04640,2025-12-18,37,Student,9.4,10.0,6.6,4.4,10.9,19,131,79,2,5,7.0,89.8,8,6,No
U04272,2025-12-18,54,Software Engineer,5.5,9.0,7.9,4.0,7.7,23,164,101,3,7,7.0,65.2,8,2,Yes
U02952,2025-12-19,37,Teacher,7.8,10.0,8.1,4.0,6.4,20,200,114,2,8,9.0,79.1,8,3,No
U04760,2025-12-19,21,Freelancer,8.2,9.0,4.2,0.0,8.8,24,50,39,0,4,10.0,96.5,7,4,Yes
U01571,2025-12-19,27,Designer,6.2,10.0,7.4,2.1,8.1,15,155,103,0,6,8.0,79.4,2,2,No
U04553,2025-12-19,21,Designer,7.8,10.0,1.7,0.7,12.0,14,35,26,3,2,10.0,100.0,8,8,No
U06345,2025-12-19,48,Freelancer,9.4,10.0,8.1,2.0,6.7,28,111,92,0,4,9.0,85.5,4,3,Yes
U01554,2025-12-19,51,Freelancer,8.0,9.0,6.5,2.9,8.4,9,131,96,1,4,6.0,81.5,10,7,Yes
U00053,2025-12-19,53,Designer,7.5,10.0,6.2,1.5,8.8,74,129,57,2,1,9.0,100.0,4,2,No
U04837,2025-12-19,34,Analyst,7.2,10.0,3.0,0.2,8.5,43,40,28,1,1,9.0,100.0,2,1,No
U00928,2025-12-19,48,Software Engineer,5.6,10.0,9.8,6.4,7.3,44,202,144,3,7,5.0,62.1,6,3,Yes
U03310,2025-12-19,44,Student,7.3,9.0,2.4,0.9,12.0,34,82,41,1,3,9.0,100.0,6,6,Yes
U00415,2025-12-19,29,Teacher,4.9,,4.1,1.5,8.6,40,75,47,3,7,7.0,79.0,8,5,No
U06894,2025-12-19,60,Student,8.3,10.0,3.4,0.2,6.8,40,46,36,1,2,9.0,100.0,6,5,No
U05348,2025-12-19,19,Freelancer,8.4,10.0,8.0,1.0,5.1,36,110,107,0,5,9.0,84.5,2,2,No
U00354,2025-12-19,24,Software Engineer,7.0,,4.1,3.0,11.3,7,72,71,1,4,10.0,100.0,11,8,Yes
U04770,2025-12-19,43,Student,5.8,7.0,9.3,3.9,6.8,19,170,136,2,8,7.0,48.8,5,1,No
U01172,2025-12-19,35,Analyst,7.3,10.0,9.8,5.8,4.2,17,212,143,2,6,8.0,72.6,8,5,Yes
U05056,2025-12-19,34,Teacher,4.8,8.0,5.5,3.8,8.3,62,114,99,1,6,8.0,87.6,9,4,No
U04358,2025-12-19,46,Teacher,6.2,10.0,7.7,1.5,9.1,37,97,99,1,5,10.0,94.0,2,0,Yes
U03721,2025-12-19,54,Freelancer,7.1,9.0,6.3,1.8,7.4,23,129,78,0,5,9.0,96.6,9,5,Yes
U01134,2025-12-19,46,Teacher,6.7,10.0,6.2,1.9,9.2,100,86,80,3,6,9.0,91.1,8,4,No
U05400,2025-12-19,42,Analyst,7.2,9.0,7.7,2.7,7.8,66,151,111,0,5,8.0,80.2,7,6,Yes
U05341,2025-12-20,48,Analyst,7.3,7.0,7.0,2.6,9.3,36,109,83,1,5,10.0,100.0,3,3,No
U05735,2025-12-20,47,Student,8.0,10.0,3.8,0.1,9.5,15,63,30,0,3,10.0,100.0,6,4,Yes
U06263,2025-12-20,39,Teacher,6.7,9.0,2.5,0.9,11.2,6,68,31,1,5,10.0,99.7,4,2,No
U01753,2025-12-20,46,Analyst,5.6,10.0,4.0,1.5,10.4,72,48,61,0,1,8.0,91.6,3,1,No
U05082,2025-12-20,37,Software Engineer,6.3,7.0,8.1,3.5,4.7,18,152,109,2,6,8.0,61.5,12,4,No
U00372,2025-12-20,39,Software Engineer,7.3,7.0,7.2,3.5,8.3,48,136,96,5,5,10.0,100.0,5,5,No
U05918,2025-12-20,57,Freelancer,5.5,9.0,9.3,5.9,7.8,55,194,139,3,5,7.0,73.2,8,5,No
U04225,2025-12-20,45,Analyst,5.8,10.0,3.9,0.9,12.0,59,82,42,3,4,7.0,92.5,5,4,No
U04466,2025-12-20,47,Teacher,6.2,10.0,4.3,1.1,8.3,12,101,51,1,5,9.0,81.3,7,5,Yes
U06069,2025-12-20,46,Teacher,4.6,8.0,7.5,3.9,3.1,29,156,123,2,8,8.0,49.0,10,4,No
U06196,2025-12-20,20,Analyst,8.3,10.0,8.1,4.5,6.2,57,129,108,1,7,10.0,80.8,4,3,No
U03193,2025-12-20,36,Student,8.3,10.0,5.4,2.5,5.8,10,112,57,0,6,8.0,70.2,11,6,No
U05140,2025-12-20,59,Student,5.2,9.0,6.4,3.4,8.1,58,136,79,1,4,7.0,82.1,3,2,Yes
U01339,2025-12-20,24,Analyst,7.6,10.0,7.0,3.2,7.1,85,153,110,0,4,10.0,90.6,6,1,No
U04018,2025-12-20,58,Student,5.9,6.0,3.6,1.3,7.5,117,53,56,1,1,10.0,100.0,8,5,Yes
U03220,2025-12-20,60,Teacher,6.2,6.0,6.6,2.8,10.5,25,131,89,1,5,8.0,96.5,8,7,No
U04048,2025-12-20,23,Analyst,4.8,8.0,7.6,2.8,7.8,30,178,96,1,9,6.0,52.4,5,1,Yes
U00282,2025-12-20,38,Analyst,7.3,10.0,6.1,2.2,8.4,54,109,70,0,2,9.0,100.0,5,3,Yes
U02119,2025-12-20,56,Student,6.0,6.0,5.1,2.6,11.0,11,91,82,2,4,7.0,69.0,12,9,Yes
U01989,2025-12-20,46,Freelancer,6.3,9.0,2.8,0.3,6.8,85,90,38,0,2,10.0,98.2,4,1,Yes
U04392,2025-12-20,21,Designer,7.5,8.0,5.5,,11.7,61,112,64,3,3,10.0,100.0,6,4,No
U02168,2025-12-20,33,Student,5.2,8.0,4.8,1.5,7.8,66,68,57,2,4,9.0,80.0,9,4,No
U03430,2025-12-20,40,Freelancer,8.7,,9.1,2.8,9.1,26,153,101,1,5,7.0,81.7,4,3,No
U01057,2025-12-20,58,Designer,6.6,9.0,6.2,2.1,6.6,17,131,67,1,5,7.0,78.2,7,2,No
U03959,2025-12-20,60,Analyst,6.3,7.0,6.7,2.4,7.8,15,115,73,3,6,6.0,76.8,8,5,No
U06729,2025-12-20,41,Designer,7.4,10.0,5.8,3.0,9.2,23,135,97,1,7,6.0,72.5,7,4,No
U00344,2025-12-20,26,Freelancer,6.7,10.0,2.6,0.3,11.4,23,51,51,4,3,8.0,100.0,4,4,Yes
U01107,2025-12-20,45,Student,9.0,9.0,6.3,3.4,6.0,58,120,125,0,3,10.0,89.6,3,3,No
U03558,2025-12-20,38,Analyst,6.4,10.0,9.4,1.9,8.2,16,143,113,1,8,8.0,56.5,8,4,No
U00584,2025-12-21,43,Student,6.8,7.0,5.9,3.3,7.4,63,164,72,1,6,8.0,88.9,5,3,No
U00192,2025-12-21,50,Teacher,7.0,10.0,4.2,1.5,10.3,24,101,63,1,3,10.0,100.0,4,0,No
U01242,2025-12-21,39,Student,7.2,9.0,10.6,3.3,5.0,48,192,130,1,6,5.0,44.4,5,2,Yes
U04548,2025-12-21,22,Designer,4.8,9.0,4.7,0.6,12.0,35,104,58,2,6,8.0,90.6,6,2,No
U01830,2025-12-21,57,Analyst,7.3,10.0,9.2,5.9,5.8,36,198,144,1,6,10.0,63.9,5,2,No
U00849,2025-12-21,43,Freelancer,3.5,6.0,6.0,2.9,7.3,54,108,84,2,5,8.0,65.9,10,4,No
U02042,2025-12-21,48,Teacher,8.0,10.0,3.4,2.7,7.5,46,107,56,1,5,10.0,96.5,7,4,No
U04693,2025-12-21,53,Analyst,7.0,10.0,6.8,0.8,3.5,23,105,81,2,5,6.0,75.9,9,6,No
U05695,2025-12-21,48,Designer,7.1,10.0,3.4,2.3,8.3,17,122,65,2,4,8.0,85.1,9,6,Yes
U00425,2025-12-21,22,Analyst,5.6,8.0,7.4,3.3,8.6,69,149,97,1,5,8.0,91.4,3,2,No
U01869,2025-12-21,43,Designer,6.4,10.0,9.1,6.0,6.8,100,170,133,1,6,7.0,76.6,3,0,No
U04846,2025-12-21,60,Student,6.9,10.0,6.2,0.6,11.5,43,121,71,2,4,10.0,97.6,5,3,No
U00147,2025-12-21,39,Freelancer,8.0,9.0,1.1,0.6,11.9,54,52,29,0,1,10.0,100.0,7,6,Yes
U03326,2025-12-21,25,Student,8.4,10.0,7.8,4.9,12.0,24,158,115,4,7,6.0,85.2,6,4,No
U04792,2025-12-21,25,Analyst,7.6,8.0,7.1,3.4,7.7,61,138,112,1,4,7.0,68.5,4,3,No
U00475,2025-12-21,52,Analyst,8.7,10.0,4.1,2.7,6.3,15,90,80,0,3,9.0,84.7,8,6,Yes
U05833,2025-12-21,42,Software Engineer,4.6,5.0,7.5,1.6,7.4,36,166,101,1,7,5.0,49.4,11,5,No
U02728,2025-12-21,60,Student,5.7,9.0,7.2,4.1,9.7,13,112,87,3,6,9.0,76.3,6,2,Yes
U03800,2025-12-21,46,Designer,7.9,10.0,4.5,2.2,11.1,25,122,73,1,4,9.0,100.0,7,5,Yes
U03869,2025-12-21,48,Teacher,5.9,9.0,4.4,1.5,11.3,19,124,47,5,4,6.0,86.4,8,5,No
U03903,2025-12-21,33,Teacher,8.7,10.0,4.8,2.4,10.4,32,89,66,1,2,9.0,100.0,7,6,No
U04226,2025-12-21,38,Student,7.8,9.0,3.9,1.8,11.6,20,87,54,4,4,10.0,100.0,8,6,No
U03741,2025-12-21,59,Student,6.9,9.0,7.4,2.1,6.2,57,151,89,1,4,10.0,83.0,8,4,No
U04949,2025-12-22,20,Analyst,4.3,5.0,9.1,4.4,6.6,21,180,109,1,4,6.0,73.5,10,7,No
U06995,2025-12-22,31,Student,8.6,10.0,6.7,2.6,7.4,28,127,89,0,6,7.0,82.4,5,2,Yes
U05029,2025-12-22,25,Freelancer,5.2,10.0,8.6,4.5,8.5,35,171,116,1,7,5.0,49.9,9,2,No
U05873,2025-12-22,37,Analyst,6.4,10.0,9.8,1.7,8.1,59,165,117,0,4,8.0,97.1,7,3,Yes
U01453,2025-12-22,42,Student,7.4,10.0,11.6,5.8,8.5,103,189,155,0,5,9.0,76.4,4,2,No
U02523,2025-12-22,33,Analyst,9.0,10.0,5.2,0.7,6.9,45,90,47,1,3,8.0,88.3,9,6,No
U03456,2025-12-22,58,Designer,8.2,9.0,5.6,1.2,10.7,15,89,56,2,4,8.0,82.9,9,6,Yes
U00524,2025-12-22,36,Teacher,8.3,10.0,4.3,2.4,12.0,39,118,60,1,3,8.0,100.0,8,7,Yes
U00870,2025-12-22,41,Software Engineer,5.9,10.0,5.8,0.2,8.4,99,117,54,1,4,7.0,99.8,4,3,Yes
U06465,2025-12-22,49,Analyst,8.8,10.0,3.9,2.0,9.1,19,86,65,1,3,10.0,100.0,6,4,Yes
U02106,2025-12-22,20,Freelancer,8.0,10.0,4.5,0.7,9.6,28,88,49,1,3,,100.0,6,4,No
U05715,2025-12-22,18,Student,6.3,10.0,11.6,4.3,7.4,40,198,151,2,7,7.0,59.4,9,3,No
U01402,2025-12-22,31,Freelancer,5.4,8.0,7.9,4.5,6.5,22,161,126,1,6,5.0,56.3,6,4,No
U01223,2025-12-22,51,Freelancer,8.3,10.0,11.1,2.6,6.1,54,194,122,2,6,9.0,74.1,7,3,No
U05610,2025-12-22,56,Freelancer,7.0,10.0,3.9,1.9,11.8,37,83,51,3,3,8.0,100.0,10,7,No
U02448,2025-12-22,57,Software Engineer,7.9,10.0,10.0,5.8,5.4,59,201,127,4,8,9.0,60.3,12,5,No
U00176,2025-12-23,49,Freelancer,4.4,7.0,10.1,2.7,5.6,100,167,114,2,7,6.0,52.8,7,3,No
U05314,2025-12-23,55,Designer,7.6,9.0,6.0,0.6,6.7,31,94,58,1,5,10.0,81.1,7,3,Yes
U06885,2025-12-23,59,Analyst,6.5,9.0,6.1,2.7,7.8,29,106,93,1,5,10.0,76.2,7,5,No
U04389,2025-12-23,20,Analyst,4.7,7.0,8.6,3.6,6.2,24,147,119,0,7,7.0,62.1,7,4,No
U06111,2025-12-23,25,Student,4.2,4.0,6.4,3.0,7.3,16,134,83,1,7,10.0,68.8,6,4,No
U02739,2025-12-23,38,Teacher,6.6,8.0,5.5,2.3,10.4,9,115,68,3,3,8.0,78.0,9,5,No
U01173,2025-12-23,24,Designer,6.7,10.0,6.0,2.5,4.9,69,114,91,1,4,10.0,86.3,12,6,No
U01187,2025-12-23,37,Student,5.8,7.0,9.5,2.0,8.0,20,141,103,1,8,9.0,69.9,4,3,No
U04562,2025-12-23,36,Analyst,7.8,10.0,5.6,2.8,8.6,78,144,63,3,3,10.0,100.0,13,10,No
U04097,2025-12-23,58,Software Engineer,7.6,10.0,7.4,3.5,8.2,31,141,92,1,4,9.0,84.9,7,4,No
U02306,2025-12-24,45,Designer,6.2,8.0,9.1,4.6,8.8,36,150,105,1,7,8.0,64.7,6,5,Yes
U01291,2025-12-24,18,Analyst,7.8,10.0,2.8,1.6,12.0,11,58,32,4,1,6.0,100.0,8,8,No
U04602,2025-12-24,39,Analyst,6.4,9.0,8.9,6.1,8.9,11,202,98,1,9,4.0,59.6,7,4,No
U06225,2025-12-24,42,Designer,10.0,10.0,6.0,3.4,6.1,23,133,72,2,4,7.0,97.6,11,6,Yes
U02305,2025-12-24,26,Teacher,6.7,10.0,4.8,3.7,9.8,35,117,95,1,3,8.0,86.0,5,3,Yes
U06119,2025-12-24,24,Software Engineer,5.3,9.0,8.5,2.7,5.7,127,122,94,0,4,10.0,78.1,13,7,No
U01947,2025-12-24,36,Designer,6.0,7.0,5.8,3.5,7.1,7,103,87,2,5,8.0,72.3,6,4,No
U01462,2025-12-24,45,Teacher,6.7,7.0,8.7,4.0,4.2,21,146,120,3,4,6.0,66.6,10,7,No
U03970,2025-12-24,23,Analyst,5.4,9.0,7.1,1.2,8.6,51,144,71,2,8,8.0,76.0,5,3,No
U05045,2025-12-24,18,Designer,7.0,9.0,4.5,0.7,9.9,62,68,50,1,4,9.0,100.0,8,5,Yes
U06385,2025-12-24,31,Analyst,4.2,7.0,4.0,0.6,10.8,53,73,50,0,2,10.0,87.8,5,4,No
U06532,2025-12-24,43,Student,9.1,10.0,7.2,3.6,5.9,7,149,82,0,6,7.0,81.3,11,5,No
U01749,2025-12-24,42,Analyst,8.6,10.0,5.4,3.2,10.6,17,136,92,3,3,10.0,98.6,4,3,Yes
U02652,2025-12-24,41,Freelancer,5.5,5.0,7.2,3.0,9.1,23,149,95,4,8,7.0,66.4,8,5,No
U05331,2025-12-24,30,Designer,9.6,10.0,9.5,3.0,6.2,50,182,107,2,5,8.0,64.5,5,2,No
U01913,2025-12-24,25,Freelancer,8.7,10.0,4.2,1.0,9.5,50,70,74,1,1,10.0,100.0,7,6,No
U04227,2025-12-24,24,Teacher,7.4,6.0,2.2,2.2,12.0,19,102,47,0,3,8.0,98.9,8,8,No
U04322,2025-12-24,46,Analyst,6.9,10.0,3.4,0.8,12.0,80,68,20,1,1,9.0,100.0,7,5,Yes
U05551,2025-12-24,46,Student,6.3,10.0,7.0,1.9,5.5,35,123,82,3,6,9.0,74.8,3,1,No
U01016,2025-12-24,19,Designer,6.6,8.0,11.2,3.0,5.0,6,188,136,2,9,8.0,56.0,7,3,No
U05031,2025-12-24,47,Analyst,6.2,9.0,5.0,1.8,8.2,13,120,70,3,5,7.0,72.1,9,5,No
U02293,2025-12-25,27,Analyst,6.6,10.0,5.6,2.9,9.6,61,99,72,2,3,10.0,88.5,6,3,No
U02304,2025-12-25,38,Freelancer,7.0,9.0,4.8,0.7,11.2,83,87,56,1,1,10.0,100.0,5,4,No
U03296,2025-12-25,29,Software Engineer,10.0,10.0,3.9,2.4,9.9,7,101,65,1,3,10.0,100.0,4,4,No
U06675,2025-12-25,56,Student,9.1,10.0,7.3,2.2,5.4,117,142,77,1,3,10.0,94.5,7,4,Yes
U00773,2025-12-25,38,Teacher,9.0,10.0,5.9,2.1,7.4,33,69,57,0,3,7.0,86.2,11,7,No
U04550,2025-12-25,27,Analyst,6.6,8.0,8.4,3.1,5.4,26,106,84,1,5,10.0,82.9,6,4,Yes
U03123,2025-12-25,27,Freelancer,5.3,10.0,7.5,2.8,12.0,69,121,102,3,6,7.0,81.9,4,4,No
U05110,2025-12-25,49,Freelancer,7.7,8.0,7.1,1.2,10.9,11,139,88,4,7,10.0,87.9,7,2,No
U03344,2025-12-25,29,Student,6.4,7.0,4.2,2.8,10.5,27,87,43,2,3,9.0,100.0,5,2,No
U05328,2025-12-25,21,Designer,5.7,10.0,4.3,2.6,11.2,60,108,55,2,5,6.0,85.2,7,4,No
U03342,2025-12-25,38,Designer,6.4,6.0,6.8,2.8,8.4,14,117,75,2,6,9.0,74.4,6,2,Yes
U03467,2025-12-25,40,Freelancer,6.4,9.0,7.5,2.8,7.8,15,135,85,2,6,10.0,76.4,10,7,No
U00876,2025-12-25,28,Designer,4.5,5.0,4.7,2.1,9.4,68,125,67,2,5,10.0,82.5,5,2,Yes
U02545,2025-12-25,26,Freelancer,6.8,8.0,7.5,3.6,9.3,53,156,126,2,4,6.0,91.4,5,3,No
U00734,2025-12-25,41,Freelancer,6.7,9.0,6.2,2.9,8.2,82,126,82,0,3,10.0,100.0,6,5,No
U06947,2025-12-25,39,Teacher,7.1,8.0,2.2,1.0,10.6,24,40,51,2,4,8.0,94.2,7,5,Yes
U00103,2025-12-25,25,Software Engineer,9.4,10.0,8.0,5.1,4.9,53,176,119,4,4,9.0,80.6,3,1,No
U02617,2025-12-25,32,Analyst,9.2,10.0,7.6,1.0,7.8,6,118,92,2,6,9.0,83.6,9,7,No
U02679,2025-12-25,23,Freelancer,7.2,9.0,10.0,2.8,8.9,24,156,109,2,8,7.0,74.3,3,1,No
U03600,2025-12-25,44,Designer,8.8,10.0,5.5,3.5,10.2,48,103,80,1,3,10.0,100.0,6,2,No
U01136,2025-12-25,20,Analyst,7.4,9.0,6.2,1.9,6.8,65,106,79,3,3,9.0,91.9,3,3,No
U05053,2025-12-25,52,Freelancer,8.4,10.0,5.5,1.5,8.9,37,122,43,1,4,10.0,100.0,6,3,No
U02495,2025-12-25,45,Designer,7.1,10.0,6.3,3.3,8.3,46,154,83,4,4,10.0,89.0,7,3,No
U01228,2025-12-25,35,Designer,8.7,10.0,4.2,2.7,9.6,31,94,65,1,3,10.0,100.0,8,5,Yes
U02041,2025-12-26,30,Freelancer,4.3,8.0,4.4,1.7,9.2,34,95,67,3,5,6.0,76.2,8,3,Yes
U02121,2025-12-26,57,Teacher,7.9,10.0,6.0,2.5,2.9,6,139,81,2,6,9.0,67.7,5,1,No
U01800,2025-12-26,50,Teacher,5.1,8.0,4.1,1.5,9.9,48,100,70,3,4,7.0,77.5,3,2,No
U00468,2025-12-26,27,Teacher,7.2,10.0,7.7,3.9,10.6,18,162,117,0,6,8.0,84.6,5,3,Yes
U00259,2025-12-26,41,Freelancer,7.4,9.0,5.6,3.8,8.4,44,157,81,1,5,9.0,84.0,9,6,No
U02342,2025-12-26,22,Freelancer,5.5,7.0,8.4,4.2,10.3,64,137,120,1,6,8.0,77.8,8,4,No
U03838,2025-12-26,59,Analyst,7.0,10.0,9.2,5.4,9.3,24,179,122,2,6,8.0,76.8,6,2,Yes
U03787,2025-12-26,24,Designer,7.0,10.0,8.2,2.2,9.2,73,142,100,4,4,10.0,80.0,10,4,No
U06416,2025-12-26,53,Software Engineer,7.0,10.0,5.2,2.8,12.0,41,118,78,1,3,9.0,89.1,3,3,No
U00151,2025-12-26,23,Student,8.0,10.0,5.4,3.3,10.1,46,110,78,0,6,6.0,79.4,6,6,No
U02870,2025-12-26,47,Analyst,8.5,10.0,5.2,0.6,9.7,30,114,61,2,2,9.0,100.0,5,3,No
U05744,2025-12-26,32,Freelancer,6.2,9.0,6.2,0.3,7.9,95,109,52,1,4,9.0,96.7,7,4,No
U02904,2025-12-26,25,Student,8.1,9.0,8.5,4.8,3.2,20,189,134,2,7,7.0,61.0,7,1,No
U03358,2025-12-26,24,Analyst,6.1,7.0,3.0,1.4,9.8,25,68,50,2,2,6.0,85.7,5,3,Yes
U03324,2025-12-26,50,Freelancer,8.8,10.0,5.4,1.6,10.3,36,96,99,3,2,9.0,100.0,8,7,No
U06136,2025-12-26,51,Designer,6.8,10.0,9.7,7.0,6.0,29,242,161,2,7,6.0,43.3,2,1,No
U04241,2025-12-26,38,Freelancer,6.5,9.0,4.9,1.3,7.9,36,58,52,0,5,9.0,64.4,7,5,No
U02911,2025-12-26,38,Software Engineer,8.8,10.0,9.2,5.3,6.3,132,201,111,1,3,10.0,100.0,5,2,Yes
U01201,2025-12-26,52,Student,5.0,7.0,3.1,1.2,7.4,17,65,60,1,5,7.0,76.5,8,2,Yes
U00716,2025-12-26,32,Freelancer,8.1,10.0,8.2,5.1,6.4,7,154,103,1,8,7.0,61.7,6,2,Yes
U01321,2025-12-26,25,Software Engineer,8.7,10.0,7.3,4.4,6.1,21,130,94,1,4,10.0,86.0,4,2,No
U05170,2025-12-26,23,Freelancer,10.0,10.0,5.6,2.7,11.4,67,131,62,3,2,10.0,100.0,7,4,No
U00889,2025-12-26,43,Teacher,8.8,9.0,1.2,0.4,12.0,24,74,5,2,2,10.0,100.0,5,4,No
U04665,2025-12-26,46,Freelancer,6.6,9.0,9.5,5.5,8.3,68,202,129,0,7,8.0,62.3,7,3,No
U06018,2025-12-26,35,Student,7.8,9.0,7.2,3.7,8.3,47,137,113,0,2,10.0,94.7,7,7,No
U06796,2025-12-26,35,Analyst,7.3,10.0,7.0,4.3,11.4,65,149,102,1,3,10.0,100.0,7,7,No
U04599,2025-12-26,32,Freelancer,9.0,10.0,8.8,3.1,8.0,28,197,98,3,6,9.0,75.0,6,4,Yes
U04642,2025-12-26,60,Freelancer,6.1,7.0,7.8,4.0,9.1,35,170,138,3,6,7.0,75.5,7,4,Yes
U04940,2025-12-26,44,Student,7.7,10.0,2.2,0.8,12.0,35,76,48,1,4,7.0,100.0,6,6,No
U01412,2025-12-26,41,Software Engineer,5.8,8.0,5.0,1.1,11.2,45,78,44,4,4,10.0,100.0,8,5,Yes
U01565,2025-12-26,21,Designer,5.7,7.0,7.7,2.7,5.9,20,116,86,2,6,6.0,58.8,5,4,Yes
U01405,2025-12-27,35,Designer,8.6,10.0,6.4,3.1,11.4,71,121,83,2,2,7.0,100.0,8,5,No
U01112,2025-12-27,30,Student,5.4,7.0,4.3,1.7,8.4,41,112,65,1,2,7.0,91.1,2,0,Yes
U01499,2025-12-27,30,Analyst,7.0,8.0,6.8,3.8,8.1,67,126,98,1,3,10.0,100.0,5,2,Yes
U06005,2025-12-27,51,Student,7.5,10.0,6.9,1.6,7.4,13,112,67,1,6,6.0,69.2,11,6,No
U00226,2025-12-27,58,Freelancer,7.7,8.0,10.9,4.6,5.2,14,206,139,0,6,10.0,75.5,7,4,No
U05057,2025-12-27,34,Teacher,4.4,7.0,9.3,3.1,6.3,28,169,104,2,7,10.0,64.7,7,0,Yes
U02107,2025-12-27,59,Designer,9.0,10.0,7.8,3.7,4.2,38,152,101,4,5,10.0,90.1,5,0,No
U04606,2025-12-27,31,Freelancer,6.3,8.0,7.5,4.0,5.1,44,129,112,0,6,8.0,57.4,9,5,No
U03708,2025-12-27,28,Freelancer,6.8,10.0,8.3,5.9,8.6,18,197,146,2,4,8.0,80.1,7,4,Yes
U02666,2025-12-27,39,Designer,7.3,10.0,7.2,3.3,9.0,57,119,84,3,2,10.0,96.8,7,3,Yes
U00135,2025-12-27,21,Student,7.6,10.0,3.5,1.2,11.9,19,52,51,1,3,9.0,100.0,6,3,No
U00258,2025-12-27,50,Teacher,5.9,10.0,5.2,3.0,9.4,74,118,84,2,5,5.0,66.2,6,4,Yes
U06292,2025-12-27,35,Freelancer,5.8,7.0,8.7,5.1,5.4,25,180,85,3,7,6.0,66.3,8,6,No
U01701,2025-12-27,30,Analyst,6.0,7.0,3.7,1.6,10.9,42,89,46,0,4,10.0,89.5,6,5,No
U05650,2025-12-27,32,Designer,6.6,7.0,8.5,4.7,8.0,30,185,110,1,9,8.0,79.1,3,3,No
U02334,2025-12-27,44,Student,4.6,10.0,3.9,2.5,9.7,36,107,54,0,6,5.0,78.8,7,6,No
U00520,2025-12-27,36,Teacher,5.6,7.0,6.1,1.2,10.0,48,89,62,0,8,8.0,72.2,2,1,No
U05824,2025-12-27,41,Software Engineer,6.4,7.0,6.3,0.0,9.5,58,103,46,2,5,8.0,100.0,7,6,Yes
U06104,2025-12-27,53,Student,9.1,10.0,7.7,3.4,7.3,24,168,111,4,5,7.0,74.7,5,1,No
U04515,2025-12-27,37,Software Engineer,5.5,6.0,11.0,6.6,8.4,35,208,140,2,8,8.0,67.8,8,5,Yes
U05237,2025-12-27,35,Freelancer,6.8,10.0,7.5,4.5,9.0,51,134,110,2,4,8.0,75.0,7,3,No
U04886,2025-12-27,49,Freelancer,7.9,10.0,6.8,3.8,8.5,38,149,82,3,5,7.0,77.8,7,4,No
U04055,2025-12-27,37,Software Engineer,5.2,8.0,7.4,3.7,8.3,27,179,106,0,6,7.0,57.4,7,3,Yes
U02848,2025-12-27,42,Designer,5.8,10.0,7.9,2.5,6.3,7,121,83,1,7,6.0,49.3,5,1,No
U05553,2025-12-27,20,Freelancer,8.0,10.0,4.8,2.4,8.4,95,113,66,1,1,10.0,100.0,3,1,Yes
U02015,2025-12-27,39,Software Engineer,6.9,10.0,6.4,4.7,9.5,45,124,95,2,4,8.0,81.2,9,6,No
U03772,2025-12-28,39,Analyst,7.1,9.0,7.6,,7.7,24,118,84,0,6,6.0,83.3,5,3,No
U00270,2025-12-28,46,Designer,5.9,10.0,8.4,2.9,6.2,20,158,96,0,7,8.0,69.6,7,2,No
U01684,2025-12-28,34,Student,8.1,10.0,5.9,4.2,7.6,11,136,112,2,5,10.0,82.0,8,5,Yes
U02809,2025-12-28,33,Student,6.6,10.0,7.7,0.6,7.2,8,124,100,3,7,7.0,64.0,2,0,No
U03548,2025-12-28,51,Teacher,7.5,8.0,5.5,2.8,8.7,20,121,86,2,3,8.0,84.3,6,4,No
U06222,2025-12-28,34,Designer,6.4,9.0,2.9,1.1,11.6,55,44,31,2,2,10.0,100.0,8,7,No
U02962,2025-12-28,47,Teacher,6.3,7.0,7.9,2.5,8.4,26,153,101,1,6,7.0,75.2,4,3,Yes
U03372,2025-12-28,18,Student,6.3,9.0,9.6,5.3,9.1,85,184,145,4,9,8.0,55.5,5,2,No
U00772,2025-12-28,36,Freelancer,6.4,9.0,2.3,1.2,10.1,13,75,39,0,3,9.0,92.4,3,0,No
U03185,2025-12-28,45,Freelancer,7.0,9.0,4.5,1.4,9.3,63,85,55,2,2,10.0,100.0,5,3,Yes
U03261,2025-12-28,41,Teacher,6.7,10.0,7.4,4.3,8.5,39,171,114,1,4,9.0,93.5,7,5,Yes
U03694,2025-12-28,35,Teacher,6.1,7.0,10.0,6.1,7.4,3,153,135,0,8,8.0,61.6,6,2,Yes
U02374,2025-12-28,18,Software Engineer,7.7,10.0,5.2,1.6,9.5,24,96,61,0,4,10.0,91.3,3,1,No
U02514,2025-12-28,36,Analyst,6.2,9.0,2.3,0.1,10.0,64,33,14,3,1,10.0,100.0,3,2,No
U01392,2025-12-28,33,Freelancer,9.2,10.0,6.4,2.7,5.2,31,96,91,2,1,10.0,96.1,2,0,No
U02245,2025-12-28,31,Designer,5.6,8.0,5.3,1.3,11.6,50,117,72,3,6,7.0,73.1,10,5,No
U00538,2025-12-28,53,Student,7.2,10.0,3.9,1.5,7.4,45,104,53,1,4,8.0,89.3,3,3,Yes
U01592,2025-12-28,51,Freelancer,8.3,10.0,10.0,2.2,6.5,25,139,117,3,6,9.0,67.0,9,5,No
U02126,2025-12-28,26,Student,8.8,10.0,5.0,2.8,8.4,27,96,76,4,2,10.0,100.0,7,3,No
U04979,2025-12-28,19,Student,8.3,8.0,4.6,2.5,12.0,26,103,63,2,3,10.0,100.0,9,7,Yes
U05361,2025-12-28,18,Designer,5.8,7.0,5.8,2.6,10.4,15,142,103,2,5,7.0,78.6,4,1,No
U06156,2025-12-28,52,Designer,6.9,8.0,7.1,1.7,11.4,13,131,69,2,5,8.0,84.0,3,3,No
U06146,2025-12-28,25,Analyst,6.6,10.0,7.6,3.1,10.0,15,129,82,1,4,7.0,78.9,7,5,No
U00374,2025-12-29,23,Designer,5.7,7.0,2.8,1.0,12.0,32,68,31,4,3,8.0,100.0,6,3,No
U00688,2025-12-29,27,Designer,3.7,6.0,9.7,5.3,6.8,34,138,118,1,10,5.0,48.1,12,5,No
U01972,2025-12-29,52,Software Engineer,7.7,10.0,5.6,1.4,10.4,89,107,65,3,4,10.0,100.0,5,3,Yes
U00371,2025-12-29,39,Freelancer,5.4,9.0,6.7,2.2,4.4,35,117,81,2,5,6.0,70.8,10,7,No
U01017,2025-12-29,44,Teacher,6.8,8.0,4.6,2.2,7.6,51,107,72,1,5,7.0,81.8,9,6,No
U03432,2025-12-29,27,Software Engineer,9.8,10.0,5.9,3.5,8.3,17,98,98,3,2,10.0,96.1,7,7,No
U03971,2025-12-29,50,Student,6.3,7.0,12.5,2.1,6.9,22,196,142,1,7,5.0,52.1,10,5,Yes
U03399,2025-12-29,51,Teacher,5.9,7.0,3.4,1.8,4.4,13,116,51,1,4,10.0,92.4,7,3,No
U04703,2025-12-29,55,Teacher,6.9,9.0,4.8,3.0,10.6,4,113,81,2,4,7.0,95.8,12,9,Yes
U02030,2025-12-29,19,Analyst,8.0,10.0,6.7,3.6,10.9,47,137,89,3,5,8.0,92.2,3,2,No
U05867,2025-12-29,41,Software Engineer,6.5,8.0,4.6,2.6,5.6,69,93,65,2,4,10.0,96.2,8,3,No
U06120,2025-12-29,44,Designer,6.8,10.0,8.3,2.4,8.3,70,106,66,2,4,9.0,94.7,6,6,No
U03149,2025-12-29,60,Software Engineer,8.8,10.0,7.4,2.6,4.1,32,143,105,0,5,8.0,69.4,4,3,No
U02594,2025-12-29,48,Freelancer,5.1,7.0,7.6,3.9,9.4,40,137,112,1,7,8.0,69.2,8,4,No
U01404,2025-12-29,21,Software Engineer,8.8,10.0,7.1,2.0,10.6,21,108,87,1,5,6.0,82.5,9,3,No
U00766,2025-12-29,20,Software Engineer,6.9,9.0,6.2,1.0,5.2,37,120,77,2,5,9.0,78.6,5,3,Yes
U06611,2025-12-29,37,Designer,5.7,7.0,6.0,2.9,6.6,38,144,85,1,7,7.0,74.7,9,6,No
U04252,2025-12-29,50,Software Engineer,7.2,9.0,9.0,1.9,10.3,36,154,99,3,6,8.0,90.0,6,4,No
U04559,2025-12-29,60,Software Engineer,6.5,9.0,6.8,0.7,7.1,21,130,79,2,4,9.0,70.6,7,4,No
U04147,2025-12-30,60,Designer,7.9,10.0,4.8,1.1,10.3,13,47,56,2,4,10.0,92.0,7,5,Yes
U05240,2025-12-30,33,Designer,5.8,8.0,5.9,1.0,8.8,56,63,81,0,2,7.0,92.7,7,6,No
U01006,2025-12-30,48,Analyst,7.6,10.0,4.0,1.5,9.6,36,73,53,1,1,10.0,100.0,4,4,No
U05238,2025-12-30,52,Student,7.3,10.0,8.5,2.3,6.4,16,141,104,3,7,7.0,67.7,6,4,No
U01001,2025-12-30,22,Designer,8.7,10.0,7.1,2.5,7.8,14,192,86,2,4,9.0,82.1,13,9,No
U05581,2025-12-30,30,Teacher,7.1,10.0,4.1,2.0,12.0,26,114,53,3,5,10.0,100.0,7,5,No
U04307,2025-12-30,60,Software Engineer,7.3,10.0,4.1,2.4,7.1,25,74,77,3,3,10.0,89.3,4,4,Yes
U06243,2025-12-30,23,Freelancer,6.1,10.0,9.7,5.2,9.2,24,179,117,1,6,8.0,87.9,10,7,No
U04119,2025-12-30,26,Software Engineer,6.2,9.0,5.0,1.9,10.2,23,89,69,1,3,8.0,78.6,7,7,No
U04955,2025-12-30,57,Freelancer,4.8,6.0,9.4,4.8,7.8,48,182,145,3,7,6.0,47.6,4,2,No
U04624,2025-12-30,55,Designer,6.6,9.0,8.3,3.3,5.3,59,166,111,1,5,8.0,65.7,8,5,Yes
U06526,2025-12-30,32,Analyst,6.5,8.0,6.7,4.0,7.4,40,172,113,3,7,8.0,69.2,12,7,Yes
U00302,2025-12-30,45,Student,7.6,10.0,6.5,2.0,5.9,72,97,90,1,1,10.0,97.8,7,5,Yes
U06519,2025-12-30,48,Student,8.5,10.0,6.9,2.5,6.7,37,127,62,3,6,9.0,94.0,10,6,Yes
U01537,2025-12-30,49,Freelancer,6.0,7.0,6.6,2.8,7.6,42,148,70,1,5,9.0,84.8,5,2,No
U01137,2025-12-30,49,Designer,7.2,10.0,6.1,3.4,6.1,34,152,94,0,5,8.0,84.1,8,3,Yes
U06914,2025-12-30,54,Teacher,7.9,9.0,1.0,0.4,9.9,12,43,29,1,1,9.0,100.0,10,6,Yes
U01451,2025-12-30,55,Software Engineer,5.4,7.0,6.8,4.0,9.3,56,152,87,1,6,8.0,90.5,11,7,No
U02616,2025-12-30,44,Student,6.9,9.0,5.2,1.8,10.7,10,119,66,4,5,6.0,79.5,6,3,No
U06546,2025-12-30,50,Freelancer,7.8,7.0,4.3,0.6,11.1,3,75,52,2,4,9.0,100.0,4,1,Yes
U02628,2025-12-30,30,Student,4.6,5.0,3.1,1.4,8.5,39,64,40,3,3,8.0,91.2,6,4,No
U03213,2025-12-31,47,Software Engineer,7.6,9.0,7.4,2.8,5.7,28,106,94,1,6,7.0,73.6,5,3,No
U02012,2025-12-31,21,Designer,6.0,8.0,8.9,2.5,8.3,62,147,102,2,5,7.0,62.4,10,5,No
U02432,2025-12-31,42,Teacher,7.1,10.0,6.8,2.4,10.3,22,145,86,3,6,8.0,77.5,11,7,Yes
U05425,2025-12-31,29,Freelancer,5.4,6.0,3.0,0.4,8.8,60,103,46,2,3,7.0,100.0,6,3,No
U03258,2025-12-31,21,Software Engineer,6.5,9.0,7.0,3.0,10.3,47,121,73,2,4,9.0,83.2,3,2,No
U01670,2025-12-31,35,Analyst,6.5,9.0,8.0,4.2,8.9,40,152,122,1,6,10.0,83.6,3,2,Yes
U05089,2025-12-31,31,Analyst,7.2,10.0,4.3,1.5,9.6,29,113,45,2,3,8.0,92.9,7,3,Yes
U02129,2025-12-31,23,Software Engineer,7.3,10.0,10.2,4.7,9.3,41,200,148,0,6,7.0,73.9,6,4,No
U05872,2025-12-31,42,Teacher,9.5,10.0,4.1,1.0,8.5,39,97,61,1,2,10.0,100.0,6,6,No
U05344,2025-12-31,48,Analyst,8.6,10.0,6.9,2.4,7.7,68,120,84,2,4,10.0,100.0,11,7,No
U06567,2025-12-31,23,Freelancer,5.5,9.0,6.6,1.8,9.8,35,138,77,1,5,9.0,86.6,5,4,Yes
U05458,2025-12-31,29,Designer,6.6,8.0,4.7,2.0,11.2,11,107,72,0,3,9.0,96.9,7,5,Yes
U02989,2025-12-31,22,Freelancer,7.2,10.0,3.7,0.5,11.7,18,47,43,0,5,10.0,100.0,11,6,No
U02667,2025-12-31,45,Freelancer,6.8,10.0,8.2,4.7,6.6,61,174,113,1,6,9.0,62.2,7,4,No
U04676,2025-12-31,32,Software Engineer,6.9,10.0,3.5,1.4,9.8,19,115,54,1,4,8.0,94.0,5,5,No
U03156,2025-12-31,42,Teacher,7.4,8.0,8.0,3.2,8.9,14,151,94,2,5,9.0,88.6,5,5,No
U00617,2025-12-31,48,Teacher,5.1,7.0,5.6,3.0,8.2,10,146,68,1,8,6.0,77.2,9,6,No
